  0
SECTION
2
HEADER
9
$ACADVER
1
AC1009
  0
ENDSEC
  0
SECTION
2
TABLES
  0
TABLE
  2
LAYER
70
13
  0
LAYER
2
BOARD_OUTLINE
70
0
62
1
6
CONTINUOUS
  0
LAYER
2
LAYNR1
70
0
62
2
6
CONTINUOUS
  0
LAYER
2
LAYNR2
70
0
62
3
6
CONTINUOUS
  0
LAYER
2
PLACEMENT_OUTLINE_TOP
70
0
62
4
6
CONTINUOUS
  0
LAYER
2
PADLAYER_TOP
70
0
62
5
6
CONTINUOUS
  0
LAYER
2
PADLAYER_BOTTOM
70
0
62
6
6
CONTINUOUS
  0
LAYER
2
TOOL_TOP
70
0
62
7
6
CONTINUOUS
  0
LAYER
2
TOOLCODE_TOP
70
0
62
8
6
CONTINUOUS
  0
LAYER
2
Top
70
0
62
9
6
CONTINUOUS
  0
LAYER
2
Bottom
70
0
62
10
6
CONTINUOUS
  0
LAYER
2
2DLINES_1
70
0
62
11
6
CONTINUOUS
  0
LAYER
2
LAYNR11
70
0
62
12
6
CONTINUOUS
  0
LAYER
2
DRILLHOLE
70
0
62
13
6
CONTINUOUS
  0
ENDTAB
  0
ENDSEC
  0
SECTION
2
BLOCKS
  0
ENDSEC
  0
SECTION
2
ENTITIES
  0
POLYLINE
 5
1
  8
BOARD_OUTLINE
 66
1
 40
0.250000
 41
0.250000
  0
VERTEX
 5
2
  8
BOARD_OUTLINE
 10
52.00000
 20
3.00000
 42
-0.414214
  0
VERTEX
 5
3
  8
BOARD_OUTLINE
 10
49.00000
 20
0.00000
  0
SEQEND
  8
BOARD_OUTLINE
  0
POLYLINE
 5
4
  8
BOARD_OUTLINE
 66
1
 70
1
 40
0.125000
 41
0.125000
  0
VERTEX
 5
5
  8
BOARD_OUTLINE
 10
51.93750
 20
3.00000
 42
1.0
  0
VERTEX
 5
6
  8
BOARD_OUTLINE
 10
52.06250
 20
3.00000
 42
1.0
  0
SEQEND
  8
BOARD_OUTLINE
  0
POLYLINE
 5
7
  8
BOARD_OUTLINE
 66
1
 70
1
 40
0.125000
 41
0.125000
  0
VERTEX
 5
8
  8
BOARD_OUTLINE
 10
48.93750
 20
0.00000
 42
1.0
  0
VERTEX
 5
9
  8
BOARD_OUTLINE
 10
49.06250
 20
0.00000
 42
1.0
  0
SEQEND
  8
BOARD_OUTLINE
  0
POLYLINE
 5
A
  8
BOARD_OUTLINE
 66
1
 40
0.250000
 41
0.250000
  0
VERTEX
 5
B
  8
BOARD_OUTLINE
 10
49.00000
 20
0.00000
  0
VERTEX
 5
C
  8
BOARD_OUTLINE
 10
0.50000
 20
0.00000
 42
-0.414214
  0
SEQEND
  8
BOARD_OUTLINE
  0
POLYLINE
 5
D
  8
BOARD_OUTLINE
 66
1
 70
1
 40
0.125000
 41
0.125000
  0
VERTEX
 5
E
  8
BOARD_OUTLINE
 10
48.93750
 20
0.00000
 42
1.0
  0
VERTEX
 5
F
  8
BOARD_OUTLINE
 10
49.06250
 20
0.00000
 42
1.0
  0
SEQEND
  8
BOARD_OUTLINE
  0
POLYLINE
 5
10
  8
BOARD_OUTLINE
 66
1
 70
1
 40
0.125000
 41
0.125000
  0
VERTEX
 5
11
  8
BOARD_OUTLINE
 10
0.43750
 20
0.00000
 42
1.0
  0
VERTEX
 5
12
  8
BOARD_OUTLINE
 10
0.56250
 20
0.00000
 42
1.0
  0
SEQEND
  8
BOARD_OUTLINE
  0
POLYLINE
 5
13
  8
BOARD_OUTLINE
 66
1
 40
0.250000
 41
0.250000
  0
VERTEX
 5
14
  8
BOARD_OUTLINE
 10
0.50000
 20
0.00000
 42
-0.414214
  0
VERTEX
 5
15
  8
BOARD_OUTLINE
 10
0.00000
 20
0.50000
  0
SEQEND
  8
BOARD_OUTLINE
  0
POLYLINE
 5
16
  8
BOARD_OUTLINE
 66
1
 70
1
 40
0.125000
 41
0.125000
  0
VERTEX
 5
17
  8
BOARD_OUTLINE
 10
0.43750
 20
0.00000
 42
1.0
  0
VERTEX
 5
18
  8
BOARD_OUTLINE
 10
0.56250
 20
0.00000
 42
1.0
  0
SEQEND
  8
BOARD_OUTLINE
  0
POLYLINE
 5
19
  8
BOARD_OUTLINE
 66
1
 70
1
 40
0.125000
 41
0.125000
  0
VERTEX
 5
1A
  8
BOARD_OUTLINE
 10
-0.06250
 20
0.50000
 42
1.0
  0
VERTEX
 5
1B
  8
BOARD_OUTLINE
 10
0.06250
 20
0.50000
 42
1.0
  0
SEQEND
  8
BOARD_OUTLINE
  0
POLYLINE
 5
1C
  8
BOARD_OUTLINE
 66
1
 40
0.250000
 41
0.250000
  0
VERTEX
 5
1D
  8
BOARD_OUTLINE
 10
0.00000
 20
0.50000
  0
VERTEX
 5
1E
  8
BOARD_OUTLINE
 10
0.00000
 20
76.60000
 42
-0.414214
  0
SEQEND
  8
BOARD_OUTLINE
  0
POLYLINE
 5
1F
  8
BOARD_OUTLINE
 66
1
 70
1
 40
0.125000
 41
0.125000
  0
VERTEX
 5
20
  8
BOARD_OUTLINE
 10
-0.06250
 20
0.50000
 42
1.0
  0
VERTEX
 5
21
  8
BOARD_OUTLINE
 10
0.06250
 20
0.50000
 42
1.0
  0
SEQEND
  8
BOARD_OUTLINE
  0
POLYLINE
 5
22
  8
BOARD_OUTLINE
 66
1
 70
1
 40
0.125000
 41
0.125000
  0
VERTEX
 5
23
  8
BOARD_OUTLINE
 10
-0.06250
 20
76.60000
 42
1.0
  0
VERTEX
 5
24
  8
BOARD_OUTLINE
 10
0.06250
 20
76.60000
 42
1.0
  0
SEQEND
  8
BOARD_OUTLINE
  0
POLYLINE
 5
25
  8
BOARD_OUTLINE
 66
1
 40
0.250000
 41
0.250000
  0
VERTEX
 5
26
  8
BOARD_OUTLINE
 10
0.00000
 20
76.60000
 42
-0.414214
  0
VERTEX
 5
27
  8
BOARD_OUTLINE
 10
0.50000
 20
77.10000
  0
SEQEND
  8
BOARD_OUTLINE
  0
POLYLINE
 5
28
  8
BOARD_OUTLINE
 66
1
 70
1
 40
0.125000
 41
0.125000
  0
VERTEX
 5
29
  8
BOARD_OUTLINE
 10
-0.06250
 20
76.60000
 42
1.0
  0
VERTEX
 5
2A
  8
BOARD_OUTLINE
 10
0.06250
 20
76.60000
 42
1.0
  0
SEQEND
  8
BOARD_OUTLINE
  0
POLYLINE
 5
2B
  8
BOARD_OUTLINE
 66
1
 70
1
 40
0.125000
 41
0.125000
  0
VERTEX
 5
2C
  8
BOARD_OUTLINE
 10
0.43750
 20
77.10000
 42
1.0
  0
VERTEX
 5
2D
  8
BOARD_OUTLINE
 10
0.56250
 20
77.10000
 42
1.0
  0
SEQEND
  8
BOARD_OUTLINE
  0
POLYLINE
 5
2E
  8
BOARD_OUTLINE
 66
1
 40
0.250000
 41
0.250000
  0
VERTEX
 5
2F
  8
BOARD_OUTLINE
 10
0.50000
 20
77.10000
  0
VERTEX
 5
30
  8
BOARD_OUTLINE
 10
49.00000
 20
77.10000
 42
-0.414214
  0
SEQEND
  8
BOARD_OUTLINE
  0
POLYLINE
 5
31
  8
BOARD_OUTLINE
 66
1
 70
1
 40
0.125000
 41
0.125000
  0
VERTEX
 5
32
  8
BOARD_OUTLINE
 10
0.43750
 20
77.10000
 42
1.0
  0
VERTEX
 5
33
  8
BOARD_OUTLINE
 10
0.56250
 20
77.10000
 42
1.0
  0
SEQEND
  8
BOARD_OUTLINE
  0
POLYLINE
 5
34
  8
BOARD_OUTLINE
 66
1
 70
1
 40
0.125000
 41
0.125000
  0
VERTEX
 5
35
  8
BOARD_OUTLINE
 10
48.93750
 20
77.10000
 42
1.0
  0
VERTEX
 5
36
  8
BOARD_OUTLINE
 10
49.06250
 20
77.10000
 42
1.0
  0
SEQEND
  8
BOARD_OUTLINE
  0
POLYLINE
 5
37
  8
BOARD_OUTLINE
 66
1
 40
0.250000
 41
0.250000
  0
VERTEX
 5
38
  8
BOARD_OUTLINE
 10
49.00000
 20
77.10000
 42
-0.414214
  0
VERTEX
 5
39
  8
BOARD_OUTLINE
 10
52.00000
 20
74.10000
  0
SEQEND
  8
BOARD_OUTLINE
  0
POLYLINE
 5
3A
  8
BOARD_OUTLINE
 66
1
 70
1
 40
0.125000
 41
0.125000
  0
VERTEX
 5
3B
  8
BOARD_OUTLINE
 10
48.93750
 20
77.10000
 42
1.0
  0
VERTEX
 5
3C
  8
BOARD_OUTLINE
 10
49.06250
 20
77.10000
 42
1.0
  0
SEQEND
  8
BOARD_OUTLINE
  0
POLYLINE
 5
3D
  8
BOARD_OUTLINE
 66
1
 70
1
 40
0.125000
 41
0.125000
  0
VERTEX
 5
3E
  8
BOARD_OUTLINE
 10
51.93750
 20
74.10000
 42
1.0
  0
VERTEX
 5
3F
  8
BOARD_OUTLINE
 10
52.06250
 20
74.10000
 42
1.0
  0
SEQEND
  8
BOARD_OUTLINE
  0
POLYLINE
 5
40
  8
BOARD_OUTLINE
 66
1
 40
0.250000
 41
0.250000
  0
VERTEX
 5
41
  8
BOARD_OUTLINE
 10
52.00000
 20
74.10000
  0
VERTEX
 5
42
  8
BOARD_OUTLINE
 10
52.00000
 20
3.00000
  0
SEQEND
  8
BOARD_OUTLINE
  0
POLYLINE
 5
43
  8
BOARD_OUTLINE
 66
1
 70
1
 40
0.125000
 41
0.125000
  0
VERTEX
 5
44
  8
BOARD_OUTLINE
 10
51.93750
 20
74.10000
 42
1.0
  0
VERTEX
 5
45
  8
BOARD_OUTLINE
 10
52.06250
 20
74.10000
 42
1.0
  0
SEQEND
  8
BOARD_OUTLINE
  0
POLYLINE
 5
46
  8
BOARD_OUTLINE
 66
1
 70
1
 40
0.125000
 41
0.125000
  0
VERTEX
 5
47
  8
BOARD_OUTLINE
 10
51.93750
 20
3.00000
 42
1.0
  0
VERTEX
 5
48
  8
BOARD_OUTLINE
 10
52.06250
 20
3.00000
 42
1.0
  0
SEQEND
  8
BOARD_OUTLINE
  0
POLYLINE
 5
49
  8
BOARD_OUTLINE
 66
1
 40
0.250000
 41
0.250000
  0
VERTEX
 5
4A
  8
BOARD_OUTLINE
 10
52.00000
 20
3.00000
 42
-0.414214
  0
VERTEX
 5
4B
  8
BOARD_OUTLINE
 10
49.00000
 20
0.00000
  0
SEQEND
  8
BOARD_OUTLINE
  0
POLYLINE
 5
4C
  8
BOARD_OUTLINE
 66
1
 70
1
 40
0.125000
 41
0.125000
  0
VERTEX
 5
4D
  8
BOARD_OUTLINE
 10
51.93750
 20
3.00000
 42
1.0
  0
VERTEX
 5
4E
  8
BOARD_OUTLINE
 10
52.06250
 20
3.00000
 42
1.0
  0
SEQEND
  8
BOARD_OUTLINE
  0
POLYLINE
 5
4F
  8
BOARD_OUTLINE
 66
1
 70
1
 40
0.125000
 41
0.125000
  0
VERTEX
 5
50
  8
BOARD_OUTLINE
 10
48.93750
 20
0.00000
 42
1.0
  0
VERTEX
 5
51
  8
BOARD_OUTLINE
 10
49.06250
 20
0.00000
 42
1.0
  0
SEQEND
  8
BOARD_OUTLINE
  0
POLYLINE
 5
52
  8
BOARD_OUTLINE
 66
1
 40
0.250000
 41
0.250000
  0
VERTEX
 5
53
  8
BOARD_OUTLINE
 10
49.00000
 20
0.00000
  0
VERTEX
 5
54
  8
BOARD_OUTLINE
 10
0.50000
 20
0.00000
 42
-0.414214
  0
SEQEND
  8
BOARD_OUTLINE
  0
POLYLINE
 5
55
  8
BOARD_OUTLINE
 66
1
 70
1
 40
0.125000
 41
0.125000
  0
VERTEX
 5
56
  8
BOARD_OUTLINE
 10
48.93750
 20
0.00000
 42
1.0
  0
VERTEX
 5
57
  8
BOARD_OUTLINE
 10
49.06250
 20
0.00000
 42
1.0
  0
SEQEND
  8
BOARD_OUTLINE
  0
POLYLINE
 5
58
  8
BOARD_OUTLINE
 66
1
 70
1
 40
0.125000
 41
0.125000
  0
VERTEX
 5
59
  8
BOARD_OUTLINE
 10
0.43750
 20
0.00000
 42
1.0
  0
VERTEX
 5
5A
  8
BOARD_OUTLINE
 10
0.56250
 20
0.00000
 42
1.0
  0
SEQEND
  8
BOARD_OUTLINE
  0
POLYLINE
 5
5B
  8
BOARD_OUTLINE
 66
1
 40
0.250000
 41
0.250000
  0
VERTEX
 5
5C
  8
BOARD_OUTLINE
 10
0.50000
 20
0.00000
 42
-0.414214
  0
VERTEX
 5
5D
  8
BOARD_OUTLINE
 10
0.00000
 20
0.50000
  0
SEQEND
  8
BOARD_OUTLINE
  0
POLYLINE
 5
5E
  8
BOARD_OUTLINE
 66
1
 70
1
 40
0.125000
 41
0.125000
  0
VERTEX
 5
5F
  8
BOARD_OUTLINE
 10
0.43750
 20
0.00000
 42
1.0
  0
VERTEX
 5
60
  8
BOARD_OUTLINE
 10
0.56250
 20
0.00000
 42
1.0
  0
SEQEND
  8
BOARD_OUTLINE
  0
POLYLINE
 5
61
  8
BOARD_OUTLINE
 66
1
 70
1
 40
0.125000
 41
0.125000
  0
VERTEX
 5
62
  8
BOARD_OUTLINE
 10
-0.06250
 20
0.50000
 42
1.0
  0
VERTEX
 5
63
  8
BOARD_OUTLINE
 10
0.06250
 20
0.50000
 42
1.0
  0
SEQEND
  8
BOARD_OUTLINE
  0
POLYLINE
 5
64
  8
BOARD_OUTLINE
 66
1
 40
0.250000
 41
0.250000
  0
VERTEX
 5
65
  8
BOARD_OUTLINE
 10
0.00000
 20
0.50000
  0
VERTEX
 5
66
  8
BOARD_OUTLINE
 10
0.00000
 20
76.60000
 42
-0.414214
  0
SEQEND
  8
BOARD_OUTLINE
  0
POLYLINE
 5
67
  8
BOARD_OUTLINE
 66
1
 70
1
 40
0.125000
 41
0.125000
  0
VERTEX
 5
68
  8
BOARD_OUTLINE
 10
-0.06250
 20
0.50000
 42
1.0
  0
VERTEX
 5
69
  8
BOARD_OUTLINE
 10
0.06250
 20
0.50000
 42
1.0
  0
SEQEND
  8
BOARD_OUTLINE
  0
POLYLINE
 5
6A
  8
BOARD_OUTLINE
 66
1
 70
1
 40
0.125000
 41
0.125000
  0
VERTEX
 5
6B
  8
BOARD_OUTLINE
 10
-0.06250
 20
76.60000
 42
1.0
  0
VERTEX
 5
6C
  8
BOARD_OUTLINE
 10
0.06250
 20
76.60000
 42
1.0
  0
SEQEND
  8
BOARD_OUTLINE
  0
POLYLINE
 5
6D
  8
BOARD_OUTLINE
 66
1
 40
0.250000
 41
0.250000
  0
VERTEX
 5
6E
  8
BOARD_OUTLINE
 10
0.00000
 20
76.60000
 42
-0.414214
  0
VERTEX
 5
6F
  8
BOARD_OUTLINE
 10
0.50000
 20
77.10000
  0
SEQEND
  8
BOARD_OUTLINE
  0
POLYLINE
 5
70
  8
BOARD_OUTLINE
 66
1
 70
1
 40
0.125000
 41
0.125000
  0
VERTEX
 5
71
  8
BOARD_OUTLINE
 10
-0.06250
 20
76.60000
 42
1.0
  0
VERTEX
 5
72
  8
BOARD_OUTLINE
 10
0.06250
 20
76.60000
 42
1.0
  0
SEQEND
  8
BOARD_OUTLINE
  0
POLYLINE
 5
73
  8
BOARD_OUTLINE
 66
1
 70
1
 40
0.125000
 41
0.125000
  0
VERTEX
 5
74
  8
BOARD_OUTLINE
 10
0.43750
 20
77.10000
 42
1.0
  0
VERTEX
 5
75
  8
BOARD_OUTLINE
 10
0.56250
 20
77.10000
 42
1.0
  0
SEQEND
  8
BOARD_OUTLINE
  0
POLYLINE
 5
76
  8
BOARD_OUTLINE
 66
1
 40
0.250000
 41
0.250000
  0
VERTEX
 5
77
  8
BOARD_OUTLINE
 10
0.50000
 20
77.10000
  0
VERTEX
 5
78
  8
BOARD_OUTLINE
 10
49.00000
 20
77.10000
 42
-0.414214
  0
SEQEND
  8
BOARD_OUTLINE
  0
POLYLINE
 5
79
  8
BOARD_OUTLINE
 66
1
 70
1
 40
0.125000
 41
0.125000
  0
VERTEX
 5
7A
  8
BOARD_OUTLINE
 10
0.43750
 20
77.10000
 42
1.0
  0
VERTEX
 5
7B
  8
BOARD_OUTLINE
 10
0.56250
 20
77.10000
 42
1.0
  0
SEQEND
  8
BOARD_OUTLINE
  0
POLYLINE
 5
7C
  8
BOARD_OUTLINE
 66
1
 70
1
 40
0.125000
 41
0.125000
  0
VERTEX
 5
7D
  8
BOARD_OUTLINE
 10
48.93750
 20
77.10000
 42
1.0
  0
VERTEX
 5
7E
  8
BOARD_OUTLINE
 10
49.06250
 20
77.10000
 42
1.0
  0
SEQEND
  8
BOARD_OUTLINE
  0
POLYLINE
 5
7F
  8
BOARD_OUTLINE
 66
1
 40
0.250000
 41
0.250000
  0
VERTEX
 5
80
  8
BOARD_OUTLINE
 10
49.00000
 20
77.10000
 42
-0.414214
  0
VERTEX
 5
81
  8
BOARD_OUTLINE
 10
52.00000
 20
74.10000
  0
SEQEND
  8
BOARD_OUTLINE
  0
POLYLINE
 5
82
  8
BOARD_OUTLINE
 66
1
 70
1
 40
0.125000
 41
0.125000
  0
VERTEX
 5
83
  8
BOARD_OUTLINE
 10
48.93750
 20
77.10000
 42
1.0
  0
VERTEX
 5
84
  8
BOARD_OUTLINE
 10
49.06250
 20
77.10000
 42
1.0
  0
SEQEND
  8
BOARD_OUTLINE
  0
POLYLINE
 5
85
  8
BOARD_OUTLINE
 66
1
 70
1
 40
0.125000
 41
0.125000
  0
VERTEX
 5
86
  8
BOARD_OUTLINE
 10
51.93750
 20
74.10000
 42
1.0
  0
VERTEX
 5
87
  8
BOARD_OUTLINE
 10
52.06250
 20
74.10000
 42
1.0
  0
SEQEND
  8
BOARD_OUTLINE
  0
POLYLINE
 5
88
  8
BOARD_OUTLINE
 66
1
 40
0.250000
 41
0.250000
  0
VERTEX
 5
89
  8
BOARD_OUTLINE
 10
52.00000
 20
74.10000
  0
VERTEX
 5
8A
  8
BOARD_OUTLINE
 10
52.00000
 20
3.00000
  0
SEQEND
  8
BOARD_OUTLINE
  0
POLYLINE
 5
8B
  8
BOARD_OUTLINE
 66
1
 70
1
 40
0.125000
 41
0.125000
  0
VERTEX
 5
8C
  8
BOARD_OUTLINE
 10
51.93750
 20
74.10000
 42
1.0
  0
VERTEX
 5
8D
  8
BOARD_OUTLINE
 10
52.06250
 20
74.10000
 42
1.0
  0
SEQEND
  8
BOARD_OUTLINE
  0
POLYLINE
 5
8E
  8
BOARD_OUTLINE
 66
1
 70
1
 40
0.125000
 41
0.125000
  0
VERTEX
 5
8F
  8
BOARD_OUTLINE
 10
51.93750
 20
3.00000
 42
1.0
  0
VERTEX
 5
90
  8
BOARD_OUTLINE
 10
52.06250
 20
3.00000
 42
1.0
  0
SEQEND
  8
BOARD_OUTLINE
  0
POLYLINE
 5
91
  8
LAYNR1
 66
1
 40
0.800000
 41
0.800000
  0
VERTEX
 5
92
  8
LAYNR1
 10
41.29100
 20
76.23900
  0
VERTEX
 5
93
  8
LAYNR1
 10
41.29100
 20
70.23000
  0
SEQEND
  8
LAYNR1
  0
POLYLINE
 5
94
  8
LAYNR1
 66
1
 70
1
 40
0.400000
 41
0.400000
  0
VERTEX
 5
95
  8
LAYNR1
 10
41.09100
 20
76.23900
 42
1.0
  0
VERTEX
 5
96
  8
LAYNR1
 10
41.49100
 20
76.23900
 42
1.0
  0
SEQEND
  8
LAYNR1
  0
POLYLINE
 5
97
  8
LAYNR1
 66
1
 70
1
 40
0.400000
 41
0.400000
  0
VERTEX
 5
98
  8
LAYNR1
 10
41.09100
 20
70.23000
 42
1.0
  0
VERTEX
 5
99
  8
LAYNR1
 10
41.49100
 20
70.23000
 42
1.0
  0
SEQEND
  8
LAYNR1
  0
POLYLINE
 5
9A
  8
LAYNR1
 66
1
 40
0.800000
 41
0.800000
  0
VERTEX
 5
9B
  8
LAYNR1
 10
41.29100
 20
70.23000
  0
VERTEX
 5
9C
  8
LAYNR1
 10
24.49100
 20
70.23000
  0
SEQEND
  8
LAYNR1
  0
POLYLINE
 5
9D
  8
LAYNR1
 66
1
 70
1
 40
0.400000
 41
0.400000
  0
VERTEX
 5
9E
  8
LAYNR1
 10
41.09100
 20
70.23000
 42
1.0
  0
VERTEX
 5
9F
  8
LAYNR1
 10
41.49100
 20
70.23000
 42
1.0
  0
SEQEND
  8
LAYNR1
  0
POLYLINE
 5
A0
  8
LAYNR1
 66
1
 70
1
 40
0.400000
 41
0.400000
  0
VERTEX
 5
A1
  8
LAYNR1
 10
24.29100
 20
70.23000
 42
1.0
  0
VERTEX
 5
A2
  8
LAYNR1
 10
24.69100
 20
70.23000
 42
1.0
  0
SEQEND
  8
LAYNR1
  0
POLYLINE
 5
A3
  8
LAYNR1
 66
1
 40
0.800000
 41
0.800000
  0
VERTEX
 5
A4
  8
LAYNR1
 10
24.49100
 20
70.23000
  0
VERTEX
 5
A5
  8
LAYNR1
 10
24.49100
 20
76.23900
  0
SEQEND
  8
LAYNR1
  0
POLYLINE
 5
A6
  8
LAYNR1
 66
1
 70
1
 40
0.400000
 41
0.400000
  0
VERTEX
 5
A7
  8
LAYNR1
 10
24.29100
 20
70.23000
 42
1.0
  0
VERTEX
 5
A8
  8
LAYNR1
 10
24.69100
 20
70.23000
 42
1.0
  0
SEQEND
  8
LAYNR1
  0
POLYLINE
 5
A9
  8
LAYNR1
 66
1
 70
1
 40
0.400000
 41
0.400000
  0
VERTEX
 5
AA
  8
LAYNR1
 10
24.29100
 20
76.23900
 42
1.0
  0
VERTEX
 5
AB
  8
LAYNR1
 10
24.69100
 20
76.23900
 42
1.0
  0
SEQEND
  8
LAYNR1
  0
POLYLINE
 5
AC
  8
LAYNR1
 66
1
 40
0.800000
 41
0.800000
  0
VERTEX
 5
AD
  8
LAYNR1
 10
24.49100
 20
76.23900
  0
VERTEX
 5
AE
  8
LAYNR1
 10
41.29100
 20
76.23900
  0
SEQEND
  8
LAYNR1
  0
POLYLINE
 5
AF
  8
LAYNR1
 66
1
 70
1
 40
0.400000
 41
0.400000
  0
VERTEX
 5
B0
  8
LAYNR1
 10
24.29100
 20
76.23900
 42
1.0
  0
VERTEX
 5
B1
  8
LAYNR1
 10
24.69100
 20
76.23900
 42
1.0
  0
SEQEND
  8
LAYNR1
  0
POLYLINE
 5
B2
  8
LAYNR1
 66
1
 70
1
 40
0.400000
 41
0.400000
  0
VERTEX
 5
B3
  8
LAYNR1
 10
41.09100
 20
76.23900
 42
1.0
  0
VERTEX
 5
B4
  8
LAYNR1
 10
41.49100
 20
76.23900
 42
1.0
  0
SEQEND
  8
LAYNR1
  0
POLYLINE
 5
B5
  8
LAYNR1
 66
1
 40
0.700000
 41
0.700000
  0
VERTEX
 5
B6
  8
LAYNR1
 10
42.99100
 20
74.63467
  0
VERTEX
 5
B7
  8
LAYNR1
 10
42.99100
 20
71.83466
  0
SEQEND
  8
LAYNR1
  0
POLYLINE
 5
B8
  8
LAYNR1
 66
1
 70
1
 40
0.350000
 41
0.350000
  0
VERTEX
 5
B9
  8
LAYNR1
 10
42.81600
 20
74.63467
 42
1.0
  0
VERTEX
 5
BA
  8
LAYNR1
 10
43.16600
 20
74.63467
 42
1.0
  0
SEQEND
  8
LAYNR1
  0
POLYLINE
 5
BB
  8
LAYNR1
 66
1
 70
1
 40
0.350000
 41
0.350000
  0
VERTEX
 5
BC
  8
LAYNR1
 10
42.81600
 20
71.83466
 42
1.0
  0
VERTEX
 5
BD
  8
LAYNR1
 10
43.16600
 20
71.83466
 42
1.0
  0
SEQEND
  8
LAYNR1
  0
POLYLINE
 5
BE
  8
LAYNR1
 66
1
 40
0.700000
 41
0.700000
  0
VERTEX
 5
BF
  8
LAYNR1
 10
42.99100
 20
71.83466
  0
VERTEX
 5
C0
  8
LAYNR1
 10
41.29100
 20
71.83466
  0
SEQEND
  8
LAYNR1
  0
POLYLINE
 5
C1
  8
LAYNR1
 66
1
 70
1
 40
0.350000
 41
0.350000
  0
VERTEX
 5
C2
  8
LAYNR1
 10
42.81600
 20
71.83466
 42
1.0
  0
VERTEX
 5
C3
  8
LAYNR1
 10
43.16600
 20
71.83466
 42
1.0
  0
SEQEND
  8
LAYNR1
  0
POLYLINE
 5
C4
  8
LAYNR1
 66
1
 70
1
 40
0.350000
 41
0.350000
  0
VERTEX
 5
C5
  8
LAYNR1
 10
41.11600
 20
71.83466
 42
1.0
  0
VERTEX
 5
C6
  8
LAYNR1
 10
41.46600
 20
71.83466
 42
1.0
  0
SEQEND
  8
LAYNR1
  0
POLYLINE
 5
C7
  8
LAYNR1
 66
1
 40
0.700000
 41
0.700000
  0
VERTEX
 5
C8
  8
LAYNR1
 10
41.29100
 20
71.83466
  0
VERTEX
 5
C9
  8
LAYNR1
 10
41.29100
 20
74.63467
  0
SEQEND
  8
LAYNR1
  0
POLYLINE
 5
CA
  8
LAYNR1
 66
1
 70
1
 40
0.350000
 41
0.350000
  0
VERTEX
 5
CB
  8
LAYNR1
 10
41.11600
 20
71.83466
 42
1.0
  0
VERTEX
 5
CC
  8
LAYNR1
 10
41.46600
 20
71.83466
 42
1.0
  0
SEQEND
  8
LAYNR1
  0
POLYLINE
 5
CD
  8
LAYNR1
 66
1
 70
1
 40
0.350000
 41
0.350000
  0
VERTEX
 5
CE
  8
LAYNR1
 10
41.11600
 20
74.63467
 42
1.0
  0
VERTEX
 5
CF
  8
LAYNR1
 10
41.46600
 20
74.63467
 42
1.0
  0
SEQEND
  8
LAYNR1
  0
POLYLINE
 5
D0
  8
LAYNR1
 66
1
 40
0.700000
 41
0.700000
  0
VERTEX
 5
D1
  8
LAYNR1
 10
41.29100
 20
74.63467
  0
VERTEX
 5
D2
  8
LAYNR1
 10
42.99100
 20
74.63467
  0
SEQEND
  8
LAYNR1
  0
POLYLINE
 5
D3
  8
LAYNR1
 66
1
 70
1
 40
0.350000
 41
0.350000
  0
VERTEX
 5
D4
  8
LAYNR1
 10
41.11600
 20
74.63467
 42
1.0
  0
VERTEX
 5
D5
  8
LAYNR1
 10
41.46600
 20
74.63467
 42
1.0
  0
SEQEND
  8
LAYNR1
  0
POLYLINE
 5
D6
  8
LAYNR1
 66
1
 70
1
 40
0.350000
 41
0.350000
  0
VERTEX
 5
D7
  8
LAYNR1
 10
42.81600
 20
74.63467
 42
1.0
  0
VERTEX
 5
D8
  8
LAYNR1
 10
43.16600
 20
74.63467
 42
1.0
  0
SEQEND
  8
LAYNR1
  0
TEXT
  8
LAYNR2
 10
7.51600
 20
46.89300
 40
2.142869
  1
X306 V1.3
 72
 1
 73
 2
 11
7.51600
 21
46.89300
  50
270.000001
 71
2
  0
TEXT
  8
LAYNR2
 10
15.58500
 20
56.19000
 40
2.142869
  1
Technologies
 72
 1
 73
 2
 11
15.58500
 21
56.19000
  50
270.000001
 71
2
  0
TEXT
  8
LAYNR2
 10
15.58500
 20
43.33000
 40
2.142869
  1
ronics
 72
 1
 73
 2
 11
15.58500
 21
43.33000
  50
270.000001
 71
2
  0
TEXT
  8
LAYNR2
 10
15.58500
 20
36.33000
 40
2.142869
  1
Sup
 72
 1
 73
 2
 11
15.58500
 21
36.33000
  50
270.000001
 71
2
  0
TEXT
  8
LAYNR2
 10
15.59500
 20
39.03000
 40
2.142869
  1
T
 72
 1
 73
 2
 11
15.59500
 21
39.03000
  50
270.000001
 71
2
  0
TEXT
  8
LAYNR2
 10
16.09500
 20
38.96000
 40
2.142869
  1
l
 72
 1
 73
 2
 11
16.09500
 21
38.96000
 71
2
  0
TEXT
  8
LAYNR1
 10
32.70303
 20
3.80000
 40
1.571438
  1
5V
 72
 1
 73
 2
 11
32.70303
 21
3.80000
  0
TEXT
  8
LAYNR1
 10
50.00000
 20
42.30000
 40
1.571438
  1
CHG
 72
 1
 73
 2
 11
50.00000
 21
42.30000
  50
89.999982
  0
TEXT
  8
LAYNR1
 10
50.00000
 20
30.80000
 40
1.571438
  1
FULL
 72
 1
 73
 2
 11
50.00000
 21
30.80000
  50
89.999982
  0
TEXT
  8
LAYNR2
 10
32.90600
 20
14.85300
 40
2.000012
  1
18650
 73
 2
 11
32.90600
 21
14.85300
 71
2
  0
TEXT
  8
LAYNR2
 10
24.90600
 20
14.85300
 40
2.000012
  1
UPS
 73
 2
 11
24.90600
 21
14.85300
 71
2
  0
TEXT
  8
LAYNR2
 10
19.90600
 20
14.85300
 40
2.000012
  1
Shield
 73
 2
 11
19.90600
 21
14.85300
 71
2
  0
TEXT
  8
LAYNR1
 10
27.30000
 20
65.52000
 40
1.642867
  1
AL
 73
 2
 11
27.30000
 21
65.52000
  0
TEXT
  8
LAYNR1
 10
31.31000
 20
65.52000
 40
1.642867
  1
ON
 72
 1
 73
 2
 11
31.31000
 21
65.52000
  0
TEXT
  8
LAYNR1
 10
33.70000
 20
66.50000
 40
1.642867
  1
PSW
 72
 2
 73
 2
 11
33.70000
 21
66.50000
  50
89.999982
  0
TEXT
  8
LAYNR1
 10
36.24000
 20
66.50000
 40
1.642867
  1
GND
 72
 2
 73
 2
 11
36.24000
 21
66.50000
  50
89.999982
  0
TEXT
  8
LAYNR1
 10
38.03000
 20
1.50000
 40
1.571438
  1
PSW
 72
 1
 73
 2
 11
38.03000
 21
1.50000
  0
TEXT
  8
LAYNR2
 10
11.64600
 20
48.51300
 40
2.142869
  1
https://suptronics.com
 72
 1
 73
 2
 11
11.64600
 21
48.51300
  50
270.000001
 71
2
  0
POLYLINE
 5
D9
  8
PLACEMENT_OUTLINE_TOP
 66
1
 40
0.025400
 41
0.025400
  0
VERTEX
 5
DA
  8
PLACEMENT_OUTLINE_TOP
 10
22.40000
 20
58.40000
  0
VERTEX
 5
DB
  8
PLACEMENT_OUTLINE_TOP
 10
22.40000
 20
64.60000
  0
SEQEND
  8
PLACEMENT_OUTLINE_TOP
  0
POLYLINE
 5
DC
  8
PLACEMENT_OUTLINE_TOP
 66
1
 70
1
 40
0.012700
 41
0.012700
  0
VERTEX
 5
DD
  8
PLACEMENT_OUTLINE_TOP
 10
22.39365
 20
58.40000
 42
1.0
  0
VERTEX
 5
DE
  8
PLACEMENT_OUTLINE_TOP
 10
22.40635
 20
58.40000
 42
1.0
  0
SEQEND
  8
PLACEMENT_OUTLINE_TOP
  0
POLYLINE
 5
DF
  8
PLACEMENT_OUTLINE_TOP
 66
1
 70
1
 40
0.012700
 41
0.012700
  0
VERTEX
 5
E0
  8
PLACEMENT_OUTLINE_TOP
 10
22.39365
 20
64.60000
 42
1.0
  0
VERTEX
 5
E1
  8
PLACEMENT_OUTLINE_TOP
 10
22.40635
 20
64.60000
 42
1.0
  0
SEQEND
  8
PLACEMENT_OUTLINE_TOP
  0
POLYLINE
 5
E2
  8
PLACEMENT_OUTLINE_TOP
 66
1
 40
0.025400
 41
0.025400
  0
VERTEX
 5
E3
  8
PLACEMENT_OUTLINE_TOP
 10
22.40000
 20
64.60000
  0
VERTEX
 5
E4
  8
PLACEMENT_OUTLINE_TOP
 10
28.60000
 20
64.60000
  0
SEQEND
  8
PLACEMENT_OUTLINE_TOP
  0
POLYLINE
 5
E5
  8
PLACEMENT_OUTLINE_TOP
 66
1
 70
1
 40
0.012700
 41
0.012700
  0
VERTEX
 5
E6
  8
PLACEMENT_OUTLINE_TOP
 10
22.39365
 20
64.60000
 42
1.0
  0
VERTEX
 5
E7
  8
PLACEMENT_OUTLINE_TOP
 10
22.40635
 20
64.60000
 42
1.0
  0
SEQEND
  8
PLACEMENT_OUTLINE_TOP
  0
POLYLINE
 5
E8
  8
PLACEMENT_OUTLINE_TOP
 66
1
 70
1
 40
0.012700
 41
0.012700
  0
VERTEX
 5
E9
  8
PLACEMENT_OUTLINE_TOP
 10
28.59365
 20
64.60000
 42
1.0
  0
VERTEX
 5
EA
  8
PLACEMENT_OUTLINE_TOP
 10
28.60635
 20
64.60000
 42
1.0
  0
SEQEND
  8
PLACEMENT_OUTLINE_TOP
  0
POLYLINE
 5
EB
  8
PLACEMENT_OUTLINE_TOP
 66
1
 40
0.025400
 41
0.025400
  0
VERTEX
 5
EC
  8
PLACEMENT_OUTLINE_TOP
 10
28.60000
 20
64.60000
  0
VERTEX
 5
ED
  8
PLACEMENT_OUTLINE_TOP
 10
28.60000
 20
58.40000
  0
SEQEND
  8
PLACEMENT_OUTLINE_TOP
  0
POLYLINE
 5
EE
  8
PLACEMENT_OUTLINE_TOP
 66
1
 70
1
 40
0.012700
 41
0.012700
  0
VERTEX
 5
EF
  8
PLACEMENT_OUTLINE_TOP
 10
28.59365
 20
64.60000
 42
1.0
  0
VERTEX
 5
F0
  8
PLACEMENT_OUTLINE_TOP
 10
28.60635
 20
64.60000
 42
1.0
  0
SEQEND
  8
PLACEMENT_OUTLINE_TOP
  0
POLYLINE
 5
F1
  8
PLACEMENT_OUTLINE_TOP
 66
1
 70
1
 40
0.012700
 41
0.012700
  0
VERTEX
 5
F2
  8
PLACEMENT_OUTLINE_TOP
 10
28.59365
 20
58.40000
 42
1.0
  0
VERTEX
 5
F3
  8
PLACEMENT_OUTLINE_TOP
 10
28.60635
 20
58.40000
 42
1.0
  0
SEQEND
  8
PLACEMENT_OUTLINE_TOP
  0
POLYLINE
 5
F4
  8
PLACEMENT_OUTLINE_TOP
 66
1
 40
0.025400
 41
0.025400
  0
VERTEX
 5
F5
  8
PLACEMENT_OUTLINE_TOP
 10
28.60000
 20
58.40000
  0
VERTEX
 5
F6
  8
PLACEMENT_OUTLINE_TOP
 10
22.40000
 20
58.40000
  0
SEQEND
  8
PLACEMENT_OUTLINE_TOP
  0
POLYLINE
 5
F7
  8
PLACEMENT_OUTLINE_TOP
 66
1
 70
1
 40
0.012700
 41
0.012700
  0
VERTEX
 5
F8
  8
PLACEMENT_OUTLINE_TOP
 10
28.59365
 20
58.40000
 42
1.0
  0
VERTEX
 5
F9
  8
PLACEMENT_OUTLINE_TOP
 10
28.60635
 20
58.40000
 42
1.0
  0
SEQEND
  8
PLACEMENT_OUTLINE_TOP
  0
POLYLINE
 5
FA
  8
PLACEMENT_OUTLINE_TOP
 66
1
 70
1
 40
0.012700
 41
0.012700
  0
VERTEX
 5
FB
  8
PLACEMENT_OUTLINE_TOP
 10
22.39365
 20
58.40000
 42
1.0
  0
VERTEX
 5
FC
  8
PLACEMENT_OUTLINE_TOP
 10
22.40635
 20
58.40000
 42
1.0
  0
SEQEND
  8
PLACEMENT_OUTLINE_TOP
  0
POLYLINE
 5
FD
  8
PADLAYER_TOP
 66
1
 70
1
 40
3.100000
 41
3.100000
  0
VERTEX
 5
FE
  8
PADLAYER_TOP
 10
23.95000
 20
61.50000
 42
1.0
  0
VERTEX
 5
FF
  8
PADLAYER_TOP
 10
27.05000
 20
61.50000
 42
1.0
  0
SEQEND
  8
PADLAYER_TOP
  0
POLYLINE
 5
100
  8
PADLAYER_BOTTOM
 66
1
 70
1
 40
3.100000
 41
3.100000
  0
VERTEX
 5
101
  8
PADLAYER_BOTTOM
 10
23.95000
 20
61.50000
 42
1.0
  0
VERTEX
 5
102
  8
PADLAYER_BOTTOM
 10
27.05000
 20
61.50000
 42
1.0
  0
SEQEND
  8
PADLAYER_BOTTOM
  0
POLYLINE
 5
103
  8
TOOL_TOP
 66
1
 40
0.025400
 41
0.025400
  0
VERTEX
 5
104
  8
TOOL_TOP
 10
23.39000
 20
61.50000
 42
1.000000
  0
VERTEX
 5
105
  8
TOOL_TOP
 10
27.61000
 20
61.50000
 42
1.000000
  0
VERTEX
 5
106
  8
TOOL_TOP
 10
23.39000
 20
61.50000
  0
SEQEND
  8
TOOL_TOP
  0
TEXT
  8
TOOLCODE_TOP
 10
23.28450
 20
60.44500
 40
2.110000
  1
T00
  0
POLYLINE
 5
107
  8
PLACEMENT_OUTLINE_TOP
 66
1
 40
0.025400
 41
0.025400
  0
VERTEX
 5
108
  8
PLACEMENT_OUTLINE_TOP
 10
45.40000
 20
58.40000
  0
VERTEX
 5
109
  8
PLACEMENT_OUTLINE_TOP
 10
45.40000
 20
64.60000
  0
SEQEND
  8
PLACEMENT_OUTLINE_TOP
  0
POLYLINE
 5
10A
  8
PLACEMENT_OUTLINE_TOP
 66
1
 70
1
 40
0.012700
 41
0.012700
  0
VERTEX
 5
10B
  8
PLACEMENT_OUTLINE_TOP
 10
45.39365
 20
58.40000
 42
1.0
  0
VERTEX
 5
10C
  8
PLACEMENT_OUTLINE_TOP
 10
45.40635
 20
58.40000
 42
1.0
  0
SEQEND
  8
PLACEMENT_OUTLINE_TOP
  0
POLYLINE
 5
10D
  8
PLACEMENT_OUTLINE_TOP
 66
1
 70
1
 40
0.012700
 41
0.012700
  0
VERTEX
 5
10E
  8
PLACEMENT_OUTLINE_TOP
 10
45.39365
 20
64.60000
 42
1.0
  0
VERTEX
 5
10F
  8
PLACEMENT_OUTLINE_TOP
 10
45.40635
 20
64.60000
 42
1.0
  0
SEQEND
  8
PLACEMENT_OUTLINE_TOP
  0
POLYLINE
 5
110
  8
PLACEMENT_OUTLINE_TOP
 66
1
 40
0.025400
 41
0.025400
  0
VERTEX
 5
111
  8
PLACEMENT_OUTLINE_TOP
 10
45.40000
 20
64.60000
  0
VERTEX
 5
112
  8
PLACEMENT_OUTLINE_TOP
 10
51.60000
 20
64.60000
  0
SEQEND
  8
PLACEMENT_OUTLINE_TOP
  0
POLYLINE
 5
113
  8
PLACEMENT_OUTLINE_TOP
 66
1
 70
1
 40
0.012700
 41
0.012700
  0
VERTEX
 5
114
  8
PLACEMENT_OUTLINE_TOP
 10
45.39365
 20
64.60000
 42
1.0
  0
VERTEX
 5
115
  8
PLACEMENT_OUTLINE_TOP
 10
45.40635
 20
64.60000
 42
1.0
  0
SEQEND
  8
PLACEMENT_OUTLINE_TOP
  0
POLYLINE
 5
116
  8
PLACEMENT_OUTLINE_TOP
 66
1
 70
1
 40
0.012700
 41
0.012700
  0
VERTEX
 5
117
  8
PLACEMENT_OUTLINE_TOP
 10
51.59365
 20
64.60000
 42
1.0
  0
VERTEX
 5
118
  8
PLACEMENT_OUTLINE_TOP
 10
51.60635
 20
64.60000
 42
1.0
  0
SEQEND
  8
PLACEMENT_OUTLINE_TOP
  0
POLYLINE
 5
119
  8
PLACEMENT_OUTLINE_TOP
 66
1
 40
0.025400
 41
0.025400
  0
VERTEX
 5
11A
  8
PLACEMENT_OUTLINE_TOP
 10
51.60000
 20
64.60000
  0
VERTEX
 5
11B
  8
PLACEMENT_OUTLINE_TOP
 10
51.60000
 20
58.40000
  0
SEQEND
  8
PLACEMENT_OUTLINE_TOP
  0
POLYLINE
 5
11C
  8
PLACEMENT_OUTLINE_TOP
 66
1
 70
1
 40
0.012700
 41
0.012700
  0
VERTEX
 5
11D
  8
PLACEMENT_OUTLINE_TOP
 10
51.59365
 20
64.60000
 42
1.0
  0
VERTEX
 5
11E
  8
PLACEMENT_OUTLINE_TOP
 10
51.60635
 20
64.60000
 42
1.0
  0
SEQEND
  8
PLACEMENT_OUTLINE_TOP
  0
POLYLINE
 5
11F
  8
PLACEMENT_OUTLINE_TOP
 66
1
 70
1
 40
0.012700
 41
0.012700
  0
VERTEX
 5
120
  8
PLACEMENT_OUTLINE_TOP
 10
51.59365
 20
58.40000
 42
1.0
  0
VERTEX
 5
121
  8
PLACEMENT_OUTLINE_TOP
 10
51.60635
 20
58.40000
 42
1.0
  0
SEQEND
  8
PLACEMENT_OUTLINE_TOP
  0
POLYLINE
 5
122
  8
PLACEMENT_OUTLINE_TOP
 66
1
 40
0.025400
 41
0.025400
  0
VERTEX
 5
123
  8
PLACEMENT_OUTLINE_TOP
 10
51.60000
 20
58.40000
  0
VERTEX
 5
124
  8
PLACEMENT_OUTLINE_TOP
 10
45.40000
 20
58.40000
  0
SEQEND
  8
PLACEMENT_OUTLINE_TOP
  0
POLYLINE
 5
125
  8
PLACEMENT_OUTLINE_TOP
 66
1
 70
1
 40
0.012700
 41
0.012700
  0
VERTEX
 5
126
  8
PLACEMENT_OUTLINE_TOP
 10
51.59365
 20
58.40000
 42
1.0
  0
VERTEX
 5
127
  8
PLACEMENT_OUTLINE_TOP
 10
51.60635
 20
58.40000
 42
1.0
  0
SEQEND
  8
PLACEMENT_OUTLINE_TOP
  0
POLYLINE
 5
128
  8
PLACEMENT_OUTLINE_TOP
 66
1
 70
1
 40
0.012700
 41
0.012700
  0
VERTEX
 5
129
  8
PLACEMENT_OUTLINE_TOP
 10
45.39365
 20
58.40000
 42
1.0
  0
VERTEX
 5
12A
  8
PLACEMENT_OUTLINE_TOP
 10
45.40635
 20
58.40000
 42
1.0
  0
SEQEND
  8
PLACEMENT_OUTLINE_TOP
  0
POLYLINE
 5
12B
  8
PADLAYER_TOP
 66
1
 70
1
 40
3.100000
 41
3.100000
  0
VERTEX
 5
12C
  8
PADLAYER_TOP
 10
46.95000
 20
61.50000
 42
1.0
  0
VERTEX
 5
12D
  8
PADLAYER_TOP
 10
50.05000
 20
61.50000
 42
1.0
  0
SEQEND
  8
PADLAYER_TOP
  0
POLYLINE
 5
12E
  8
PADLAYER_BOTTOM
 66
1
 70
1
 40
3.100000
 41
3.100000
  0
VERTEX
 5
12F
  8
PADLAYER_BOTTOM
 10
46.95000
 20
61.50000
 42
1.0
  0
VERTEX
 5
130
  8
PADLAYER_BOTTOM
 10
50.05000
 20
61.50000
 42
1.0
  0
SEQEND
  8
PADLAYER_BOTTOM
  0
POLYLINE
 5
131
  8
TOOL_TOP
 66
1
 40
0.025400
 41
0.025400
  0
VERTEX
 5
132
  8
TOOL_TOP
 10
46.39000
 20
61.50000
 42
1.000000
  0
VERTEX
 5
133
  8
TOOL_TOP
 10
50.61000
 20
61.50000
 42
1.000000
  0
VERTEX
 5
134
  8
TOOL_TOP
 10
46.39000
 20
61.50000
  0
SEQEND
  8
TOOL_TOP
  0
TEXT
  8
TOOLCODE_TOP
 10
46.28450
 20
60.44500
 40
2.110000
  1
T00
  0
POLYLINE
 5
135
  8
PLACEMENT_OUTLINE_TOP
 66
1
 40
0.025400
 41
0.025400
  0
VERTEX
 5
136
  8
PLACEMENT_OUTLINE_TOP
 10
22.40000
 20
0.40000
  0
VERTEX
 5
137
  8
PLACEMENT_OUTLINE_TOP
 10
22.40000
 20
6.60000
  0
SEQEND
  8
PLACEMENT_OUTLINE_TOP
  0
POLYLINE
 5
138
  8
PLACEMENT_OUTLINE_TOP
 66
1
 70
1
 40
0.012700
 41
0.012700
  0
VERTEX
 5
139
  8
PLACEMENT_OUTLINE_TOP
 10
22.39365
 20
0.40000
 42
1.0
  0
VERTEX
 5
13A
  8
PLACEMENT_OUTLINE_TOP
 10
22.40635
 20
0.40000
 42
1.0
  0
SEQEND
  8
PLACEMENT_OUTLINE_TOP
  0
POLYLINE
 5
13B
  8
PLACEMENT_OUTLINE_TOP
 66
1
 70
1
 40
0.012700
 41
0.012700
  0
VERTEX
 5
13C
  8
PLACEMENT_OUTLINE_TOP
 10
22.39365
 20
6.60000
 42
1.0
  0
VERTEX
 5
13D
  8
PLACEMENT_OUTLINE_TOP
 10
22.40635
 20
6.60000
 42
1.0
  0
SEQEND
  8
PLACEMENT_OUTLINE_TOP
  0
POLYLINE
 5
13E
  8
PLACEMENT_OUTLINE_TOP
 66
1
 40
0.025400
 41
0.025400
  0
VERTEX
 5
13F
  8
PLACEMENT_OUTLINE_TOP
 10
22.40000
 20
6.60000
  0
VERTEX
 5
140
  8
PLACEMENT_OUTLINE_TOP
 10
28.60000
 20
6.60000
  0
SEQEND
  8
PLACEMENT_OUTLINE_TOP
  0
POLYLINE
 5
141
  8
PLACEMENT_OUTLINE_TOP
 66
1
 70
1
 40
0.012700
 41
0.012700
  0
VERTEX
 5
142
  8
PLACEMENT_OUTLINE_TOP
 10
22.39365
 20
6.60000
 42
1.0
  0
VERTEX
 5
143
  8
PLACEMENT_OUTLINE_TOP
 10
22.40635
 20
6.60000
 42
1.0
  0
SEQEND
  8
PLACEMENT_OUTLINE_TOP
  0
POLYLINE
 5
144
  8
PLACEMENT_OUTLINE_TOP
 66
1
 70
1
 40
0.012700
 41
0.012700
  0
VERTEX
 5
145
  8
PLACEMENT_OUTLINE_TOP
 10
28.59365
 20
6.60000
 42
1.0
  0
VERTEX
 5
146
  8
PLACEMENT_OUTLINE_TOP
 10
28.60635
 20
6.60000
 42
1.0
  0
SEQEND
  8
PLACEMENT_OUTLINE_TOP
  0
POLYLINE
 5
147
  8
PLACEMENT_OUTLINE_TOP
 66
1
 40
0.025400
 41
0.025400
  0
VERTEX
 5
148
  8
PLACEMENT_OUTLINE_TOP
 10
28.60000
 20
6.60000
  0
VERTEX
 5
149
  8
PLACEMENT_OUTLINE_TOP
 10
28.60000
 20
0.40000
  0
SEQEND
  8
PLACEMENT_OUTLINE_TOP
  0
POLYLINE
 5
14A
  8
PLACEMENT_OUTLINE_TOP
 66
1
 70
1
 40
0.012700
 41
0.012700
  0
VERTEX
 5
14B
  8
PLACEMENT_OUTLINE_TOP
 10
28.59365
 20
6.60000
 42
1.0
  0
VERTEX
 5
14C
  8
PLACEMENT_OUTLINE_TOP
 10
28.60635
 20
6.60000
 42
1.0
  0
SEQEND
  8
PLACEMENT_OUTLINE_TOP
  0
POLYLINE
 5
14D
  8
PLACEMENT_OUTLINE_TOP
 66
1
 70
1
 40
0.012700
 41
0.012700
  0
VERTEX
 5
14E
  8
PLACEMENT_OUTLINE_TOP
 10
28.59365
 20
0.40000
 42
1.0
  0
VERTEX
 5
14F
  8
PLACEMENT_OUTLINE_TOP
 10
28.60635
 20
0.40000
 42
1.0
  0
SEQEND
  8
PLACEMENT_OUTLINE_TOP
  0
POLYLINE
 5
150
  8
PLACEMENT_OUTLINE_TOP
 66
1
 40
0.025400
 41
0.025400
  0
VERTEX
 5
151
  8
PLACEMENT_OUTLINE_TOP
 10
28.60000
 20
0.40000
  0
VERTEX
 5
152
  8
PLACEMENT_OUTLINE_TOP
 10
22.40000
 20
0.40000
  0
SEQEND
  8
PLACEMENT_OUTLINE_TOP
  0
POLYLINE
 5
153
  8
PLACEMENT_OUTLINE_TOP
 66
1
 70
1
 40
0.012700
 41
0.012700
  0
VERTEX
 5
154
  8
PLACEMENT_OUTLINE_TOP
 10
28.59365
 20
0.40000
 42
1.0
  0
VERTEX
 5
155
  8
PLACEMENT_OUTLINE_TOP
 10
28.60635
 20
0.40000
 42
1.0
  0
SEQEND
  8
PLACEMENT_OUTLINE_TOP
  0
POLYLINE
 5
156
  8
PLACEMENT_OUTLINE_TOP
 66
1
 70
1
 40
0.012700
 41
0.012700
  0
VERTEX
 5
157
  8
PLACEMENT_OUTLINE_TOP
 10
22.39365
 20
0.40000
 42
1.0
  0
VERTEX
 5
158
  8
PLACEMENT_OUTLINE_TOP
 10
22.40635
 20
0.40000
 42
1.0
  0
SEQEND
  8
PLACEMENT_OUTLINE_TOP
  0
POLYLINE
 5
159
  8
PADLAYER_TOP
 66
1
 70
1
 40
3.100000
 41
3.100000
  0
VERTEX
 5
15A
  8
PADLAYER_TOP
 10
23.95000
 20
3.50000
 42
1.0
  0
VERTEX
 5
15B
  8
PADLAYER_TOP
 10
27.05000
 20
3.50000
 42
1.0
  0
SEQEND
  8
PADLAYER_TOP
  0
POLYLINE
 5
15C
  8
PADLAYER_BOTTOM
 66
1
 70
1
 40
3.100000
 41
3.100000
  0
VERTEX
 5
15D
  8
PADLAYER_BOTTOM
 10
23.95000
 20
3.50000
 42
1.0
  0
VERTEX
 5
15E
  8
PADLAYER_BOTTOM
 10
27.05000
 20
3.50000
 42
1.0
  0
SEQEND
  8
PADLAYER_BOTTOM
  0
POLYLINE
 5
15F
  8
TOOL_TOP
 66
1
 40
0.025400
 41
0.025400
  0
VERTEX
 5
160
  8
TOOL_TOP
 10
23.39000
 20
3.50000
 42
1.000000
  0
VERTEX
 5
161
  8
TOOL_TOP
 10
27.61000
 20
3.50000
 42
1.000000
  0
VERTEX
 5
162
  8
TOOL_TOP
 10
23.39000
 20
3.50000
  0
SEQEND
  8
TOOL_TOP
  0
TEXT
  8
TOOLCODE_TOP
 10
23.28450
 20
2.44500
 40
2.110000
  1
T00
  0
POLYLINE
 5
163
  8
PLACEMENT_OUTLINE_TOP
 66
1
 40
0.025400
 41
0.025400
  0
VERTEX
 5
164
  8
PLACEMENT_OUTLINE_TOP
 10
45.40000
 20
0.40000
  0
VERTEX
 5
165
  8
PLACEMENT_OUTLINE_TOP
 10
45.40000
 20
6.60000
  0
SEQEND
  8
PLACEMENT_OUTLINE_TOP
  0
POLYLINE
 5
166
  8
PLACEMENT_OUTLINE_TOP
 66
1
 70
1
 40
0.012700
 41
0.012700
  0
VERTEX
 5
167
  8
PLACEMENT_OUTLINE_TOP
 10
45.39365
 20
0.40000
 42
1.0
  0
VERTEX
 5
168
  8
PLACEMENT_OUTLINE_TOP
 10
45.40635
 20
0.40000
 42
1.0
  0
SEQEND
  8
PLACEMENT_OUTLINE_TOP
  0
POLYLINE
 5
169
  8
PLACEMENT_OUTLINE_TOP
 66
1
 70
1
 40
0.012700
 41
0.012700
  0
VERTEX
 5
16A
  8
PLACEMENT_OUTLINE_TOP
 10
45.39365
 20
6.60000
 42
1.0
  0
VERTEX
 5
16B
  8
PLACEMENT_OUTLINE_TOP
 10
45.40635
 20
6.60000
 42
1.0
  0
SEQEND
  8
PLACEMENT_OUTLINE_TOP
  0
POLYLINE
 5
16C
  8
PLACEMENT_OUTLINE_TOP
 66
1
 40
0.025400
 41
0.025400
  0
VERTEX
 5
16D
  8
PLACEMENT_OUTLINE_TOP
 10
45.40000
 20
6.60000
  0
VERTEX
 5
16E
  8
PLACEMENT_OUTLINE_TOP
 10
51.60000
 20
6.60000
  0
SEQEND
  8
PLACEMENT_OUTLINE_TOP
  0
POLYLINE
 5
16F
  8
PLACEMENT_OUTLINE_TOP
 66
1
 70
1
 40
0.012700
 41
0.012700
  0
VERTEX
 5
170
  8
PLACEMENT_OUTLINE_TOP
 10
45.39365
 20
6.60000
 42
1.0
  0
VERTEX
 5
171
  8
PLACEMENT_OUTLINE_TOP
 10
45.40635
 20
6.60000
 42
1.0
  0
SEQEND
  8
PLACEMENT_OUTLINE_TOP
  0
POLYLINE
 5
172
  8
PLACEMENT_OUTLINE_TOP
 66
1
 70
1
 40
0.012700
 41
0.012700
  0
VERTEX
 5
173
  8
PLACEMENT_OUTLINE_TOP
 10
51.59365
 20
6.60000
 42
1.0
  0
VERTEX
 5
174
  8
PLACEMENT_OUTLINE_TOP
 10
51.60635
 20
6.60000
 42
1.0
  0
SEQEND
  8
PLACEMENT_OUTLINE_TOP
  0
POLYLINE
 5
175
  8
PLACEMENT_OUTLINE_TOP
 66
1
 40
0.025400
 41
0.025400
  0
VERTEX
 5
176
  8
PLACEMENT_OUTLINE_TOP
 10
51.60000
 20
6.60000
  0
VERTEX
 5
177
  8
PLACEMENT_OUTLINE_TOP
 10
51.60000
 20
0.40000
  0
SEQEND
  8
PLACEMENT_OUTLINE_TOP
  0
POLYLINE
 5
178
  8
PLACEMENT_OUTLINE_TOP
 66
1
 70
1
 40
0.012700
 41
0.012700
  0
VERTEX
 5
179
  8
PLACEMENT_OUTLINE_TOP
 10
51.59365
 20
6.60000
 42
1.0
  0
VERTEX
 5
17A
  8
PLACEMENT_OUTLINE_TOP
 10
51.60635
 20
6.60000
 42
1.0
  0
SEQEND
  8
PLACEMENT_OUTLINE_TOP
  0
POLYLINE
 5
17B
  8
PLACEMENT_OUTLINE_TOP
 66
1
 70
1
 40
0.012700
 41
0.012700
  0
VERTEX
 5
17C
  8
PLACEMENT_OUTLINE_TOP
 10
51.59365
 20
0.40000
 42
1.0
  0
VERTEX
 5
17D
  8
PLACEMENT_OUTLINE_TOP
 10
51.60635
 20
0.40000
 42
1.0
  0
SEQEND
  8
PLACEMENT_OUTLINE_TOP
  0
POLYLINE
 5
17E
  8
PLACEMENT_OUTLINE_TOP
 66
1
 40
0.025400
 41
0.025400
  0
VERTEX
 5
17F
  8
PLACEMENT_OUTLINE_TOP
 10
51.60000
 20
0.40000
  0
VERTEX
 5
180
  8
PLACEMENT_OUTLINE_TOP
 10
45.40000
 20
0.40000
  0
SEQEND
  8
PLACEMENT_OUTLINE_TOP
  0
POLYLINE
 5
181
  8
PLACEMENT_OUTLINE_TOP
 66
1
 70
1
 40
0.012700
 41
0.012700
  0
VERTEX
 5
182
  8
PLACEMENT_OUTLINE_TOP
 10
51.59365
 20
0.40000
 42
1.0
  0
VERTEX
 5
183
  8
PLACEMENT_OUTLINE_TOP
 10
51.60635
 20
0.40000
 42
1.0
  0
SEQEND
  8
PLACEMENT_OUTLINE_TOP
  0
POLYLINE
 5
184
  8
PLACEMENT_OUTLINE_TOP
 66
1
 70
1
 40
0.012700
 41
0.012700
  0
VERTEX
 5
185
  8
PLACEMENT_OUTLINE_TOP
 10
45.39365
 20
0.40000
 42
1.0
  0
VERTEX
 5
186
  8
PLACEMENT_OUTLINE_TOP
 10
45.40635
 20
0.40000
 42
1.0
  0
SEQEND
  8
PLACEMENT_OUTLINE_TOP
  0
POLYLINE
 5
187
  8
PADLAYER_TOP
 66
1
 70
1
 40
3.100000
 41
3.100000
  0
VERTEX
 5
188
  8
PADLAYER_TOP
 10
46.95000
 20
3.50000
 42
1.0
  0
VERTEX
 5
189
  8
PADLAYER_TOP
 10
50.05000
 20
3.50000
 42
1.0
  0
SEQEND
  8
PADLAYER_TOP
  0
POLYLINE
 5
18A
  8
PADLAYER_BOTTOM
 66
1
 70
1
 40
3.100000
 41
3.100000
  0
VERTEX
 5
18B
  8
PADLAYER_BOTTOM
 10
46.95000
 20
3.50000
 42
1.0
  0
VERTEX
 5
18C
  8
PADLAYER_BOTTOM
 10
50.05000
 20
3.50000
 42
1.0
  0
SEQEND
  8
PADLAYER_BOTTOM
  0
POLYLINE
 5
18D
  8
TOOL_TOP
 66
1
 40
0.025400
 41
0.025400
  0
VERTEX
 5
18E
  8
TOOL_TOP
 10
46.39000
 20
3.50000
 42
1.000000
  0
VERTEX
 5
18F
  8
TOOL_TOP
 10
50.61000
 20
3.50000
 42
1.000000
  0
VERTEX
 5
190
  8
TOOL_TOP
 10
46.39000
 20
3.50000
  0
SEQEND
  8
TOOL_TOP
  0
TEXT
  8
TOOLCODE_TOP
 10
46.28450
 20
2.44500
 40
2.110000
  1
T00
  0
POLYLINE
 5
191
  8
Top
 66
1
 40
0.000000
 41
0.000000
  0
VERTEX
 5
192
  8
Top
 10
39.65000
 20
56.25000
 42
1.000000
  0
VERTEX
 5
193
  8
Top
 10
42.25000
 20
56.25000
 42
1.000000
  0
VERTEX
 5
194
  8
Top
 10
39.65000
 20
56.25000
  0
SEQEND
  8
Top
  0
POLYLINE
 5
195
  8
Bottom
 66
1
 40
0.000000
 41
0.000000
  0
VERTEX
 5
196
  8
Bottom
 10
39.65000
 20
56.25000
 42
1.000000
  0
VERTEX
 5
197
  8
Bottom
 10
42.25000
 20
56.25000
 42
1.000000
  0
VERTEX
 5
198
  8
Bottom
 10
39.65000
 20
56.25000
  0
SEQEND
  8
Bottom
  0
POLYLINE
 5
199
  8
PLACEMENT_OUTLINE_TOP
 66
1
 40
0.025400
 41
0.025400
  0
VERTEX
 5
19A
  8
PLACEMENT_OUTLINE_TOP
 10
39.85000
 20
55.15000
  0
VERTEX
 5
19B
  8
PLACEMENT_OUTLINE_TOP
 10
39.85000
 20
57.35000
  0
SEQEND
  8
PLACEMENT_OUTLINE_TOP
  0
POLYLINE
 5
19C
  8
PLACEMENT_OUTLINE_TOP
 66
1
 70
1
 40
0.012700
 41
0.012700
  0
VERTEX
 5
19D
  8
PLACEMENT_OUTLINE_TOP
 10
39.84365
 20
55.15000
 42
1.0
  0
VERTEX
 5
19E
  8
PLACEMENT_OUTLINE_TOP
 10
39.85635
 20
55.15000
 42
1.0
  0
SEQEND
  8
PLACEMENT_OUTLINE_TOP
  0
POLYLINE
 5
19F
  8
PLACEMENT_OUTLINE_TOP
 66
1
 70
1
 40
0.012700
 41
0.012700
  0
VERTEX
 5
1A0
  8
PLACEMENT_OUTLINE_TOP
 10
39.84365
 20
57.35000
 42
1.0
  0
VERTEX
 5
1A1
  8
PLACEMENT_OUTLINE_TOP
 10
39.85635
 20
57.35000
 42
1.0
  0
SEQEND
  8
PLACEMENT_OUTLINE_TOP
  0
POLYLINE
 5
1A2
  8
PLACEMENT_OUTLINE_TOP
 66
1
 40
0.025400
 41
0.025400
  0
VERTEX
 5
1A3
  8
PLACEMENT_OUTLINE_TOP
 10
39.85000
 20
57.35000
  0
VERTEX
 5
1A4
  8
PLACEMENT_OUTLINE_TOP
 10
42.05000
 20
57.35000
  0
SEQEND
  8
PLACEMENT_OUTLINE_TOP
  0
POLYLINE
 5
1A5
  8
PLACEMENT_OUTLINE_TOP
 66
1
 70
1
 40
0.012700
 41
0.012700
  0
VERTEX
 5
1A6
  8
PLACEMENT_OUTLINE_TOP
 10
39.84365
 20
57.35000
 42
1.0
  0
VERTEX
 5
1A7
  8
PLACEMENT_OUTLINE_TOP
 10
39.85635
 20
57.35000
 42
1.0
  0
SEQEND
  8
PLACEMENT_OUTLINE_TOP
  0
POLYLINE
 5
1A8
  8
PLACEMENT_OUTLINE_TOP
 66
1
 70
1
 40
0.012700
 41
0.012700
  0
VERTEX
 5
1A9
  8
PLACEMENT_OUTLINE_TOP
 10
42.04365
 20
57.35000
 42
1.0
  0
VERTEX
 5
1AA
  8
PLACEMENT_OUTLINE_TOP
 10
42.05635
 20
57.35000
 42
1.0
  0
SEQEND
  8
PLACEMENT_OUTLINE_TOP
  0
POLYLINE
 5
1AB
  8
PLACEMENT_OUTLINE_TOP
 66
1
 40
0.025400
 41
0.025400
  0
VERTEX
 5
1AC
  8
PLACEMENT_OUTLINE_TOP
 10
42.05000
 20
57.35000
  0
VERTEX
 5
1AD
  8
PLACEMENT_OUTLINE_TOP
 10
42.05000
 20
55.15000
  0
SEQEND
  8
PLACEMENT_OUTLINE_TOP
  0
POLYLINE
 5
1AE
  8
PLACEMENT_OUTLINE_TOP
 66
1
 70
1
 40
0.012700
 41
0.012700
  0
VERTEX
 5
1AF
  8
PLACEMENT_OUTLINE_TOP
 10
42.04365
 20
57.35000
 42
1.0
  0
VERTEX
 5
1B0
  8
PLACEMENT_OUTLINE_TOP
 10
42.05635
 20
57.35000
 42
1.0
  0
SEQEND
  8
PLACEMENT_OUTLINE_TOP
  0
POLYLINE
 5
1B1
  8
PLACEMENT_OUTLINE_TOP
 66
1
 70
1
 40
0.012700
 41
0.012700
  0
VERTEX
 5
1B2
  8
PLACEMENT_OUTLINE_TOP
 10
42.04365
 20
55.15000
 42
1.0
  0
VERTEX
 5
1B3
  8
PLACEMENT_OUTLINE_TOP
 10
42.05635
 20
55.15000
 42
1.0
  0
SEQEND
  8
PLACEMENT_OUTLINE_TOP
  0
POLYLINE
 5
1B4
  8
PLACEMENT_OUTLINE_TOP
 66
1
 40
0.025400
 41
0.025400
  0
VERTEX
 5
1B5
  8
PLACEMENT_OUTLINE_TOP
 10
42.05000
 20
55.15000
  0
VERTEX
 5
1B6
  8
PLACEMENT_OUTLINE_TOP
 10
39.85000
 20
55.15000
  0
SEQEND
  8
PLACEMENT_OUTLINE_TOP
  0
POLYLINE
 5
1B7
  8
PLACEMENT_OUTLINE_TOP
 66
1
 70
1
 40
0.012700
 41
0.012700
  0
VERTEX
 5
1B8
  8
PLACEMENT_OUTLINE_TOP
 10
42.04365
 20
55.15000
 42
1.0
  0
VERTEX
 5
1B9
  8
PLACEMENT_OUTLINE_TOP
 10
42.05635
 20
55.15000
 42
1.0
  0
SEQEND
  8
PLACEMENT_OUTLINE_TOP
  0
POLYLINE
 5
1BA
  8
PLACEMENT_OUTLINE_TOP
 66
1
 70
1
 40
0.012700
 41
0.012700
  0
VERTEX
 5
1BB
  8
PLACEMENT_OUTLINE_TOP
 10
39.84365
 20
55.15000
 42
1.0
  0
VERTEX
 5
1BC
  8
PLACEMENT_OUTLINE_TOP
 10
39.85635
 20
55.15000
 42
1.0
  0
SEQEND
  8
PLACEMENT_OUTLINE_TOP
  0
POLYLINE
 5
1BD
  8
PADLAYER_TOP
 66
1
 70
1
 40
1.100000
 41
1.100000
  0
VERTEX
 5
1BE
  8
PADLAYER_TOP
 10
40.40000
 20
56.25000
 42
1.0
  0
VERTEX
 5
1BF
  8
PADLAYER_TOP
 10
41.50000
 20
56.25000
 42
1.0
  0
SEQEND
  8
PADLAYER_TOP
  0
POLYLINE
 5
1C0
  8
PADLAYER_BOTTOM
 66
1
 70
1
 40
0.550000
 41
0.550000
  0
VERTEX
 5
1C1
  8
PADLAYER_BOTTOM
 10
40.67500
 20
56.25000
 42
1.0
  0
VERTEX
 5
1C2
  8
PADLAYER_BOTTOM
 10
41.22500
 20
56.25000
 42
1.0
  0
SEQEND
  8
PADLAYER_BOTTOM
  0
POLYLINE
 5
1C3
  8
TOOL_TOP
 66
1
 40
0.025400
 41
0.025400
  0
VERTEX
 5
1C4
  8
TOOL_TOP
 10
40.50000
 20
56.25000
 42
1.000000
  0
VERTEX
 5
1C5
  8
TOOL_TOP
 10
41.40000
 20
56.25000
 42
1.000000
  0
VERTEX
 5
1C6
  8
TOOL_TOP
 10
40.50000
 20
56.25000
  0
SEQEND
  8
TOOL_TOP
  0
TEXT
  8
TOOLCODE_TOP
 10
40.47750
 20
56.02500
 40
0.450000
  1
T00
  0
POLYLINE
 5
1C7
  8
Top
 66
1
 40
0.000000
 41
0.000000
  0
VERTEX
 5
1C8
  8
Top
 10
44.40000
 20
53.79000
 42
1.000000
  0
VERTEX
 5
1C9
  8
Top
 10
47.00000
 20
53.79000
 42
1.000000
  0
VERTEX
 5
1CA
  8
Top
 10
44.40000
 20
53.79000
  0
SEQEND
  8
Top
  0
POLYLINE
 5
1CB
  8
Bottom
 66
1
 40
0.000000
 41
0.000000
  0
VERTEX
 5
1CC
  8
Bottom
 10
44.40000
 20
53.79000
 42
1.000000
  0
VERTEX
 5
1CD
  8
Bottom
 10
47.00000
 20
53.79000
 42
1.000000
  0
VERTEX
 5
1CE
  8
Bottom
 10
44.40000
 20
53.79000
  0
SEQEND
  8
Bottom
  0
POLYLINE
 5
1CF
  8
PLACEMENT_OUTLINE_TOP
 66
1
 40
0.025400
 41
0.025400
  0
VERTEX
 5
1D0
  8
PLACEMENT_OUTLINE_TOP
 10
44.60000
 20
52.69000
  0
VERTEX
 5
1D1
  8
PLACEMENT_OUTLINE_TOP
 10
44.60000
 20
54.89000
  0
SEQEND
  8
PLACEMENT_OUTLINE_TOP
  0
POLYLINE
 5
1D2
  8
PLACEMENT_OUTLINE_TOP
 66
1
 70
1
 40
0.012700
 41
0.012700
  0
VERTEX
 5
1D3
  8
PLACEMENT_OUTLINE_TOP
 10
44.59365
 20
52.69000
 42
1.0
  0
VERTEX
 5
1D4
  8
PLACEMENT_OUTLINE_TOP
 10
44.60635
 20
52.69000
 42
1.0
  0
SEQEND
  8
PLACEMENT_OUTLINE_TOP
  0
POLYLINE
 5
1D5
  8
PLACEMENT_OUTLINE_TOP
 66
1
 70
1
 40
0.012700
 41
0.012700
  0
VERTEX
 5
1D6
  8
PLACEMENT_OUTLINE_TOP
 10
44.59365
 20
54.89000
 42
1.0
  0
VERTEX
 5
1D7
  8
PLACEMENT_OUTLINE_TOP
 10
44.60635
 20
54.89000
 42
1.0
  0
SEQEND
  8
PLACEMENT_OUTLINE_TOP
  0
POLYLINE
 5
1D8
  8
PLACEMENT_OUTLINE_TOP
 66
1
 40
0.025400
 41
0.025400
  0
VERTEX
 5
1D9
  8
PLACEMENT_OUTLINE_TOP
 10
44.60000
 20
54.89000
  0
VERTEX
 5
1DA
  8
PLACEMENT_OUTLINE_TOP
 10
46.80000
 20
54.89000
  0
SEQEND
  8
PLACEMENT_OUTLINE_TOP
  0
POLYLINE
 5
1DB
  8
PLACEMENT_OUTLINE_TOP
 66
1
 70
1
 40
0.012700
 41
0.012700
  0
VERTEX
 5
1DC
  8
PLACEMENT_OUTLINE_TOP
 10
44.59365
 20
54.89000
 42
1.0
  0
VERTEX
 5
1DD
  8
PLACEMENT_OUTLINE_TOP
 10
44.60635
 20
54.89000
 42
1.0
  0
SEQEND
  8
PLACEMENT_OUTLINE_TOP
  0
POLYLINE
 5
1DE
  8
PLACEMENT_OUTLINE_TOP
 66
1
 70
1
 40
0.012700
 41
0.012700
  0
VERTEX
 5
1DF
  8
PLACEMENT_OUTLINE_TOP
 10
46.79365
 20
54.89000
 42
1.0
  0
VERTEX
 5
1E0
  8
PLACEMENT_OUTLINE_TOP
 10
46.80635
 20
54.89000
 42
1.0
  0
SEQEND
  8
PLACEMENT_OUTLINE_TOP
  0
POLYLINE
 5
1E1
  8
PLACEMENT_OUTLINE_TOP
 66
1
 40
0.025400
 41
0.025400
  0
VERTEX
 5
1E2
  8
PLACEMENT_OUTLINE_TOP
 10
46.80000
 20
54.89000
  0
VERTEX
 5
1E3
  8
PLACEMENT_OUTLINE_TOP
 10
46.80000
 20
52.69000
  0
SEQEND
  8
PLACEMENT_OUTLINE_TOP
  0
POLYLINE
 5
1E4
  8
PLACEMENT_OUTLINE_TOP
 66
1
 70
1
 40
0.012700
 41
0.012700
  0
VERTEX
 5
1E5
  8
PLACEMENT_OUTLINE_TOP
 10
46.79365
 20
54.89000
 42
1.0
  0
VERTEX
 5
1E6
  8
PLACEMENT_OUTLINE_TOP
 10
46.80635
 20
54.89000
 42
1.0
  0
SEQEND
  8
PLACEMENT_OUTLINE_TOP
  0
POLYLINE
 5
1E7
  8
PLACEMENT_OUTLINE_TOP
 66
1
 70
1
 40
0.012700
 41
0.012700
  0
VERTEX
 5
1E8
  8
PLACEMENT_OUTLINE_TOP
 10
46.79365
 20
52.69000
 42
1.0
  0
VERTEX
 5
1E9
  8
PLACEMENT_OUTLINE_TOP
 10
46.80635
 20
52.69000
 42
1.0
  0
SEQEND
  8
PLACEMENT_OUTLINE_TOP
  0
POLYLINE
 5
1EA
  8
PLACEMENT_OUTLINE_TOP
 66
1
 40
0.025400
 41
0.025400
  0
VERTEX
 5
1EB
  8
PLACEMENT_OUTLINE_TOP
 10
46.80000
 20
52.69000
  0
VERTEX
 5
1EC
  8
PLACEMENT_OUTLINE_TOP
 10
44.60000
 20
52.69000
  0
SEQEND
  8
PLACEMENT_OUTLINE_TOP
  0
POLYLINE
 5
1ED
  8
PLACEMENT_OUTLINE_TOP
 66
1
 70
1
 40
0.012700
 41
0.012700
  0
VERTEX
 5
1EE
  8
PLACEMENT_OUTLINE_TOP
 10
46.79365
 20
52.69000
 42
1.0
  0
VERTEX
 5
1EF
  8
PLACEMENT_OUTLINE_TOP
 10
46.80635
 20
52.69000
 42
1.0
  0
SEQEND
  8
PLACEMENT_OUTLINE_TOP
  0
POLYLINE
 5
1F0
  8
PLACEMENT_OUTLINE_TOP
 66
1
 70
1
 40
0.012700
 41
0.012700
  0
VERTEX
 5
1F1
  8
PLACEMENT_OUTLINE_TOP
 10
44.59365
 20
52.69000
 42
1.0
  0
VERTEX
 5
1F2
  8
PLACEMENT_OUTLINE_TOP
 10
44.60635
 20
52.69000
 42
1.0
  0
SEQEND
  8
PLACEMENT_OUTLINE_TOP
  0
POLYLINE
 5
1F3
  8
PADLAYER_TOP
 66
1
 70
1
 40
1.100000
 41
1.100000
  0
VERTEX
 5
1F4
  8
PADLAYER_TOP
 10
45.15000
 20
53.79000
 42
1.0
  0
VERTEX
 5
1F5
  8
PADLAYER_TOP
 10
46.25000
 20
53.79000
 42
1.0
  0
SEQEND
  8
PADLAYER_TOP
  0
POLYLINE
 5
1F6
  8
PADLAYER_BOTTOM
 66
1
 70
1
 40
0.550000
 41
0.550000
  0
VERTEX
 5
1F7
  8
PADLAYER_BOTTOM
 10
45.42500
 20
53.79000
 42
1.0
  0
VERTEX
 5
1F8
  8
PADLAYER_BOTTOM
 10
45.97500
 20
53.79000
 42
1.0
  0
SEQEND
  8
PADLAYER_BOTTOM
  0
POLYLINE
 5
1F9
  8
TOOL_TOP
 66
1
 40
0.025400
 41
0.025400
  0
VERTEX
 5
1FA
  8
TOOL_TOP
 10
45.25000
 20
53.79000
 42
1.000000
  0
VERTEX
 5
1FB
  8
TOOL_TOP
 10
46.15000
 20
53.79000
 42
1.000000
  0
VERTEX
 5
1FC
  8
TOOL_TOP
 10
45.25000
 20
53.79000
  0
SEQEND
  8
TOOL_TOP
  0
TEXT
  8
TOOLCODE_TOP
 10
45.22750
 20
53.56500
 40
0.450000
  1
T00
  0
POLYLINE
 5
1FD
  8
2DLINES_1
 66
1
 40
0.100000
 41
0.100000
  0
VERTEX
 5
1FE
  8
2DLINES_1
 10
26.76600
 20
74.15900
  0
VERTEX
 5
1FF
  8
2DLINES_1
 10
26.76600
 20
74.95900
  0
SEQEND
  8
2DLINES_1
  0
POLYLINE
 5
200
  8
2DLINES_1
 66
1
 70
1
 40
0.050000
 41
0.050000
  0
VERTEX
 5
201
  8
2DLINES_1
 10
26.74100
 20
74.15900
 42
1.0
  0
VERTEX
 5
202
  8
2DLINES_1
 10
26.79100
 20
74.15900
 42
1.0
  0
SEQEND
  8
2DLINES_1
  0
POLYLINE
 5
203
  8
2DLINES_1
 66
1
 70
1
 40
0.050000
 41
0.050000
  0
VERTEX
 5
204
  8
2DLINES_1
 10
26.74100
 20
74.95900
 42
1.0
  0
VERTEX
 5
205
  8
2DLINES_1
 10
26.79100
 20
74.95900
 42
1.0
  0
SEQEND
  8
2DLINES_1
  0
POLYLINE
 5
206
  8
2DLINES_1
 66
1
 40
0.100000
 41
0.100000
  0
VERTEX
 5
207
  8
2DLINES_1
 10
26.76600
 20
74.55900
  0
VERTEX
 5
208
  8
2DLINES_1
 10
27.09100
 20
74.25900
  0
SEQEND
  8
2DLINES_1
  0
POLYLINE
 5
209
  8
2DLINES_1
 66
1
 70
1
 40
0.050000
 41
0.050000
  0
VERTEX
 5
20A
  8
2DLINES_1
 10
26.74100
 20
74.55900
 42
1.0
  0
VERTEX
 5
20B
  8
2DLINES_1
 10
26.79100
 20
74.55900
 42
1.0
  0
SEQEND
  8
2DLINES_1
  0
POLYLINE
 5
20C
  8
2DLINES_1
 66
1
 70
1
 40
0.050000
 41
0.050000
  0
VERTEX
 5
20D
  8
2DLINES_1
 10
27.06600
 20
74.25900
 42
1.0
  0
VERTEX
 5
20E
  8
2DLINES_1
 10
27.11600
 20
74.25900
 42
1.0
  0
SEQEND
  8
2DLINES_1
  0
POLYLINE
 5
20F
  8
2DLINES_1
 66
1
 40
0.100000
 41
0.100000
  0
VERTEX
 5
210
  8
2DLINES_1
 10
27.09100
 20
74.25900
  0
VERTEX
 5
211
  8
2DLINES_1
 10
27.09100
 20
74.85900
  0
SEQEND
  8
2DLINES_1
  0
POLYLINE
 5
212
  8
2DLINES_1
 66
1
 70
1
 40
0.050000
 41
0.050000
  0
VERTEX
 5
213
  8
2DLINES_1
 10
27.06600
 20
74.25900
 42
1.0
  0
VERTEX
 5
214
  8
2DLINES_1
 10
27.11600
 20
74.25900
 42
1.0
  0
SEQEND
  8
2DLINES_1
  0
POLYLINE
 5
215
  8
2DLINES_1
 66
1
 70
1
 40
0.050000
 41
0.050000
  0
VERTEX
 5
216
  8
2DLINES_1
 10
27.06600
 20
74.85900
 42
1.0
  0
VERTEX
 5
217
  8
2DLINES_1
 10
27.11600
 20
74.85900
 42
1.0
  0
SEQEND
  8
2DLINES_1
  0
POLYLINE
 5
218
  8
2DLINES_1
 66
1
 40
0.100000
 41
0.100000
  0
VERTEX
 5
219
  8
2DLINES_1
 10
27.09100
 20
74.85900
  0
VERTEX
 5
21A
  8
2DLINES_1
 10
26.77850
 20
74.54650
  0
SEQEND
  8
2DLINES_1
  0
POLYLINE
 5
21B
  8
2DLINES_1
 66
1
 70
1
 40
0.050000
 41
0.050000
  0
VERTEX
 5
21C
  8
2DLINES_1
 10
27.06600
 20
74.85900
 42
1.0
  0
VERTEX
 5
21D
  8
2DLINES_1
 10
27.11600
 20
74.85900
 42
1.0
  0
SEQEND
  8
2DLINES_1
  0
POLYLINE
 5
21E
  8
2DLINES_1
 66
1
 70
1
 40
0.050000
 41
0.050000
  0
VERTEX
 5
21F
  8
2DLINES_1
 10
26.75350
 20
74.54650
 42
1.0
  0
VERTEX
 5
220
  8
2DLINES_1
 10
26.80350
 20
74.54650
 42
1.0
  0
SEQEND
  8
2DLINES_1
  0
POLYLINE
 5
221
  8
PLACEMENT_OUTLINE_TOP
 66
1
 40
0.025400
 41
0.025400
  0
VERTEX
 5
222
  8
PLACEMENT_OUTLINE_TOP
 10
28.41600
 20
75.05900
  0
VERTEX
 5
223
  8
PLACEMENT_OUTLINE_TOP
 10
28.41600
 20
74.05900
  0
SEQEND
  8
PLACEMENT_OUTLINE_TOP
  0
POLYLINE
 5
224
  8
PLACEMENT_OUTLINE_TOP
 66
1
 70
1
 40
0.012700
 41
0.012700
  0
VERTEX
 5
225
  8
PLACEMENT_OUTLINE_TOP
 10
28.40965
 20
75.05900
 42
1.0
  0
VERTEX
 5
226
  8
PLACEMENT_OUTLINE_TOP
 10
28.42235
 20
75.05900
 42
1.0
  0
SEQEND
  8
PLACEMENT_OUTLINE_TOP
  0
POLYLINE
 5
227
  8
PLACEMENT_OUTLINE_TOP
 66
1
 70
1
 40
0.012700
 41
0.012700
  0
VERTEX
 5
228
  8
PLACEMENT_OUTLINE_TOP
 10
28.40965
 20
74.05900
 42
1.0
  0
VERTEX
 5
229
  8
PLACEMENT_OUTLINE_TOP
 10
28.42235
 20
74.05900
 42
1.0
  0
SEQEND
  8
PLACEMENT_OUTLINE_TOP
  0
POLYLINE
 5
22A
  8
PLACEMENT_OUTLINE_TOP
 66
1
 40
0.025400
 41
0.025400
  0
VERTEX
 5
22B
  8
PLACEMENT_OUTLINE_TOP
 10
28.41600
 20
74.05900
  0
VERTEX
 5
22C
  8
PLACEMENT_OUTLINE_TOP
 10
25.51600
 20
74.05900
  0
SEQEND
  8
PLACEMENT_OUTLINE_TOP
  0
POLYLINE
 5
22D
  8
PLACEMENT_OUTLINE_TOP
 66
1
 70
1
 40
0.012700
 41
0.012700
  0
VERTEX
 5
22E
  8
PLACEMENT_OUTLINE_TOP
 10
28.40965
 20
74.05900
 42
1.0
  0
VERTEX
 5
22F
  8
PLACEMENT_OUTLINE_TOP
 10
28.42235
 20
74.05900
 42
1.0
  0
SEQEND
  8
PLACEMENT_OUTLINE_TOP
  0
POLYLINE
 5
230
  8
PLACEMENT_OUTLINE_TOP
 66
1
 70
1
 40
0.012700
 41
0.012700
  0
VERTEX
 5
231
  8
PLACEMENT_OUTLINE_TOP
 10
25.50965
 20
74.05900
 42
1.0
  0
VERTEX
 5
232
  8
PLACEMENT_OUTLINE_TOP
 10
25.52235
 20
74.05900
 42
1.0
  0
SEQEND
  8
PLACEMENT_OUTLINE_TOP
  0
POLYLINE
 5
233
  8
PLACEMENT_OUTLINE_TOP
 66
1
 40
0.025400
 41
0.025400
  0
VERTEX
 5
234
  8
PLACEMENT_OUTLINE_TOP
 10
25.51600
 20
74.05900
  0
VERTEX
 5
235
  8
PLACEMENT_OUTLINE_TOP
 10
25.51600
 20
75.05900
  0
SEQEND
  8
PLACEMENT_OUTLINE_TOP
  0
POLYLINE
 5
236
  8
PLACEMENT_OUTLINE_TOP
 66
1
 70
1
 40
0.012700
 41
0.012700
  0
VERTEX
 5
237
  8
PLACEMENT_OUTLINE_TOP
 10
25.50965
 20
74.05900
 42
1.0
  0
VERTEX
 5
238
  8
PLACEMENT_OUTLINE_TOP
 10
25.52235
 20
74.05900
 42
1.0
  0
SEQEND
  8
PLACEMENT_OUTLINE_TOP
  0
POLYLINE
 5
239
  8
PLACEMENT_OUTLINE_TOP
 66
1
 70
1
 40
0.012700
 41
0.012700
  0
VERTEX
 5
23A
  8
PLACEMENT_OUTLINE_TOP
 10
25.50965
 20
75.05900
 42
1.0
  0
VERTEX
 5
23B
  8
PLACEMENT_OUTLINE_TOP
 10
25.52235
 20
75.05900
 42
1.0
  0
SEQEND
  8
PLACEMENT_OUTLINE_TOP
  0
POLYLINE
 5
23C
  8
PLACEMENT_OUTLINE_TOP
 66
1
 40
0.025400
 41
0.025400
  0
VERTEX
 5
23D
  8
PLACEMENT_OUTLINE_TOP
 10
25.51600
 20
75.05900
  0
VERTEX
 5
23E
  8
PLACEMENT_OUTLINE_TOP
 10
28.41600
 20
75.05900
  0
SEQEND
  8
PLACEMENT_OUTLINE_TOP
  0
POLYLINE
 5
23F
  8
PLACEMENT_OUTLINE_TOP
 66
1
 70
1
 40
0.012700
 41
0.012700
  0
VERTEX
 5
240
  8
PLACEMENT_OUTLINE_TOP
 10
25.50965
 20
75.05900
 42
1.0
  0
VERTEX
 5
241
  8
PLACEMENT_OUTLINE_TOP
 10
25.52235
 20
75.05900
 42
1.0
  0
SEQEND
  8
PLACEMENT_OUTLINE_TOP
  0
POLYLINE
 5
242
  8
PLACEMENT_OUTLINE_TOP
 66
1
 70
1
 40
0.012700
 41
0.012700
  0
VERTEX
 5
243
  8
PLACEMENT_OUTLINE_TOP
 10
28.40965
 20
75.05900
 42
1.0
  0
VERTEX
 5
244
  8
PLACEMENT_OUTLINE_TOP
 10
28.42235
 20
75.05900
 42
1.0
  0
SEQEND
  8
PLACEMENT_OUTLINE_TOP
  0
SOLID
 5
245
  8
PADLAYER_TOP
 10
28.41600
 20
75.05900
 11
27.41600
 21
75.05900
 12
28.41600
 22
74.05900
 13
27.41600
 23
74.05900
  0
SOLID
 5
246
  8
LAYNR1
 10
28.41600
 20
75.05900
 11
27.41600
 21
75.05900
 12
28.41600
 22
74.05900
 13
27.41600
 23
74.05900
  0
SOLID
 5
247
  8
PADLAYER_TOP
 10
26.51600
 20
75.05900
 11
25.51600
 21
75.05900
 12
26.51600
 22
74.05900
 13
25.51600
 23
74.05900
  0
SOLID
 5
248
  8
LAYNR1
 10
26.51600
 20
75.05900
 11
25.51600
 21
75.05900
 12
26.51600
 22
74.05900
 13
25.51600
 23
74.05900
  0
POLYLINE
 5
249
  8
2DLINES_1
 66
1
 40
0.100000
 41
0.100000
  0
VERTEX
 5
24A
  8
2DLINES_1
 10
32.72000
 20
2.20000
  0
VERTEX
 5
24B
  8
2DLINES_1
 10
32.72000
 20
1.40000
  0
SEQEND
  8
2DLINES_1
  0
POLYLINE
 5
24C
  8
2DLINES_1
 66
1
 70
1
 40
0.050000
 41
0.050000
  0
VERTEX
 5
24D
  8
2DLINES_1
 10
32.69500
 20
2.20000
 42
1.0
  0
VERTEX
 5
24E
  8
2DLINES_1
 10
32.74500
 20
2.20000
 42
1.0
  0
SEQEND
  8
2DLINES_1
  0
POLYLINE
 5
24F
  8
2DLINES_1
 66
1
 70
1
 40
0.050000
 41
0.050000
  0
VERTEX
 5
250
  8
2DLINES_1
 10
32.69500
 20
1.40000
 42
1.0
  0
VERTEX
 5
251
  8
2DLINES_1
 10
32.74500
 20
1.40000
 42
1.0
  0
SEQEND
  8
2DLINES_1
  0
POLYLINE
 5
252
  8
2DLINES_1
 66
1
 40
0.100000
 41
0.100000
  0
VERTEX
 5
253
  8
2DLINES_1
 10
32.72000
 20
1.80000
  0
VERTEX
 5
254
  8
2DLINES_1
 10
32.39500
 20
2.10000
  0
SEQEND
  8
2DLINES_1
  0
POLYLINE
 5
255
  8
2DLINES_1
 66
1
 70
1
 40
0.050000
 41
0.050000
  0
VERTEX
 5
256
  8
2DLINES_1
 10
32.69500
 20
1.80000
 42
1.0
  0
VERTEX
 5
257
  8
2DLINES_1
 10
32.74500
 20
1.80000
 42
1.0
  0
SEQEND
  8
2DLINES_1
  0
POLYLINE
 5
258
  8
2DLINES_1
 66
1
 70
1
 40
0.050000
 41
0.050000
  0
VERTEX
 5
259
  8
2DLINES_1
 10
32.37000
 20
2.10000
 42
1.0
  0
VERTEX
 5
25A
  8
2DLINES_1
 10
32.42000
 20
2.10000
 42
1.0
  0
SEQEND
  8
2DLINES_1
  0
POLYLINE
 5
25B
  8
2DLINES_1
 66
1
 40
0.100000
 41
0.100000
  0
VERTEX
 5
25C
  8
2DLINES_1
 10
32.39500
 20
2.10000
  0
VERTEX
 5
25D
  8
2DLINES_1
 10
32.39500
 20
1.50000
  0
SEQEND
  8
2DLINES_1
  0
POLYLINE
 5
25E
  8
2DLINES_1
 66
1
 70
1
 40
0.050000
 41
0.050000
  0
VERTEX
 5
25F
  8
2DLINES_1
 10
32.37000
 20
2.10000
 42
1.0
  0
VERTEX
 5
260
  8
2DLINES_1
 10
32.42000
 20
2.10000
 42
1.0
  0
SEQEND
  8
2DLINES_1
  0
POLYLINE
 5
261
  8
2DLINES_1
 66
1
 70
1
 40
0.050000
 41
0.050000
  0
VERTEX
 5
262
  8
2DLINES_1
 10
32.37000
 20
1.50000
 42
1.0
  0
VERTEX
 5
263
  8
2DLINES_1
 10
32.42000
 20
1.50000
 42
1.0
  0
SEQEND
  8
2DLINES_1
  0
POLYLINE
 5
264
  8
2DLINES_1
 66
1
 40
0.100000
 41
0.100000
  0
VERTEX
 5
265
  8
2DLINES_1
 10
32.39500
 20
1.50000
  0
VERTEX
 5
266
  8
2DLINES_1
 10
32.70750
 20
1.81250
  0
SEQEND
  8
2DLINES_1
  0
POLYLINE
 5
267
  8
2DLINES_1
 66
1
 70
1
 40
0.050000
 41
0.050000
  0
VERTEX
 5
268
  8
2DLINES_1
 10
32.37000
 20
1.50000
 42
1.0
  0
VERTEX
 5
269
  8
2DLINES_1
 10
32.42000
 20
1.50000
 42
1.0
  0
SEQEND
  8
2DLINES_1
  0
POLYLINE
 5
26A
  8
2DLINES_1
 66
1
 70
1
 40
0.050000
 41
0.050000
  0
VERTEX
 5
26B
  8
2DLINES_1
 10
32.68250
 20
1.81250
 42
1.0
  0
VERTEX
 5
26C
  8
2DLINES_1
 10
32.73250
 20
1.81250
 42
1.0
  0
SEQEND
  8
2DLINES_1
  0
POLYLINE
 5
26D
  8
PLACEMENT_OUTLINE_TOP
 66
1
 40
0.025400
 41
0.025400
  0
VERTEX
 5
26E
  8
PLACEMENT_OUTLINE_TOP
 10
31.07000
 20
1.30000
  0
VERTEX
 5
26F
  8
PLACEMENT_OUTLINE_TOP
 10
31.07000
 20
2.30000
  0
SEQEND
  8
PLACEMENT_OUTLINE_TOP
  0
POLYLINE
 5
270
  8
PLACEMENT_OUTLINE_TOP
 66
1
 70
1
 40
0.012700
 41
0.012700
  0
VERTEX
 5
271
  8
PLACEMENT_OUTLINE_TOP
 10
31.06365
 20
1.30000
 42
1.0
  0
VERTEX
 5
272
  8
PLACEMENT_OUTLINE_TOP
 10
31.07635
 20
1.30000
 42
1.0
  0
SEQEND
  8
PLACEMENT_OUTLINE_TOP
  0
POLYLINE
 5
273
  8
PLACEMENT_OUTLINE_TOP
 66
1
 70
1
 40
0.012700
 41
0.012700
  0
VERTEX
 5
274
  8
PLACEMENT_OUTLINE_TOP
 10
31.06365
 20
2.30000
 42
1.0
  0
VERTEX
 5
275
  8
PLACEMENT_OUTLINE_TOP
 10
31.07635
 20
2.30000
 42
1.0
  0
SEQEND
  8
PLACEMENT_OUTLINE_TOP
  0
POLYLINE
 5
276
  8
PLACEMENT_OUTLINE_TOP
 66
1
 40
0.025400
 41
0.025400
  0
VERTEX
 5
277
  8
PLACEMENT_OUTLINE_TOP
 10
31.07000
 20
2.30000
  0
VERTEX
 5
278
  8
PLACEMENT_OUTLINE_TOP
 10
33.97000
 20
2.30000
  0
SEQEND
  8
PLACEMENT_OUTLINE_TOP
  0
POLYLINE
 5
279
  8
PLACEMENT_OUTLINE_TOP
 66
1
 70
1
 40
0.012700
 41
0.012700
  0
VERTEX
 5
27A
  8
PLACEMENT_OUTLINE_TOP
 10
31.06365
 20
2.30000
 42
1.0
  0
VERTEX
 5
27B
  8
PLACEMENT_OUTLINE_TOP
 10
31.07635
 20
2.30000
 42
1.0
  0
SEQEND
  8
PLACEMENT_OUTLINE_TOP
  0
POLYLINE
 5
27C
  8
PLACEMENT_OUTLINE_TOP
 66
1
 70
1
 40
0.012700
 41
0.012700
  0
VERTEX
 5
27D
  8
PLACEMENT_OUTLINE_TOP
 10
33.96365
 20
2.30000
 42
1.0
  0
VERTEX
 5
27E
  8
PLACEMENT_OUTLINE_TOP
 10
33.97635
 20
2.30000
 42
1.0
  0
SEQEND
  8
PLACEMENT_OUTLINE_TOP
  0
POLYLINE
 5
27F
  8
PLACEMENT_OUTLINE_TOP
 66
1
 40
0.025400
 41
0.025400
  0
VERTEX
 5
280
  8
PLACEMENT_OUTLINE_TOP
 10
33.97000
 20
2.30000
  0
VERTEX
 5
281
  8
PLACEMENT_OUTLINE_TOP
 10
33.97000
 20
1.30000
  0
SEQEND
  8
PLACEMENT_OUTLINE_TOP
  0
POLYLINE
 5
282
  8
PLACEMENT_OUTLINE_TOP
 66
1
 70
1
 40
0.012700
 41
0.012700
  0
VERTEX
 5
283
  8
PLACEMENT_OUTLINE_TOP
 10
33.96365
 20
2.30000
 42
1.0
  0
VERTEX
 5
284
  8
PLACEMENT_OUTLINE_TOP
 10
33.97635
 20
2.30000
 42
1.0
  0
SEQEND
  8
PLACEMENT_OUTLINE_TOP
  0
POLYLINE
 5
285
  8
PLACEMENT_OUTLINE_TOP
 66
1
 70
1
 40
0.012700
 41
0.012700
  0
VERTEX
 5
286
  8
PLACEMENT_OUTLINE_TOP
 10
33.96365
 20
1.30000
 42
1.0
  0
VERTEX
 5
287
  8
PLACEMENT_OUTLINE_TOP
 10
33.97635
 20
1.30000
 42
1.0
  0
SEQEND
  8
PLACEMENT_OUTLINE_TOP
  0
POLYLINE
 5
288
  8
PLACEMENT_OUTLINE_TOP
 66
1
 40
0.025400
 41
0.025400
  0
VERTEX
 5
289
  8
PLACEMENT_OUTLINE_TOP
 10
33.97000
 20
1.30000
  0
VERTEX
 5
28A
  8
PLACEMENT_OUTLINE_TOP
 10
31.07000
 20
1.30000
  0
SEQEND
  8
PLACEMENT_OUTLINE_TOP
  0
POLYLINE
 5
28B
  8
PLACEMENT_OUTLINE_TOP
 66
1
 70
1
 40
0.012700
 41
0.012700
  0
VERTEX
 5
28C
  8
PLACEMENT_OUTLINE_TOP
 10
33.96365
 20
1.30000
 42
1.0
  0
VERTEX
 5
28D
  8
PLACEMENT_OUTLINE_TOP
 10
33.97635
 20
1.30000
 42
1.0
  0
SEQEND
  8
PLACEMENT_OUTLINE_TOP
  0
POLYLINE
 5
28E
  8
PLACEMENT_OUTLINE_TOP
 66
1
 70
1
 40
0.012700
 41
0.012700
  0
VERTEX
 5
28F
  8
PLACEMENT_OUTLINE_TOP
 10
31.06365
 20
1.30000
 42
1.0
  0
VERTEX
 5
290
  8
PLACEMENT_OUTLINE_TOP
 10
31.07635
 20
1.30000
 42
1.0
  0
SEQEND
  8
PLACEMENT_OUTLINE_TOP
  0
SOLID
 5
291
  8
PADLAYER_TOP
 10
31.07000
 20
1.30000
 11
32.07000
 21
1.30000
 12
31.07000
 22
2.30000
 13
32.07000
 23
2.30000
  0
SOLID
 5
292
  8
LAYNR1
 10
31.07000
 20
1.30000
 11
32.07000
 21
1.30000
 12
31.07000
 22
2.30000
 13
32.07000
 23
2.30000
  0
SOLID
 5
293
  8
PADLAYER_TOP
 10
32.97000
 20
1.30000
 11
33.97000
 21
1.30000
 12
32.97000
 22
2.30000
 13
33.97000
 23
2.30000
  0
SOLID
 5
294
  8
LAYNR1
 10
32.97000
 20
1.30000
 11
33.97000
 21
1.30000
 12
32.97000
 22
2.30000
 13
33.97000
 23
2.30000
  0
POLYLINE
 5
295
  8
2DLINES_1
 66
1
 40
0.100000
 41
0.100000
  0
VERTEX
 5
296
  8
2DLINES_1
 10
30.76600
 20
74.15900
  0
VERTEX
 5
297
  8
2DLINES_1
 10
30.76600
 20
74.95900
  0
SEQEND
  8
2DLINES_1
  0
POLYLINE
 5
298
  8
2DLINES_1
 66
1
 70
1
 40
0.050000
 41
0.050000
  0
VERTEX
 5
299
  8
2DLINES_1
 10
30.74100
 20
74.15900
 42
1.0
  0
VERTEX
 5
29A
  8
2DLINES_1
 10
30.79100
 20
74.15900
 42
1.0
  0
SEQEND
  8
2DLINES_1
  0
POLYLINE
 5
29B
  8
2DLINES_1
 66
1
 70
1
 40
0.050000
 41
0.050000
  0
VERTEX
 5
29C
  8
2DLINES_1
 10
30.74100
 20
74.95900
 42
1.0
  0
VERTEX
 5
29D
  8
2DLINES_1
 10
30.79100
 20
74.95900
 42
1.0
  0
SEQEND
  8
2DLINES_1
  0
POLYLINE
 5
29E
  8
2DLINES_1
 66
1
 40
0.100000
 41
0.100000
  0
VERTEX
 5
29F
  8
2DLINES_1
 10
30.76600
 20
74.55900
  0
VERTEX
 5
2A0
  8
2DLINES_1
 10
31.09100
 20
74.25900
  0
SEQEND
  8
2DLINES_1
  0
POLYLINE
 5
2A1
  8
2DLINES_1
 66
1
 70
1
 40
0.050000
 41
0.050000
  0
VERTEX
 5
2A2
  8
2DLINES_1
 10
30.74100
 20
74.55900
 42
1.0
  0
VERTEX
 5
2A3
  8
2DLINES_1
 10
30.79100
 20
74.55900
 42
1.0
  0
SEQEND
  8
2DLINES_1
  0
POLYLINE
 5
2A4
  8
2DLINES_1
 66
1
 70
1
 40
0.050000
 41
0.050000
  0
VERTEX
 5
2A5
  8
2DLINES_1
 10
31.06600
 20
74.25900
 42
1.0
  0
VERTEX
 5
2A6
  8
2DLINES_1
 10
31.11600
 20
74.25900
 42
1.0
  0
SEQEND
  8
2DLINES_1
  0
POLYLINE
 5
2A7
  8
2DLINES_1
 66
1
 40
0.100000
 41
0.100000
  0
VERTEX
 5
2A8
  8
2DLINES_1
 10
31.09100
 20
74.25900
  0
VERTEX
 5
2A9
  8
2DLINES_1
 10
31.09100
 20
74.85900
  0
SEQEND
  8
2DLINES_1
  0
POLYLINE
 5
2AA
  8
2DLINES_1
 66
1
 70
1
 40
0.050000
 41
0.050000
  0
VERTEX
 5
2AB
  8
2DLINES_1
 10
31.06600
 20
74.25900
 42
1.0
  0
VERTEX
 5
2AC
  8
2DLINES_1
 10
31.11600
 20
74.25900
 42
1.0
  0
SEQEND
  8
2DLINES_1
  0
POLYLINE
 5
2AD
  8
2DLINES_1
 66
1
 70
1
 40
0.050000
 41
0.050000
  0
VERTEX
 5
2AE
  8
2DLINES_1
 10
31.06600
 20
74.85900
 42
1.0
  0
VERTEX
 5
2AF
  8
2DLINES_1
 10
31.11600
 20
74.85900
 42
1.0
  0
SEQEND
  8
2DLINES_1
  0
POLYLINE
 5
2B0
  8
2DLINES_1
 66
1
 40
0.100000
 41
0.100000
  0
VERTEX
 5
2B1
  8
2DLINES_1
 10
31.09100
 20
74.85900
  0
VERTEX
 5
2B2
  8
2DLINES_1
 10
30.77850
 20
74.54650
  0
SEQEND
  8
2DLINES_1
  0
POLYLINE
 5
2B3
  8
2DLINES_1
 66
1
 70
1
 40
0.050000
 41
0.050000
  0
VERTEX
 5
2B4
  8
2DLINES_1
 10
31.06600
 20
74.85900
 42
1.0
  0
VERTEX
 5
2B5
  8
2DLINES_1
 10
31.11600
 20
74.85900
 42
1.0
  0
SEQEND
  8
2DLINES_1
  0
POLYLINE
 5
2B6
  8
2DLINES_1
 66
1
 70
1
 40
0.050000
 41
0.050000
  0
VERTEX
 5
2B7
  8
2DLINES_1
 10
30.75350
 20
74.54650
 42
1.0
  0
VERTEX
 5
2B8
  8
2DLINES_1
 10
30.80350
 20
74.54650
 42
1.0
  0
SEQEND
  8
2DLINES_1
  0
POLYLINE
 5
2B9
  8
PLACEMENT_OUTLINE_TOP
 66
1
 40
0.025400
 41
0.025400
  0
VERTEX
 5
2BA
  8
PLACEMENT_OUTLINE_TOP
 10
32.41600
 20
75.05900
  0
VERTEX
 5
2BB
  8
PLACEMENT_OUTLINE_TOP
 10
32.41600
 20
74.05900
  0
SEQEND
  8
PLACEMENT_OUTLINE_TOP
  0
POLYLINE
 5
2BC
  8
PLACEMENT_OUTLINE_TOP
 66
1
 70
1
 40
0.012700
 41
0.012700
  0
VERTEX
 5
2BD
  8
PLACEMENT_OUTLINE_TOP
 10
32.40965
 20
75.05900
 42
1.0
  0
VERTEX
 5
2BE
  8
PLACEMENT_OUTLINE_TOP
 10
32.42235
 20
75.05900
 42
1.0
  0
SEQEND
  8
PLACEMENT_OUTLINE_TOP
  0
POLYLINE
 5
2BF
  8
PLACEMENT_OUTLINE_TOP
 66
1
 70
1
 40
0.012700
 41
0.012700
  0
VERTEX
 5
2C0
  8
PLACEMENT_OUTLINE_TOP
 10
32.40965
 20
74.05900
 42
1.0
  0
VERTEX
 5
2C1
  8
PLACEMENT_OUTLINE_TOP
 10
32.42235
 20
74.05900
 42
1.0
  0
SEQEND
  8
PLACEMENT_OUTLINE_TOP
  0
POLYLINE
 5
2C2
  8
PLACEMENT_OUTLINE_TOP
 66
1
 40
0.025400
 41
0.025400
  0
VERTEX
 5
2C3
  8
PLACEMENT_OUTLINE_TOP
 10
32.41600
 20
74.05900
  0
VERTEX
 5
2C4
  8
PLACEMENT_OUTLINE_TOP
 10
29.51600
 20
74.05900
  0
SEQEND
  8
PLACEMENT_OUTLINE_TOP
  0
POLYLINE
 5
2C5
  8
PLACEMENT_OUTLINE_TOP
 66
1
 70
1
 40
0.012700
 41
0.012700
  0
VERTEX
 5
2C6
  8
PLACEMENT_OUTLINE_TOP
 10
32.40965
 20
74.05900
 42
1.0
  0
VERTEX
 5
2C7
  8
PLACEMENT_OUTLINE_TOP
 10
32.42235
 20
74.05900
 42
1.0
  0
SEQEND
  8
PLACEMENT_OUTLINE_TOP
  0
POLYLINE
 5
2C8
  8
PLACEMENT_OUTLINE_TOP
 66
1
 70
1
 40
0.012700
 41
0.012700
  0
VERTEX
 5
2C9
  8
PLACEMENT_OUTLINE_TOP
 10
29.50965
 20
74.05900
 42
1.0
  0
VERTEX
 5
2CA
  8
PLACEMENT_OUTLINE_TOP
 10
29.52235
 20
74.05900
 42
1.0
  0
SEQEND
  8
PLACEMENT_OUTLINE_TOP
  0
POLYLINE
 5
2CB
  8
PLACEMENT_OUTLINE_TOP
 66
1
 40
0.025400
 41
0.025400
  0
VERTEX
 5
2CC
  8
PLACEMENT_OUTLINE_TOP
 10
29.51600
 20
74.05900
  0
VERTEX
 5
2CD
  8
PLACEMENT_OUTLINE_TOP
 10
29.51600
 20
75.05900
  0
SEQEND
  8
PLACEMENT_OUTLINE_TOP
  0
POLYLINE
 5
2CE
  8
PLACEMENT_OUTLINE_TOP
 66
1
 70
1
 40
0.012700
 41
0.012700
  0
VERTEX
 5
2CF
  8
PLACEMENT_OUTLINE_TOP
 10
29.50965
 20
74.05900
 42
1.0
  0
VERTEX
 5
2D0
  8
PLACEMENT_OUTLINE_TOP
 10
29.52235
 20
74.05900
 42
1.0
  0
SEQEND
  8
PLACEMENT_OUTLINE_TOP
  0
POLYLINE
 5
2D1
  8
PLACEMENT_OUTLINE_TOP
 66
1
 70
1
 40
0.012700
 41
0.012700
  0
VERTEX
 5
2D2
  8
PLACEMENT_OUTLINE_TOP
 10
29.50965
 20
75.05900
 42
1.0
  0
VERTEX
 5
2D3
  8
PLACEMENT_OUTLINE_TOP
 10
29.52235
 20
75.05900
 42
1.0
  0
SEQEND
  8
PLACEMENT_OUTLINE_TOP
  0
POLYLINE
 5
2D4
  8
PLACEMENT_OUTLINE_TOP
 66
1
 40
0.025400
 41
0.025400
  0
VERTEX
 5
2D5
  8
PLACEMENT_OUTLINE_TOP
 10
29.51600
 20
75.05900
  0
VERTEX
 5
2D6
  8
PLACEMENT_OUTLINE_TOP
 10
32.41600
 20
75.05900
  0
SEQEND
  8
PLACEMENT_OUTLINE_TOP
  0
POLYLINE
 5
2D7
  8
PLACEMENT_OUTLINE_TOP
 66
1
 70
1
 40
0.012700
 41
0.012700
  0
VERTEX
 5
2D8
  8
PLACEMENT_OUTLINE_TOP
 10
29.50965
 20
75.05900
 42
1.0
  0
VERTEX
 5
2D9
  8
PLACEMENT_OUTLINE_TOP
 10
29.52235
 20
75.05900
 42
1.0
  0
SEQEND
  8
PLACEMENT_OUTLINE_TOP
  0
POLYLINE
 5
2DA
  8
PLACEMENT_OUTLINE_TOP
 66
1
 70
1
 40
0.012700
 41
0.012700
  0
VERTEX
 5
2DB
  8
PLACEMENT_OUTLINE_TOP
 10
32.40965
 20
75.05900
 42
1.0
  0
VERTEX
 5
2DC
  8
PLACEMENT_OUTLINE_TOP
 10
32.42235
 20
75.05900
 42
1.0
  0
SEQEND
  8
PLACEMENT_OUTLINE_TOP
  0
SOLID
 5
2DD
  8
PADLAYER_TOP
 10
32.41600
 20
75.05900
 11
31.41600
 21
75.05900
 12
32.41600
 22
74.05900
 13
31.41600
 23
74.05900
  0
SOLID
 5
2DE
  8
LAYNR1
 10
32.41600
 20
75.05900
 11
31.41600
 21
75.05900
 12
32.41600
 22
74.05900
 13
31.41600
 23
74.05900
  0
SOLID
 5
2DF
  8
PADLAYER_TOP
 10
30.51600
 20
75.05900
 11
29.51600
 21
75.05900
 12
30.51600
 22
74.05900
 13
29.51600
 23
74.05900
  0
SOLID
 5
2E0
  8
LAYNR1
 10
30.51600
 20
75.05900
 11
29.51600
 21
75.05900
 12
30.51600
 22
74.05900
 13
29.51600
 23
74.05900
  0
POLYLINE
 5
2E1
  8
2DLINES_1
 66
1
 40
0.100000
 41
0.100000
  0
VERTEX
 5
2E2
  8
2DLINES_1
 10
34.76600
 20
74.15900
  0
VERTEX
 5
2E3
  8
2DLINES_1
 10
34.76600
 20
74.95900
  0
SEQEND
  8
2DLINES_1
  0
POLYLINE
 5
2E4
  8
2DLINES_1
 66
1
 70
1
 40
0.050000
 41
0.050000
  0
VERTEX
 5
2E5
  8
2DLINES_1
 10
34.74100
 20
74.15900
 42
1.0
  0
VERTEX
 5
2E6
  8
2DLINES_1
 10
34.79100
 20
74.15900
 42
1.0
  0
SEQEND
  8
2DLINES_1
  0
POLYLINE
 5
2E7
  8
2DLINES_1
 66
1
 70
1
 40
0.050000
 41
0.050000
  0
VERTEX
 5
2E8
  8
2DLINES_1
 10
34.74100
 20
74.95900
 42
1.0
  0
VERTEX
 5
2E9
  8
2DLINES_1
 10
34.79100
 20
74.95900
 42
1.0
  0
SEQEND
  8
2DLINES_1
  0
POLYLINE
 5
2EA
  8
2DLINES_1
 66
1
 40
0.100000
 41
0.100000
  0
VERTEX
 5
2EB
  8
2DLINES_1
 10
34.76600
 20
74.55900
  0
VERTEX
 5
2EC
  8
2DLINES_1
 10
35.09100
 20
74.25900
  0
SEQEND
  8
2DLINES_1
  0
POLYLINE
 5
2ED
  8
2DLINES_1
 66
1
 70
1
 40
0.050000
 41
0.050000
  0
VERTEX
 5
2EE
  8
2DLINES_1
 10
34.74100
 20
74.55900
 42
1.0
  0
VERTEX
 5
2EF
  8
2DLINES_1
 10
34.79100
 20
74.55900
 42
1.0
  0
SEQEND
  8
2DLINES_1
  0
POLYLINE
 5
2F0
  8
2DLINES_1
 66
1
 70
1
 40
0.050000
 41
0.050000
  0
VERTEX
 5
2F1
  8
2DLINES_1
 10
35.06600
 20
74.25900
 42
1.0
  0
VERTEX
 5
2F2
  8
2DLINES_1
 10
35.11600
 20
74.25900
 42
1.0
  0
SEQEND
  8
2DLINES_1
  0
POLYLINE
 5
2F3
  8
2DLINES_1
 66
1
 40
0.100000
 41
0.100000
  0
VERTEX
 5
2F4
  8
2DLINES_1
 10
35.09100
 20
74.25900
  0
VERTEX
 5
2F5
  8
2DLINES_1
 10
35.09100
 20
74.85900
  0
SEQEND
  8
2DLINES_1
  0
POLYLINE
 5
2F6
  8
2DLINES_1
 66
1
 70
1
 40
0.050000
 41
0.050000
  0
VERTEX
 5
2F7
  8
2DLINES_1
 10
35.06600
 20
74.25900
 42
1.0
  0
VERTEX
 5
2F8
  8
2DLINES_1
 10
35.11600
 20
74.25900
 42
1.0
  0
SEQEND
  8
2DLINES_1
  0
POLYLINE
 5
2F9
  8
2DLINES_1
 66
1
 70
1
 40
0.050000
 41
0.050000
  0
VERTEX
 5
2FA
  8
2DLINES_1
 10
35.06600
 20
74.85900
 42
1.0
  0
VERTEX
 5
2FB
  8
2DLINES_1
 10
35.11600
 20
74.85900
 42
1.0
  0
SEQEND
  8
2DLINES_1
  0
POLYLINE
 5
2FC
  8
2DLINES_1
 66
1
 40
0.100000
 41
0.100000
  0
VERTEX
 5
2FD
  8
2DLINES_1
 10
35.09100
 20
74.85900
  0
VERTEX
 5
2FE
  8
2DLINES_1
 10
34.77850
 20
74.54650
  0
SEQEND
  8
2DLINES_1
  0
POLYLINE
 5
2FF
  8
2DLINES_1
 66
1
 70
1
 40
0.050000
 41
0.050000
  0
VERTEX
 5
300
  8
2DLINES_1
 10
35.06600
 20
74.85900
 42
1.0
  0
VERTEX
 5
301
  8
2DLINES_1
 10
35.11600
 20
74.85900
 42
1.0
  0
SEQEND
  8
2DLINES_1
  0
POLYLINE
 5
302
  8
2DLINES_1
 66
1
 70
1
 40
0.050000
 41
0.050000
  0
VERTEX
 5
303
  8
2DLINES_1
 10
34.75350
 20
74.54650
 42
1.0
  0
VERTEX
 5
304
  8
2DLINES_1
 10
34.80350
 20
74.54650
 42
1.0
  0
SEQEND
  8
2DLINES_1
  0
POLYLINE
 5
305
  8
PLACEMENT_OUTLINE_TOP
 66
1
 40
0.025400
 41
0.025400
  0
VERTEX
 5
306
  8
PLACEMENT_OUTLINE_TOP
 10
36.41600
 20
75.05900
  0
VERTEX
 5
307
  8
PLACEMENT_OUTLINE_TOP
 10
36.41600
 20
74.05900
  0
SEQEND
  8
PLACEMENT_OUTLINE_TOP
  0
POLYLINE
 5
308
  8
PLACEMENT_OUTLINE_TOP
 66
1
 70
1
 40
0.012700
 41
0.012700
  0
VERTEX
 5
309
  8
PLACEMENT_OUTLINE_TOP
 10
36.40965
 20
75.05900
 42
1.0
  0
VERTEX
 5
30A
  8
PLACEMENT_OUTLINE_TOP
 10
36.42235
 20
75.05900
 42
1.0
  0
SEQEND
  8
PLACEMENT_OUTLINE_TOP
  0
POLYLINE
 5
30B
  8
PLACEMENT_OUTLINE_TOP
 66
1
 70
1
 40
0.012700
 41
0.012700
  0
VERTEX
 5
30C
  8
PLACEMENT_OUTLINE_TOP
 10
36.40965
 20
74.05900
 42
1.0
  0
VERTEX
 5
30D
  8
PLACEMENT_OUTLINE_TOP
 10
36.42235
 20
74.05900
 42
1.0
  0
SEQEND
  8
PLACEMENT_OUTLINE_TOP
  0
POLYLINE
 5
30E
  8
PLACEMENT_OUTLINE_TOP
 66
1
 40
0.025400
 41
0.025400
  0
VERTEX
 5
30F
  8
PLACEMENT_OUTLINE_TOP
 10
36.41600
 20
74.05900
  0
VERTEX
 5
310
  8
PLACEMENT_OUTLINE_TOP
 10
33.51600
 20
74.05900
  0
SEQEND
  8
PLACEMENT_OUTLINE_TOP
  0
POLYLINE
 5
311
  8
PLACEMENT_OUTLINE_TOP
 66
1
 70
1
 40
0.012700
 41
0.012700
  0
VERTEX
 5
312
  8
PLACEMENT_OUTLINE_TOP
 10
36.40965
 20
74.05900
 42
1.0
  0
VERTEX
 5
313
  8
PLACEMENT_OUTLINE_TOP
 10
36.42235
 20
74.05900
 42
1.0
  0
SEQEND
  8
PLACEMENT_OUTLINE_TOP
  0
POLYLINE
 5
314
  8
PLACEMENT_OUTLINE_TOP
 66
1
 70
1
 40
0.012700
 41
0.012700
  0
VERTEX
 5
315
  8
PLACEMENT_OUTLINE_TOP
 10
33.50965
 20
74.05900
 42
1.0
  0
VERTEX
 5
316
  8
PLACEMENT_OUTLINE_TOP
 10
33.52235
 20
74.05900
 42
1.0
  0
SEQEND
  8
PLACEMENT_OUTLINE_TOP
  0
POLYLINE
 5
317
  8
PLACEMENT_OUTLINE_TOP
 66
1
 40
0.025400
 41
0.025400
  0
VERTEX
 5
318
  8
PLACEMENT_OUTLINE_TOP
 10
33.51600
 20
74.05900
  0
VERTEX
 5
319
  8
PLACEMENT_OUTLINE_TOP
 10
33.51600
 20
75.05900
  0
SEQEND
  8
PLACEMENT_OUTLINE_TOP
  0
POLYLINE
 5
31A
  8
PLACEMENT_OUTLINE_TOP
 66
1
 70
1
 40
0.012700
 41
0.012700
  0
VERTEX
 5
31B
  8
PLACEMENT_OUTLINE_TOP
 10
33.50965
 20
74.05900
 42
1.0
  0
VERTEX
 5
31C
  8
PLACEMENT_OUTLINE_TOP
 10
33.52235
 20
74.05900
 42
1.0
  0
SEQEND
  8
PLACEMENT_OUTLINE_TOP
  0
POLYLINE
 5
31D
  8
PLACEMENT_OUTLINE_TOP
 66
1
 70
1
 40
0.012700
 41
0.012700
  0
VERTEX
 5
31E
  8
PLACEMENT_OUTLINE_TOP
 10
33.50965
 20
75.05900
 42
1.0
  0
VERTEX
 5
31F
  8
PLACEMENT_OUTLINE_TOP
 10
33.52235
 20
75.05900
 42
1.0
  0
SEQEND
  8
PLACEMENT_OUTLINE_TOP
  0
POLYLINE
 5
320
  8
PLACEMENT_OUTLINE_TOP
 66
1
 40
0.025400
 41
0.025400
  0
VERTEX
 5
321
  8
PLACEMENT_OUTLINE_TOP
 10
33.51600
 20
75.05900
  0
VERTEX
 5
322
  8
PLACEMENT_OUTLINE_TOP
 10
36.41600
 20
75.05900
  0
SEQEND
  8
PLACEMENT_OUTLINE_TOP
  0
POLYLINE
 5
323
  8
PLACEMENT_OUTLINE_TOP
 66
1
 70
1
 40
0.012700
 41
0.012700
  0
VERTEX
 5
324
  8
PLACEMENT_OUTLINE_TOP
 10
33.50965
 20
75.05900
 42
1.0
  0
VERTEX
 5
325
  8
PLACEMENT_OUTLINE_TOP
 10
33.52235
 20
75.05900
 42
1.0
  0
SEQEND
  8
PLACEMENT_OUTLINE_TOP
  0
POLYLINE
 5
326
  8
PLACEMENT_OUTLINE_TOP
 66
1
 70
1
 40
0.012700
 41
0.012700
  0
VERTEX
 5
327
  8
PLACEMENT_OUTLINE_TOP
 10
36.40965
 20
75.05900
 42
1.0
  0
VERTEX
 5
328
  8
PLACEMENT_OUTLINE_TOP
 10
36.42235
 20
75.05900
 42
1.0
  0
SEQEND
  8
PLACEMENT_OUTLINE_TOP
  0
SOLID
 5
329
  8
PADLAYER_TOP
 10
36.41600
 20
75.05900
 11
35.41600
 21
75.05900
 12
36.41600
 22
74.05900
 13
35.41600
 23
74.05900
  0
SOLID
 5
32A
  8
LAYNR1
 10
36.41600
 20
75.05900
 11
35.41600
 21
75.05900
 12
36.41600
 22
74.05900
 13
35.41600
 23
74.05900
  0
SOLID
 5
32B
  8
PADLAYER_TOP
 10
34.51600
 20
75.05900
 11
33.51600
 21
75.05900
 12
34.51600
 22
74.05900
 13
33.51600
 23
74.05900
  0
SOLID
 5
32C
  8
LAYNR1
 10
34.51600
 20
75.05900
 11
33.51600
 21
75.05900
 12
34.51600
 22
74.05900
 13
33.51600
 23
74.05900
  0
POLYLINE
 5
32D
  8
2DLINES_1
 66
1
 40
0.100000
 41
0.100000
  0
VERTEX
 5
32E
  8
2DLINES_1
 10
38.76600
 20
74.15900
  0
VERTEX
 5
32F
  8
2DLINES_1
 10
38.76600
 20
74.95900
  0
SEQEND
  8
2DLINES_1
  0
POLYLINE
 5
330
  8
2DLINES_1
 66
1
 70
1
 40
0.050000
 41
0.050000
  0
VERTEX
 5
331
  8
2DLINES_1
 10
38.74100
 20
74.15900
 42
1.0
  0
VERTEX
 5
332
  8
2DLINES_1
 10
38.79100
 20
74.15900
 42
1.0
  0
SEQEND
  8
2DLINES_1
  0
POLYLINE
 5
333
  8
2DLINES_1
 66
1
 70
1
 40
0.050000
 41
0.050000
  0
VERTEX
 5
334
  8
2DLINES_1
 10
38.74100
 20
74.95900
 42
1.0
  0
VERTEX
 5
335
  8
2DLINES_1
 10
38.79100
 20
74.95900
 42
1.0
  0
SEQEND
  8
2DLINES_1
  0
POLYLINE
 5
336
  8
2DLINES_1
 66
1
 40
0.100000
 41
0.100000
  0
VERTEX
 5
337
  8
2DLINES_1
 10
38.76600
 20
74.55900
  0
VERTEX
 5
338
  8
2DLINES_1
 10
39.09100
 20
74.25900
  0
SEQEND
  8
2DLINES_1
  0
POLYLINE
 5
339
  8
2DLINES_1
 66
1
 70
1
 40
0.050000
 41
0.050000
  0
VERTEX
 5
33A
  8
2DLINES_1
 10
38.74100
 20
74.55900
 42
1.0
  0
VERTEX
 5
33B
  8
2DLINES_1
 10
38.79100
 20
74.55900
 42
1.0
  0
SEQEND
  8
2DLINES_1
  0
POLYLINE
 5
33C
  8
2DLINES_1
 66
1
 70
1
 40
0.050000
 41
0.050000
  0
VERTEX
 5
33D
  8
2DLINES_1
 10
39.06600
 20
74.25900
 42
1.0
  0
VERTEX
 5
33E
  8
2DLINES_1
 10
39.11600
 20
74.25900
 42
1.0
  0
SEQEND
  8
2DLINES_1
  0
POLYLINE
 5
33F
  8
2DLINES_1
 66
1
 40
0.100000
 41
0.100000
  0
VERTEX
 5
340
  8
2DLINES_1
 10
39.09100
 20
74.25900
  0
VERTEX
 5
341
  8
2DLINES_1
 10
39.09100
 20
74.85900
  0
SEQEND
  8
2DLINES_1
  0
POLYLINE
 5
342
  8
2DLINES_1
 66
1
 70
1
 40
0.050000
 41
0.050000
  0
VERTEX
 5
343
  8
2DLINES_1
 10
39.06600
 20
74.25900
 42
1.0
  0
VERTEX
 5
344
  8
2DLINES_1
 10
39.11600
 20
74.25900
 42
1.0
  0
SEQEND
  8
2DLINES_1
  0
POLYLINE
 5
345
  8
2DLINES_1
 66
1
 70
1
 40
0.050000
 41
0.050000
  0
VERTEX
 5
346
  8
2DLINES_1
 10
39.06600
 20
74.85900
 42
1.0
  0
VERTEX
 5
347
  8
2DLINES_1
 10
39.11600
 20
74.85900
 42
1.0
  0
SEQEND
  8
2DLINES_1
  0
POLYLINE
 5
348
  8
2DLINES_1
 66
1
 40
0.100000
 41
0.100000
  0
VERTEX
 5
349
  8
2DLINES_1
 10
39.09100
 20
74.85900
  0
VERTEX
 5
34A
  8
2DLINES_1
 10
38.77850
 20
74.54650
  0
SEQEND
  8
2DLINES_1
  0
POLYLINE
 5
34B
  8
2DLINES_1
 66
1
 70
1
 40
0.050000
 41
0.050000
  0
VERTEX
 5
34C
  8
2DLINES_1
 10
39.06600
 20
74.85900
 42
1.0
  0
VERTEX
 5
34D
  8
2DLINES_1
 10
39.11600
 20
74.85900
 42
1.0
  0
SEQEND
  8
2DLINES_1
  0
POLYLINE
 5
34E
  8
2DLINES_1
 66
1
 70
1
 40
0.050000
 41
0.050000
  0
VERTEX
 5
34F
  8
2DLINES_1
 10
38.75350
 20
74.54650
 42
1.0
  0
VERTEX
 5
350
  8
2DLINES_1
 10
38.80350
 20
74.54650
 42
1.0
  0
SEQEND
  8
2DLINES_1
  0
POLYLINE
 5
351
  8
PLACEMENT_OUTLINE_TOP
 66
1
 40
0.025400
 41
0.025400
  0
VERTEX
 5
352
  8
PLACEMENT_OUTLINE_TOP
 10
40.41600
 20
75.05900
  0
VERTEX
 5
353
  8
PLACEMENT_OUTLINE_TOP
 10
40.41600
 20
74.05900
  0
SEQEND
  8
PLACEMENT_OUTLINE_TOP
  0
POLYLINE
 5
354
  8
PLACEMENT_OUTLINE_TOP
 66
1
 70
1
 40
0.012700
 41
0.012700
  0
VERTEX
 5
355
  8
PLACEMENT_OUTLINE_TOP
 10
40.40965
 20
75.05900
 42
1.0
  0
VERTEX
 5
356
  8
PLACEMENT_OUTLINE_TOP
 10
40.42235
 20
75.05900
 42
1.0
  0
SEQEND
  8
PLACEMENT_OUTLINE_TOP
  0
POLYLINE
 5
357
  8
PLACEMENT_OUTLINE_TOP
 66
1
 70
1
 40
0.012700
 41
0.012700
  0
VERTEX
 5
358
  8
PLACEMENT_OUTLINE_TOP
 10
40.40965
 20
74.05900
 42
1.0
  0
VERTEX
 5
359
  8
PLACEMENT_OUTLINE_TOP
 10
40.42235
 20
74.05900
 42
1.0
  0
SEQEND
  8
PLACEMENT_OUTLINE_TOP
  0
POLYLINE
 5
35A
  8
PLACEMENT_OUTLINE_TOP
 66
1
 40
0.025400
 41
0.025400
  0
VERTEX
 5
35B
  8
PLACEMENT_OUTLINE_TOP
 10
40.41600
 20
74.05900
  0
VERTEX
 5
35C
  8
PLACEMENT_OUTLINE_TOP
 10
37.51600
 20
74.05900
  0
SEQEND
  8
PLACEMENT_OUTLINE_TOP
  0
POLYLINE
 5
35D
  8
PLACEMENT_OUTLINE_TOP
 66
1
 70
1
 40
0.012700
 41
0.012700
  0
VERTEX
 5
35E
  8
PLACEMENT_OUTLINE_TOP
 10
40.40965
 20
74.05900
 42
1.0
  0
VERTEX
 5
35F
  8
PLACEMENT_OUTLINE_TOP
 10
40.42235
 20
74.05900
 42
1.0
  0
SEQEND
  8
PLACEMENT_OUTLINE_TOP
  0
POLYLINE
 5
360
  8
PLACEMENT_OUTLINE_TOP
 66
1
 70
1
 40
0.012700
 41
0.012700
  0
VERTEX
 5
361
  8
PLACEMENT_OUTLINE_TOP
 10
37.50965
 20
74.05900
 42
1.0
  0
VERTEX
 5
362
  8
PLACEMENT_OUTLINE_TOP
 10
37.52235
 20
74.05900
 42
1.0
  0
SEQEND
  8
PLACEMENT_OUTLINE_TOP
  0
POLYLINE
 5
363
  8
PLACEMENT_OUTLINE_TOP
 66
1
 40
0.025400
 41
0.025400
  0
VERTEX
 5
364
  8
PLACEMENT_OUTLINE_TOP
 10
37.51600
 20
74.05900
  0
VERTEX
 5
365
  8
PLACEMENT_OUTLINE_TOP
 10
37.51600
 20
75.05900
  0
SEQEND
  8
PLACEMENT_OUTLINE_TOP
  0
POLYLINE
 5
366
  8
PLACEMENT_OUTLINE_TOP
 66
1
 70
1
 40
0.012700
 41
0.012700
  0
VERTEX
 5
367
  8
PLACEMENT_OUTLINE_TOP
 10
37.50965
 20
74.05900
 42
1.0
  0
VERTEX
 5
368
  8
PLACEMENT_OUTLINE_TOP
 10
37.52235
 20
74.05900
 42
1.0
  0
SEQEND
  8
PLACEMENT_OUTLINE_TOP
  0
POLYLINE
 5
369
  8
PLACEMENT_OUTLINE_TOP
 66
1
 70
1
 40
0.012700
 41
0.012700
  0
VERTEX
 5
36A
  8
PLACEMENT_OUTLINE_TOP
 10
37.50965
 20
75.05900
 42
1.0
  0
VERTEX
 5
36B
  8
PLACEMENT_OUTLINE_TOP
 10
37.52235
 20
75.05900
 42
1.0
  0
SEQEND
  8
PLACEMENT_OUTLINE_TOP
  0
POLYLINE
 5
36C
  8
PLACEMENT_OUTLINE_TOP
 66
1
 40
0.025400
 41
0.025400
  0
VERTEX
 5
36D
  8
PLACEMENT_OUTLINE_TOP
 10
37.51600
 20
75.05900
  0
VERTEX
 5
36E
  8
PLACEMENT_OUTLINE_TOP
 10
40.41600
 20
75.05900
  0
SEQEND
  8
PLACEMENT_OUTLINE_TOP
  0
POLYLINE
 5
36F
  8
PLACEMENT_OUTLINE_TOP
 66
1
 70
1
 40
0.012700
 41
0.012700
  0
VERTEX
 5
370
  8
PLACEMENT_OUTLINE_TOP
 10
37.50965
 20
75.05900
 42
1.0
  0
VERTEX
 5
371
  8
PLACEMENT_OUTLINE_TOP
 10
37.52235
 20
75.05900
 42
1.0
  0
SEQEND
  8
PLACEMENT_OUTLINE_TOP
  0
POLYLINE
 5
372
  8
PLACEMENT_OUTLINE_TOP
 66
1
 70
1
 40
0.012700
 41
0.012700
  0
VERTEX
 5
373
  8
PLACEMENT_OUTLINE_TOP
 10
40.40965
 20
75.05900
 42
1.0
  0
VERTEX
 5
374
  8
PLACEMENT_OUTLINE_TOP
 10
40.42235
 20
75.05900
 42
1.0
  0
SEQEND
  8
PLACEMENT_OUTLINE_TOP
  0
SOLID
 5
375
  8
PADLAYER_TOP
 10
40.41600
 20
75.05900
 11
39.41600
 21
75.05900
 12
40.41600
 22
74.05900
 13
39.41600
 23
74.05900
  0
SOLID
 5
376
  8
LAYNR1
 10
40.41600
 20
75.05900
 11
39.41600
 21
75.05900
 12
40.41600
 22
74.05900
 13
39.41600
 23
74.05900
  0
SOLID
 5
377
  8
PADLAYER_TOP
 10
38.51600
 20
75.05900
 11
37.51600
 21
75.05900
 12
38.51600
 22
74.05900
 13
37.51600
 23
74.05900
  0
SOLID
 5
378
  8
LAYNR1
 10
38.51600
 20
75.05900
 11
37.51600
 21
75.05900
 12
38.51600
 22
74.05900
 13
37.51600
 23
74.05900
  0
POLYLINE
 5
379
  8
2DLINES_1
 66
1
 40
0.254000
 41
0.254000
  0
VERTEX
 5
37A
  8
2DLINES_1
 10
23.13000
 20
52.14200
  0
VERTEX
 5
37B
  8
2DLINES_1
 10
23.79700
 20
52.13900
  0
SEQEND
  8
2DLINES_1
  0
POLYLINE
 5
37C
  8
2DLINES_1
 66
1
 70
1
 40
0.127000
 41
0.127000
  0
VERTEX
 5
37D
  8
2DLINES_1
 10
23.06650
 20
52.14200
 42
1.0
  0
VERTEX
 5
37E
  8
2DLINES_1
 10
23.19350
 20
52.14200
 42
1.0
  0
SEQEND
  8
2DLINES_1
  0
POLYLINE
 5
37F
  8
2DLINES_1
 66
1
 70
1
 40
0.127000
 41
0.127000
  0
VERTEX
 5
380
  8
2DLINES_1
 10
23.73350
 20
52.13900
 42
1.0
  0
VERTEX
 5
381
  8
2DLINES_1
 10
23.86050
 20
52.13900
 42
1.0
  0
SEQEND
  8
2DLINES_1
  0
POLYLINE
 5
382
  8
2DLINES_1
 66
1
 40
0.254000
 41
0.254000
  0
VERTEX
 5
383
  8
2DLINES_1
 10
23.79700
 20
52.13900
  0
VERTEX
 5
384
  8
2DLINES_1
 10
23.79700
 20
52.45700
  0
SEQEND
  8
2DLINES_1
  0
POLYLINE
 5
385
  8
2DLINES_1
 66
1
 70
1
 40
0.127000
 41
0.127000
  0
VERTEX
 5
386
  8
2DLINES_1
 10
23.73350
 20
52.13900
 42
1.0
  0
VERTEX
 5
387
  8
2DLINES_1
 10
23.86050
 20
52.13900
 42
1.0
  0
SEQEND
  8
2DLINES_1
  0
POLYLINE
 5
388
  8
2DLINES_1
 66
1
 70
1
 40
0.127000
 41
0.127000
  0
VERTEX
 5
389
  8
2DLINES_1
 10
23.73350
 20
52.45700
 42
1.0
  0
VERTEX
 5
38A
  8
2DLINES_1
 10
23.86050
 20
52.45700
 42
1.0
  0
SEQEND
  8
2DLINES_1
  0
POLYLINE
 5
38B
  8
2DLINES_1
 66
1
 40
0.254000
 41
0.254000
  0
VERTEX
 5
38C
  8
2DLINES_1
 10
23.79700
 20
52.45700
  0
VERTEX
 5
38D
  8
2DLINES_1
 10
24.42300
 20
52.45700
  0
SEQEND
  8
2DLINES_1
  0
POLYLINE
 5
38E
  8
2DLINES_1
 66
1
 70
1
 40
0.127000
 41
0.127000
  0
VERTEX
 5
38F
  8
2DLINES_1
 10
23.73350
 20
52.45700
 42
1.0
  0
VERTEX
 5
390
  8
2DLINES_1
 10
23.86050
 20
52.45700
 42
1.0
  0
SEQEND
  8
2DLINES_1
  0
POLYLINE
 5
391
  8
2DLINES_1
 66
1
 70
1
 40
0.127000
 41
0.127000
  0
VERTEX
 5
392
  8
2DLINES_1
 10
24.35950
 20
52.45700
 42
1.0
  0
VERTEX
 5
393
  8
2DLINES_1
 10
24.48650
 20
52.45700
 42
1.0
  0
SEQEND
  8
2DLINES_1
  0
POLYLINE
 5
394
  8
2DLINES_1
 66
1
 40
0.254000
 41
0.254000
  0
VERTEX
 5
395
  8
2DLINES_1
 10
24.42300
 20
52.45700
  0
VERTEX
 5
396
  8
2DLINES_1
 10
24.42300
 20
52.13900
  0
SEQEND
  8
2DLINES_1
  0
POLYLINE
 5
397
  8
2DLINES_1
 66
1
 70
1
 40
0.127000
 41
0.127000
  0
VERTEX
 5
398
  8
2DLINES_1
 10
24.35950
 20
52.45700
 42
1.0
  0
VERTEX
 5
399
  8
2DLINES_1
 10
24.48650
 20
52.45700
 42
1.0
  0
SEQEND
  8
2DLINES_1
  0
POLYLINE
 5
39A
  8
2DLINES_1
 66
1
 70
1
 40
0.127000
 41
0.127000
  0
VERTEX
 5
39B
  8
2DLINES_1
 10
24.35950
 20
52.13900
 42
1.0
  0
VERTEX
 5
39C
  8
2DLINES_1
 10
24.48650
 20
52.13900
 42
1.0
  0
SEQEND
  8
2DLINES_1
  0
POLYLINE
 5
39D
  8
2DLINES_1
 66
1
 40
0.254000
 41
0.254000
  0
VERTEX
 5
39E
  8
2DLINES_1
 10
24.42300
 20
52.13900
  0
VERTEX
 5
39F
  8
2DLINES_1
 10
25.13000
 20
52.14200
  0
SEQEND
  8
2DLINES_1
  0
POLYLINE
 5
3A0
  8
2DLINES_1
 66
1
 70
1
 40
0.127000
 41
0.127000
  0
VERTEX
 5
3A1
  8
2DLINES_1
 10
24.35950
 20
52.13900
 42
1.0
  0
VERTEX
 5
3A2
  8
2DLINES_1
 10
24.48650
 20
52.13900
 42
1.0
  0
SEQEND
  8
2DLINES_1
  0
POLYLINE
 5
3A3
  8
2DLINES_1
 66
1
 70
1
 40
0.127000
 41
0.127000
  0
VERTEX
 5
3A4
  8
2DLINES_1
 10
25.06650
 20
52.14200
 42
1.0
  0
VERTEX
 5
3A5
  8
2DLINES_1
 10
25.19350
 20
52.14200
 42
1.0
  0
SEQEND
  8
2DLINES_1
  0
POLYLINE
 5
3A6
  8
2DLINES_1
 66
1
 40
0.254000
 41
0.254000
  0
VERTEX
 5
3A7
  8
2DLINES_1
 10
23.13000
 20
55.54200
  0
VERTEX
 5
3A8
  8
2DLINES_1
 10
25.13000
 20
55.54200
  0
SEQEND
  8
2DLINES_1
  0
POLYLINE
 5
3A9
  8
2DLINES_1
 66
1
 70
1
 40
0.127000
 41
0.127000
  0
VERTEX
 5
3AA
  8
2DLINES_1
 10
23.06650
 20
55.54200
 42
1.0
  0
VERTEX
 5
3AB
  8
2DLINES_1
 10
23.19350
 20
55.54200
 42
1.0
  0
SEQEND
  8
2DLINES_1
  0
POLYLINE
 5
3AC
  8
2DLINES_1
 66
1
 70
1
 40
0.127000
 41
0.127000
  0
VERTEX
 5
3AD
  8
2DLINES_1
 10
25.06650
 20
55.54200
 42
1.0
  0
VERTEX
 5
3AE
  8
2DLINES_1
 10
25.19350
 20
55.54200
 42
1.0
  0
SEQEND
  8
2DLINES_1
  0
POLYLINE
 5
3AF
  8
PLACEMENT_OUTLINE_TOP
 66
1
 40
0.025400
 41
0.025400
  0
VERTEX
 5
3B0
  8
PLACEMENT_OUTLINE_TOP
 10
26.03800
 20
52.57450
  0
VERTEX
 5
3B1
  8
PLACEMENT_OUTLINE_TOP
 10
22.32200
 20
52.57450
  0
SEQEND
  8
PLACEMENT_OUTLINE_TOP
  0
POLYLINE
 5
3B2
  8
PLACEMENT_OUTLINE_TOP
 66
1
 70
1
 40
0.012700
 41
0.012700
  0
VERTEX
 5
3B3
  8
PLACEMENT_OUTLINE_TOP
 10
26.03165
 20
52.57450
 42
1.0
  0
VERTEX
 5
3B4
  8
PLACEMENT_OUTLINE_TOP
 10
26.04435
 20
52.57450
 42
1.0
  0
SEQEND
  8
PLACEMENT_OUTLINE_TOP
  0
POLYLINE
 5
3B5
  8
PLACEMENT_OUTLINE_TOP
 66
1
 70
1
 40
0.012700
 41
0.012700
  0
VERTEX
 5
3B6
  8
PLACEMENT_OUTLINE_TOP
 10
22.31565
 20
52.57450
 42
1.0
  0
VERTEX
 5
3B7
  8
PLACEMENT_OUTLINE_TOP
 10
22.32835
 20
52.57450
 42
1.0
  0
SEQEND
  8
PLACEMENT_OUTLINE_TOP
  0
POLYLINE
 5
3B8
  8
PLACEMENT_OUTLINE_TOP
 66
1
 40
0.025400
 41
0.025400
  0
VERTEX
 5
3B9
  8
PLACEMENT_OUTLINE_TOP
 10
22.32200
 20
52.57450
  0
VERTEX
 5
3BA
  8
PLACEMENT_OUTLINE_TOP
 10
22.32200
 20
55.10950
  0
SEQEND
  8
PLACEMENT_OUTLINE_TOP
  0
POLYLINE
 5
3BB
  8
PLACEMENT_OUTLINE_TOP
 66
1
 70
1
 40
0.012700
 41
0.012700
  0
VERTEX
 5
3BC
  8
PLACEMENT_OUTLINE_TOP
 10
22.31565
 20
52.57450
 42
1.0
  0
VERTEX
 5
3BD
  8
PLACEMENT_OUTLINE_TOP
 10
22.32835
 20
52.57450
 42
1.0
  0
SEQEND
  8
PLACEMENT_OUTLINE_TOP
  0
POLYLINE
 5
3BE
  8
PLACEMENT_OUTLINE_TOP
 66
1
 70
1
 40
0.012700
 41
0.012700
  0
VERTEX
 5
3BF
  8
PLACEMENT_OUTLINE_TOP
 10
22.31565
 20
55.10950
 42
1.0
  0
VERTEX
 5
3C0
  8
PLACEMENT_OUTLINE_TOP
 10
22.32835
 20
55.10950
 42
1.0
  0
SEQEND
  8
PLACEMENT_OUTLINE_TOP
  0
POLYLINE
 5
3C1
  8
PLACEMENT_OUTLINE_TOP
 66
1
 40
0.025400
 41
0.025400
  0
VERTEX
 5
3C2
  8
PLACEMENT_OUTLINE_TOP
 10
22.32200
 20
55.10950
  0
VERTEX
 5
3C3
  8
PLACEMENT_OUTLINE_TOP
 10
26.03800
 20
55.10950
  0
SEQEND
  8
PLACEMENT_OUTLINE_TOP
  0
POLYLINE
 5
3C4
  8
PLACEMENT_OUTLINE_TOP
 66
1
 70
1
 40
0.012700
 41
0.012700
  0
VERTEX
 5
3C5
  8
PLACEMENT_OUTLINE_TOP
 10
22.31565
 20
55.10950
 42
1.0
  0
VERTEX
 5
3C6
  8
PLACEMENT_OUTLINE_TOP
 10
22.32835
 20
55.10950
 42
1.0
  0
SEQEND
  8
PLACEMENT_OUTLINE_TOP
  0
POLYLINE
 5
3C7
  8
PLACEMENT_OUTLINE_TOP
 66
1
 70
1
 40
0.012700
 41
0.012700
  0
VERTEX
 5
3C8
  8
PLACEMENT_OUTLINE_TOP
 10
26.03165
 20
55.10950
 42
1.0
  0
VERTEX
 5
3C9
  8
PLACEMENT_OUTLINE_TOP
 10
26.04435
 20
55.10950
 42
1.0
  0
SEQEND
  8
PLACEMENT_OUTLINE_TOP
  0
POLYLINE
 5
3CA
  8
PLACEMENT_OUTLINE_TOP
 66
1
 40
0.025400
 41
0.025400
  0
VERTEX
 5
3CB
  8
PLACEMENT_OUTLINE_TOP
 10
26.03800
 20
55.10950
  0
VERTEX
 5
3CC
  8
PLACEMENT_OUTLINE_TOP
 10
26.03800
 20
52.57450
  0
SEQEND
  8
PLACEMENT_OUTLINE_TOP
  0
POLYLINE
 5
3CD
  8
PLACEMENT_OUTLINE_TOP
 66
1
 70
1
 40
0.012700
 41
0.012700
  0
VERTEX
 5
3CE
  8
PLACEMENT_OUTLINE_TOP
 10
26.03165
 20
55.10950
 42
1.0
  0
VERTEX
 5
3CF
  8
PLACEMENT_OUTLINE_TOP
 10
26.04435
 20
55.10950
 42
1.0
  0
SEQEND
  8
PLACEMENT_OUTLINE_TOP
  0
POLYLINE
 5
3D0
  8
PLACEMENT_OUTLINE_TOP
 66
1
 70
1
 40
0.012700
 41
0.012700
  0
VERTEX
 5
3D1
  8
PLACEMENT_OUTLINE_TOP
 10
26.03165
 20
52.57450
 42
1.0
  0
VERTEX
 5
3D2
  8
PLACEMENT_OUTLINE_TOP
 10
26.04435
 20
52.57450
 42
1.0
  0
SEQEND
  8
PLACEMENT_OUTLINE_TOP
  0
SOLID
 5
3D3
  8
PADLAYER_TOP
 10
26.03800
 20
53.20950
 11
25.02200
 21
53.20950
 12
26.03800
 22
52.57450
 13
25.02200
 23
52.57450
  0
SOLID
 5
3D4
  8
PADLAYER_TOP
 10
26.03800
 20
54.15950
 11
25.02200
 21
54.15950
 12
26.03800
 22
53.52450
 13
25.02200
 23
53.52450
  0
SOLID
 5
3D5
  8
PADLAYER_TOP
 10
26.03800
 20
55.10950
 11
25.02200
 21
55.10950
 12
26.03800
 22
54.47450
 13
25.02200
 23
54.47450
  0
SOLID
 5
3D6
  8
PADLAYER_TOP
 10
23.33800
 20
55.10950
 11
22.32200
 21
55.10950
 12
23.33800
 22
54.47450
 13
22.32200
 23
54.47450
  0
SOLID
 5
3D7
  8
PADLAYER_TOP
 10
23.33800
 20
54.15950
 11
22.32200
 21
54.15950
 12
23.33800
 22
53.52450
 13
22.32200
 23
53.52450
  0
SOLID
 5
3D8
  8
PADLAYER_TOP
 10
23.33800
 20
53.20950
 11
22.32200
 21
53.20950
 12
23.33800
 22
52.57450
 13
22.32200
 23
52.57450
  0
POLYLINE
 5
3D9
  8
2DLINES_1
 66
1
 40
0.100000
 41
0.100000
  0
VERTEX
 5
3DA
  8
2DLINES_1
 10
49.80000
 20
34.70000
  0
VERTEX
 5
3DB
  8
2DLINES_1
 10
50.60000
 20
34.70000
  0
SEQEND
  8
2DLINES_1
  0
POLYLINE
 5
3DC
  8
2DLINES_1
 66
1
 70
1
 40
0.050000
 41
0.050000
  0
VERTEX
 5
3DD
  8
2DLINES_1
 10
49.77500
 20
34.70000
 42
1.0
  0
VERTEX
 5
3DE
  8
2DLINES_1
 10
49.82500
 20
34.70000
 42
1.0
  0
SEQEND
  8
2DLINES_1
  0
POLYLINE
 5
3DF
  8
2DLINES_1
 66
1
 70
1
 40
0.050000
 41
0.050000
  0
VERTEX
 5
3E0
  8
2DLINES_1
 10
50.57500
 20
34.70000
 42
1.0
  0
VERTEX
 5
3E1
  8
2DLINES_1
 10
50.62500
 20
34.70000
 42
1.0
  0
SEQEND
  8
2DLINES_1
  0
POLYLINE
 5
3E2
  8
2DLINES_1
 66
1
 40
0.100000
 41
0.100000
  0
VERTEX
 5
3E3
  8
2DLINES_1
 10
50.20000
 20
34.70000
  0
VERTEX
 5
3E4
  8
2DLINES_1
 10
49.90000
 20
34.37500
  0
SEQEND
  8
2DLINES_1
  0
POLYLINE
 5
3E5
  8
2DLINES_1
 66
1
 70
1
 40
0.050000
 41
0.050000
  0
VERTEX
 5
3E6
  8
2DLINES_1
 10
50.17500
 20
34.70000
 42
1.0
  0
VERTEX
 5
3E7
  8
2DLINES_1
 10
50.22500
 20
34.70000
 42
1.0
  0
SEQEND
  8
2DLINES_1
  0
POLYLINE
 5
3E8
  8
2DLINES_1
 66
1
 70
1
 40
0.050000
 41
0.050000
  0
VERTEX
 5
3E9
  8
2DLINES_1
 10
49.87500
 20
34.37500
 42
1.0
  0
VERTEX
 5
3EA
  8
2DLINES_1
 10
49.92500
 20
34.37500
 42
1.0
  0
SEQEND
  8
2DLINES_1
  0
POLYLINE
 5
3EB
  8
2DLINES_1
 66
1
 40
0.100000
 41
0.100000
  0
VERTEX
 5
3EC
  8
2DLINES_1
 10
49.90000
 20
34.37500
  0
VERTEX
 5
3ED
  8
2DLINES_1
 10
50.50000
 20
34.37500
  0
SEQEND
  8
2DLINES_1
  0
POLYLINE
 5
3EE
  8
2DLINES_1
 66
1
 70
1
 40
0.050000
 41
0.050000
  0
VERTEX
 5
3EF
  8
2DLINES_1
 10
49.87500
 20
34.37500
 42
1.0
  0
VERTEX
 5
3F0
  8
2DLINES_1
 10
49.92500
 20
34.37500
 42
1.0
  0
SEQEND
  8
2DLINES_1
  0
POLYLINE
 5
3F1
  8
2DLINES_1
 66
1
 70
1
 40
0.050000
 41
0.050000
  0
VERTEX
 5
3F2
  8
2DLINES_1
 10
50.47500
 20
34.37500
 42
1.0
  0
VERTEX
 5
3F3
  8
2DLINES_1
 10
50.52500
 20
34.37500
 42
1.0
  0
SEQEND
  8
2DLINES_1
  0
POLYLINE
 5
3F4
  8
2DLINES_1
 66
1
 40
0.100000
 41
0.100000
  0
VERTEX
 5
3F5
  8
2DLINES_1
 10
50.50000
 20
34.37500
  0
VERTEX
 5
3F6
  8
2DLINES_1
 10
50.18750
 20
34.68750
  0
SEQEND
  8
2DLINES_1
  0
POLYLINE
 5
3F7
  8
2DLINES_1
 66
1
 70
1
 40
0.050000
 41
0.050000
  0
VERTEX
 5
3F8
  8
2DLINES_1
 10
50.47500
 20
34.37500
 42
1.0
  0
VERTEX
 5
3F9
  8
2DLINES_1
 10
50.52500
 20
34.37500
 42
1.0
  0
SEQEND
  8
2DLINES_1
  0
POLYLINE
 5
3FA
  8
2DLINES_1
 66
1
 70
1
 40
0.050000
 41
0.050000
  0
VERTEX
 5
3FB
  8
2DLINES_1
 10
50.16250
 20
34.68750
 42
1.0
  0
VERTEX
 5
3FC
  8
2DLINES_1
 10
50.21250
 20
34.68750
 42
1.0
  0
SEQEND
  8
2DLINES_1
  0
POLYLINE
 5
3FD
  8
PLACEMENT_OUTLINE_TOP
 66
1
 40
0.025400
 41
0.025400
  0
VERTEX
 5
3FE
  8
PLACEMENT_OUTLINE_TOP
 10
50.70000
 20
33.05000
  0
VERTEX
 5
3FF
  8
PLACEMENT_OUTLINE_TOP
 10
49.70000
 20
33.05000
  0
SEQEND
  8
PLACEMENT_OUTLINE_TOP
  0
POLYLINE
 5
400
  8
PLACEMENT_OUTLINE_TOP
 66
1
 70
1
 40
0.012700
 41
0.012700
  0
VERTEX
 5
401
  8
PLACEMENT_OUTLINE_TOP
 10
50.69365
 20
33.05000
 42
1.0
  0
VERTEX
 5
402
  8
PLACEMENT_OUTLINE_TOP
 10
50.70635
 20
33.05000
 42
1.0
  0
SEQEND
  8
PLACEMENT_OUTLINE_TOP
  0
POLYLINE
 5
403
  8
PLACEMENT_OUTLINE_TOP
 66
1
 70
1
 40
0.012700
 41
0.012700
  0
VERTEX
 5
404
  8
PLACEMENT_OUTLINE_TOP
 10
49.69365
 20
33.05000
 42
1.0
  0
VERTEX
 5
405
  8
PLACEMENT_OUTLINE_TOP
 10
49.70635
 20
33.05000
 42
1.0
  0
SEQEND
  8
PLACEMENT_OUTLINE_TOP
  0
POLYLINE
 5
406
  8
PLACEMENT_OUTLINE_TOP
 66
1
 40
0.025400
 41
0.025400
  0
VERTEX
 5
407
  8
PLACEMENT_OUTLINE_TOP
 10
49.70000
 20
33.05000
  0
VERTEX
 5
408
  8
PLACEMENT_OUTLINE_TOP
 10
49.70000
 20
35.95000
  0
SEQEND
  8
PLACEMENT_OUTLINE_TOP
  0
POLYLINE
 5
409
  8
PLACEMENT_OUTLINE_TOP
 66
1
 70
1
 40
0.012700
 41
0.012700
  0
VERTEX
 5
40A
  8
PLACEMENT_OUTLINE_TOP
 10
49.69365
 20
33.05000
 42
1.0
  0
VERTEX
 5
40B
  8
PLACEMENT_OUTLINE_TOP
 10
49.70635
 20
33.05000
 42
1.0
  0
SEQEND
  8
PLACEMENT_OUTLINE_TOP
  0
POLYLINE
 5
40C
  8
PLACEMENT_OUTLINE_TOP
 66
1
 70
1
 40
0.012700
 41
0.012700
  0
VERTEX
 5
40D
  8
PLACEMENT_OUTLINE_TOP
 10
49.69365
 20
35.95000
 42
1.0
  0
VERTEX
 5
40E
  8
PLACEMENT_OUTLINE_TOP
 10
49.70635
 20
35.95000
 42
1.0
  0
SEQEND
  8
PLACEMENT_OUTLINE_TOP
  0
POLYLINE
 5
40F
  8
PLACEMENT_OUTLINE_TOP
 66
1
 40
0.025400
 41
0.025400
  0
VERTEX
 5
410
  8
PLACEMENT_OUTLINE_TOP
 10
49.70000
 20
35.95000
  0
VERTEX
 5
411
  8
PLACEMENT_OUTLINE_TOP
 10
50.70000
 20
35.95000
  0
SEQEND
  8
PLACEMENT_OUTLINE_TOP
  0
POLYLINE
 5
412
  8
PLACEMENT_OUTLINE_TOP
 66
1
 70
1
 40
0.012700
 41
0.012700
  0
VERTEX
 5
413
  8
PLACEMENT_OUTLINE_TOP
 10
49.69365
 20
35.95000
 42
1.0
  0
VERTEX
 5
414
  8
PLACEMENT_OUTLINE_TOP
 10
49.70635
 20
35.95000
 42
1.0
  0
SEQEND
  8
PLACEMENT_OUTLINE_TOP
  0
POLYLINE
 5
415
  8
PLACEMENT_OUTLINE_TOP
 66
1
 70
1
 40
0.012700
 41
0.012700
  0
VERTEX
 5
416
  8
PLACEMENT_OUTLINE_TOP
 10
50.69365
 20
35.95000
 42
1.0
  0
VERTEX
 5
417
  8
PLACEMENT_OUTLINE_TOP
 10
50.70635
 20
35.95000
 42
1.0
  0
SEQEND
  8
PLACEMENT_OUTLINE_TOP
  0
POLYLINE
 5
418
  8
PLACEMENT_OUTLINE_TOP
 66
1
 40
0.025400
 41
0.025400
  0
VERTEX
 5
419
  8
PLACEMENT_OUTLINE_TOP
 10
50.70000
 20
35.95000
  0
VERTEX
 5
41A
  8
PLACEMENT_OUTLINE_TOP
 10
50.70000
 20
33.05000
  0
SEQEND
  8
PLACEMENT_OUTLINE_TOP
  0
POLYLINE
 5
41B
  8
PLACEMENT_OUTLINE_TOP
 66
1
 70
1
 40
0.012700
 41
0.012700
  0
VERTEX
 5
41C
  8
PLACEMENT_OUTLINE_TOP
 10
50.69365
 20
35.95000
 42
1.0
  0
VERTEX
 5
41D
  8
PLACEMENT_OUTLINE_TOP
 10
50.70635
 20
35.95000
 42
1.0
  0
SEQEND
  8
PLACEMENT_OUTLINE_TOP
  0
POLYLINE
 5
41E
  8
PLACEMENT_OUTLINE_TOP
 66
1
 70
1
 40
0.012700
 41
0.012700
  0
VERTEX
 5
41F
  8
PLACEMENT_OUTLINE_TOP
 10
50.69365
 20
33.05000
 42
1.0
  0
VERTEX
 5
420
  8
PLACEMENT_OUTLINE_TOP
 10
50.70635
 20
33.05000
 42
1.0
  0
SEQEND
  8
PLACEMENT_OUTLINE_TOP
  0
SOLID
 5
421
  8
PADLAYER_TOP
 10
50.70000
 20
33.05000
 11
50.70000
 21
34.05000
 12
49.70000
 22
33.05000
 13
49.70000
 23
34.05000
  0
SOLID
 5
422
  8
LAYNR1
 10
50.70000
 20
33.05000
 11
50.70000
 21
34.05000
 12
49.70000
 22
33.05000
 13
49.70000
 23
34.05000
  0
SOLID
 5
423
  8
PADLAYER_TOP
 10
50.70000
 20
34.95000
 11
50.70000
 21
35.95000
 12
49.70000
 22
34.95000
 13
49.70000
 23
35.95000
  0
SOLID
 5
424
  8
LAYNR1
 10
50.70000
 20
34.95000
 11
50.70000
 21
35.95000
 12
49.70000
 22
34.95000
 13
49.70000
 23
35.95000
  0
POLYLINE
 5
425
  8
2DLINES_1
 66
1
 40
0.100000
 41
0.100000
  0
VERTEX
 5
426
  8
2DLINES_1
 10
49.80000
 20
38.70000
  0
VERTEX
 5
427
  8
2DLINES_1
 10
50.60000
 20
38.70000
  0
SEQEND
  8
2DLINES_1
  0
POLYLINE
 5
428
  8
2DLINES_1
 66
1
 70
1
 40
0.050000
 41
0.050000
  0
VERTEX
 5
429
  8
2DLINES_1
 10
49.77500
 20
38.70000
 42
1.0
  0
VERTEX
 5
42A
  8
2DLINES_1
 10
49.82500
 20
38.70000
 42
1.0
  0
SEQEND
  8
2DLINES_1
  0
POLYLINE
 5
42B
  8
2DLINES_1
 66
1
 70
1
 40
0.050000
 41
0.050000
  0
VERTEX
 5
42C
  8
2DLINES_1
 10
50.57500
 20
38.70000
 42
1.0
  0
VERTEX
 5
42D
  8
2DLINES_1
 10
50.62500
 20
38.70000
 42
1.0
  0
SEQEND
  8
2DLINES_1
  0
POLYLINE
 5
42E
  8
2DLINES_1
 66
1
 40
0.100000
 41
0.100000
  0
VERTEX
 5
42F
  8
2DLINES_1
 10
50.20000
 20
38.70000
  0
VERTEX
 5
430
  8
2DLINES_1
 10
49.90000
 20
38.37500
  0
SEQEND
  8
2DLINES_1
  0
POLYLINE
 5
431
  8
2DLINES_1
 66
1
 70
1
 40
0.050000
 41
0.050000
  0
VERTEX
 5
432
  8
2DLINES_1
 10
50.17500
 20
38.70000
 42
1.0
  0
VERTEX
 5
433
  8
2DLINES_1
 10
50.22500
 20
38.70000
 42
1.0
  0
SEQEND
  8
2DLINES_1
  0
POLYLINE
 5
434
  8
2DLINES_1
 66
1
 70
1
 40
0.050000
 41
0.050000
  0
VERTEX
 5
435
  8
2DLINES_1
 10
49.87500
 20
38.37500
 42
1.0
  0
VERTEX
 5
436
  8
2DLINES_1
 10
49.92500
 20
38.37500
 42
1.0
  0
SEQEND
  8
2DLINES_1
  0
POLYLINE
 5
437
  8
2DLINES_1
 66
1
 40
0.100000
 41
0.100000
  0
VERTEX
 5
438
  8
2DLINES_1
 10
49.90000
 20
38.37500
  0
VERTEX
 5
439
  8
2DLINES_1
 10
50.50000
 20
38.37500
  0
SEQEND
  8
2DLINES_1
  0
POLYLINE
 5
43A
  8
2DLINES_1
 66
1
 70
1
 40
0.050000
 41
0.050000
  0
VERTEX
 5
43B
  8
2DLINES_1
 10
49.87500
 20
38.37500
 42
1.0
  0
VERTEX
 5
43C
  8
2DLINES_1
 10
49.92500
 20
38.37500
 42
1.0
  0
SEQEND
  8
2DLINES_1
  0
POLYLINE
 5
43D
  8
2DLINES_1
 66
1
 70
1
 40
0.050000
 41
0.050000
  0
VERTEX
 5
43E
  8
2DLINES_1
 10
50.47500
 20
38.37500
 42
1.0
  0
VERTEX
 5
43F
  8
2DLINES_1
 10
50.52500
 20
38.37500
 42
1.0
  0
SEQEND
  8
2DLINES_1
  0
POLYLINE
 5
440
  8
2DLINES_1
 66
1
 40
0.100000
 41
0.100000
  0
VERTEX
 5
441
  8
2DLINES_1
 10
50.50000
 20
38.37500
  0
VERTEX
 5
442
  8
2DLINES_1
 10
50.18750
 20
38.68750
  0
SEQEND
  8
2DLINES_1
  0
POLYLINE
 5
443
  8
2DLINES_1
 66
1
 70
1
 40
0.050000
 41
0.050000
  0
VERTEX
 5
444
  8
2DLINES_1
 10
50.47500
 20
38.37500
 42
1.0
  0
VERTEX
 5
445
  8
2DLINES_1
 10
50.52500
 20
38.37500
 42
1.0
  0
SEQEND
  8
2DLINES_1
  0
POLYLINE
 5
446
  8
2DLINES_1
 66
1
 70
1
 40
0.050000
 41
0.050000
  0
VERTEX
 5
447
  8
2DLINES_1
 10
50.16250
 20
38.68750
 42
1.0
  0
VERTEX
 5
448
  8
2DLINES_1
 10
50.21250
 20
38.68750
 42
1.0
  0
SEQEND
  8
2DLINES_1
  0
POLYLINE
 5
449
  8
PLACEMENT_OUTLINE_TOP
 66
1
 40
0.025400
 41
0.025400
  0
VERTEX
 5
44A
  8
PLACEMENT_OUTLINE_TOP
 10
50.70000
 20
37.05000
  0
VERTEX
 5
44B
  8
PLACEMENT_OUTLINE_TOP
 10
49.70000
 20
37.05000
  0
SEQEND
  8
PLACEMENT_OUTLINE_TOP
  0
POLYLINE
 5
44C
  8
PLACEMENT_OUTLINE_TOP
 66
1
 70
1
 40
0.012700
 41
0.012700
  0
VERTEX
 5
44D
  8
PLACEMENT_OUTLINE_TOP
 10
50.69365
 20
37.05000
 42
1.0
  0
VERTEX
 5
44E
  8
PLACEMENT_OUTLINE_TOP
 10
50.70635
 20
37.05000
 42
1.0
  0
SEQEND
  8
PLACEMENT_OUTLINE_TOP
  0
POLYLINE
 5
44F
  8
PLACEMENT_OUTLINE_TOP
 66
1
 70
1
 40
0.012700
 41
0.012700
  0
VERTEX
 5
450
  8
PLACEMENT_OUTLINE_TOP
 10
49.69365
 20
37.05000
 42
1.0
  0
VERTEX
 5
451
  8
PLACEMENT_OUTLINE_TOP
 10
49.70635
 20
37.05000
 42
1.0
  0
SEQEND
  8
PLACEMENT_OUTLINE_TOP
  0
POLYLINE
 5
452
  8
PLACEMENT_OUTLINE_TOP
 66
1
 40
0.025400
 41
0.025400
  0
VERTEX
 5
453
  8
PLACEMENT_OUTLINE_TOP
 10
49.70000
 20
37.05000
  0
VERTEX
 5
454
  8
PLACEMENT_OUTLINE_TOP
 10
49.70000
 20
39.95000
  0
SEQEND
  8
PLACEMENT_OUTLINE_TOP
  0
POLYLINE
 5
455
  8
PLACEMENT_OUTLINE_TOP
 66
1
 70
1
 40
0.012700
 41
0.012700
  0
VERTEX
 5
456
  8
PLACEMENT_OUTLINE_TOP
 10
49.69365
 20
37.05000
 42
1.0
  0
VERTEX
 5
457
  8
PLACEMENT_OUTLINE_TOP
 10
49.70635
 20
37.05000
 42
1.0
  0
SEQEND
  8
PLACEMENT_OUTLINE_TOP
  0
POLYLINE
 5
458
  8
PLACEMENT_OUTLINE_TOP
 66
1
 70
1
 40
0.012700
 41
0.012700
  0
VERTEX
 5
459
  8
PLACEMENT_OUTLINE_TOP
 10
49.69365
 20
39.95000
 42
1.0
  0
VERTEX
 5
45A
  8
PLACEMENT_OUTLINE_TOP
 10
49.70635
 20
39.95000
 42
1.0
  0
SEQEND
  8
PLACEMENT_OUTLINE_TOP
  0
POLYLINE
 5
45B
  8
PLACEMENT_OUTLINE_TOP
 66
1
 40
0.025400
 41
0.025400
  0
VERTEX
 5
45C
  8
PLACEMENT_OUTLINE_TOP
 10
49.70000
 20
39.95000
  0
VERTEX
 5
45D
  8
PLACEMENT_OUTLINE_TOP
 10
50.70000
 20
39.95000
  0
SEQEND
  8
PLACEMENT_OUTLINE_TOP
  0
POLYLINE
 5
45E
  8
PLACEMENT_OUTLINE_TOP
 66
1
 70
1
 40
0.012700
 41
0.012700
  0
VERTEX
 5
45F
  8
PLACEMENT_OUTLINE_TOP
 10
49.69365
 20
39.95000
 42
1.0
  0
VERTEX
 5
460
  8
PLACEMENT_OUTLINE_TOP
 10
49.70635
 20
39.95000
 42
1.0
  0
SEQEND
  8
PLACEMENT_OUTLINE_TOP
  0
POLYLINE
 5
461
  8
PLACEMENT_OUTLINE_TOP
 66
1
 70
1
 40
0.012700
 41
0.012700
  0
VERTEX
 5
462
  8
PLACEMENT_OUTLINE_TOP
 10
50.69365
 20
39.95000
 42
1.0
  0
VERTEX
 5
463
  8
PLACEMENT_OUTLINE_TOP
 10
50.70635
 20
39.95000
 42
1.0
  0
SEQEND
  8
PLACEMENT_OUTLINE_TOP
  0
POLYLINE
 5
464
  8
PLACEMENT_OUTLINE_TOP
 66
1
 40
0.025400
 41
0.025400
  0
VERTEX
 5
465
  8
PLACEMENT_OUTLINE_TOP
 10
50.70000
 20
39.95000
  0
VERTEX
 5
466
  8
PLACEMENT_OUTLINE_TOP
 10
50.70000
 20
37.05000
  0
SEQEND
  8
PLACEMENT_OUTLINE_TOP
  0
POLYLINE
 5
467
  8
PLACEMENT_OUTLINE_TOP
 66
1
 70
1
 40
0.012700
 41
0.012700
  0
VERTEX
 5
468
  8
PLACEMENT_OUTLINE_TOP
 10
50.69365
 20
39.95000
 42
1.0
  0
VERTEX
 5
469
  8
PLACEMENT_OUTLINE_TOP
 10
50.70635
 20
39.95000
 42
1.0
  0
SEQEND
  8
PLACEMENT_OUTLINE_TOP
  0
POLYLINE
 5
46A
  8
PLACEMENT_OUTLINE_TOP
 66
1
 70
1
 40
0.012700
 41
0.012700
  0
VERTEX
 5
46B
  8
PLACEMENT_OUTLINE_TOP
 10
50.69365
 20
37.05000
 42
1.0
  0
VERTEX
 5
46C
  8
PLACEMENT_OUTLINE_TOP
 10
50.70635
 20
37.05000
 42
1.0
  0
SEQEND
  8
PLACEMENT_OUTLINE_TOP
  0
SOLID
 5
46D
  8
PADLAYER_TOP
 10
50.70000
 20
37.05000
 11
50.70000
 21
38.05000
 12
49.70000
 22
37.05000
 13
49.70000
 23
38.05000
  0
SOLID
 5
46E
  8
LAYNR1
 10
50.70000
 20
37.05000
 11
50.70000
 21
38.05000
 12
49.70000
 22
37.05000
 13
49.70000
 23
38.05000
  0
SOLID
 5
46F
  8
PADLAYER_TOP
 10
50.70000
 20
38.95000
 11
50.70000
 21
39.95000
 12
49.70000
 22
38.95000
 13
49.70000
 23
39.95000
  0
SOLID
 5
470
  8
LAYNR1
 10
50.70000
 20
38.95000
 11
50.70000
 21
39.95000
 12
49.70000
 22
38.95000
 13
49.70000
 23
39.95000
  0
POLYLINE
 5
471
  8
2DLINES_1
 66
1
 40
0.203200
 41
0.203200
  0
VERTEX
 5
472
  8
2DLINES_1
 10
31.44800
 20
40.37900
  0
VERTEX
 5
473
  8
2DLINES_1
 10
31.44800
 20
39.14880
  0
SEQEND
  8
2DLINES_1
  0
POLYLINE
 5
474
  8
2DLINES_1
 66
1
 70
1
 40
0.101600
 41
0.101600
  0
VERTEX
 5
475
  8
2DLINES_1
 10
31.39720
 20
40.37900
 42
1.0
  0
VERTEX
 5
476
  8
2DLINES_1
 10
31.49880
 20
40.37900
 42
1.0
  0
SEQEND
  8
2DLINES_1
  0
POLYLINE
 5
477
  8
2DLINES_1
 66
1
 70
1
 40
0.101600
 41
0.101600
  0
VERTEX
 5
478
  8
2DLINES_1
 10
31.39720
 20
39.14880
 42
1.0
  0
VERTEX
 5
479
  8
2DLINES_1
 10
31.49880
 20
39.14880
 42
1.0
  0
SEQEND
  8
2DLINES_1
  0
POLYLINE
 5
47A
  8
2DLINES_1
 66
1
 40
0.203200
 41
0.203200
  0
VERTEX
 5
47B
  8
2DLINES_1
 10
31.44800
 20
39.14880
  0
VERTEX
 5
47C
  8
2DLINES_1
 10
31.13488
 20
39.14880
  0
SEQEND
  8
2DLINES_1
  0
POLYLINE
 5
47D
  8
2DLINES_1
 66
1
 70
1
 40
0.101600
 41
0.101600
  0
VERTEX
 5
47E
  8
2DLINES_1
 10
31.39720
 20
39.14880
 42
1.0
  0
VERTEX
 5
47F
  8
2DLINES_1
 10
31.49880
 20
39.14880
 42
1.0
  0
SEQEND
  8
2DLINES_1
  0
POLYLINE
 5
480
  8
2DLINES_1
 66
1
 70
1
 40
0.101600
 41
0.101600
  0
VERTEX
 5
481
  8
2DLINES_1
 10
31.08408
 20
39.14880
 42
1.0
  0
VERTEX
 5
482
  8
2DLINES_1
 10
31.18568
 20
39.14880
 42
1.0
  0
SEQEND
  8
2DLINES_1
  0
POLYLINE
 5
483
  8
2DLINES_1
 66
1
 40
0.203200
 41
0.203200
  0
VERTEX
 5
484
  8
2DLINES_1
 10
31.13488
 20
39.14880
  0
VERTEX
 5
485
  8
2DLINES_1
 10
31.13488
 20
38.71700
  0
SEQEND
  8
2DLINES_1
  0
POLYLINE
 5
486
  8
2DLINES_1
 66
1
 70
1
 40
0.101600
 41
0.101600
  0
VERTEX
 5
487
  8
2DLINES_1
 10
31.08408
 20
39.14880
 42
1.0
  0
VERTEX
 5
488
  8
2DLINES_1
 10
31.18568
 20
39.14880
 42
1.0
  0
SEQEND
  8
2DLINES_1
  0
POLYLINE
 5
489
  8
2DLINES_1
 66
1
 70
1
 40
0.101600
 41
0.101600
  0
VERTEX
 5
48A
  8
2DLINES_1
 10
31.08408
 20
38.71700
 42
1.0
  0
VERTEX
 5
48B
  8
2DLINES_1
 10
31.18568
 20
38.71700
 42
1.0
  0
SEQEND
  8
2DLINES_1
  0
POLYLINE
 5
48C
  8
2DLINES_1
 66
1
 40
0.203200
 41
0.203200
  0
VERTEX
 5
48D
  8
2DLINES_1
 10
31.13488
 20
38.71700
  0
VERTEX
 5
48E
  8
2DLINES_1
 10
31.44800
 20
38.71700
  0
SEQEND
  8
2DLINES_1
  0
POLYLINE
 5
48F
  8
2DLINES_1
 66
1
 70
1
 40
0.101600
 41
0.101600
  0
VERTEX
 5
490
  8
2DLINES_1
 10
31.08408
 20
38.71700
 42
1.0
  0
VERTEX
 5
491
  8
2DLINES_1
 10
31.18568
 20
38.71700
 42
1.0
  0
SEQEND
  8
2DLINES_1
  0
POLYLINE
 5
492
  8
2DLINES_1
 66
1
 70
1
 40
0.101600
 41
0.101600
  0
VERTEX
 5
493
  8
2DLINES_1
 10
31.39720
 20
38.71700
 42
1.0
  0
VERTEX
 5
494
  8
2DLINES_1
 10
31.49880
 20
38.71700
 42
1.0
  0
SEQEND
  8
2DLINES_1
  0
POLYLINE
 5
495
  8
2DLINES_1
 66
1
 40
0.203200
 41
0.203200
  0
VERTEX
 5
496
  8
2DLINES_1
 10
31.44800
 20
38.71700
  0
VERTEX
 5
497
  8
2DLINES_1
 10
31.44800
 20
37.54300
  0
SEQEND
  8
2DLINES_1
  0
POLYLINE
 5
498
  8
2DLINES_1
 66
1
 70
1
 40
0.101600
 41
0.101600
  0
VERTEX
 5
499
  8
2DLINES_1
 10
31.39720
 20
38.71700
 42
1.0
  0
VERTEX
 5
49A
  8
2DLINES_1
 10
31.49880
 20
38.71700
 42
1.0
  0
SEQEND
  8
2DLINES_1
  0
POLYLINE
 5
49B
  8
2DLINES_1
 66
1
 70
1
 40
0.101600
 41
0.101600
  0
VERTEX
 5
49C
  8
2DLINES_1
 10
31.39720
 20
37.54300
 42
1.0
  0
VERTEX
 5
49D
  8
2DLINES_1
 10
31.49880
 20
37.54300
 42
1.0
  0
SEQEND
  8
2DLINES_1
  0
POLYLINE
 5
49E
  8
2DLINES_1
 66
1
 40
0.203200
 41
0.203200
  0
VERTEX
 5
49F
  8
2DLINES_1
 10
31.44800
 20
37.54300
  0
VERTEX
 5
4A0
  8
2DLINES_1
 10
26.43800
 20
37.54300
  0
SEQEND
  8
2DLINES_1
  0
POLYLINE
 5
4A1
  8
2DLINES_1
 66
1
 70
1
 40
0.101600
 41
0.101600
  0
VERTEX
 5
4A2
  8
2DLINES_1
 10
31.39720
 20
37.54300
 42
1.0
  0
VERTEX
 5
4A3
  8
2DLINES_1
 10
31.49880
 20
37.54300
 42
1.0
  0
SEQEND
  8
2DLINES_1
  0
POLYLINE
 5
4A4
  8
2DLINES_1
 66
1
 70
1
 40
0.101600
 41
0.101600
  0
VERTEX
 5
4A5
  8
2DLINES_1
 10
26.38720
 20
37.54300
 42
1.0
  0
VERTEX
 5
4A6
  8
2DLINES_1
 10
26.48880
 20
37.54300
 42
1.0
  0
SEQEND
  8
2DLINES_1
  0
POLYLINE
 5
4A7
  8
2DLINES_1
 66
1
 40
0.203200
 41
0.203200
  0
VERTEX
 5
4A8
  8
2DLINES_1
 10
26.43800
 20
37.54300
  0
VERTEX
 5
4A9
  8
2DLINES_1
 10
26.43800
 20
40.37900
  0
SEQEND
  8
2DLINES_1
  0
POLYLINE
 5
4AA
  8
2DLINES_1
 66
1
 70
1
 40
0.101600
 41
0.101600
  0
VERTEX
 5
4AB
  8
2DLINES_1
 10
26.38720
 20
37.54300
 42
1.0
  0
VERTEX
 5
4AC
  8
2DLINES_1
 10
26.48880
 20
37.54300
 42
1.0
  0
SEQEND
  8
2DLINES_1
  0
POLYLINE
 5
4AD
  8
2DLINES_1
 66
1
 70
1
 40
0.101600
 41
0.101600
  0
VERTEX
 5
4AE
  8
2DLINES_1
 10
26.38720
 20
40.37900
 42
1.0
  0
VERTEX
 5
4AF
  8
2DLINES_1
 10
26.48880
 20
40.37900
 42
1.0
  0
SEQEND
  8
2DLINES_1
  0
POLYLINE
 5
4B0
  8
2DLINES_1
 66
1
 40
0.203200
 41
0.203200
  0
VERTEX
 5
4B1
  8
2DLINES_1
 10
26.43800
 20
40.37900
  0
VERTEX
 5
4B2
  8
2DLINES_1
 10
31.44800
 20
40.37900
  0
SEQEND
  8
2DLINES_1
  0
POLYLINE
 5
4B3
  8
2DLINES_1
 66
1
 70
1
 40
0.101600
 41
0.101600
  0
VERTEX
 5
4B4
  8
2DLINES_1
 10
26.38720
 20
40.37900
 42
1.0
  0
VERTEX
 5
4B5
  8
2DLINES_1
 10
26.48880
 20
40.37900
 42
1.0
  0
SEQEND
  8
2DLINES_1
  0
POLYLINE
 5
4B6
  8
2DLINES_1
 66
1
 70
1
 40
0.101600
 41
0.101600
  0
VERTEX
 5
4B7
  8
2DLINES_1
 10
31.39720
 20
40.37900
 42
1.0
  0
VERTEX
 5
4B8
  8
2DLINES_1
 10
31.49880
 20
40.37900
 42
1.0
  0
SEQEND
  8
2DLINES_1
  0
POLYLINE
 5
4B9
  8
PLACEMENT_OUTLINE_TOP
 66
1
 40
0.203200
 41
0.203200
  0
VERTEX
 5
4BA
  8
PLACEMENT_OUTLINE_TOP
 10
31.44800
 20
40.37900
  0
VERTEX
 5
4BB
  8
PLACEMENT_OUTLINE_TOP
 10
31.44800
 20
39.14880
  0
SEQEND
  8
PLACEMENT_OUTLINE_TOP
  0
POLYLINE
 5
4BC
  8
PLACEMENT_OUTLINE_TOP
 66
1
 70
1
 40
0.101600
 41
0.101600
  0
VERTEX
 5
4BD
  8
PLACEMENT_OUTLINE_TOP
 10
31.39720
 20
40.37900
 42
1.0
  0
VERTEX
 5
4BE
  8
PLACEMENT_OUTLINE_TOP
 10
31.49880
 20
40.37900
 42
1.0
  0
SEQEND
  8
PLACEMENT_OUTLINE_TOP
  0
POLYLINE
 5
4BF
  8
PLACEMENT_OUTLINE_TOP
 66
1
 70
1
 40
0.101600
 41
0.101600
  0
VERTEX
 5
4C0
  8
PLACEMENT_OUTLINE_TOP
 10
31.39720
 20
39.14880
 42
1.0
  0
VERTEX
 5
4C1
  8
PLACEMENT_OUTLINE_TOP
 10
31.49880
 20
39.14880
 42
1.0
  0
SEQEND
  8
PLACEMENT_OUTLINE_TOP
  0
POLYLINE
 5
4C2
  8
PLACEMENT_OUTLINE_TOP
 66
1
 40
0.203200
 41
0.203200
  0
VERTEX
 5
4C3
  8
PLACEMENT_OUTLINE_TOP
 10
31.44800
 20
39.14880
  0
VERTEX
 5
4C4
  8
PLACEMENT_OUTLINE_TOP
 10
31.13488
 20
39.14880
  0
SEQEND
  8
PLACEMENT_OUTLINE_TOP
  0
POLYLINE
 5
4C5
  8
PLACEMENT_OUTLINE_TOP
 66
1
 70
1
 40
0.101600
 41
0.101600
  0
VERTEX
 5
4C6
  8
PLACEMENT_OUTLINE_TOP
 10
31.39720
 20
39.14880
 42
1.0
  0
VERTEX
 5
4C7
  8
PLACEMENT_OUTLINE_TOP
 10
31.49880
 20
39.14880
 42
1.0
  0
SEQEND
  8
PLACEMENT_OUTLINE_TOP
  0
POLYLINE
 5
4C8
  8
PLACEMENT_OUTLINE_TOP
 66
1
 70
1
 40
0.101600
 41
0.101600
  0
VERTEX
 5
4C9
  8
PLACEMENT_OUTLINE_TOP
 10
31.08408
 20
39.14880
 42
1.0
  0
VERTEX
 5
4CA
  8
PLACEMENT_OUTLINE_TOP
 10
31.18568
 20
39.14880
 42
1.0
  0
SEQEND
  8
PLACEMENT_OUTLINE_TOP
  0
POLYLINE
 5
4CB
  8
PLACEMENT_OUTLINE_TOP
 66
1
 40
0.203200
 41
0.203200
  0
VERTEX
 5
4CC
  8
PLACEMENT_OUTLINE_TOP
 10
31.13488
 20
39.14880
  0
VERTEX
 5
4CD
  8
PLACEMENT_OUTLINE_TOP
 10
31.13488
 20
38.71700
  0
SEQEND
  8
PLACEMENT_OUTLINE_TOP
  0
POLYLINE
 5
4CE
  8
PLACEMENT_OUTLINE_TOP
 66
1
 70
1
 40
0.101600
 41
0.101600
  0
VERTEX
 5
4CF
  8
PLACEMENT_OUTLINE_TOP
 10
31.08408
 20
39.14880
 42
1.0
  0
VERTEX
 5
4D0
  8
PLACEMENT_OUTLINE_TOP
 10
31.18568
 20
39.14880
 42
1.0
  0
SEQEND
  8
PLACEMENT_OUTLINE_TOP
  0
POLYLINE
 5
4D1
  8
PLACEMENT_OUTLINE_TOP
 66
1
 70
1
 40
0.101600
 41
0.101600
  0
VERTEX
 5
4D2
  8
PLACEMENT_OUTLINE_TOP
 10
31.08408
 20
38.71700
 42
1.0
  0
VERTEX
 5
4D3
  8
PLACEMENT_OUTLINE_TOP
 10
31.18568
 20
38.71700
 42
1.0
  0
SEQEND
  8
PLACEMENT_OUTLINE_TOP
  0
POLYLINE
 5
4D4
  8
PLACEMENT_OUTLINE_TOP
 66
1
 40
0.203200
 41
0.203200
  0
VERTEX
 5
4D5
  8
PLACEMENT_OUTLINE_TOP
 10
31.13488
 20
38.71700
  0
VERTEX
 5
4D6
  8
PLACEMENT_OUTLINE_TOP
 10
31.44800
 20
38.71700
  0
SEQEND
  8
PLACEMENT_OUTLINE_TOP
  0
POLYLINE
 5
4D7
  8
PLACEMENT_OUTLINE_TOP
 66
1
 70
1
 40
0.101600
 41
0.101600
  0
VERTEX
 5
4D8
  8
PLACEMENT_OUTLINE_TOP
 10
31.08408
 20
38.71700
 42
1.0
  0
VERTEX
 5
4D9
  8
PLACEMENT_OUTLINE_TOP
 10
31.18568
 20
38.71700
 42
1.0
  0
SEQEND
  8
PLACEMENT_OUTLINE_TOP
  0
POLYLINE
 5
4DA
  8
PLACEMENT_OUTLINE_TOP
 66
1
 70
1
 40
0.101600
 41
0.101600
  0
VERTEX
 5
4DB
  8
PLACEMENT_OUTLINE_TOP
 10
31.39720
 20
38.71700
 42
1.0
  0
VERTEX
 5
4DC
  8
PLACEMENT_OUTLINE_TOP
 10
31.49880
 20
38.71700
 42
1.0
  0
SEQEND
  8
PLACEMENT_OUTLINE_TOP
  0
POLYLINE
 5
4DD
  8
PLACEMENT_OUTLINE_TOP
 66
1
 40
0.203200
 41
0.203200
  0
VERTEX
 5
4DE
  8
PLACEMENT_OUTLINE_TOP
 10
31.44800
 20
38.71700
  0
VERTEX
 5
4DF
  8
PLACEMENT_OUTLINE_TOP
 10
31.44800
 20
37.54300
  0
SEQEND
  8
PLACEMENT_OUTLINE_TOP
  0
POLYLINE
 5
4E0
  8
PLACEMENT_OUTLINE_TOP
 66
1
 70
1
 40
0.101600
 41
0.101600
  0
VERTEX
 5
4E1
  8
PLACEMENT_OUTLINE_TOP
 10
31.39720
 20
38.71700
 42
1.0
  0
VERTEX
 5
4E2
  8
PLACEMENT_OUTLINE_TOP
 10
31.49880
 20
38.71700
 42
1.0
  0
SEQEND
  8
PLACEMENT_OUTLINE_TOP
  0
POLYLINE
 5
4E3
  8
PLACEMENT_OUTLINE_TOP
 66
1
 70
1
 40
0.101600
 41
0.101600
  0
VERTEX
 5
4E4
  8
PLACEMENT_OUTLINE_TOP
 10
31.39720
 20
37.54300
 42
1.0
  0
VERTEX
 5
4E5
  8
PLACEMENT_OUTLINE_TOP
 10
31.49880
 20
37.54300
 42
1.0
  0
SEQEND
  8
PLACEMENT_OUTLINE_TOP
  0
POLYLINE
 5
4E6
  8
PLACEMENT_OUTLINE_TOP
 66
1
 40
0.203200
 41
0.203200
  0
VERTEX
 5
4E7
  8
PLACEMENT_OUTLINE_TOP
 10
31.44800
 20
37.54300
  0
VERTEX
 5
4E8
  8
PLACEMENT_OUTLINE_TOP
 10
26.43800
 20
37.54300
  0
SEQEND
  8
PLACEMENT_OUTLINE_TOP
  0
POLYLINE
 5
4E9
  8
PLACEMENT_OUTLINE_TOP
 66
1
 70
1
 40
0.101600
 41
0.101600
  0
VERTEX
 5
4EA
  8
PLACEMENT_OUTLINE_TOP
 10
31.39720
 20
37.54300
 42
1.0
  0
VERTEX
 5
4EB
  8
PLACEMENT_OUTLINE_TOP
 10
31.49880
 20
37.54300
 42
1.0
  0
SEQEND
  8
PLACEMENT_OUTLINE_TOP
  0
POLYLINE
 5
4EC
  8
PLACEMENT_OUTLINE_TOP
 66
1
 70
1
 40
0.101600
 41
0.101600
  0
VERTEX
 5
4ED
  8
PLACEMENT_OUTLINE_TOP
 10
26.38720
 20
37.54300
 42
1.0
  0
VERTEX
 5
4EE
  8
PLACEMENT_OUTLINE_TOP
 10
26.48880
 20
37.54300
 42
1.0
  0
SEQEND
  8
PLACEMENT_OUTLINE_TOP
  0
POLYLINE
 5
4EF
  8
PLACEMENT_OUTLINE_TOP
 66
1
 40
0.203200
 41
0.203200
  0
VERTEX
 5
4F0
  8
PLACEMENT_OUTLINE_TOP
 10
26.43800
 20
37.54300
  0
VERTEX
 5
4F1
  8
PLACEMENT_OUTLINE_TOP
 10
26.43800
 20
40.37900
  0
SEQEND
  8
PLACEMENT_OUTLINE_TOP
  0
POLYLINE
 5
4F2
  8
PLACEMENT_OUTLINE_TOP
 66
1
 70
1
 40
0.101600
 41
0.101600
  0
VERTEX
 5
4F3
  8
PLACEMENT_OUTLINE_TOP
 10
26.38720
 20
37.54300
 42
1.0
  0
VERTEX
 5
4F4
  8
PLACEMENT_OUTLINE_TOP
 10
26.48880
 20
37.54300
 42
1.0
  0
SEQEND
  8
PLACEMENT_OUTLINE_TOP
  0
POLYLINE
 5
4F5
  8
PLACEMENT_OUTLINE_TOP
 66
1
 70
1
 40
0.101600
 41
0.101600
  0
VERTEX
 5
4F6
  8
PLACEMENT_OUTLINE_TOP
 10
26.38720
 20
40.37900
 42
1.0
  0
VERTEX
 5
4F7
  8
PLACEMENT_OUTLINE_TOP
 10
26.48880
 20
40.37900
 42
1.0
  0
SEQEND
  8
PLACEMENT_OUTLINE_TOP
  0
POLYLINE
 5
4F8
  8
PLACEMENT_OUTLINE_TOP
 66
1
 40
0.203200
 41
0.203200
  0
VERTEX
 5
4F9
  8
PLACEMENT_OUTLINE_TOP
 10
26.43800
 20
40.37900
  0
VERTEX
 5
4FA
  8
PLACEMENT_OUTLINE_TOP
 10
31.44800
 20
40.37900
  0
SEQEND
  8
PLACEMENT_OUTLINE_TOP
  0
POLYLINE
 5
4FB
  8
PLACEMENT_OUTLINE_TOP
 66
1
 70
1
 40
0.101600
 41
0.101600
  0
VERTEX
 5
4FC
  8
PLACEMENT_OUTLINE_TOP
 10
26.38720
 20
40.37900
 42
1.0
  0
VERTEX
 5
4FD
  8
PLACEMENT_OUTLINE_TOP
 10
26.48880
 20
40.37900
 42
1.0
  0
SEQEND
  8
PLACEMENT_OUTLINE_TOP
  0
POLYLINE
 5
4FE
  8
PLACEMENT_OUTLINE_TOP
 66
1
 70
1
 40
0.101600
 41
0.101600
  0
VERTEX
 5
4FF
  8
PLACEMENT_OUTLINE_TOP
 10
31.39720
 20
40.37900
 42
1.0
  0
VERTEX
 5
500
  8
PLACEMENT_OUTLINE_TOP
 10
31.49880
 20
40.37900
 42
1.0
  0
SEQEND
  8
PLACEMENT_OUTLINE_TOP
  0
SOLID
 5
501
  8
PADLAYER_TOP
 10
30.54800
 20
42.42100
 11
30.54800
 21
40.72100
 12
31.14800
 22
42.42100
 13
31.14800
 23
40.72100
  0
SOLID
 5
502
  8
PADLAYER_TOP
 10
29.27800
 20
42.41180
 11
29.27800
 21
40.71180
 12
29.87800
 22
42.41180
 13
29.87800
 23
40.71180
  0
SOLID
 5
503
  8
PADLAYER_TOP
 10
28.00800
 20
42.41180
 11
28.00800
 21
40.71180
 12
28.60800
 22
42.41180
 13
28.60800
 23
40.71180
  0
SOLID
 5
504
  8
PADLAYER_TOP
 10
26.73800
 20
42.41180
 11
26.73800
 21
40.71180
 12
27.33800
 22
42.41180
 13
27.33800
 23
40.71180
  0
SOLID
 5
505
  8
PADLAYER_TOP
 10
26.73800
 20
37.23020
 11
26.73800
 21
35.53020
 12
27.33800
 22
37.23020
 13
27.33800
 23
35.53020
  0
SOLID
 5
506
  8
PADLAYER_TOP
 10
28.00800
 20
37.23020
 11
28.00800
 21
35.53020
 12
28.60800
 22
37.23020
 13
28.60800
 23
35.53020
  0
SOLID
 5
507
  8
PADLAYER_TOP
 10
29.27800
 20
37.23020
 11
29.27800
 21
35.53020
 12
29.87800
 22
37.23020
 13
29.87800
 23
35.53020
  0
SOLID
 5
508
  8
PADLAYER_TOP
 10
30.54800
 20
37.22100
 11
30.54800
 21
35.52100
 12
31.14800
 22
37.22100
 13
31.14800
 23
35.52100
  0
SOLID
 5
509
  8
PADLAYER_TOP
 10
30.61800
 20
40.19600
 11
27.26800
 21
40.19600
 12
30.61800
 22
37.74600
 13
27.26800
 23
37.74600
  0
POLYLINE
 5
50A
  8
2DLINES_1
 66
1
 40
0.254000
 41
0.254000
  0
VERTEX
 5
50B
  8
2DLINES_1
 10
23.36800
 20
50.50800
  0
VERTEX
 5
50C
  8
2DLINES_1
 10
22.73300
 20
50.50800
  0
SEQEND
  8
2DLINES_1
  0
POLYLINE
 5
50D
  8
2DLINES_1
 66
1
 70
1
 40
0.127000
 41
0.127000
  0
VERTEX
 5
50E
  8
2DLINES_1
 10
23.30450
 20
50.50800
 42
1.0
  0
VERTEX
 5
50F
  8
2DLINES_1
 10
23.43150
 20
50.50800
 42
1.0
  0
SEQEND
  8
2DLINES_1
  0
POLYLINE
 5
510
  8
2DLINES_1
 66
1
 70
1
 40
0.127000
 41
0.127000
  0
VERTEX
 5
511
  8
2DLINES_1
 10
22.66950
 20
50.50800
 42
1.0
  0
VERTEX
 5
512
  8
2DLINES_1
 10
22.79650
 20
50.50800
 42
1.0
  0
SEQEND
  8
2DLINES_1
  0
POLYLINE
 5
513
  8
2DLINES_1
 66
1
 40
0.254000
 41
0.254000
  0
VERTEX
 5
514
  8
2DLINES_1
 10
22.73300
 20
50.50800
  0
VERTEX
 5
515
  8
2DLINES_1
 10
22.73300
 20
49.23800
  0
SEQEND
  8
2DLINES_1
  0
POLYLINE
 5
516
  8
2DLINES_1
 66
1
 70
1
 40
0.127000
 41
0.127000
  0
VERTEX
 5
517
  8
2DLINES_1
 10
22.66950
 20
50.50800
 42
1.0
  0
VERTEX
 5
518
  8
2DLINES_1
 10
22.79650
 20
50.50800
 42
1.0
  0
SEQEND
  8
2DLINES_1
  0
POLYLINE
 5
519
  8
2DLINES_1
 66
1
 70
1
 40
0.127000
 41
0.127000
  0
VERTEX
 5
51A
  8
2DLINES_1
 10
22.66950
 20
49.23800
 42
1.0
  0
VERTEX
 5
51B
  8
2DLINES_1
 10
22.79650
 20
49.23800
 42
1.0
  0
SEQEND
  8
2DLINES_1
  0
POLYLINE
 5
51C
  8
2DLINES_1
 66
1
 40
0.254000
 41
0.254000
  0
VERTEX
 5
51D
  8
2DLINES_1
 10
24.89200
 20
50.50800
  0
VERTEX
 5
51E
  8
2DLINES_1
 10
25.52700
 20
50.50800
  0
SEQEND
  8
2DLINES_1
  0
POLYLINE
 5
51F
  8
2DLINES_1
 66
1
 70
1
 40
0.127000
 41
0.127000
  0
VERTEX
 5
520
  8
2DLINES_1
 10
24.82850
 20
50.50800
 42
1.0
  0
VERTEX
 5
521
  8
2DLINES_1
 10
24.95550
 20
50.50800
 42
1.0
  0
SEQEND
  8
2DLINES_1
  0
POLYLINE
 5
522
  8
2DLINES_1
 66
1
 70
1
 40
0.127000
 41
0.127000
  0
VERTEX
 5
523
  8
2DLINES_1
 10
25.46350
 20
50.50800
 42
1.0
  0
VERTEX
 5
524
  8
2DLINES_1
 10
25.59050
 20
50.50800
 42
1.0
  0
SEQEND
  8
2DLINES_1
  0
POLYLINE
 5
525
  8
2DLINES_1
 66
1
 40
0.254000
 41
0.254000
  0
VERTEX
 5
526
  8
2DLINES_1
 10
25.52700
 20
50.50800
  0
VERTEX
 5
527
  8
2DLINES_1
 10
25.52700
 20
49.23800
  0
SEQEND
  8
2DLINES_1
  0
POLYLINE
 5
528
  8
2DLINES_1
 66
1
 70
1
 40
0.127000
 41
0.127000
  0
VERTEX
 5
529
  8
2DLINES_1
 10
25.46350
 20
50.50800
 42
1.0
  0
VERTEX
 5
52A
  8
2DLINES_1
 10
25.59050
 20
50.50800
 42
1.0
  0
SEQEND
  8
2DLINES_1
  0
POLYLINE
 5
52B
  8
2DLINES_1
 66
1
 70
1
 40
0.127000
 41
0.127000
  0
VERTEX
 5
52C
  8
2DLINES_1
 10
25.46350
 20
49.23800
 42
1.0
  0
VERTEX
 5
52D
  8
2DLINES_1
 10
25.59050
 20
49.23800
 42
1.0
  0
SEQEND
  8
2DLINES_1
  0
POLYLINE
 5
52E
  8
2DLINES_1
 66
1
 40
0.254000
 41
0.254000
  0
VERTEX
 5
52F
  8
2DLINES_1
 10
24.00300
 20
48.22200
  0
VERTEX
 5
530
  8
2DLINES_1
 10
24.25700
 20
48.22200
  0
SEQEND
  8
2DLINES_1
  0
POLYLINE
 5
531
  8
2DLINES_1
 66
1
 70
1
 40
0.127000
 41
0.127000
  0
VERTEX
 5
532
  8
2DLINES_1
 10
23.93950
 20
48.22200
 42
1.0
  0
VERTEX
 5
533
  8
2DLINES_1
 10
24.06650
 20
48.22200
 42
1.0
  0
SEQEND
  8
2DLINES_1
  0
POLYLINE
 5
534
  8
2DLINES_1
 66
1
 70
1
 40
0.127000
 41
0.127000
  0
VERTEX
 5
535
  8
2DLINES_1
 10
24.19350
 20
48.22200
 42
1.0
  0
VERTEX
 5
536
  8
2DLINES_1
 10
24.32050
 20
48.22200
 42
1.0
  0
SEQEND
  8
2DLINES_1
  0
POLYLINE
 5
537
  8
PLACEMENT_OUTLINE_TOP
 66
1
 40
0.025400
 41
0.025400
  0
VERTEX
 5
538
  8
PLACEMENT_OUTLINE_TOP
 10
22.72030
 20
48.04420
  0
VERTEX
 5
539
  8
PLACEMENT_OUTLINE_TOP
 10
22.72030
 20
51.16840
  0
SEQEND
  8
PLACEMENT_OUTLINE_TOP
  0
POLYLINE
 5
53A
  8
PLACEMENT_OUTLINE_TOP
 66
1
 70
1
 40
0.012700
 41
0.012700
  0
VERTEX
 5
53B
  8
PLACEMENT_OUTLINE_TOP
 10
22.71395
 20
48.04420
 42
1.0
  0
VERTEX
 5
53C
  8
PLACEMENT_OUTLINE_TOP
 10
22.72665
 20
48.04420
 42
1.0
  0
SEQEND
  8
PLACEMENT_OUTLINE_TOP
  0
POLYLINE
 5
53D
  8
PLACEMENT_OUTLINE_TOP
 66
1
 70
1
 40
0.012700
 41
0.012700
  0
VERTEX
 5
53E
  8
PLACEMENT_OUTLINE_TOP
 10
22.71395
 20
51.16840
 42
1.0
  0
VERTEX
 5
53F
  8
PLACEMENT_OUTLINE_TOP
 10
22.72665
 20
51.16840
 42
1.0
  0
SEQEND
  8
PLACEMENT_OUTLINE_TOP
  0
POLYLINE
 5
540
  8
PLACEMENT_OUTLINE_TOP
 66
1
 40
0.025400
 41
0.025400
  0
VERTEX
 5
541
  8
PLACEMENT_OUTLINE_TOP
 10
22.72030
 20
51.16840
  0
VERTEX
 5
542
  8
PLACEMENT_OUTLINE_TOP
 10
25.53970
 20
51.16840
  0
SEQEND
  8
PLACEMENT_OUTLINE_TOP
  0
POLYLINE
 5
543
  8
PLACEMENT_OUTLINE_TOP
 66
1
 70
1
 40
0.012700
 41
0.012700
  0
VERTEX
 5
544
  8
PLACEMENT_OUTLINE_TOP
 10
22.71395
 20
51.16840
 42
1.0
  0
VERTEX
 5
545
  8
PLACEMENT_OUTLINE_TOP
 10
22.72665
 20
51.16840
 42
1.0
  0
SEQEND
  8
PLACEMENT_OUTLINE_TOP
  0
POLYLINE
 5
546
  8
PLACEMENT_OUTLINE_TOP
 66
1
 70
1
 40
0.012700
 41
0.012700
  0
VERTEX
 5
547
  8
PLACEMENT_OUTLINE_TOP
 10
25.53335
 20
51.16840
 42
1.0
  0
VERTEX
 5
548
  8
PLACEMENT_OUTLINE_TOP
 10
25.54605
 20
51.16840
 42
1.0
  0
SEQEND
  8
PLACEMENT_OUTLINE_TOP
  0
POLYLINE
 5
549
  8
PLACEMENT_OUTLINE_TOP
 66
1
 40
0.025400
 41
0.025400
  0
VERTEX
 5
54A
  8
PLACEMENT_OUTLINE_TOP
 10
25.53970
 20
51.16840
  0
VERTEX
 5
54B
  8
PLACEMENT_OUTLINE_TOP
 10
25.53970
 20
48.04420
  0
SEQEND
  8
PLACEMENT_OUTLINE_TOP
  0
POLYLINE
 5
54C
  8
PLACEMENT_OUTLINE_TOP
 66
1
 70
1
 40
0.012700
 41
0.012700
  0
VERTEX
 5
54D
  8
PLACEMENT_OUTLINE_TOP
 10
25.53335
 20
51.16840
 42
1.0
  0
VERTEX
 5
54E
  8
PLACEMENT_OUTLINE_TOP
 10
25.54605
 20
51.16840
 42
1.0
  0
SEQEND
  8
PLACEMENT_OUTLINE_TOP
  0
POLYLINE
 5
54F
  8
PLACEMENT_OUTLINE_TOP
 66
1
 70
1
 40
0.012700
 41
0.012700
  0
VERTEX
 5
550
  8
PLACEMENT_OUTLINE_TOP
 10
25.53335
 20
48.04420
 42
1.0
  0
VERTEX
 5
551
  8
PLACEMENT_OUTLINE_TOP
 10
25.54605
 20
48.04420
 42
1.0
  0
SEQEND
  8
PLACEMENT_OUTLINE_TOP
  0
POLYLINE
 5
552
  8
PLACEMENT_OUTLINE_TOP
 66
1
 40
0.025400
 41
0.025400
  0
VERTEX
 5
553
  8
PLACEMENT_OUTLINE_TOP
 10
25.53970
 20
48.04420
  0
VERTEX
 5
554
  8
PLACEMENT_OUTLINE_TOP
 10
22.72030
 20
48.04420
  0
SEQEND
  8
PLACEMENT_OUTLINE_TOP
  0
POLYLINE
 5
555
  8
PLACEMENT_OUTLINE_TOP
 66
1
 70
1
 40
0.012700
 41
0.012700
  0
VERTEX
 5
556
  8
PLACEMENT_OUTLINE_TOP
 10
25.53335
 20
48.04420
 42
1.0
  0
VERTEX
 5
557
  8
PLACEMENT_OUTLINE_TOP
 10
25.54605
 20
48.04420
 42
1.0
  0
SEQEND
  8
PLACEMENT_OUTLINE_TOP
  0
POLYLINE
 5
558
  8
PLACEMENT_OUTLINE_TOP
 66
1
 70
1
 40
0.012700
 41
0.012700
  0
VERTEX
 5
559
  8
PLACEMENT_OUTLINE_TOP
 10
22.71395
 20
48.04420
 42
1.0
  0
VERTEX
 5
55A
  8
PLACEMENT_OUTLINE_TOP
 10
22.72665
 20
48.04420
 42
1.0
  0
SEQEND
  8
PLACEMENT_OUTLINE_TOP
  0
SOLID
 5
55B
  8
PADLAYER_TOP
 10
22.72030
 20
48.04420
 11
23.63470
 21
48.04420
 12
22.72030
 22
48.95860
 13
23.63470
 23
48.95860
  0
SOLID
 5
55C
  8
PADLAYER_TOP
 10
24.62530
 20
48.04420
 11
25.53970
 21
48.04420
 12
24.62530
 22
48.95860
 13
25.53970
 23
48.95860
  0
SOLID
 5
55D
  8
PADLAYER_TOP
 10
24.58720
 20
49.89840
 11
24.58720
 21
51.16840
 12
23.67280
 22
49.89840
 13
23.67280
 23
51.16840
  0
POLYLINE
 5
55E
  8
LAYNR1
 66
1
 40
0.203200
 41
0.203200
  0
VERTEX
 5
55F
  8
LAYNR1
 10
27.69000
 20
53.84200
  0
VERTEX
 5
560
  8
LAYNR1
 10
26.99000
 20
53.84200
  0
SEQEND
  8
LAYNR1
  0
POLYLINE
 5
561
  8
LAYNR1
 66
1
 70
1
 40
0.101600
 41
0.101600
  0
VERTEX
 5
562
  8
LAYNR1
 10
27.63920
 20
53.84200
 42
1.0
  0
VERTEX
 5
563
  8
LAYNR1
 10
27.74080
 20
53.84200
 42
1.0
  0
SEQEND
  8
LAYNR1
  0
POLYLINE
 5
564
  8
LAYNR1
 66
1
 70
1
 40
0.101600
 41
0.101600
  0
VERTEX
 5
565
  8
LAYNR1
 10
26.93920
 20
53.84200
 42
1.0
  0
VERTEX
 5
566
  8
LAYNR1
 10
27.04080
 20
53.84200
 42
1.0
  0
SEQEND
  8
LAYNR1
  0
POLYLINE
 5
567
  8
PLACEMENT_OUTLINE_TOP
 66
1
 40
0.100000
 41
0.100000
  0
VERTEX
 5
568
  8
PLACEMENT_OUTLINE_TOP
 10
27.97500
 20
52.44500
  0
VERTEX
 5
569
  8
PLACEMENT_OUTLINE_TOP
 10
27.97500
 20
55.23900
  0
SEQEND
  8
PLACEMENT_OUTLINE_TOP
  0
POLYLINE
 5
56A
  8
PLACEMENT_OUTLINE_TOP
 66
1
 70
1
 40
0.050000
 41
0.050000
  0
VERTEX
 5
56B
  8
PLACEMENT_OUTLINE_TOP
 10
27.95000
 20
52.44500
 42
1.0
  0
VERTEX
 5
56C
  8
PLACEMENT_OUTLINE_TOP
 10
28.00000
 20
52.44500
 42
1.0
  0
SEQEND
  8
PLACEMENT_OUTLINE_TOP
  0
POLYLINE
 5
56D
  8
PLACEMENT_OUTLINE_TOP
 66
1
 70
1
 40
0.050000
 41
0.050000
  0
VERTEX
 5
56E
  8
PLACEMENT_OUTLINE_TOP
 10
27.95000
 20
55.23900
 42
1.0
  0
VERTEX
 5
56F
  8
PLACEMENT_OUTLINE_TOP
 10
28.00000
 20
55.23900
 42
1.0
  0
SEQEND
  8
PLACEMENT_OUTLINE_TOP
  0
POLYLINE
 5
570
  8
PLACEMENT_OUTLINE_TOP
 66
1
 40
0.100000
 41
0.100000
  0
VERTEX
 5
571
  8
PLACEMENT_OUTLINE_TOP
 10
27.97500
 20
55.23900
  0
VERTEX
 5
572
  8
PLACEMENT_OUTLINE_TOP
 10
26.70500
 20
55.23900
  0
SEQEND
  8
PLACEMENT_OUTLINE_TOP
  0
POLYLINE
 5
573
  8
PLACEMENT_OUTLINE_TOP
 66
1
 70
1
 40
0.050000
 41
0.050000
  0
VERTEX
 5
574
  8
PLACEMENT_OUTLINE_TOP
 10
27.95000
 20
55.23900
 42
1.0
  0
VERTEX
 5
575
  8
PLACEMENT_OUTLINE_TOP
 10
28.00000
 20
55.23900
 42
1.0
  0
SEQEND
  8
PLACEMENT_OUTLINE_TOP
  0
POLYLINE
 5
576
  8
PLACEMENT_OUTLINE_TOP
 66
1
 70
1
 40
0.050000
 41
0.050000
  0
VERTEX
 5
577
  8
PLACEMENT_OUTLINE_TOP
 10
26.68000
 20
55.23900
 42
1.0
  0
VERTEX
 5
578
  8
PLACEMENT_OUTLINE_TOP
 10
26.73000
 20
55.23900
 42
1.0
  0
SEQEND
  8
PLACEMENT_OUTLINE_TOP
  0
POLYLINE
 5
579
  8
PLACEMENT_OUTLINE_TOP
 66
1
 40
0.100000
 41
0.100000
  0
VERTEX
 5
57A
  8
PLACEMENT_OUTLINE_TOP
 10
26.70500
 20
55.23900
  0
VERTEX
 5
57B
  8
PLACEMENT_OUTLINE_TOP
 10
26.70500
 20
52.44500
  0
SEQEND
  8
PLACEMENT_OUTLINE_TOP
  0
POLYLINE
 5
57C
  8
PLACEMENT_OUTLINE_TOP
 66
1
 70
1
 40
0.050000
 41
0.050000
  0
VERTEX
 5
57D
  8
PLACEMENT_OUTLINE_TOP
 10
26.68000
 20
55.23900
 42
1.0
  0
VERTEX
 5
57E
  8
PLACEMENT_OUTLINE_TOP
 10
26.73000
 20
55.23900
 42
1.0
  0
SEQEND
  8
PLACEMENT_OUTLINE_TOP
  0
POLYLINE
 5
57F
  8
PLACEMENT_OUTLINE_TOP
 66
1
 70
1
 40
0.050000
 41
0.050000
  0
VERTEX
 5
580
  8
PLACEMENT_OUTLINE_TOP
 10
26.68000
 20
52.44500
 42
1.0
  0
VERTEX
 5
581
  8
PLACEMENT_OUTLINE_TOP
 10
26.73000
 20
52.44500
 42
1.0
  0
SEQEND
  8
PLACEMENT_OUTLINE_TOP
  0
POLYLINE
 5
582
  8
PLACEMENT_OUTLINE_TOP
 66
1
 40
0.100000
 41
0.100000
  0
VERTEX
 5
583
  8
PLACEMENT_OUTLINE_TOP
 10
26.70500
 20
52.44500
  0
VERTEX
 5
584
  8
PLACEMENT_OUTLINE_TOP
 10
27.97500
 20
52.44500
  0
SEQEND
  8
PLACEMENT_OUTLINE_TOP
  0
POLYLINE
 5
585
  8
PLACEMENT_OUTLINE_TOP
 66
1
 70
1
 40
0.050000
 41
0.050000
  0
VERTEX
 5
586
  8
PLACEMENT_OUTLINE_TOP
 10
26.68000
 20
52.44500
 42
1.0
  0
VERTEX
 5
587
  8
PLACEMENT_OUTLINE_TOP
 10
26.73000
 20
52.44500
 42
1.0
  0
SEQEND
  8
PLACEMENT_OUTLINE_TOP
  0
POLYLINE
 5
588
  8
PLACEMENT_OUTLINE_TOP
 66
1
 70
1
 40
0.050000
 41
0.050000
  0
VERTEX
 5
589
  8
PLACEMENT_OUTLINE_TOP
 10
27.95000
 20
52.44500
 42
1.0
  0
VERTEX
 5
58A
  8
PLACEMENT_OUTLINE_TOP
 10
28.00000
 20
52.44500
 42
1.0
  0
SEQEND
  8
PLACEMENT_OUTLINE_TOP
  0
SOLID
 5
58B
  8
PADLAYER_TOP
 10
26.88280
 20
55.06120
 11
26.88280
 21
54.14680
 12
27.79720
 22
55.06120
 13
27.79720
 23
54.14680
  0
SOLID
 5
58C
  8
PADLAYER_TOP
 10
26.88280
 20
53.53720
 11
26.88280
 21
52.62280
 12
27.79720
 22
53.53720
 13
27.79720
 23
52.62280
  0
POLYLINE
 5
58D
  8
LAYNR1
 66
1
 40
0.150000
 41
0.150000
  0
VERTEX
 5
58E
  8
LAYNR1
 10
35.56500
 20
43.54700
  0
VERTEX
 5
58F
  8
LAYNR1
 10
35.56500
 20
44.24700
  0
SEQEND
  8
LAYNR1
  0
POLYLINE
 5
590
  8
LAYNR1
 66
1
 70
1
 40
0.075000
 41
0.075000
  0
VERTEX
 5
591
  8
LAYNR1
 10
35.52750
 20
43.54700
 42
1.0
  0
VERTEX
 5
592
  8
LAYNR1
 10
35.60250
 20
43.54700
 42
1.0
  0
SEQEND
  8
LAYNR1
  0
POLYLINE
 5
593
  8
LAYNR1
 66
1
 70
1
 40
0.075000
 41
0.075000
  0
VERTEX
 5
594
  8
LAYNR1
 10
35.52750
 20
44.24700
 42
1.0
  0
VERTEX
 5
595
  8
LAYNR1
 10
35.60250
 20
44.24700
 42
1.0
  0
SEQEND
  8
LAYNR1
  0
POLYLINE
 5
596
  8
PLACEMENT_OUTLINE_TOP
 66
1
 40
0.100000
 41
0.100000
  0
VERTEX
 5
597
  8
PLACEMENT_OUTLINE_TOP
 10
36.96200
 20
44.53200
  0
VERTEX
 5
598
  8
PLACEMENT_OUTLINE_TOP
 10
34.16800
 20
44.53200
  0
SEQEND
  8
PLACEMENT_OUTLINE_TOP
  0
POLYLINE
 5
599
  8
PLACEMENT_OUTLINE_TOP
 66
1
 70
1
 40
0.050000
 41
0.050000
  0
VERTEX
 5
59A
  8
PLACEMENT_OUTLINE_TOP
 10
36.93700
 20
44.53200
 42
1.0
  0
VERTEX
 5
59B
  8
PLACEMENT_OUTLINE_TOP
 10
36.98700
 20
44.53200
 42
1.0
  0
SEQEND
  8
PLACEMENT_OUTLINE_TOP
  0
POLYLINE
 5
59C
  8
PLACEMENT_OUTLINE_TOP
 66
1
 70
1
 40
0.050000
 41
0.050000
  0
VERTEX
 5
59D
  8
PLACEMENT_OUTLINE_TOP
 10
34.14300
 20
44.53200
 42
1.0
  0
VERTEX
 5
59E
  8
PLACEMENT_OUTLINE_TOP
 10
34.19300
 20
44.53200
 42
1.0
  0
SEQEND
  8
PLACEMENT_OUTLINE_TOP
  0
POLYLINE
 5
59F
  8
PLACEMENT_OUTLINE_TOP
 66
1
 40
0.100000
 41
0.100000
  0
VERTEX
 5
5A0
  8
PLACEMENT_OUTLINE_TOP
 10
34.16800
 20
44.53200
  0
VERTEX
 5
5A1
  8
PLACEMENT_OUTLINE_TOP
 10
34.16800
 20
43.26200
  0
SEQEND
  8
PLACEMENT_OUTLINE_TOP
  0
POLYLINE
 5
5A2
  8
PLACEMENT_OUTLINE_TOP
 66
1
 70
1
 40
0.050000
 41
0.050000
  0
VERTEX
 5
5A3
  8
PLACEMENT_OUTLINE_TOP
 10
34.14300
 20
44.53200
 42
1.0
  0
VERTEX
 5
5A4
  8
PLACEMENT_OUTLINE_TOP
 10
34.19300
 20
44.53200
 42
1.0
  0
SEQEND
  8
PLACEMENT_OUTLINE_TOP
  0
POLYLINE
 5
5A5
  8
PLACEMENT_OUTLINE_TOP
 66
1
 70
1
 40
0.050000
 41
0.050000
  0
VERTEX
 5
5A6
  8
PLACEMENT_OUTLINE_TOP
 10
34.14300
 20
43.26200
 42
1.0
  0
VERTEX
 5
5A7
  8
PLACEMENT_OUTLINE_TOP
 10
34.19300
 20
43.26200
 42
1.0
  0
SEQEND
  8
PLACEMENT_OUTLINE_TOP
  0
POLYLINE
 5
5A8
  8
PLACEMENT_OUTLINE_TOP
 66
1
 40
0.100000
 41
0.100000
  0
VERTEX
 5
5A9
  8
PLACEMENT_OUTLINE_TOP
 10
34.16800
 20
43.26200
  0
VERTEX
 5
5AA
  8
PLACEMENT_OUTLINE_TOP
 10
36.96200
 20
43.26200
  0
SEQEND
  8
PLACEMENT_OUTLINE_TOP
  0
POLYLINE
 5
5AB
  8
PLACEMENT_OUTLINE_TOP
 66
1
 70
1
 40
0.050000
 41
0.050000
  0
VERTEX
 5
5AC
  8
PLACEMENT_OUTLINE_TOP
 10
34.14300
 20
43.26200
 42
1.0
  0
VERTEX
 5
5AD
  8
PLACEMENT_OUTLINE_TOP
 10
34.19300
 20
43.26200
 42
1.0
  0
SEQEND
  8
PLACEMENT_OUTLINE_TOP
  0
POLYLINE
 5
5AE
  8
PLACEMENT_OUTLINE_TOP
 66
1
 70
1
 40
0.050000
 41
0.050000
  0
VERTEX
 5
5AF
  8
PLACEMENT_OUTLINE_TOP
 10
36.93700
 20
43.26200
 42
1.0
  0
VERTEX
 5
5B0
  8
PLACEMENT_OUTLINE_TOP
 10
36.98700
 20
43.26200
 42
1.0
  0
SEQEND
  8
PLACEMENT_OUTLINE_TOP
  0
POLYLINE
 5
5B1
  8
PLACEMENT_OUTLINE_TOP
 66
1
 40
0.100000
 41
0.100000
  0
VERTEX
 5
5B2
  8
PLACEMENT_OUTLINE_TOP
 10
36.96200
 20
43.26200
  0
VERTEX
 5
5B3
  8
PLACEMENT_OUTLINE_TOP
 10
36.96200
 20
44.53200
  0
SEQEND
  8
PLACEMENT_OUTLINE_TOP
  0
POLYLINE
 5
5B4
  8
PLACEMENT_OUTLINE_TOP
 66
1
 70
1
 40
0.050000
 41
0.050000
  0
VERTEX
 5
5B5
  8
PLACEMENT_OUTLINE_TOP
 10
36.93700
 20
43.26200
 42
1.0
  0
VERTEX
 5
5B6
  8
PLACEMENT_OUTLINE_TOP
 10
36.98700
 20
43.26200
 42
1.0
  0
SEQEND
  8
PLACEMENT_OUTLINE_TOP
  0
POLYLINE
 5
5B7
  8
PLACEMENT_OUTLINE_TOP
 66
1
 70
1
 40
0.050000
 41
0.050000
  0
VERTEX
 5
5B8
  8
PLACEMENT_OUTLINE_TOP
 10
36.93700
 20
44.53200
 42
1.0
  0
VERTEX
 5
5B9
  8
PLACEMENT_OUTLINE_TOP
 10
36.98700
 20
44.53200
 42
1.0
  0
SEQEND
  8
PLACEMENT_OUTLINE_TOP
  0
SOLID
 5
5BA
  8
PADLAYER_TOP
 10
34.34580
 20
43.43980
 11
35.26020
 21
43.43980
 12
34.34580
 22
44.35420
 13
35.26020
 23
44.35420
  0
SOLID
 5
5BB
  8
PADLAYER_TOP
 10
35.86980
 20
43.43980
 11
36.78420
 21
43.43980
 12
35.86980
 22
44.35420
 13
36.78420
 23
44.35420
  0
POLYLINE
 5
5BC
  8
LAYNR1
 66
1
 40
0.150000
 41
0.150000
  0
VERTEX
 5
5BD
  8
LAYNR1
 10
35.56500
 20
38.50700
  0
VERTEX
 5
5BE
  8
LAYNR1
 10
35.56500
 20
39.20700
  0
SEQEND
  8
LAYNR1
  0
POLYLINE
 5
5BF
  8
LAYNR1
 66
1
 70
1
 40
0.075000
 41
0.075000
  0
VERTEX
 5
5C0
  8
LAYNR1
 10
35.52750
 20
38.50700
 42
1.0
  0
VERTEX
 5
5C1
  8
LAYNR1
 10
35.60250
 20
38.50700
 42
1.0
  0
SEQEND
  8
LAYNR1
  0
POLYLINE
 5
5C2
  8
LAYNR1
 66
1
 70
1
 40
0.075000
 41
0.075000
  0
VERTEX
 5
5C3
  8
LAYNR1
 10
35.52750
 20
39.20700
 42
1.0
  0
VERTEX
 5
5C4
  8
LAYNR1
 10
35.60250
 20
39.20700
 42
1.0
  0
SEQEND
  8
LAYNR1
  0
POLYLINE
 5
5C5
  8
PLACEMENT_OUTLINE_TOP
 66
1
 40
0.100000
 41
0.100000
  0
VERTEX
 5
5C6
  8
PLACEMENT_OUTLINE_TOP
 10
36.96200
 20
39.49200
  0
VERTEX
 5
5C7
  8
PLACEMENT_OUTLINE_TOP
 10
34.16800
 20
39.49200
  0
SEQEND
  8
PLACEMENT_OUTLINE_TOP
  0
POLYLINE
 5
5C8
  8
PLACEMENT_OUTLINE_TOP
 66
1
 70
1
 40
0.050000
 41
0.050000
  0
VERTEX
 5
5C9
  8
PLACEMENT_OUTLINE_TOP
 10
36.93700
 20
39.49200
 42
1.0
  0
VERTEX
 5
5CA
  8
PLACEMENT_OUTLINE_TOP
 10
36.98700
 20
39.49200
 42
1.0
  0
SEQEND
  8
PLACEMENT_OUTLINE_TOP
  0
POLYLINE
 5
5CB
  8
PLACEMENT_OUTLINE_TOP
 66
1
 70
1
 40
0.050000
 41
0.050000
  0
VERTEX
 5
5CC
  8
PLACEMENT_OUTLINE_TOP
 10
34.14300
 20
39.49200
 42
1.0
  0
VERTEX
 5
5CD
  8
PLACEMENT_OUTLINE_TOP
 10
34.19300
 20
39.49200
 42
1.0
  0
SEQEND
  8
PLACEMENT_OUTLINE_TOP
  0
POLYLINE
 5
5CE
  8
PLACEMENT_OUTLINE_TOP
 66
1
 40
0.100000
 41
0.100000
  0
VERTEX
 5
5CF
  8
PLACEMENT_OUTLINE_TOP
 10
34.16800
 20
39.49200
  0
VERTEX
 5
5D0
  8
PLACEMENT_OUTLINE_TOP
 10
34.16800
 20
38.22200
  0
SEQEND
  8
PLACEMENT_OUTLINE_TOP
  0
POLYLINE
 5
5D1
  8
PLACEMENT_OUTLINE_TOP
 66
1
 70
1
 40
0.050000
 41
0.050000
  0
VERTEX
 5
5D2
  8
PLACEMENT_OUTLINE_TOP
 10
34.14300
 20
39.49200
 42
1.0
  0
VERTEX
 5
5D3
  8
PLACEMENT_OUTLINE_TOP
 10
34.19300
 20
39.49200
 42
1.0
  0
SEQEND
  8
PLACEMENT_OUTLINE_TOP
  0
POLYLINE
 5
5D4
  8
PLACEMENT_OUTLINE_TOP
 66
1
 70
1
 40
0.050000
 41
0.050000
  0
VERTEX
 5
5D5
  8
PLACEMENT_OUTLINE_TOP
 10
34.14300
 20
38.22200
 42
1.0
  0
VERTEX
 5
5D6
  8
PLACEMENT_OUTLINE_TOP
 10
34.19300
 20
38.22200
 42
1.0
  0
SEQEND
  8
PLACEMENT_OUTLINE_TOP
  0
POLYLINE
 5
5D7
  8
PLACEMENT_OUTLINE_TOP
 66
1
 40
0.100000
 41
0.100000
  0
VERTEX
 5
5D8
  8
PLACEMENT_OUTLINE_TOP
 10
34.16800
 20
38.22200
  0
VERTEX
 5
5D9
  8
PLACEMENT_OUTLINE_TOP
 10
36.96200
 20
38.22200
  0
SEQEND
  8
PLACEMENT_OUTLINE_TOP
  0
POLYLINE
 5
5DA
  8
PLACEMENT_OUTLINE_TOP
 66
1
 70
1
 40
0.050000
 41
0.050000
  0
VERTEX
 5
5DB
  8
PLACEMENT_OUTLINE_TOP
 10
34.14300
 20
38.22200
 42
1.0
  0
VERTEX
 5
5DC
  8
PLACEMENT_OUTLINE_TOP
 10
34.19300
 20
38.22200
 42
1.0
  0
SEQEND
  8
PLACEMENT_OUTLINE_TOP
  0
POLYLINE
 5
5DD
  8
PLACEMENT_OUTLINE_TOP
 66
1
 70
1
 40
0.050000
 41
0.050000
  0
VERTEX
 5
5DE
  8
PLACEMENT_OUTLINE_TOP
 10
36.93700
 20
38.22200
 42
1.0
  0
VERTEX
 5
5DF
  8
PLACEMENT_OUTLINE_TOP
 10
36.98700
 20
38.22200
 42
1.0
  0
SEQEND
  8
PLACEMENT_OUTLINE_TOP
  0
POLYLINE
 5
5E0
  8
PLACEMENT_OUTLINE_TOP
 66
1
 40
0.100000
 41
0.100000
  0
VERTEX
 5
5E1
  8
PLACEMENT_OUTLINE_TOP
 10
36.96200
 20
38.22200
  0
VERTEX
 5
5E2
  8
PLACEMENT_OUTLINE_TOP
 10
36.96200
 20
39.49200
  0
SEQEND
  8
PLACEMENT_OUTLINE_TOP
  0
POLYLINE
 5
5E3
  8
PLACEMENT_OUTLINE_TOP
 66
1
 70
1
 40
0.050000
 41
0.050000
  0
VERTEX
 5
5E4
  8
PLACEMENT_OUTLINE_TOP
 10
36.93700
 20
38.22200
 42
1.0
  0
VERTEX
 5
5E5
  8
PLACEMENT_OUTLINE_TOP
 10
36.98700
 20
38.22200
 42
1.0
  0
SEQEND
  8
PLACEMENT_OUTLINE_TOP
  0
POLYLINE
 5
5E6
  8
PLACEMENT_OUTLINE_TOP
 66
1
 70
1
 40
0.050000
 41
0.050000
  0
VERTEX
 5
5E7
  8
PLACEMENT_OUTLINE_TOP
 10
36.93700
 20
39.49200
 42
1.0
  0
VERTEX
 5
5E8
  8
PLACEMENT_OUTLINE_TOP
 10
36.98700
 20
39.49200
 42
1.0
  0
SEQEND
  8
PLACEMENT_OUTLINE_TOP
  0
SOLID
 5
5E9
  8
PADLAYER_TOP
 10
34.34580
 20
38.39980
 11
35.26020
 21
38.39980
 12
34.34580
 22
39.31420
 13
35.26020
 23
39.31420
  0
SOLID
 5
5EA
  8
PADLAYER_TOP
 10
35.86980
 20
38.39980
 11
36.78420
 21
38.39980
 12
35.86980
 22
39.31420
 13
36.78420
 23
39.31420
  0
POLYLINE
 5
5EB
  8
LAYNR1
 66
1
 40
0.150000
 41
0.150000
  0
VERTEX
 5
5EC
  8
LAYNR1
 10
30.34100
 20
44.46300
  0
VERTEX
 5
5ED
  8
LAYNR1
 10
30.34100
 20
43.76300
  0
SEQEND
  8
LAYNR1
  0
POLYLINE
 5
5EE
  8
LAYNR1
 66
1
 70
1
 40
0.075000
 41
0.075000
  0
VERTEX
 5
5EF
  8
LAYNR1
 10
30.30350
 20
44.46300
 42
1.0
  0
VERTEX
 5
5F0
  8
LAYNR1
 10
30.37850
 20
44.46300
 42
1.0
  0
SEQEND
  8
LAYNR1
  0
POLYLINE
 5
5F1
  8
LAYNR1
 66
1
 70
1
 40
0.075000
 41
0.075000
  0
VERTEX
 5
5F2
  8
LAYNR1
 10
30.30350
 20
43.76300
 42
1.0
  0
VERTEX
 5
5F3
  8
LAYNR1
 10
30.37850
 20
43.76300
 42
1.0
  0
SEQEND
  8
LAYNR1
  0
POLYLINE
 5
5F4
  8
PLACEMENT_OUTLINE_TOP
 66
1
 40
0.100000
 41
0.100000
  0
VERTEX
 5
5F5
  8
PLACEMENT_OUTLINE_TOP
 10
28.94400
 20
43.47800
  0
VERTEX
 5
5F6
  8
PLACEMENT_OUTLINE_TOP
 10
31.73800
 20
43.47800
  0
SEQEND
  8
PLACEMENT_OUTLINE_TOP
  0
POLYLINE
 5
5F7
  8
PLACEMENT_OUTLINE_TOP
 66
1
 70
1
 40
0.050000
 41
0.050000
  0
VERTEX
 5
5F8
  8
PLACEMENT_OUTLINE_TOP
 10
28.91900
 20
43.47800
 42
1.0
  0
VERTEX
 5
5F9
  8
PLACEMENT_OUTLINE_TOP
 10
28.96900
 20
43.47800
 42
1.0
  0
SEQEND
  8
PLACEMENT_OUTLINE_TOP
  0
POLYLINE
 5
5FA
  8
PLACEMENT_OUTLINE_TOP
 66
1
 70
1
 40
0.050000
 41
0.050000
  0
VERTEX
 5
5FB
  8
PLACEMENT_OUTLINE_TOP
 10
31.71300
 20
43.47800
 42
1.0
  0
VERTEX
 5
5FC
  8
PLACEMENT_OUTLINE_TOP
 10
31.76300
 20
43.47800
 42
1.0
  0
SEQEND
  8
PLACEMENT_OUTLINE_TOP
  0
POLYLINE
 5
5FD
  8
PLACEMENT_OUTLINE_TOP
 66
1
 40
0.100000
 41
0.100000
  0
VERTEX
 5
5FE
  8
PLACEMENT_OUTLINE_TOP
 10
31.73800
 20
43.47800
  0
VERTEX
 5
5FF
  8
PLACEMENT_OUTLINE_TOP
 10
31.73800
 20
44.74800
  0
SEQEND
  8
PLACEMENT_OUTLINE_TOP
  0
POLYLINE
 5
600
  8
PLACEMENT_OUTLINE_TOP
 66
1
 70
1
 40
0.050000
 41
0.050000
  0
VERTEX
 5
601
  8
PLACEMENT_OUTLINE_TOP
 10
31.71300
 20
43.47800
 42
1.0
  0
VERTEX
 5
602
  8
PLACEMENT_OUTLINE_TOP
 10
31.76300
 20
43.47800
 42
1.0
  0
SEQEND
  8
PLACEMENT_OUTLINE_TOP
  0
POLYLINE
 5
603
  8
PLACEMENT_OUTLINE_TOP
 66
1
 70
1
 40
0.050000
 41
0.050000
  0
VERTEX
 5
604
  8
PLACEMENT_OUTLINE_TOP
 10
31.71300
 20
44.74800
 42
1.0
  0
VERTEX
 5
605
  8
PLACEMENT_OUTLINE_TOP
 10
31.76300
 20
44.74800
 42
1.0
  0
SEQEND
  8
PLACEMENT_OUTLINE_TOP
  0
POLYLINE
 5
606
  8
PLACEMENT_OUTLINE_TOP
 66
1
 40
0.100000
 41
0.100000
  0
VERTEX
 5
607
  8
PLACEMENT_OUTLINE_TOP
 10
31.73800
 20
44.74800
  0
VERTEX
 5
608
  8
PLACEMENT_OUTLINE_TOP
 10
28.94400
 20
44.74800
  0
SEQEND
  8
PLACEMENT_OUTLINE_TOP
  0
POLYLINE
 5
609
  8
PLACEMENT_OUTLINE_TOP
 66
1
 70
1
 40
0.050000
 41
0.050000
  0
VERTEX
 5
60A
  8
PLACEMENT_OUTLINE_TOP
 10
31.71300
 20
44.74800
 42
1.0
  0
VERTEX
 5
60B
  8
PLACEMENT_OUTLINE_TOP
 10
31.76300
 20
44.74800
 42
1.0
  0
SEQEND
  8
PLACEMENT_OUTLINE_TOP
  0
POLYLINE
 5
60C
  8
PLACEMENT_OUTLINE_TOP
 66
1
 70
1
 40
0.050000
 41
0.050000
  0
VERTEX
 5
60D
  8
PLACEMENT_OUTLINE_TOP
 10
28.91900
 20
44.74800
 42
1.0
  0
VERTEX
 5
60E
  8
PLACEMENT_OUTLINE_TOP
 10
28.96900
 20
44.74800
 42
1.0
  0
SEQEND
  8
PLACEMENT_OUTLINE_TOP
  0
POLYLINE
 5
60F
  8
PLACEMENT_OUTLINE_TOP
 66
1
 40
0.100000
 41
0.100000
  0
VERTEX
 5
610
  8
PLACEMENT_OUTLINE_TOP
 10
28.94400
 20
44.74800
  0
VERTEX
 5
611
  8
PLACEMENT_OUTLINE_TOP
 10
28.94400
 20
43.47800
  0
SEQEND
  8
PLACEMENT_OUTLINE_TOP
  0
POLYLINE
 5
612
  8
PLACEMENT_OUTLINE_TOP
 66
1
 70
1
 40
0.050000
 41
0.050000
  0
VERTEX
 5
613
  8
PLACEMENT_OUTLINE_TOP
 10
28.91900
 20
44.74800
 42
1.0
  0
VERTEX
 5
614
  8
PLACEMENT_OUTLINE_TOP
 10
28.96900
 20
44.74800
 42
1.0
  0
SEQEND
  8
PLACEMENT_OUTLINE_TOP
  0
POLYLINE
 5
615
  8
PLACEMENT_OUTLINE_TOP
 66
1
 70
1
 40
0.050000
 41
0.050000
  0
VERTEX
 5
616
  8
PLACEMENT_OUTLINE_TOP
 10
28.91900
 20
43.47800
 42
1.0
  0
VERTEX
 5
617
  8
PLACEMENT_OUTLINE_TOP
 10
28.96900
 20
43.47800
 42
1.0
  0
SEQEND
  8
PLACEMENT_OUTLINE_TOP
  0
SOLID
 5
618
  8
PADLAYER_TOP
 10
31.56020
 20
44.57020
 11
30.64580
 21
44.57020
 12
31.56020
 22
43.65580
 13
30.64580
 23
43.65580
  0
SOLID
 5
619
  8
PADLAYER_TOP
 10
30.03620
 20
44.57020
 11
29.12180
 21
44.57020
 12
30.03620
 22
43.65580
 13
29.12180
 23
43.65580
  0
POLYLINE
 5
61A
  8
LAYNR1
 66
1
 40
0.150000
 41
0.150000
  0
VERTEX
 5
61B
  8
LAYNR1
 10
29.45500
 20
33.16800
  0
VERTEX
 5
61C
  8
LAYNR1
 10
28.75500
 20
33.16800
  0
SEQEND
  8
LAYNR1
  0
POLYLINE
 5
61D
  8
LAYNR1
 66
1
 70
1
 40
0.075000
 41
0.075000
  0
VERTEX
 5
61E
  8
LAYNR1
 10
29.41750
 20
33.16800
 42
1.0
  0
VERTEX
 5
61F
  8
LAYNR1
 10
29.49250
 20
33.16800
 42
1.0
  0
SEQEND
  8
LAYNR1
  0
POLYLINE
 5
620
  8
LAYNR1
 66
1
 70
1
 40
0.075000
 41
0.075000
  0
VERTEX
 5
621
  8
LAYNR1
 10
28.71750
 20
33.16800
 42
1.0
  0
VERTEX
 5
622
  8
LAYNR1
 10
28.79250
 20
33.16800
 42
1.0
  0
SEQEND
  8
LAYNR1
  0
POLYLINE
 5
623
  8
PLACEMENT_OUTLINE_TOP
 66
1
 40
0.100000
 41
0.100000
  0
VERTEX
 5
624
  8
PLACEMENT_OUTLINE_TOP
 10
28.47000
 20
34.56500
  0
VERTEX
 5
625
  8
PLACEMENT_OUTLINE_TOP
 10
28.47000
 20
31.77100
  0
SEQEND
  8
PLACEMENT_OUTLINE_TOP
  0
POLYLINE
 5
626
  8
PLACEMENT_OUTLINE_TOP
 66
1
 70
1
 40
0.050000
 41
0.050000
  0
VERTEX
 5
627
  8
PLACEMENT_OUTLINE_TOP
 10
28.44500
 20
34.56500
 42
1.0
  0
VERTEX
 5
628
  8
PLACEMENT_OUTLINE_TOP
 10
28.49500
 20
34.56500
 42
1.0
  0
SEQEND
  8
PLACEMENT_OUTLINE_TOP
  0
POLYLINE
 5
629
  8
PLACEMENT_OUTLINE_TOP
 66
1
 70
1
 40
0.050000
 41
0.050000
  0
VERTEX
 5
62A
  8
PLACEMENT_OUTLINE_TOP
 10
28.44500
 20
31.77100
 42
1.0
  0
VERTEX
 5
62B
  8
PLACEMENT_OUTLINE_TOP
 10
28.49500
 20
31.77100
 42
1.0
  0
SEQEND
  8
PLACEMENT_OUTLINE_TOP
  0
POLYLINE
 5
62C
  8
PLACEMENT_OUTLINE_TOP
 66
1
 40
0.100000
 41
0.100000
  0
VERTEX
 5
62D
  8
PLACEMENT_OUTLINE_TOP
 10
28.47000
 20
31.77100
  0
VERTEX
 5
62E
  8
PLACEMENT_OUTLINE_TOP
 10
29.74000
 20
31.77100
  0
SEQEND
  8
PLACEMENT_OUTLINE_TOP
  0
POLYLINE
 5
62F
  8
PLACEMENT_OUTLINE_TOP
 66
1
 70
1
 40
0.050000
 41
0.050000
  0
VERTEX
 5
630
  8
PLACEMENT_OUTLINE_TOP
 10
28.44500
 20
31.77100
 42
1.0
  0
VERTEX
 5
631
  8
PLACEMENT_OUTLINE_TOP
 10
28.49500
 20
31.77100
 42
1.0
  0
SEQEND
  8
PLACEMENT_OUTLINE_TOP
  0
POLYLINE
 5
632
  8
PLACEMENT_OUTLINE_TOP
 66
1
 70
1
 40
0.050000
 41
0.050000
  0
VERTEX
 5
633
  8
PLACEMENT_OUTLINE_TOP
 10
29.71500
 20
31.77100
 42
1.0
  0
VERTEX
 5
634
  8
PLACEMENT_OUTLINE_TOP
 10
29.76500
 20
31.77100
 42
1.0
  0
SEQEND
  8
PLACEMENT_OUTLINE_TOP
  0
POLYLINE
 5
635
  8
PLACEMENT_OUTLINE_TOP
 66
1
 40
0.100000
 41
0.100000
  0
VERTEX
 5
636
  8
PLACEMENT_OUTLINE_TOP
 10
29.74000
 20
31.77100
  0
VERTEX
 5
637
  8
PLACEMENT_OUTLINE_TOP
 10
29.74000
 20
34.56500
  0
SEQEND
  8
PLACEMENT_OUTLINE_TOP
  0
POLYLINE
 5
638
  8
PLACEMENT_OUTLINE_TOP
 66
1
 70
1
 40
0.050000
 41
0.050000
  0
VERTEX
 5
639
  8
PLACEMENT_OUTLINE_TOP
 10
29.71500
 20
31.77100
 42
1.0
  0
VERTEX
 5
63A
  8
PLACEMENT_OUTLINE_TOP
 10
29.76500
 20
31.77100
 42
1.0
  0
SEQEND
  8
PLACEMENT_OUTLINE_TOP
  0
POLYLINE
 5
63B
  8
PLACEMENT_OUTLINE_TOP
 66
1
 70
1
 40
0.050000
 41
0.050000
  0
VERTEX
 5
63C
  8
PLACEMENT_OUTLINE_TOP
 10
29.71500
 20
34.56500
 42
1.0
  0
VERTEX
 5
63D
  8
PLACEMENT_OUTLINE_TOP
 10
29.76500
 20
34.56500
 42
1.0
  0
SEQEND
  8
PLACEMENT_OUTLINE_TOP
  0
POLYLINE
 5
63E
  8
PLACEMENT_OUTLINE_TOP
 66
1
 40
0.100000
 41
0.100000
  0
VERTEX
 5
63F
  8
PLACEMENT_OUTLINE_TOP
 10
29.74000
 20
34.56500
  0
VERTEX
 5
640
  8
PLACEMENT_OUTLINE_TOP
 10
28.47000
 20
34.56500
  0
SEQEND
  8
PLACEMENT_OUTLINE_TOP
  0
POLYLINE
 5
641
  8
PLACEMENT_OUTLINE_TOP
 66
1
 70
1
 40
0.050000
 41
0.050000
  0
VERTEX
 5
642
  8
PLACEMENT_OUTLINE_TOP
 10
29.71500
 20
34.56500
 42
1.0
  0
VERTEX
 5
643
  8
PLACEMENT_OUTLINE_TOP
 10
29.76500
 20
34.56500
 42
1.0
  0
SEQEND
  8
PLACEMENT_OUTLINE_TOP
  0
POLYLINE
 5
644
  8
PLACEMENT_OUTLINE_TOP
 66
1
 70
1
 40
0.050000
 41
0.050000
  0
VERTEX
 5
645
  8
PLACEMENT_OUTLINE_TOP
 10
28.44500
 20
34.56500
 42
1.0
  0
VERTEX
 5
646
  8
PLACEMENT_OUTLINE_TOP
 10
28.49500
 20
34.56500
 42
1.0
  0
SEQEND
  8
PLACEMENT_OUTLINE_TOP
  0
SOLID
 5
647
  8
PADLAYER_TOP
 10
29.56220
 20
31.94880
 11
29.56220
 21
32.86320
 12
28.64780
 22
31.94880
 13
28.64780
 23
32.86320
  0
SOLID
 5
648
  8
PADLAYER_TOP
 10
29.56220
 20
33.47280
 11
29.56220
 21
34.38720
 12
28.64780
 22
33.47280
 13
28.64780
 23
34.38720
  0
POLYLINE
 5
649
  8
LAYNR1
 66
1
 40
0.150000
 41
0.150000
  0
VERTEX
 5
64A
  8
LAYNR1
 10
27.98500
 20
33.16800
  0
VERTEX
 5
64B
  8
LAYNR1
 10
27.28500
 20
33.16800
  0
SEQEND
  8
LAYNR1
  0
POLYLINE
 5
64C
  8
LAYNR1
 66
1
 70
1
 40
0.075000
 41
0.075000
  0
VERTEX
 5
64D
  8
LAYNR1
 10
27.94750
 20
33.16800
 42
1.0
  0
VERTEX
 5
64E
  8
LAYNR1
 10
28.02250
 20
33.16800
 42
1.0
  0
SEQEND
  8
LAYNR1
  0
POLYLINE
 5
64F
  8
LAYNR1
 66
1
 70
1
 40
0.075000
 41
0.075000
  0
VERTEX
 5
650
  8
LAYNR1
 10
27.24750
 20
33.16800
 42
1.0
  0
VERTEX
 5
651
  8
LAYNR1
 10
27.32250
 20
33.16800
 42
1.0
  0
SEQEND
  8
LAYNR1
  0
POLYLINE
 5
652
  8
PLACEMENT_OUTLINE_TOP
 66
1
 40
0.100000
 41
0.100000
  0
VERTEX
 5
653
  8
PLACEMENT_OUTLINE_TOP
 10
27.00000
 20
34.56500
  0
VERTEX
 5
654
  8
PLACEMENT_OUTLINE_TOP
 10
27.00000
 20
31.77100
  0
SEQEND
  8
PLACEMENT_OUTLINE_TOP
  0
POLYLINE
 5
655
  8
PLACEMENT_OUTLINE_TOP
 66
1
 70
1
 40
0.050000
 41
0.050000
  0
VERTEX
 5
656
  8
PLACEMENT_OUTLINE_TOP
 10
26.97500
 20
34.56500
 42
1.0
  0
VERTEX
 5
657
  8
PLACEMENT_OUTLINE_TOP
 10
27.02500
 20
34.56500
 42
1.0
  0
SEQEND
  8
PLACEMENT_OUTLINE_TOP
  0
POLYLINE
 5
658
  8
PLACEMENT_OUTLINE_TOP
 66
1
 70
1
 40
0.050000
 41
0.050000
  0
VERTEX
 5
659
  8
PLACEMENT_OUTLINE_TOP
 10
26.97500
 20
31.77100
 42
1.0
  0
VERTEX
 5
65A
  8
PLACEMENT_OUTLINE_TOP
 10
27.02500
 20
31.77100
 42
1.0
  0
SEQEND
  8
PLACEMENT_OUTLINE_TOP
  0
POLYLINE
 5
65B
  8
PLACEMENT_OUTLINE_TOP
 66
1
 40
0.100000
 41
0.100000
  0
VERTEX
 5
65C
  8
PLACEMENT_OUTLINE_TOP
 10
27.00000
 20
31.77100
  0
VERTEX
 5
65D
  8
PLACEMENT_OUTLINE_TOP
 10
28.27000
 20
31.77100
  0
SEQEND
  8
PLACEMENT_OUTLINE_TOP
  0
POLYLINE
 5
65E
  8
PLACEMENT_OUTLINE_TOP
 66
1
 70
1
 40
0.050000
 41
0.050000
  0
VERTEX
 5
65F
  8
PLACEMENT_OUTLINE_TOP
 10
26.97500
 20
31.77100
 42
1.0
  0
VERTEX
 5
660
  8
PLACEMENT_OUTLINE_TOP
 10
27.02500
 20
31.77100
 42
1.0
  0
SEQEND
  8
PLACEMENT_OUTLINE_TOP
  0
POLYLINE
 5
661
  8
PLACEMENT_OUTLINE_TOP
 66
1
 70
1
 40
0.050000
 41
0.050000
  0
VERTEX
 5
662
  8
PLACEMENT_OUTLINE_TOP
 10
28.24500
 20
31.77100
 42
1.0
  0
VERTEX
 5
663
  8
PLACEMENT_OUTLINE_TOP
 10
28.29500
 20
31.77100
 42
1.0
  0
SEQEND
  8
PLACEMENT_OUTLINE_TOP
  0
POLYLINE
 5
664
  8
PLACEMENT_OUTLINE_TOP
 66
1
 40
0.100000
 41
0.100000
  0
VERTEX
 5
665
  8
PLACEMENT_OUTLINE_TOP
 10
28.27000
 20
31.77100
  0
VERTEX
 5
666
  8
PLACEMENT_OUTLINE_TOP
 10
28.27000
 20
34.56500
  0
SEQEND
  8
PLACEMENT_OUTLINE_TOP
  0
POLYLINE
 5
667
  8
PLACEMENT_OUTLINE_TOP
 66
1
 70
1
 40
0.050000
 41
0.050000
  0
VERTEX
 5
668
  8
PLACEMENT_OUTLINE_TOP
 10
28.24500
 20
31.77100
 42
1.0
  0
VERTEX
 5
669
  8
PLACEMENT_OUTLINE_TOP
 10
28.29500
 20
31.77100
 42
1.0
  0
SEQEND
  8
PLACEMENT_OUTLINE_TOP
  0
POLYLINE
 5
66A
  8
PLACEMENT_OUTLINE_TOP
 66
1
 70
1
 40
0.050000
 41
0.050000
  0
VERTEX
 5
66B
  8
PLACEMENT_OUTLINE_TOP
 10
28.24500
 20
34.56500
 42
1.0
  0
VERTEX
 5
66C
  8
PLACEMENT_OUTLINE_TOP
 10
28.29500
 20
34.56500
 42
1.0
  0
SEQEND
  8
PLACEMENT_OUTLINE_TOP
  0
POLYLINE
 5
66D
  8
PLACEMENT_OUTLINE_TOP
 66
1
 40
0.100000
 41
0.100000
  0
VERTEX
 5
66E
  8
PLACEMENT_OUTLINE_TOP
 10
28.27000
 20
34.56500
  0
VERTEX
 5
66F
  8
PLACEMENT_OUTLINE_TOP
 10
27.00000
 20
34.56500
  0
SEQEND
  8
PLACEMENT_OUTLINE_TOP
  0
POLYLINE
 5
670
  8
PLACEMENT_OUTLINE_TOP
 66
1
 70
1
 40
0.050000
 41
0.050000
  0
VERTEX
 5
671
  8
PLACEMENT_OUTLINE_TOP
 10
28.24500
 20
34.56500
 42
1.0
  0
VERTEX
 5
672
  8
PLACEMENT_OUTLINE_TOP
 10
28.29500
 20
34.56500
 42
1.0
  0
SEQEND
  8
PLACEMENT_OUTLINE_TOP
  0
POLYLINE
 5
673
  8
PLACEMENT_OUTLINE_TOP
 66
1
 70
1
 40
0.050000
 41
0.050000
  0
VERTEX
 5
674
  8
PLACEMENT_OUTLINE_TOP
 10
26.97500
 20
34.56500
 42
1.0
  0
VERTEX
 5
675
  8
PLACEMENT_OUTLINE_TOP
 10
27.02500
 20
34.56500
 42
1.0
  0
SEQEND
  8
PLACEMENT_OUTLINE_TOP
  0
SOLID
 5
676
  8
PADLAYER_TOP
 10
28.09220
 20
31.94880
 11
28.09220
 21
32.86320
 12
27.17780
 22
31.94880
 13
27.17780
 23
32.86320
  0
SOLID
 5
677
  8
PADLAYER_TOP
 10
28.09220
 20
33.47280
 11
28.09220
 21
34.38720
 12
27.17780
 22
33.47280
 13
27.17780
 23
34.38720
  0
POLYLINE
 5
678
  8
Top
 66
1
 70
1
 40
0.000000
 41
0.000000
  0
VERTEX
 5
679
  8
Top
 10
22.31500
 20
43.54730
 42
-0.414214
  0
VERTEX
 5
67A
  8
Top
 10
22.30230
 20
43.56000
  0
VERTEX
 5
67B
  8
Top
 10
22.30230
 20
46.75000
 42
-0.414214
  0
VERTEX
 5
67C
  8
Top
 10
22.31500
 20
46.76270
  0
VERTEX
 5
67D
  8
Top
 10
23.81500
 20
46.76270
 42
-0.414214
  0
VERTEX
 5
67E
  8
Top
 10
23.82770
 20
46.75000
  0
VERTEX
 5
67F
  8
Top
 10
23.82770
 20
43.56000
 42
-0.414214
  0
VERTEX
 5
680
  8
Top
 10
23.81500
 20
43.54730
  0
VERTEX
 5
681
  8
Top
 10
22.31500
 20
43.54730
  0
SEQEND
  8
Top
  0
POLYLINE
 5
682
  8
2DLINES_1
 66
1
 40
0.152400
 41
0.152400
  0
VERTEX
 5
683
  8
2DLINES_1
 10
23.70500
 20
45.16000
  0
VERTEX
 5
684
  8
2DLINES_1
 10
22.40500
 20
45.16000
  0
SEQEND
  8
2DLINES_1
  0
POLYLINE
 5
685
  8
2DLINES_1
 66
1
 70
1
 40
0.076200
 41
0.076200
  0
VERTEX
 5
686
  8
2DLINES_1
 10
23.66690
 20
45.16000
 42
1.0
  0
VERTEX
 5
687
  8
2DLINES_1
 10
23.74310
 20
45.16000
 42
1.0
  0
SEQEND
  8
2DLINES_1
  0
POLYLINE
 5
688
  8
2DLINES_1
 66
1
 70
1
 40
0.076200
 41
0.076200
  0
VERTEX
 5
689
  8
2DLINES_1
 10
22.36690
 20
45.16000
 42
1.0
  0
VERTEX
 5
68A
  8
2DLINES_1
 10
22.44310
 20
45.16000
 42
1.0
  0
SEQEND
  8
2DLINES_1
  0
POLYLINE
 5
68B
  8
PLACEMENT_OUTLINE_TOP
 66
1
 40
0.025400
 41
0.025400
  0
VERTEX
 5
68C
  8
PLACEMENT_OUTLINE_TOP
 10
23.80500
 20
43.56000
  0
VERTEX
 5
68D
  8
PLACEMENT_OUTLINE_TOP
 10
22.30500
 20
43.56000
  0
SEQEND
  8
PLACEMENT_OUTLINE_TOP
  0
POLYLINE
 5
68E
  8
PLACEMENT_OUTLINE_TOP
 66
1
 70
1
 40
0.012700
 41
0.012700
  0
VERTEX
 5
68F
  8
PLACEMENT_OUTLINE_TOP
 10
23.79865
 20
43.56000
 42
1.0
  0
VERTEX
 5
690
  8
PLACEMENT_OUTLINE_TOP
 10
23.81135
 20
43.56000
 42
1.0
  0
SEQEND
  8
PLACEMENT_OUTLINE_TOP
  0
POLYLINE
 5
691
  8
PLACEMENT_OUTLINE_TOP
 66
1
 70
1
 40
0.012700
 41
0.012700
  0
VERTEX
 5
692
  8
PLACEMENT_OUTLINE_TOP
 10
22.29865
 20
43.56000
 42
1.0
  0
VERTEX
 5
693
  8
PLACEMENT_OUTLINE_TOP
 10
22.31135
 20
43.56000
 42
1.0
  0
SEQEND
  8
PLACEMENT_OUTLINE_TOP
  0
POLYLINE
 5
694
  8
PLACEMENT_OUTLINE_TOP
 66
1
 40
0.025400
 41
0.025400
  0
VERTEX
 5
695
  8
PLACEMENT_OUTLINE_TOP
 10
22.30500
 20
43.56000
  0
VERTEX
 5
696
  8
PLACEMENT_OUTLINE_TOP
 10
22.30500
 20
46.76000
  0
SEQEND
  8
PLACEMENT_OUTLINE_TOP
  0
POLYLINE
 5
697
  8
PLACEMENT_OUTLINE_TOP
 66
1
 70
1
 40
0.012700
 41
0.012700
  0
VERTEX
 5
698
  8
PLACEMENT_OUTLINE_TOP
 10
22.29865
 20
43.56000
 42
1.0
  0
VERTEX
 5
699
  8
PLACEMENT_OUTLINE_TOP
 10
22.31135
 20
43.56000
 42
1.0
  0
SEQEND
  8
PLACEMENT_OUTLINE_TOP
  0
POLYLINE
 5
69A
  8
PLACEMENT_OUTLINE_TOP
 66
1
 70
1
 40
0.012700
 41
0.012700
  0
VERTEX
 5
69B
  8
PLACEMENT_OUTLINE_TOP
 10
22.29865
 20
46.76000
 42
1.0
  0
VERTEX
 5
69C
  8
PLACEMENT_OUTLINE_TOP
 10
22.31135
 20
46.76000
 42
1.0
  0
SEQEND
  8
PLACEMENT_OUTLINE_TOP
  0
POLYLINE
 5
69D
  8
PLACEMENT_OUTLINE_TOP
 66
1
 40
0.025400
 41
0.025400
  0
VERTEX
 5
69E
  8
PLACEMENT_OUTLINE_TOP
 10
22.30500
 20
46.76000
  0
VERTEX
 5
69F
  8
PLACEMENT_OUTLINE_TOP
 10
23.80500
 20
46.76000
  0
SEQEND
  8
PLACEMENT_OUTLINE_TOP
  0
POLYLINE
 5
6A0
  8
PLACEMENT_OUTLINE_TOP
 66
1
 70
1
 40
0.012700
 41
0.012700
  0
VERTEX
 5
6A1
  8
PLACEMENT_OUTLINE_TOP
 10
22.29865
 20
46.76000
 42
1.0
  0
VERTEX
 5
6A2
  8
PLACEMENT_OUTLINE_TOP
 10
22.31135
 20
46.76000
 42
1.0
  0
SEQEND
  8
PLACEMENT_OUTLINE_TOP
  0
POLYLINE
 5
6A3
  8
PLACEMENT_OUTLINE_TOP
 66
1
 70
1
 40
0.012700
 41
0.012700
  0
VERTEX
 5
6A4
  8
PLACEMENT_OUTLINE_TOP
 10
23.79865
 20
46.76000
 42
1.0
  0
VERTEX
 5
6A5
  8
PLACEMENT_OUTLINE_TOP
 10
23.81135
 20
46.76000
 42
1.0
  0
SEQEND
  8
PLACEMENT_OUTLINE_TOP
  0
POLYLINE
 5
6A6
  8
PLACEMENT_OUTLINE_TOP
 66
1
 40
0.025400
 41
0.025400
  0
VERTEX
 5
6A7
  8
PLACEMENT_OUTLINE_TOP
 10
23.80500
 20
46.76000
  0
VERTEX
 5
6A8
  8
PLACEMENT_OUTLINE_TOP
 10
23.80500
 20
43.56000
  0
SEQEND
  8
PLACEMENT_OUTLINE_TOP
  0
POLYLINE
 5
6A9
  8
PLACEMENT_OUTLINE_TOP
 66
1
 70
1
 40
0.012700
 41
0.012700
  0
VERTEX
 5
6AA
  8
PLACEMENT_OUTLINE_TOP
 10
23.79865
 20
46.76000
 42
1.0
  0
VERTEX
 5
6AB
  8
PLACEMENT_OUTLINE_TOP
 10
23.81135
 20
46.76000
 42
1.0
  0
SEQEND
  8
PLACEMENT_OUTLINE_TOP
  0
POLYLINE
 5
6AC
  8
PLACEMENT_OUTLINE_TOP
 66
1
 70
1
 40
0.012700
 41
0.012700
  0
VERTEX
 5
6AD
  8
PLACEMENT_OUTLINE_TOP
 10
23.79865
 20
43.56000
 42
1.0
  0
VERTEX
 5
6AE
  8
PLACEMENT_OUTLINE_TOP
 10
23.81135
 20
43.56000
 42
1.0
  0
SEQEND
  8
PLACEMENT_OUTLINE_TOP
  0
SOLID
 5
6AF
  8
PADLAYER_TOP
 10
23.80500
 20
44.86000
 11
22.30500
 21
44.86000
 12
23.80500
 22
43.56000
 13
22.30500
 23
43.56000
  0
SOLID
 5
6B0
  8
PADLAYER_TOP
 10
23.80500
 20
46.76000
 11
22.30500
 21
46.76000
 12
23.80500
 22
45.46000
 13
22.30500
 23
45.46000
  0
POLYLINE
 5
6B1
  8
Top
 66
1
 70
1
 40
0.000000
 41
0.000000
  0
VERTEX
 5
6B2
  8
Top
 10
22.26730
 20
35.85000
 42
-0.414214
  0
VERTEX
 5
6B3
  8
Top
 10
22.28000
 20
35.86270
  0
VERTEX
 5
6B4
  8
Top
 10
25.47000
 20
35.86270
 42
-0.414214
  0
VERTEX
 5
6B5
  8
Top
 10
25.48270
 20
35.85000
  0
VERTEX
 5
6B6
  8
Top
 10
25.48270
 20
34.35000
 42
-0.414214
  0
VERTEX
 5
6B7
  8
Top
 10
25.47000
 20
34.33730
  0
VERTEX
 5
6B8
  8
Top
 10
22.28000
 20
34.33730
 42
-0.414214
  0
VERTEX
 5
6B9
  8
Top
 10
22.26730
 20
34.35000
  0
VERTEX
 5
6BA
  8
Top
 10
22.26730
 20
35.85000
  0
SEQEND
  8
Top
  0
POLYLINE
 5
6BB
  8
2DLINES_1
 66
1
 40
0.152400
 41
0.152400
  0
VERTEX
 5
6BC
  8
2DLINES_1
 10
23.88000
 20
34.46000
  0
VERTEX
 5
6BD
  8
2DLINES_1
 10
23.88000
 20
35.76000
  0
SEQEND
  8
2DLINES_1
  0
POLYLINE
 5
6BE
  8
2DLINES_1
 66
1
 70
1
 40
0.076200
 41
0.076200
  0
VERTEX
 5
6BF
  8
2DLINES_1
 10
23.84190
 20
34.46000
 42
1.0
  0
VERTEX
 5
6C0
  8
2DLINES_1
 10
23.91810
 20
34.46000
 42
1.0
  0
SEQEND
  8
2DLINES_1
  0
POLYLINE
 5
6C1
  8
2DLINES_1
 66
1
 70
1
 40
0.076200
 41
0.076200
  0
VERTEX
 5
6C2
  8
2DLINES_1
 10
23.84190
 20
35.76000
 42
1.0
  0
VERTEX
 5
6C3
  8
2DLINES_1
 10
23.91810
 20
35.76000
 42
1.0
  0
SEQEND
  8
2DLINES_1
  0
POLYLINE
 5
6C4
  8
PLACEMENT_OUTLINE_TOP
 66
1
 40
0.025400
 41
0.025400
  0
VERTEX
 5
6C5
  8
PLACEMENT_OUTLINE_TOP
 10
22.28000
 20
34.36000
  0
VERTEX
 5
6C6
  8
PLACEMENT_OUTLINE_TOP
 10
22.28000
 20
35.86000
  0
SEQEND
  8
PLACEMENT_OUTLINE_TOP
  0
POLYLINE
 5
6C7
  8
PLACEMENT_OUTLINE_TOP
 66
1
 70
1
 40
0.012700
 41
0.012700
  0
VERTEX
 5
6C8
  8
PLACEMENT_OUTLINE_TOP
 10
22.27365
 20
34.36000
 42
1.0
  0
VERTEX
 5
6C9
  8
PLACEMENT_OUTLINE_TOP
 10
22.28635
 20
34.36000
 42
1.0
  0
SEQEND
  8
PLACEMENT_OUTLINE_TOP
  0
POLYLINE
 5
6CA
  8
PLACEMENT_OUTLINE_TOP
 66
1
 70
1
 40
0.012700
 41
0.012700
  0
VERTEX
 5
6CB
  8
PLACEMENT_OUTLINE_TOP
 10
22.27365
 20
35.86000
 42
1.0
  0
VERTEX
 5
6CC
  8
PLACEMENT_OUTLINE_TOP
 10
22.28635
 20
35.86000
 42
1.0
  0
SEQEND
  8
PLACEMENT_OUTLINE_TOP
  0
POLYLINE
 5
6CD
  8
PLACEMENT_OUTLINE_TOP
 66
1
 40
0.025400
 41
0.025400
  0
VERTEX
 5
6CE
  8
PLACEMENT_OUTLINE_TOP
 10
22.28000
 20
35.86000
  0
VERTEX
 5
6CF
  8
PLACEMENT_OUTLINE_TOP
 10
25.48000
 20
35.86000
  0
SEQEND
  8
PLACEMENT_OUTLINE_TOP
  0
POLYLINE
 5
6D0
  8
PLACEMENT_OUTLINE_TOP
 66
1
 70
1
 40
0.012700
 41
0.012700
  0
VERTEX
 5
6D1
  8
PLACEMENT_OUTLINE_TOP
 10
22.27365
 20
35.86000
 42
1.0
  0
VERTEX
 5
6D2
  8
PLACEMENT_OUTLINE_TOP
 10
22.28635
 20
35.86000
 42
1.0
  0
SEQEND
  8
PLACEMENT_OUTLINE_TOP
  0
POLYLINE
 5
6D3
  8
PLACEMENT_OUTLINE_TOP
 66
1
 70
1
 40
0.012700
 41
0.012700
  0
VERTEX
 5
6D4
  8
PLACEMENT_OUTLINE_TOP
 10
25.47365
 20
35.86000
 42
1.0
  0
VERTEX
 5
6D5
  8
PLACEMENT_OUTLINE_TOP
 10
25.48635
 20
35.86000
 42
1.0
  0
SEQEND
  8
PLACEMENT_OUTLINE_TOP
  0
POLYLINE
 5
6D6
  8
PLACEMENT_OUTLINE_TOP
 66
1
 40
0.025400
 41
0.025400
  0
VERTEX
 5
6D7
  8
PLACEMENT_OUTLINE_TOP
 10
25.48000
 20
35.86000
  0
VERTEX
 5
6D8
  8
PLACEMENT_OUTLINE_TOP
 10
25.48000
 20
34.36000
  0
SEQEND
  8
PLACEMENT_OUTLINE_TOP
  0
POLYLINE
 5
6D9
  8
PLACEMENT_OUTLINE_TOP
 66
1
 70
1
 40
0.012700
 41
0.012700
  0
VERTEX
 5
6DA
  8
PLACEMENT_OUTLINE_TOP
 10
25.47365
 20
35.86000
 42
1.0
  0
VERTEX
 5
6DB
  8
PLACEMENT_OUTLINE_TOP
 10
25.48635
 20
35.86000
 42
1.0
  0
SEQEND
  8
PLACEMENT_OUTLINE_TOP
  0
POLYLINE
 5
6DC
  8
PLACEMENT_OUTLINE_TOP
 66
1
 70
1
 40
0.012700
 41
0.012700
  0
VERTEX
 5
6DD
  8
PLACEMENT_OUTLINE_TOP
 10
25.47365
 20
34.36000
 42
1.0
  0
VERTEX
 5
6DE
  8
PLACEMENT_OUTLINE_TOP
 10
25.48635
 20
34.36000
 42
1.0
  0
SEQEND
  8
PLACEMENT_OUTLINE_TOP
  0
POLYLINE
 5
6DF
  8
PLACEMENT_OUTLINE_TOP
 66
1
 40
0.025400
 41
0.025400
  0
VERTEX
 5
6E0
  8
PLACEMENT_OUTLINE_TOP
 10
25.48000
 20
34.36000
  0
VERTEX
 5
6E1
  8
PLACEMENT_OUTLINE_TOP
 10
22.28000
 20
34.36000
  0
SEQEND
  8
PLACEMENT_OUTLINE_TOP
  0
POLYLINE
 5
6E2
  8
PLACEMENT_OUTLINE_TOP
 66
1
 70
1
 40
0.012700
 41
0.012700
  0
VERTEX
 5
6E3
  8
PLACEMENT_OUTLINE_TOP
 10
25.47365
 20
34.36000
 42
1.0
  0
VERTEX
 5
6E4
  8
PLACEMENT_OUTLINE_TOP
 10
25.48635
 20
34.36000
 42
1.0
  0
SEQEND
  8
PLACEMENT_OUTLINE_TOP
  0
POLYLINE
 5
6E5
  8
PLACEMENT_OUTLINE_TOP
 66
1
 70
1
 40
0.012700
 41
0.012700
  0
VERTEX
 5
6E6
  8
PLACEMENT_OUTLINE_TOP
 10
22.27365
 20
34.36000
 42
1.0
  0
VERTEX
 5
6E7
  8
PLACEMENT_OUTLINE_TOP
 10
22.28635
 20
34.36000
 42
1.0
  0
SEQEND
  8
PLACEMENT_OUTLINE_TOP
  0
SOLID
 5
6E8
  8
PADLAYER_TOP
 10
23.58000
 20
34.36000
 11
23.58000
 21
35.86000
 12
22.28000
 22
34.36000
 13
22.28000
 23
35.86000
  0
SOLID
 5
6E9
  8
PADLAYER_TOP
 10
25.48000
 20
34.36000
 11
25.48000
 21
35.86000
 12
24.18000
 22
34.36000
 13
24.18000
 23
35.86000
  0
POLYLINE
 5
6EA
  8
LAYNR1
 66
1
 40
0.150000
 41
0.150000
  0
VERTEX
 5
6EB
  8
LAYNR1
 10
26.99000
 20
49.63200
  0
VERTEX
 5
6EC
  8
LAYNR1
 10
27.69000
 20
49.63200
  0
SEQEND
  8
LAYNR1
  0
POLYLINE
 5
6ED
  8
LAYNR1
 66
1
 70
1
 40
0.075000
 41
0.075000
  0
VERTEX
 5
6EE
  8
LAYNR1
 10
26.95250
 20
49.63200
 42
1.0
  0
VERTEX
 5
6EF
  8
LAYNR1
 10
27.02750
 20
49.63200
 42
1.0
  0
SEQEND
  8
LAYNR1
  0
POLYLINE
 5
6F0
  8
LAYNR1
 66
1
 70
1
 40
0.075000
 41
0.075000
  0
VERTEX
 5
6F1
  8
LAYNR1
 10
27.65250
 20
49.63200
 42
1.0
  0
VERTEX
 5
6F2
  8
LAYNR1
 10
27.72750
 20
49.63200
 42
1.0
  0
SEQEND
  8
LAYNR1
  0
POLYLINE
 5
6F3
  8
PLACEMENT_OUTLINE_TOP
 66
1
 40
0.100000
 41
0.100000
  0
VERTEX
 5
6F4
  8
PLACEMENT_OUTLINE_TOP
 10
27.97500
 20
48.23500
  0
VERTEX
 5
6F5
  8
PLACEMENT_OUTLINE_TOP
 10
27.97500
 20
51.02900
  0
SEQEND
  8
PLACEMENT_OUTLINE_TOP
  0
POLYLINE
 5
6F6
  8
PLACEMENT_OUTLINE_TOP
 66
1
 70
1
 40
0.050000
 41
0.050000
  0
VERTEX
 5
6F7
  8
PLACEMENT_OUTLINE_TOP
 10
27.95000
 20
48.23500
 42
1.0
  0
VERTEX
 5
6F8
  8
PLACEMENT_OUTLINE_TOP
 10
28.00000
 20
48.23500
 42
1.0
  0
SEQEND
  8
PLACEMENT_OUTLINE_TOP
  0
POLYLINE
 5
6F9
  8
PLACEMENT_OUTLINE_TOP
 66
1
 70
1
 40
0.050000
 41
0.050000
  0
VERTEX
 5
6FA
  8
PLACEMENT_OUTLINE_TOP
 10
27.95000
 20
51.02900
 42
1.0
  0
VERTEX
 5
6FB
  8
PLACEMENT_OUTLINE_TOP
 10
28.00000
 20
51.02900
 42
1.0
  0
SEQEND
  8
PLACEMENT_OUTLINE_TOP
  0
POLYLINE
 5
6FC
  8
PLACEMENT_OUTLINE_TOP
 66
1
 40
0.100000
 41
0.100000
  0
VERTEX
 5
6FD
  8
PLACEMENT_OUTLINE_TOP
 10
27.97500
 20
51.02900
  0
VERTEX
 5
6FE
  8
PLACEMENT_OUTLINE_TOP
 10
26.70500
 20
51.02900
  0
SEQEND
  8
PLACEMENT_OUTLINE_TOP
  0
POLYLINE
 5
6FF
  8
PLACEMENT_OUTLINE_TOP
 66
1
 70
1
 40
0.050000
 41
0.050000
  0
VERTEX
 5
700
  8
PLACEMENT_OUTLINE_TOP
 10
27.95000
 20
51.02900
 42
1.0
  0
VERTEX
 5
701
  8
PLACEMENT_OUTLINE_TOP
 10
28.00000
 20
51.02900
 42
1.0
  0
SEQEND
  8
PLACEMENT_OUTLINE_TOP
  0
POLYLINE
 5
702
  8
PLACEMENT_OUTLINE_TOP
 66
1
 70
1
 40
0.050000
 41
0.050000
  0
VERTEX
 5
703
  8
PLACEMENT_OUTLINE_TOP
 10
26.68000
 20
51.02900
 42
1.0
  0
VERTEX
 5
704
  8
PLACEMENT_OUTLINE_TOP
 10
26.73000
 20
51.02900
 42
1.0
  0
SEQEND
  8
PLACEMENT_OUTLINE_TOP
  0
POLYLINE
 5
705
  8
PLACEMENT_OUTLINE_TOP
 66
1
 40
0.100000
 41
0.100000
  0
VERTEX
 5
706
  8
PLACEMENT_OUTLINE_TOP
 10
26.70500
 20
51.02900
  0
VERTEX
 5
707
  8
PLACEMENT_OUTLINE_TOP
 10
26.70500
 20
48.23500
  0
SEQEND
  8
PLACEMENT_OUTLINE_TOP
  0
POLYLINE
 5
708
  8
PLACEMENT_OUTLINE_TOP
 66
1
 70
1
 40
0.050000
 41
0.050000
  0
VERTEX
 5
709
  8
PLACEMENT_OUTLINE_TOP
 10
26.68000
 20
51.02900
 42
1.0
  0
VERTEX
 5
70A
  8
PLACEMENT_OUTLINE_TOP
 10
26.73000
 20
51.02900
 42
1.0
  0
SEQEND
  8
PLACEMENT_OUTLINE_TOP
  0
POLYLINE
 5
70B
  8
PLACEMENT_OUTLINE_TOP
 66
1
 70
1
 40
0.050000
 41
0.050000
  0
VERTEX
 5
70C
  8
PLACEMENT_OUTLINE_TOP
 10
26.68000
 20
48.23500
 42
1.0
  0
VERTEX
 5
70D
  8
PLACEMENT_OUTLINE_TOP
 10
26.73000
 20
48.23500
 42
1.0
  0
SEQEND
  8
PLACEMENT_OUTLINE_TOP
  0
POLYLINE
 5
70E
  8
PLACEMENT_OUTLINE_TOP
 66
1
 40
0.100000
 41
0.100000
  0
VERTEX
 5
70F
  8
PLACEMENT_OUTLINE_TOP
 10
26.70500
 20
48.23500
  0
VERTEX
 5
710
  8
PLACEMENT_OUTLINE_TOP
 10
27.97500
 20
48.23500
  0
SEQEND
  8
PLACEMENT_OUTLINE_TOP
  0
POLYLINE
 5
711
  8
PLACEMENT_OUTLINE_TOP
 66
1
 70
1
 40
0.050000
 41
0.050000
  0
VERTEX
 5
712
  8
PLACEMENT_OUTLINE_TOP
 10
26.68000
 20
48.23500
 42
1.0
  0
VERTEX
 5
713
  8
PLACEMENT_OUTLINE_TOP
 10
26.73000
 20
48.23500
 42
1.0
  0
SEQEND
  8
PLACEMENT_OUTLINE_TOP
  0
POLYLINE
 5
714
  8
PLACEMENT_OUTLINE_TOP
 66
1
 70
1
 40
0.050000
 41
0.050000
  0
VERTEX
 5
715
  8
PLACEMENT_OUTLINE_TOP
 10
27.95000
 20
48.23500
 42
1.0
  0
VERTEX
 5
716
  8
PLACEMENT_OUTLINE_TOP
 10
28.00000
 20
48.23500
 42
1.0
  0
SEQEND
  8
PLACEMENT_OUTLINE_TOP
  0
SOLID
 5
717
  8
PADLAYER_TOP
 10
26.88280
 20
50.85120
 11
26.88280
 21
49.93680
 12
27.79720
 22
50.85120
 13
27.79720
 23
49.93680
  0
SOLID
 5
718
  8
PADLAYER_TOP
 10
26.88280
 20
49.32720
 11
26.88280
 21
48.41280
 12
27.79720
 22
49.32720
 13
27.79720
 23
48.41280
  0
POLYLINE
 5
719
  8
LAYNR1
 66
1
 40
0.150000
 41
0.150000
  0
VERTEX
 5
71A
  8
LAYNR1
 10
33.51000
 20
6.89000
  0
VERTEX
 5
71B
  8
LAYNR1
 10
33.51000
 20
6.19000
  0
SEQEND
  8
LAYNR1
  0
POLYLINE
 5
71C
  8
LAYNR1
 66
1
 70
1
 40
0.075000
 41
0.075000
  0
VERTEX
 5
71D
  8
LAYNR1
 10
33.47250
 20
6.89000
 42
1.0
  0
VERTEX
 5
71E
  8
LAYNR1
 10
33.54750
 20
6.89000
 42
1.0
  0
SEQEND
  8
LAYNR1
  0
POLYLINE
 5
71F
  8
LAYNR1
 66
1
 70
1
 40
0.075000
 41
0.075000
  0
VERTEX
 5
720
  8
LAYNR1
 10
33.47250
 20
6.19000
 42
1.0
  0
VERTEX
 5
721
  8
LAYNR1
 10
33.54750
 20
6.19000
 42
1.0
  0
SEQEND
  8
LAYNR1
  0
POLYLINE
 5
722
  8
PLACEMENT_OUTLINE_TOP
 66
1
 40
0.100000
 41
0.100000
  0
VERTEX
 5
723
  8
PLACEMENT_OUTLINE_TOP
 10
32.11300
 20
5.90500
  0
VERTEX
 5
724
  8
PLACEMENT_OUTLINE_TOP
 10
34.90700
 20
5.90500
  0
SEQEND
  8
PLACEMENT_OUTLINE_TOP
  0
POLYLINE
 5
725
  8
PLACEMENT_OUTLINE_TOP
 66
1
 70
1
 40
0.050000
 41
0.050000
  0
VERTEX
 5
726
  8
PLACEMENT_OUTLINE_TOP
 10
32.08800
 20
5.90500
 42
1.0
  0
VERTEX
 5
727
  8
PLACEMENT_OUTLINE_TOP
 10
32.13800
 20
5.90500
 42
1.0
  0
SEQEND
  8
PLACEMENT_OUTLINE_TOP
  0
POLYLINE
 5
728
  8
PLACEMENT_OUTLINE_TOP
 66
1
 70
1
 40
0.050000
 41
0.050000
  0
VERTEX
 5
729
  8
PLACEMENT_OUTLINE_TOP
 10
34.88200
 20
5.90500
 42
1.0
  0
VERTEX
 5
72A
  8
PLACEMENT_OUTLINE_TOP
 10
34.93200
 20
5.90500
 42
1.0
  0
SEQEND
  8
PLACEMENT_OUTLINE_TOP
  0
POLYLINE
 5
72B
  8
PLACEMENT_OUTLINE_TOP
 66
1
 40
0.100000
 41
0.100000
  0
VERTEX
 5
72C
  8
PLACEMENT_OUTLINE_TOP
 10
34.90700
 20
5.90500
  0
VERTEX
 5
72D
  8
PLACEMENT_OUTLINE_TOP
 10
34.90700
 20
7.17500
  0
SEQEND
  8
PLACEMENT_OUTLINE_TOP
  0
POLYLINE
 5
72E
  8
PLACEMENT_OUTLINE_TOP
 66
1
 70
1
 40
0.050000
 41
0.050000
  0
VERTEX
 5
72F
  8
PLACEMENT_OUTLINE_TOP
 10
34.88200
 20
5.90500
 42
1.0
  0
VERTEX
 5
730
  8
PLACEMENT_OUTLINE_TOP
 10
34.93200
 20
5.90500
 42
1.0
  0
SEQEND
  8
PLACEMENT_OUTLINE_TOP
  0
POLYLINE
 5
731
  8
PLACEMENT_OUTLINE_TOP
 66
1
 70
1
 40
0.050000
 41
0.050000
  0
VERTEX
 5
732
  8
PLACEMENT_OUTLINE_TOP
 10
34.88200
 20
7.17500
 42
1.0
  0
VERTEX
 5
733
  8
PLACEMENT_OUTLINE_TOP
 10
34.93200
 20
7.17500
 42
1.0
  0
SEQEND
  8
PLACEMENT_OUTLINE_TOP
  0
POLYLINE
 5
734
  8
PLACEMENT_OUTLINE_TOP
 66
1
 40
0.100000
 41
0.100000
  0
VERTEX
 5
735
  8
PLACEMENT_OUTLINE_TOP
 10
34.90700
 20
7.17500
  0
VERTEX
 5
736
  8
PLACEMENT_OUTLINE_TOP
 10
32.11300
 20
7.17500
  0
SEQEND
  8
PLACEMENT_OUTLINE_TOP
  0
POLYLINE
 5
737
  8
PLACEMENT_OUTLINE_TOP
 66
1
 70
1
 40
0.050000
 41
0.050000
  0
VERTEX
 5
738
  8
PLACEMENT_OUTLINE_TOP
 10
34.88200
 20
7.17500
 42
1.0
  0
VERTEX
 5
739
  8
PLACEMENT_OUTLINE_TOP
 10
34.93200
 20
7.17500
 42
1.0
  0
SEQEND
  8
PLACEMENT_OUTLINE_TOP
  0
POLYLINE
 5
73A
  8
PLACEMENT_OUTLINE_TOP
 66
1
 70
1
 40
0.050000
 41
0.050000
  0
VERTEX
 5
73B
  8
PLACEMENT_OUTLINE_TOP
 10
32.08800
 20
7.17500
 42
1.0
  0
VERTEX
 5
73C
  8
PLACEMENT_OUTLINE_TOP
 10
32.13800
 20
7.17500
 42
1.0
  0
SEQEND
  8
PLACEMENT_OUTLINE_TOP
  0
POLYLINE
 5
73D
  8
PLACEMENT_OUTLINE_TOP
 66
1
 40
0.100000
 41
0.100000
  0
VERTEX
 5
73E
  8
PLACEMENT_OUTLINE_TOP
 10
32.11300
 20
7.17500
  0
VERTEX
 5
73F
  8
PLACEMENT_OUTLINE_TOP
 10
32.11300
 20
5.90500
  0
SEQEND
  8
PLACEMENT_OUTLINE_TOP
  0
POLYLINE
 5
740
  8
PLACEMENT_OUTLINE_TOP
 66
1
 70
1
 40
0.050000
 41
0.050000
  0
VERTEX
 5
741
  8
PLACEMENT_OUTLINE_TOP
 10
32.08800
 20
7.17500
 42
1.0
  0
VERTEX
 5
742
  8
PLACEMENT_OUTLINE_TOP
 10
32.13800
 20
7.17500
 42
1.0
  0
SEQEND
  8
PLACEMENT_OUTLINE_TOP
  0
POLYLINE
 5
743
  8
PLACEMENT_OUTLINE_TOP
 66
1
 70
1
 40
0.050000
 41
0.050000
  0
VERTEX
 5
744
  8
PLACEMENT_OUTLINE_TOP
 10
32.08800
 20
5.90500
 42
1.0
  0
VERTEX
 5
745
  8
PLACEMENT_OUTLINE_TOP
 10
32.13800
 20
5.90500
 42
1.0
  0
SEQEND
  8
PLACEMENT_OUTLINE_TOP
  0
SOLID
 5
746
  8
PADLAYER_TOP
 10
34.72920
 20
6.99720
 11
33.81480
 21
6.99720
 12
34.72920
 22
6.08280
 13
33.81480
 23
6.08280
  0
SOLID
 5
747
  8
PADLAYER_TOP
 10
33.20520
 20
6.99720
 11
32.29080
 21
6.99720
 12
33.20520
 22
6.08280
 13
32.29080
 23
6.08280
  0
POLYLINE
 5
748
  8
2DLINES_1
 66
1
 40
0.299970
 41
0.299970
  0
VERTEX
 5
749
  8
2DLINES_1
 10
36.11500
 20
43.00700
 42
1.000000
  0
VERTEX
 5
74A
  8
2DLINES_1
 10
36.31500
 20
43.00700
 42
1.000000
  0
VERTEX
 5
74B
  8
2DLINES_1
 10
36.11500
 20
43.00700
  0
SEQEND
  8
2DLINES_1
  0
POLYLINE
 5
74C
  8
PLACEMENT_OUTLINE_TOP
 66
1
 40
0.299970
 41
0.299970
  0
VERTEX
 5
74D
  8
PLACEMENT_OUTLINE_TOP
 10
36.11500
 20
43.00700
 42
1.000000
  0
VERTEX
 5
74E
  8
PLACEMENT_OUTLINE_TOP
 10
36.31500
 20
43.00700
 42
1.000000
  0
VERTEX
 5
74F
  8
PLACEMENT_OUTLINE_TOP
 10
36.11500
 20
43.00700
  0
SEQEND
  8
PLACEMENT_OUTLINE_TOP
  0
SOLID
 5
750
  8
PADLAYER_TOP
 10
36.00500
 20
42.60700
 11
36.00500
 21
42.00700
 12
36.42500
 22
42.60700
 13
36.42500
 23
42.00700
  0
SOLID
 5
751
  8
PADLAYER_TOP
 10
35.35500
 20
42.60700
 11
35.35500
 21
42.00700
 12
35.77500
 22
42.60700
 13
35.77500
 23
42.00700
  0
SOLID
 5
752
  8
PADLAYER_TOP
 10
34.70500
 20
42.60700
 11
34.70500
 21
42.00700
 12
35.12500
 22
42.60700
 13
35.12500
 23
42.00700
  0
SOLID
 5
753
  8
PADLAYER_TOP
 10
34.70500
 20
40.70700
 11
34.70500
 21
40.10700
 12
35.12500
 22
40.70700
 13
35.12500
 23
40.10700
  0
SOLID
 5
754
  8
PADLAYER_TOP
 10
35.35500
 20
40.70700
 11
35.35500
 21
40.10700
 12
35.77500
 22
40.70700
 13
35.77500
 23
40.10700
  0
SOLID
 5
755
  8
PADLAYER_TOP
 10
36.00500
 20
40.70700
 11
36.00500
 21
40.10700
 12
36.42500
 22
40.70700
 13
36.42500
 23
40.10700
  0
POLYLINE
 5
756
  8
LAYNR1
 66
1
 40
0.203200
 41
0.203200
  0
VERTEX
 5
757
  8
LAYNR1
 10
33.64100
 20
53.71800
  0
VERTEX
 5
758
  8
LAYNR1
 10
33.64100
 20
53.01800
  0
SEQEND
  8
LAYNR1
  0
POLYLINE
 5
759
  8
LAYNR1
 66
1
 70
1
 40
0.101600
 41
0.101600
  0
VERTEX
 5
75A
  8
LAYNR1
 10
33.59020
 20
53.71800
 42
1.0
  0
VERTEX
 5
75B
  8
LAYNR1
 10
33.69180
 20
53.71800
 42
1.0
  0
SEQEND
  8
LAYNR1
  0
POLYLINE
 5
75C
  8
LAYNR1
 66
1
 70
1
 40
0.101600
 41
0.101600
  0
VERTEX
 5
75D
  8
LAYNR1
 10
33.59020
 20
53.01800
 42
1.0
  0
VERTEX
 5
75E
  8
LAYNR1
 10
33.69180
 20
53.01800
 42
1.0
  0
SEQEND
  8
LAYNR1
  0
POLYLINE
 5
75F
  8
PLACEMENT_OUTLINE_TOP
 66
1
 40
0.100000
 41
0.100000
  0
VERTEX
 5
760
  8
PLACEMENT_OUTLINE_TOP
 10
35.03800
 20
54.00300
  0
VERTEX
 5
761
  8
PLACEMENT_OUTLINE_TOP
 10
32.24400
 20
54.00300
  0
SEQEND
  8
PLACEMENT_OUTLINE_TOP
  0
POLYLINE
 5
762
  8
PLACEMENT_OUTLINE_TOP
 66
1
 70
1
 40
0.050000
 41
0.050000
  0
VERTEX
 5
763
  8
PLACEMENT_OUTLINE_TOP
 10
35.01300
 20
54.00300
 42
1.0
  0
VERTEX
 5
764
  8
PLACEMENT_OUTLINE_TOP
 10
35.06300
 20
54.00300
 42
1.0
  0
SEQEND
  8
PLACEMENT_OUTLINE_TOP
  0
POLYLINE
 5
765
  8
PLACEMENT_OUTLINE_TOP
 66
1
 70
1
 40
0.050000
 41
0.050000
  0
VERTEX
 5
766
  8
PLACEMENT_OUTLINE_TOP
 10
32.21900
 20
54.00300
 42
1.0
  0
VERTEX
 5
767
  8
PLACEMENT_OUTLINE_TOP
 10
32.26900
 20
54.00300
 42
1.0
  0
SEQEND
  8
PLACEMENT_OUTLINE_TOP
  0
POLYLINE
 5
768
  8
PLACEMENT_OUTLINE_TOP
 66
1
 40
0.100000
 41
0.100000
  0
VERTEX
 5
769
  8
PLACEMENT_OUTLINE_TOP
 10
32.24400
 20
54.00300
  0
VERTEX
 5
76A
  8
PLACEMENT_OUTLINE_TOP
 10
32.24400
 20
52.73300
  0
SEQEND
  8
PLACEMENT_OUTLINE_TOP
  0
POLYLINE
 5
76B
  8
PLACEMENT_OUTLINE_TOP
 66
1
 70
1
 40
0.050000
 41
0.050000
  0
VERTEX
 5
76C
  8
PLACEMENT_OUTLINE_TOP
 10
32.21900
 20
54.00300
 42
1.0
  0
VERTEX
 5
76D
  8
PLACEMENT_OUTLINE_TOP
 10
32.26900
 20
54.00300
 42
1.0
  0
SEQEND
  8
PLACEMENT_OUTLINE_TOP
  0
POLYLINE
 5
76E
  8
PLACEMENT_OUTLINE_TOP
 66
1
 70
1
 40
0.050000
 41
0.050000
  0
VERTEX
 5
76F
  8
PLACEMENT_OUTLINE_TOP
 10
32.21900
 20
52.73300
 42
1.0
  0
VERTEX
 5
770
  8
PLACEMENT_OUTLINE_TOP
 10
32.26900
 20
52.73300
 42
1.0
  0
SEQEND
  8
PLACEMENT_OUTLINE_TOP
  0
POLYLINE
 5
771
  8
PLACEMENT_OUTLINE_TOP
 66
1
 40
0.100000
 41
0.100000
  0
VERTEX
 5
772
  8
PLACEMENT_OUTLINE_TOP
 10
32.24400
 20
52.73300
  0
VERTEX
 5
773
  8
PLACEMENT_OUTLINE_TOP
 10
35.03800
 20
52.73300
  0
SEQEND
  8
PLACEMENT_OUTLINE_TOP
  0
POLYLINE
 5
774
  8
PLACEMENT_OUTLINE_TOP
 66
1
 70
1
 40
0.050000
 41
0.050000
  0
VERTEX
 5
775
  8
PLACEMENT_OUTLINE_TOP
 10
32.21900
 20
52.73300
 42
1.0
  0
VERTEX
 5
776
  8
PLACEMENT_OUTLINE_TOP
 10
32.26900
 20
52.73300
 42
1.0
  0
SEQEND
  8
PLACEMENT_OUTLINE_TOP
  0
POLYLINE
 5
777
  8
PLACEMENT_OUTLINE_TOP
 66
1
 70
1
 40
0.050000
 41
0.050000
  0
VERTEX
 5
778
  8
PLACEMENT_OUTLINE_TOP
 10
35.01300
 20
52.73300
 42
1.0
  0
VERTEX
 5
779
  8
PLACEMENT_OUTLINE_TOP
 10
35.06300
 20
52.73300
 42
1.0
  0
SEQEND
  8
PLACEMENT_OUTLINE_TOP
  0
POLYLINE
 5
77A
  8
PLACEMENT_OUTLINE_TOP
 66
1
 40
0.100000
 41
0.100000
  0
VERTEX
 5
77B
  8
PLACEMENT_OUTLINE_TOP
 10
35.03800
 20
52.73300
  0
VERTEX
 5
77C
  8
PLACEMENT_OUTLINE_TOP
 10
35.03800
 20
54.00300
  0
SEQEND
  8
PLACEMENT_OUTLINE_TOP
  0
POLYLINE
 5
77D
  8
PLACEMENT_OUTLINE_TOP
 66
1
 70
1
 40
0.050000
 41
0.050000
  0
VERTEX
 5
77E
  8
PLACEMENT_OUTLINE_TOP
 10
35.01300
 20
52.73300
 42
1.0
  0
VERTEX
 5
77F
  8
PLACEMENT_OUTLINE_TOP
 10
35.06300
 20
52.73300
 42
1.0
  0
SEQEND
  8
PLACEMENT_OUTLINE_TOP
  0
POLYLINE
 5
780
  8
PLACEMENT_OUTLINE_TOP
 66
1
 70
1
 40
0.050000
 41
0.050000
  0
VERTEX
 5
781
  8
PLACEMENT_OUTLINE_TOP
 10
35.01300
 20
54.00300
 42
1.0
  0
VERTEX
 5
782
  8
PLACEMENT_OUTLINE_TOP
 10
35.06300
 20
54.00300
 42
1.0
  0
SEQEND
  8
PLACEMENT_OUTLINE_TOP
  0
SOLID
 5
783
  8
PADLAYER_TOP
 10
32.42180
 20
52.91080
 11
33.33620
 21
52.91080
 12
32.42180
 22
53.82520
 13
33.33620
 23
53.82520
  0
SOLID
 5
784
  8
PADLAYER_TOP
 10
33.94580
 20
52.91080
 11
34.86020
 21
52.91080
 12
33.94580
 22
53.82520
 13
34.86020
 23
53.82520
  0
POLYLINE
 5
785
  8
Top
 66
1
 70
1
 40
0.000000
 41
0.000000
  0
VERTEX
 5
786
  8
Top
 10
32.02830
 20
52.30800
 42
-0.414214
  0
VERTEX
 5
787
  8
Top
 10
32.04100
 20
52.32070
  0
VERTEX
 5
788
  8
Top
 10
35.23100
 20
52.32070
 42
-0.414214
  0
VERTEX
 5
789
  8
Top
 10
35.24370
 20
52.30800
  0
VERTEX
 5
78A
  8
Top
 10
35.24370
 20
50.80800
 42
-0.414214
  0
VERTEX
 5
78B
  8
Top
 10
35.23100
 20
50.79530
  0
VERTEX
 5
78C
  8
Top
 10
32.04100
 20
50.79530
 42
-0.414214
  0
VERTEX
 5
78D
  8
Top
 10
32.02830
 20
50.80800
  0
VERTEX
 5
78E
  8
Top
 10
32.02830
 20
52.30800
  0
SEQEND
  8
Top
  0
POLYLINE
 5
78F
  8
2DLINES_1
 66
1
 40
0.152400
 41
0.152400
  0
VERTEX
 5
790
  8
2DLINES_1
 10
33.64100
 20
50.91800
  0
VERTEX
 5
791
  8
2DLINES_1
 10
33.64100
 20
52.21800
  0
SEQEND
  8
2DLINES_1
  0
POLYLINE
 5
792
  8
2DLINES_1
 66
1
 70
1
 40
0.076200
 41
0.076200
  0
VERTEX
 5
793
  8
2DLINES_1
 10
33.60290
 20
50.91800
 42
1.0
  0
VERTEX
 5
794
  8
2DLINES_1
 10
33.67910
 20
50.91800
 42
1.0
  0
SEQEND
  8
2DLINES_1
  0
POLYLINE
 5
795
  8
2DLINES_1
 66
1
 70
1
 40
0.076200
 41
0.076200
  0
VERTEX
 5
796
  8
2DLINES_1
 10
33.60290
 20
52.21800
 42
1.0
  0
VERTEX
 5
797
  8
2DLINES_1
 10
33.67910
 20
52.21800
 42
1.0
  0
SEQEND
  8
2DLINES_1
  0
POLYLINE
 5
798
  8
PLACEMENT_OUTLINE_TOP
 66
1
 40
0.025400
 41
0.025400
  0
VERTEX
 5
799
  8
PLACEMENT_OUTLINE_TOP
 10
32.04100
 20
50.81800
  0
VERTEX
 5
79A
  8
PLACEMENT_OUTLINE_TOP
 10
32.04100
 20
52.31800
  0
SEQEND
  8
PLACEMENT_OUTLINE_TOP
  0
POLYLINE
 5
79B
  8
PLACEMENT_OUTLINE_TOP
 66
1
 70
1
 40
0.012700
 41
0.012700
  0
VERTEX
 5
79C
  8
PLACEMENT_OUTLINE_TOP
 10
32.03465
 20
50.81800
 42
1.0
  0
VERTEX
 5
79D
  8
PLACEMENT_OUTLINE_TOP
 10
32.04735
 20
50.81800
 42
1.0
  0
SEQEND
  8
PLACEMENT_OUTLINE_TOP
  0
POLYLINE
 5
79E
  8
PLACEMENT_OUTLINE_TOP
 66
1
 70
1
 40
0.012700
 41
0.012700
  0
VERTEX
 5
79F
  8
PLACEMENT_OUTLINE_TOP
 10
32.03465
 20
52.31800
 42
1.0
  0
VERTEX
 5
7A0
  8
PLACEMENT_OUTLINE_TOP
 10
32.04735
 20
52.31800
 42
1.0
  0
SEQEND
  8
PLACEMENT_OUTLINE_TOP
  0
POLYLINE
 5
7A1
  8
PLACEMENT_OUTLINE_TOP
 66
1
 40
0.025400
 41
0.025400
  0
VERTEX
 5
7A2
  8
PLACEMENT_OUTLINE_TOP
 10
32.04100
 20
52.31800
  0
VERTEX
 5
7A3
  8
PLACEMENT_OUTLINE_TOP
 10
35.24100
 20
52.31800
  0
SEQEND
  8
PLACEMENT_OUTLINE_TOP
  0
POLYLINE
 5
7A4
  8
PLACEMENT_OUTLINE_TOP
 66
1
 70
1
 40
0.012700
 41
0.012700
  0
VERTEX
 5
7A5
  8
PLACEMENT_OUTLINE_TOP
 10
32.03465
 20
52.31800
 42
1.0
  0
VERTEX
 5
7A6
  8
PLACEMENT_OUTLINE_TOP
 10
32.04735
 20
52.31800
 42
1.0
  0
SEQEND
  8
PLACEMENT_OUTLINE_TOP
  0
POLYLINE
 5
7A7
  8
PLACEMENT_OUTLINE_TOP
 66
1
 70
1
 40
0.012700
 41
0.012700
  0
VERTEX
 5
7A8
  8
PLACEMENT_OUTLINE_TOP
 10
35.23465
 20
52.31800
 42
1.0
  0
VERTEX
 5
7A9
  8
PLACEMENT_OUTLINE_TOP
 10
35.24735
 20
52.31800
 42
1.0
  0
SEQEND
  8
PLACEMENT_OUTLINE_TOP
  0
POLYLINE
 5
7AA
  8
PLACEMENT_OUTLINE_TOP
 66
1
 40
0.025400
 41
0.025400
  0
VERTEX
 5
7AB
  8
PLACEMENT_OUTLINE_TOP
 10
35.24100
 20
52.31800
  0
VERTEX
 5
7AC
  8
PLACEMENT_OUTLINE_TOP
 10
35.24100
 20
50.81800
  0
SEQEND
  8
PLACEMENT_OUTLINE_TOP
  0
POLYLINE
 5
7AD
  8
PLACEMENT_OUTLINE_TOP
 66
1
 70
1
 40
0.012700
 41
0.012700
  0
VERTEX
 5
7AE
  8
PLACEMENT_OUTLINE_TOP
 10
35.23465
 20
52.31800
 42
1.0
  0
VERTEX
 5
7AF
  8
PLACEMENT_OUTLINE_TOP
 10
35.24735
 20
52.31800
 42
1.0
  0
SEQEND
  8
PLACEMENT_OUTLINE_TOP
  0
POLYLINE
 5
7B0
  8
PLACEMENT_OUTLINE_TOP
 66
1
 70
1
 40
0.012700
 41
0.012700
  0
VERTEX
 5
7B1
  8
PLACEMENT_OUTLINE_TOP
 10
35.23465
 20
50.81800
 42
1.0
  0
VERTEX
 5
7B2
  8
PLACEMENT_OUTLINE_TOP
 10
35.24735
 20
50.81800
 42
1.0
  0
SEQEND
  8
PLACEMENT_OUTLINE_TOP
  0
POLYLINE
 5
7B3
  8
PLACEMENT_OUTLINE_TOP
 66
1
 40
0.025400
 41
0.025400
  0
VERTEX
 5
7B4
  8
PLACEMENT_OUTLINE_TOP
 10
35.24100
 20
50.81800
  0
VERTEX
 5
7B5
  8
PLACEMENT_OUTLINE_TOP
 10
32.04100
 20
50.81800
  0
SEQEND
  8
PLACEMENT_OUTLINE_TOP
  0
POLYLINE
 5
7B6
  8
PLACEMENT_OUTLINE_TOP
 66
1
 70
1
 40
0.012700
 41
0.012700
  0
VERTEX
 5
7B7
  8
PLACEMENT_OUTLINE_TOP
 10
35.23465
 20
50.81800
 42
1.0
  0
VERTEX
 5
7B8
  8
PLACEMENT_OUTLINE_TOP
 10
35.24735
 20
50.81800
 42
1.0
  0
SEQEND
  8
PLACEMENT_OUTLINE_TOP
  0
POLYLINE
 5
7B9
  8
PLACEMENT_OUTLINE_TOP
 66
1
 70
1
 40
0.012700
 41
0.012700
  0
VERTEX
 5
7BA
  8
PLACEMENT_OUTLINE_TOP
 10
32.03465
 20
50.81800
 42
1.0
  0
VERTEX
 5
7BB
  8
PLACEMENT_OUTLINE_TOP
 10
32.04735
 20
50.81800
 42
1.0
  0
SEQEND
  8
PLACEMENT_OUTLINE_TOP
  0
SOLID
 5
7BC
  8
PADLAYER_TOP
 10
33.34100
 20
50.81800
 11
33.34100
 21
52.31800
 12
32.04100
 22
50.81800
 13
32.04100
 23
52.31800
  0
SOLID
 5
7BD
  8
PADLAYER_TOP
 10
35.24100
 20
50.81800
 11
35.24100
 21
52.31800
 12
33.94100
 22
50.81800
 13
33.94100
 23
52.31800
  0
POLYLINE
 5
7BE
  8
2DLINES_1
 66
1
 40
0.350000
 41
0.350000
  0
VERTEX
 5
7BF
  8
2DLINES_1
 10
0.29999
 20
0.00000
  0
VERTEX
 5
7C0
  8
2DLINES_1
 10
0.30001
 20
77.10000
  0
SEQEND
  8
2DLINES_1
  0
POLYLINE
 5
7C1
  8
2DLINES_1
 66
1
 70
1
 40
0.175000
 41
0.175000
  0
VERTEX
 5
7C2
  8
2DLINES_1
 10
0.21249
 20
0.00000
 42
1.0
  0
VERTEX
 5
7C3
  8
2DLINES_1
 10
0.38749
 20
0.00000
 42
1.0
  0
SEQEND
  8
2DLINES_1
  0
POLYLINE
 5
7C4
  8
2DLINES_1
 66
1
 70
1
 40
0.175000
 41
0.175000
  0
VERTEX
 5
7C5
  8
2DLINES_1
 10
0.21251
 20
77.10000
 42
1.0
  0
VERTEX
 5
7C6
  8
2DLINES_1
 10
0.38751
 20
77.10000
 42
1.0
  0
SEQEND
  8
2DLINES_1
  0
POLYLINE
 5
7C7
  8
2DLINES_1
 66
1
 40
0.350000
 41
0.350000
  0
VERTEX
 5
7C8
  8
2DLINES_1
 10
0.30001
 20
77.10000
  0
VERTEX
 5
7C9
  8
2DLINES_1
 10
21.00001
 20
77.10000
  0
SEQEND
  8
2DLINES_1
  0
POLYLINE
 5
7CA
  8
2DLINES_1
 66
1
 70
1
 40
0.175000
 41
0.175000
  0
VERTEX
 5
7CB
  8
2DLINES_1
 10
0.21251
 20
77.10000
 42
1.0
  0
VERTEX
 5
7CC
  8
2DLINES_1
 10
0.38751
 20
77.10000
 42
1.0
  0
SEQEND
  8
2DLINES_1
  0
POLYLINE
 5
7CD
  8
2DLINES_1
 66
1
 70
1
 40
0.175000
 41
0.175000
  0
VERTEX
 5
7CE
  8
2DLINES_1
 10
20.91251
 20
77.10000
 42
1.0
  0
VERTEX
 5
7CF
  8
2DLINES_1
 10
21.08751
 20
77.10000
 42
1.0
  0
SEQEND
  8
2DLINES_1
  0
POLYLINE
 5
7D0
  8
2DLINES_1
 66
1
 40
0.350000
 41
0.350000
  0
VERTEX
 5
7D1
  8
2DLINES_1
 10
21.00001
 20
77.10000
  0
VERTEX
 5
7D2
  8
2DLINES_1
 10
20.99999
 20
-0.00000
  0
SEQEND
  8
2DLINES_1
  0
POLYLINE
 5
7D3
  8
2DLINES_1
 66
1
 70
1
 40
0.175000
 41
0.175000
  0
VERTEX
 5
7D4
  8
2DLINES_1
 10
20.91251
 20
77.10000
 42
1.0
  0
VERTEX
 5
7D5
  8
2DLINES_1
 10
21.08751
 20
77.10000
 42
1.0
  0
SEQEND
  8
2DLINES_1
  0
POLYLINE
 5
7D6
  8
2DLINES_1
 66
1
 70
1
 40
0.175000
 41
0.175000
  0
VERTEX
 5
7D7
  8
2DLINES_1
 10
20.91249
 20
-0.00000
 42
1.0
  0
VERTEX
 5
7D8
  8
2DLINES_1
 10
21.08749
 20
-0.00000
 42
1.0
  0
SEQEND
  8
2DLINES_1
  0
POLYLINE
 5
7D9
  8
2DLINES_1
 66
1
 40
0.350000
 41
0.350000
  0
VERTEX
 5
7DA
  8
2DLINES_1
 10
20.99999
 20
-0.00000
  0
VERTEX
 5
7DB
  8
2DLINES_1
 10
0.29999
 20
0.00000
  0
SEQEND
  8
2DLINES_1
  0
POLYLINE
 5
7DC
  8
2DLINES_1
 66
1
 70
1
 40
0.175000
 41
0.175000
  0
VERTEX
 5
7DD
  8
2DLINES_1
 10
20.91249
 20
-0.00000
 42
1.0
  0
VERTEX
 5
7DE
  8
2DLINES_1
 10
21.08749
 20
-0.00000
 42
1.0
  0
SEQEND
  8
2DLINES_1
  0
POLYLINE
 5
7DF
  8
2DLINES_1
 66
1
 70
1
 40
0.175000
 41
0.175000
  0
VERTEX
 5
7E0
  8
2DLINES_1
 10
0.21249
 20
0.00000
 42
1.0
  0
VERTEX
 5
7E1
  8
2DLINES_1
 10
0.38749
 20
0.00000
 42
1.0
  0
SEQEND
  8
2DLINES_1
  0
POLYLINE
 5
7E2
  8
LAYNR1
 66
1
 40
0.300000
 41
0.300000
  0
VERTEX
 5
7E3
  8
LAYNR1
 10
7.15001
 20
64.05000
 42
1.000000
  0
VERTEX
 5
7E4
  8
LAYNR1
 10
14.15001
 20
64.05000
 42
1.000000
  0
VERTEX
 5
7E5
  8
LAYNR1
 10
7.15001
 20
64.05000
  0
SEQEND
  8
LAYNR1
  0
POLYLINE
 5
7E6
  8
LAYNR1
 66
1
 40
0.300000
 41
0.300000
  0
VERTEX
 5
7E7
  8
LAYNR1
 10
7.14999
 20
13.05000
 42
1.000000
  0
VERTEX
 5
7E8
  8
LAYNR1
 10
14.14999
 20
13.05000
 42
1.000000
  0
VERTEX
 5
7E9
  8
LAYNR1
 10
7.14999
 20
13.05000
  0
SEQEND
  8
LAYNR1
  0
POLYLINE
 5
7EA
  8
PLACEMENT_OUTLINE_TOP
 66
1
 40
0.350000
 41
0.350000
  0
VERTEX
 5
7EB
  8
PLACEMENT_OUTLINE_TOP
 10
0.29999
 20
0.00000
  0
VERTEX
 5
7EC
  8
PLACEMENT_OUTLINE_TOP
 10
0.30001
 20
77.10000
  0
SEQEND
  8
PLACEMENT_OUTLINE_TOP
  0
POLYLINE
 5
7ED
  8
PLACEMENT_OUTLINE_TOP
 66
1
 70
1
 40
0.175000
 41
0.175000
  0
VERTEX
 5
7EE
  8
PLACEMENT_OUTLINE_TOP
 10
0.21249
 20
0.00000
 42
1.0
  0
VERTEX
 5
7EF
  8
PLACEMENT_OUTLINE_TOP
 10
0.38749
 20
0.00000
 42
1.0
  0
SEQEND
  8
PLACEMENT_OUTLINE_TOP
  0
POLYLINE
 5
7F0
  8
PLACEMENT_OUTLINE_TOP
 66
1
 70
1
 40
0.175000
 41
0.175000
  0
VERTEX
 5
7F1
  8
PLACEMENT_OUTLINE_TOP
 10
0.21251
 20
77.10000
 42
1.0
  0
VERTEX
 5
7F2
  8
PLACEMENT_OUTLINE_TOP
 10
0.38751
 20
77.10000
 42
1.0
  0
SEQEND
  8
PLACEMENT_OUTLINE_TOP
  0
POLYLINE
 5
7F3
  8
PLACEMENT_OUTLINE_TOP
 66
1
 40
0.350000
 41
0.350000
  0
VERTEX
 5
7F4
  8
PLACEMENT_OUTLINE_TOP
 10
0.30001
 20
77.10000
  0
VERTEX
 5
7F5
  8
PLACEMENT_OUTLINE_TOP
 10
21.00001
 20
77.10000
  0
SEQEND
  8
PLACEMENT_OUTLINE_TOP
  0
POLYLINE
 5
7F6
  8
PLACEMENT_OUTLINE_TOP
 66
1
 70
1
 40
0.175000
 41
0.175000
  0
VERTEX
 5
7F7
  8
PLACEMENT_OUTLINE_TOP
 10
0.21251
 20
77.10000
 42
1.0
  0
VERTEX
 5
7F8
  8
PLACEMENT_OUTLINE_TOP
 10
0.38751
 20
77.10000
 42
1.0
  0
SEQEND
  8
PLACEMENT_OUTLINE_TOP
  0
POLYLINE
 5
7F9
  8
PLACEMENT_OUTLINE_TOP
 66
1
 70
1
 40
0.175000
 41
0.175000
  0
VERTEX
 5
7FA
  8
PLACEMENT_OUTLINE_TOP
 10
20.91251
 20
77.10000
 42
1.0
  0
VERTEX
 5
7FB
  8
PLACEMENT_OUTLINE_TOP
 10
21.08751
 20
77.10000
 42
1.0
  0
SEQEND
  8
PLACEMENT_OUTLINE_TOP
  0
POLYLINE
 5
7FC
  8
PLACEMENT_OUTLINE_TOP
 66
1
 40
0.350000
 41
0.350000
  0
VERTEX
 5
7FD
  8
PLACEMENT_OUTLINE_TOP
 10
21.00001
 20
77.10000
  0
VERTEX
 5
7FE
  8
PLACEMENT_OUTLINE_TOP
 10
20.99999
 20
-0.00000
  0
SEQEND
  8
PLACEMENT_OUTLINE_TOP
  0
POLYLINE
 5
7FF
  8
PLACEMENT_OUTLINE_TOP
 66
1
 70
1
 40
0.175000
 41
0.175000
  0
VERTEX
 5
800
  8
PLACEMENT_OUTLINE_TOP
 10
20.91251
 20
77.10000
 42
1.0
  0
VERTEX
 5
801
  8
PLACEMENT_OUTLINE_TOP
 10
21.08751
 20
77.10000
 42
1.0
  0
SEQEND
  8
PLACEMENT_OUTLINE_TOP
  0
POLYLINE
 5
802
  8
PLACEMENT_OUTLINE_TOP
 66
1
 70
1
 40
0.175000
 41
0.175000
  0
VERTEX
 5
803
  8
PLACEMENT_OUTLINE_TOP
 10
20.91249
 20
-0.00000
 42
1.0
  0
VERTEX
 5
804
  8
PLACEMENT_OUTLINE_TOP
 10
21.08749
 20
-0.00000
 42
1.0
  0
SEQEND
  8
PLACEMENT_OUTLINE_TOP
  0
POLYLINE
 5
805
  8
PLACEMENT_OUTLINE_TOP
 66
1
 40
0.350000
 41
0.350000
  0
VERTEX
 5
806
  8
PLACEMENT_OUTLINE_TOP
 10
20.99999
 20
-0.00000
  0
VERTEX
 5
807
  8
PLACEMENT_OUTLINE_TOP
 10
0.29999
 20
0.00000
  0
SEQEND
  8
PLACEMENT_OUTLINE_TOP
  0
POLYLINE
 5
808
  8
PLACEMENT_OUTLINE_TOP
 66
1
 70
1
 40
0.175000
 41
0.175000
  0
VERTEX
 5
809
  8
PLACEMENT_OUTLINE_TOP
 10
20.91249
 20
-0.00000
 42
1.0
  0
VERTEX
 5
80A
  8
PLACEMENT_OUTLINE_TOP
 10
21.08749
 20
-0.00000
 42
1.0
  0
SEQEND
  8
PLACEMENT_OUTLINE_TOP
  0
POLYLINE
 5
80B
  8
PLACEMENT_OUTLINE_TOP
 66
1
 70
1
 40
0.175000
 41
0.175000
  0
VERTEX
 5
80C
  8
PLACEMENT_OUTLINE_TOP
 10
0.21249
 20
0.00000
 42
1.0
  0
VERTEX
 5
80D
  8
PLACEMENT_OUTLINE_TOP
 10
0.38749
 20
0.00000
 42
1.0
  0
SEQEND
  8
PLACEMENT_OUTLINE_TOP
  0
TEXT
  8
LAYNR1
 10
10.65001
 20
62.75000
 40
9.285769
  1
+
 72
 1
 73
 2
 11
10.65001
 21
62.75000
  50
179.999964
  0
TEXT
  8
LAYNR1
 10
10.93999
 20
9.65000
 40
12.857220
  1
-
 72
 1
 73
 2
 11
10.93999
 21
9.65000
  50
179.999964
  0
POLYLINE
 5
80E
  8
PADLAYER_TOP
 66
1
 70
1
 40
1.800000
 41
1.800000
  0
VERTEX
 5
80F
  8
PADLAYER_TOP
 10
9.74999
 20
2.14500
 42
1.0
  0
VERTEX
 5
810
  8
PADLAYER_TOP
 10
11.54999
 20
2.14500
 42
1.0
  0
SEQEND
  8
PADLAYER_TOP
  0
POLYLINE
 5
811
  8
PADLAYER_BOTTOM
 66
1
 70
1
 40
1.800000
 41
1.800000
  0
VERTEX
 5
812
  8
PADLAYER_BOTTOM
 10
9.74999
 20
2.14500
 42
1.0
  0
VERTEX
 5
813
  8
PADLAYER_BOTTOM
 10
11.54999
 20
2.14500
 42
1.0
  0
SEQEND
  8
PADLAYER_BOTTOM
  0
POLYLINE
 5
814
  8
TOOL_TOP
 66
1
 40
0.350000
 41
0.350000
  0
VERTEX
 5
815
  8
TOOL_TOP
 10
9.74999
 20
2.14500
 42
1.000000
  0
VERTEX
 5
816
  8
TOOL_TOP
 10
11.54999
 20
2.14500
 42
1.000000
  0
VERTEX
 5
817
  8
TOOL_TOP
 10
9.74999
 20
2.14500
  0
SEQEND
  8
TOOL_TOP
  0
TEXT
  8
TOOLCODE_TOP
 10
9.70499
 20
1.69500
 40
0.900000
  1
T00
  0
POLYLINE
 5
818
  8
PADLAYER_TOP
 66
1
 70
1
 40
1.800000
 41
1.800000
  0
VERTEX
 5
819
  8
PADLAYER_TOP
 10
9.75001
 20
74.95500
 42
1.0
  0
VERTEX
 5
81A
  8
PADLAYER_TOP
 10
11.55001
 20
74.95500
 42
1.0
  0
SEQEND
  8
PADLAYER_TOP
  0
POLYLINE
 5
81B
  8
PADLAYER_BOTTOM
 66
1
 70
1
 40
1.800000
 41
1.800000
  0
VERTEX
 5
81C
  8
PADLAYER_BOTTOM
 10
9.75001
 20
74.95500
 42
1.0
  0
VERTEX
 5
81D
  8
PADLAYER_BOTTOM
 10
11.55001
 20
74.95500
 42
1.0
  0
SEQEND
  8
PADLAYER_BOTTOM
  0
POLYLINE
 5
81E
  8
TOOL_TOP
 66
1
 40
0.350000
 41
0.350000
  0
VERTEX
 5
81F
  8
TOOL_TOP
 10
9.75001
 20
74.95500
 42
1.000000
  0
VERTEX
 5
820
  8
TOOL_TOP
 10
11.55001
 20
74.95500
 42
1.000000
  0
VERTEX
 5
821
  8
TOOL_TOP
 10
9.75001
 20
74.95500
  0
SEQEND
  8
TOOL_TOP
  0
TEXT
  8
TOOLCODE_TOP
 10
9.70501
 20
74.50500
 40
0.900000
  1
T00
  0
POLYLINE
 5
822
  8
TOOL_TOP
 66
1
 40
0.350000
 41
0.350000
  0
VERTEX
 5
823
  8
TOOL_TOP
 10
16.82499
 20
10.95000
 42
1.000000
  0
VERTEX
 5
824
  8
TOOL_TOP
 10
20.47499
 20
10.95000
 42
1.000000
  0
VERTEX
 5
825
  8
TOOL_TOP
 10
16.82499
 20
10.95000
  0
SEQEND
  8
TOOL_TOP
  0
TEXT
  8
TOOLCODE_TOP
 10
16.73374
 20
10.03750
 40
1.825000
  1
T00
  0
POLYLINE
 5
826
  8
TOOL_TOP
 66
1
 40
0.350000
 41
0.350000
  0
VERTEX
 5
827
  8
TOOL_TOP
 10
0.82501
 20
66.15000
 42
1.000000
  0
VERTEX
 5
828
  8
TOOL_TOP
 10
4.47501
 20
66.15000
 42
1.000000
  0
VERTEX
 5
829
  8
TOOL_TOP
 10
0.82501
 20
66.15000
  0
SEQEND
  8
TOOL_TOP
  0
TEXT
  8
TOOLCODE_TOP
 10
0.73376
 20
65.23750
 40
1.825000
  1
T00
  0
POLYLINE
 5
82A
  8
TOOL_TOP
 66
1
 40
0.350000
 41
0.350000
  0
VERTEX
 5
82B
  8
TOOL_TOP
 10
17.45001
 20
74.21999
 42
1.000000
  0
VERTEX
 5
82C
  8
TOOL_TOP
 10
19.85001
 20
74.21999
 42
1.000000
  0
VERTEX
 5
82D
  8
TOOL_TOP
 10
17.45001
 20
74.21999
  0
SEQEND
  8
TOOL_TOP
  0
TEXT
  8
TOOLCODE_TOP
 10
17.39001
 20
73.61999
 40
1.200000
  1
T00
  0
POLYLINE
 5
82E
  8
2DLINES_1
 66
1
 40
0.299970
 41
0.299970
  0
VERTEX
 5
82F
  8
2DLINES_1
 10
23.90800
 20
21.43100
 42
1.000000
  0
VERTEX
 5
830
  8
2DLINES_1
 10
24.10800
 20
21.43100
 42
1.000000
  0
VERTEX
 5
831
  8
2DLINES_1
 10
23.90800
 20
21.43100
  0
SEQEND
  8
2DLINES_1
  0
POLYLINE
 5
832
  8
PLACEMENT_OUTLINE_TOP
 66
1
 40
0.299970
 41
0.299970
  0
VERTEX
 5
833
  8
PLACEMENT_OUTLINE_TOP
 10
23.90800
 20
21.43100
 42
1.000000
  0
VERTEX
 5
834
  8
PLACEMENT_OUTLINE_TOP
 10
24.10800
 20
21.43100
 42
1.000000
  0
VERTEX
 5
835
  8
PLACEMENT_OUTLINE_TOP
 10
23.90800
 20
21.43100
  0
SEQEND
  8
PLACEMENT_OUTLINE_TOP
  0
SOLID
 5
836
  8
PADLAYER_TOP
 10
24.21800
 20
21.83100
 11
24.21800
 21
22.43100
 12
23.79800
 22
21.83100
 13
23.79800
 23
22.43100
  0
SOLID
 5
837
  8
PADLAYER_TOP
 10
24.86800
 20
21.83100
 11
24.86800
 21
22.43100
 12
24.44800
 22
21.83100
 13
24.44800
 23
22.43100
  0
SOLID
 5
838
  8
PADLAYER_TOP
 10
25.51800
 20
21.83100
 11
25.51800
 21
22.43100
 12
25.09800
 22
21.83100
 13
25.09800
 23
22.43100
  0
SOLID
 5
839
  8
PADLAYER_TOP
 10
25.51800
 20
23.73100
 11
25.51800
 21
24.33100
 12
25.09800
 22
23.73100
 13
25.09800
 23
24.33100
  0
SOLID
 5
83A
  8
PADLAYER_TOP
 10
24.86800
 20
23.73100
 11
24.86800
 21
24.33100
 12
24.44800
 22
23.73100
 13
24.44800
 23
24.33100
  0
SOLID
 5
83B
  8
PADLAYER_TOP
 10
24.21800
 20
23.73100
 11
24.21800
 21
24.33100
 12
23.79800
 22
23.73100
 13
23.79800
 23
24.33100
  0
POLYLINE
 5
83C
  8
LAYNR1
 66
1
 40
0.150000
 41
0.150000
  0
VERTEX
 5
83D
  8
LAYNR1
 10
22.60500
 20
23.09900
  0
VERTEX
 5
83E
  8
LAYNR1
 10
21.90500
 20
23.09900
  0
SEQEND
  8
LAYNR1
  0
POLYLINE
 5
83F
  8
LAYNR1
 66
1
 70
1
 40
0.075000
 41
0.075000
  0
VERTEX
 5
840
  8
LAYNR1
 10
22.56750
 20
23.09900
 42
1.0
  0
VERTEX
 5
841
  8
LAYNR1
 10
22.64250
 20
23.09900
 42
1.0
  0
SEQEND
  8
LAYNR1
  0
POLYLINE
 5
842
  8
LAYNR1
 66
1
 70
1
 40
0.075000
 41
0.075000
  0
VERTEX
 5
843
  8
LAYNR1
 10
21.86750
 20
23.09900
 42
1.0
  0
VERTEX
 5
844
  8
LAYNR1
 10
21.94250
 20
23.09900
 42
1.0
  0
SEQEND
  8
LAYNR1
  0
POLYLINE
 5
845
  8
PLACEMENT_OUTLINE_TOP
 66
1
 40
0.100000
 41
0.100000
  0
VERTEX
 5
846
  8
PLACEMENT_OUTLINE_TOP
 10
21.62000
 20
24.49600
  0
VERTEX
 5
847
  8
PLACEMENT_OUTLINE_TOP
 10
21.62000
 20
21.70200
  0
SEQEND
  8
PLACEMENT_OUTLINE_TOP
  0
POLYLINE
 5
848
  8
PLACEMENT_OUTLINE_TOP
 66
1
 70
1
 40
0.050000
 41
0.050000
  0
VERTEX
 5
849
  8
PLACEMENT_OUTLINE_TOP
 10
21.59500
 20
24.49600
 42
1.0
  0
VERTEX
 5
84A
  8
PLACEMENT_OUTLINE_TOP
 10
21.64500
 20
24.49600
 42
1.0
  0
SEQEND
  8
PLACEMENT_OUTLINE_TOP
  0
POLYLINE
 5
84B
  8
PLACEMENT_OUTLINE_TOP
 66
1
 70
1
 40
0.050000
 41
0.050000
  0
VERTEX
 5
84C
  8
PLACEMENT_OUTLINE_TOP
 10
21.59500
 20
21.70200
 42
1.0
  0
VERTEX
 5
84D
  8
PLACEMENT_OUTLINE_TOP
 10
21.64500
 20
21.70200
 42
1.0
  0
SEQEND
  8
PLACEMENT_OUTLINE_TOP
  0
POLYLINE
 5
84E
  8
PLACEMENT_OUTLINE_TOP
 66
1
 40
0.100000
 41
0.100000
  0
VERTEX
 5
84F
  8
PLACEMENT_OUTLINE_TOP
 10
21.62000
 20
21.70200
  0
VERTEX
 5
850
  8
PLACEMENT_OUTLINE_TOP
 10
22.89000
 20
21.70200
  0
SEQEND
  8
PLACEMENT_OUTLINE_TOP
  0
POLYLINE
 5
851
  8
PLACEMENT_OUTLINE_TOP
 66
1
 70
1
 40
0.050000
 41
0.050000
  0
VERTEX
 5
852
  8
PLACEMENT_OUTLINE_TOP
 10
21.59500
 20
21.70200
 42
1.0
  0
VERTEX
 5
853
  8
PLACEMENT_OUTLINE_TOP
 10
21.64500
 20
21.70200
 42
1.0
  0
SEQEND
  8
PLACEMENT_OUTLINE_TOP
  0
POLYLINE
 5
854
  8
PLACEMENT_OUTLINE_TOP
 66
1
 70
1
 40
0.050000
 41
0.050000
  0
VERTEX
 5
855
  8
PLACEMENT_OUTLINE_TOP
 10
22.86500
 20
21.70200
 42
1.0
  0
VERTEX
 5
856
  8
PLACEMENT_OUTLINE_TOP
 10
22.91500
 20
21.70200
 42
1.0
  0
SEQEND
  8
PLACEMENT_OUTLINE_TOP
  0
POLYLINE
 5
857
  8
PLACEMENT_OUTLINE_TOP
 66
1
 40
0.100000
 41
0.100000
  0
VERTEX
 5
858
  8
PLACEMENT_OUTLINE_TOP
 10
22.89000
 20
21.70200
  0
VERTEX
 5
859
  8
PLACEMENT_OUTLINE_TOP
 10
22.89000
 20
24.49600
  0
SEQEND
  8
PLACEMENT_OUTLINE_TOP
  0
POLYLINE
 5
85A
  8
PLACEMENT_OUTLINE_TOP
 66
1
 70
1
 40
0.050000
 41
0.050000
  0
VERTEX
 5
85B
  8
PLACEMENT_OUTLINE_TOP
 10
22.86500
 20
21.70200
 42
1.0
  0
VERTEX
 5
85C
  8
PLACEMENT_OUTLINE_TOP
 10
22.91500
 20
21.70200
 42
1.0
  0
SEQEND
  8
PLACEMENT_OUTLINE_TOP
  0
POLYLINE
 5
85D
  8
PLACEMENT_OUTLINE_TOP
 66
1
 70
1
 40
0.050000
 41
0.050000
  0
VERTEX
 5
85E
  8
PLACEMENT_OUTLINE_TOP
 10
22.86500
 20
24.49600
 42
1.0
  0
VERTEX
 5
85F
  8
PLACEMENT_OUTLINE_TOP
 10
22.91500
 20
24.49600
 42
1.0
  0
SEQEND
  8
PLACEMENT_OUTLINE_TOP
  0
POLYLINE
 5
860
  8
PLACEMENT_OUTLINE_TOP
 66
1
 40
0.100000
 41
0.100000
  0
VERTEX
 5
861
  8
PLACEMENT_OUTLINE_TOP
 10
22.89000
 20
24.49600
  0
VERTEX
 5
862
  8
PLACEMENT_OUTLINE_TOP
 10
21.62000
 20
24.49600
  0
SEQEND
  8
PLACEMENT_OUTLINE_TOP
  0
POLYLINE
 5
863
  8
PLACEMENT_OUTLINE_TOP
 66
1
 70
1
 40
0.050000
 41
0.050000
  0
VERTEX
 5
864
  8
PLACEMENT_OUTLINE_TOP
 10
22.86500
 20
24.49600
 42
1.0
  0
VERTEX
 5
865
  8
PLACEMENT_OUTLINE_TOP
 10
22.91500
 20
24.49600
 42
1.0
  0
SEQEND
  8
PLACEMENT_OUTLINE_TOP
  0
POLYLINE
 5
866
  8
PLACEMENT_OUTLINE_TOP
 66
1
 70
1
 40
0.050000
 41
0.050000
  0
VERTEX
 5
867
  8
PLACEMENT_OUTLINE_TOP
 10
21.59500
 20
24.49600
 42
1.0
  0
VERTEX
 5
868
  8
PLACEMENT_OUTLINE_TOP
 10
21.64500
 20
24.49600
 42
1.0
  0
SEQEND
  8
PLACEMENT_OUTLINE_TOP
  0
SOLID
 5
869
  8
PADLAYER_TOP
 10
22.71220
 20
21.87980
 11
22.71220
 21
22.79420
 12
21.79780
 22
21.87980
 13
21.79780
 23
22.79420
  0
SOLID
 5
86A
  8
PADLAYER_TOP
 10
22.71220
 20
23.40380
 11
22.71220
 21
24.31820
 12
21.79780
 22
23.40380
 13
21.79780
 23
24.31820
  0
POLYLINE
 5
86B
  8
LAYNR1
 66
1
 40
0.150000
 41
0.150000
  0
VERTEX
 5
86C
  8
LAYNR1
 10
27.41100
 20
23.08100
  0
VERTEX
 5
86D
  8
LAYNR1
 10
26.71100
 20
23.08100
  0
SEQEND
  8
LAYNR1
  0
POLYLINE
 5
86E
  8
LAYNR1
 66
1
 70
1
 40
0.075000
 41
0.075000
  0
VERTEX
 5
86F
  8
LAYNR1
 10
27.37350
 20
23.08100
 42
1.0
  0
VERTEX
 5
870
  8
LAYNR1
 10
27.44850
 20
23.08100
 42
1.0
  0
SEQEND
  8
LAYNR1
  0
POLYLINE
 5
871
  8
LAYNR1
 66
1
 70
1
 40
0.075000
 41
0.075000
  0
VERTEX
 5
872
  8
LAYNR1
 10
26.67350
 20
23.08100
 42
1.0
  0
VERTEX
 5
873
  8
LAYNR1
 10
26.74850
 20
23.08100
 42
1.0
  0
SEQEND
  8
LAYNR1
  0
POLYLINE
 5
874
  8
PLACEMENT_OUTLINE_TOP
 66
1
 40
0.100000
 41
0.100000
  0
VERTEX
 5
875
  8
PLACEMENT_OUTLINE_TOP
 10
26.42600
 20
24.47800
  0
VERTEX
 5
876
  8
PLACEMENT_OUTLINE_TOP
 10
26.42600
 20
21.68400
  0
SEQEND
  8
PLACEMENT_OUTLINE_TOP
  0
POLYLINE
 5
877
  8
PLACEMENT_OUTLINE_TOP
 66
1
 70
1
 40
0.050000
 41
0.050000
  0
VERTEX
 5
878
  8
PLACEMENT_OUTLINE_TOP
 10
26.40100
 20
24.47800
 42
1.0
  0
VERTEX
 5
879
  8
PLACEMENT_OUTLINE_TOP
 10
26.45100
 20
24.47800
 42
1.0
  0
SEQEND
  8
PLACEMENT_OUTLINE_TOP
  0
POLYLINE
 5
87A
  8
PLACEMENT_OUTLINE_TOP
 66
1
 70
1
 40
0.050000
 41
0.050000
  0
VERTEX
 5
87B
  8
PLACEMENT_OUTLINE_TOP
 10
26.40100
 20
21.68400
 42
1.0
  0
VERTEX
 5
87C
  8
PLACEMENT_OUTLINE_TOP
 10
26.45100
 20
21.68400
 42
1.0
  0
SEQEND
  8
PLACEMENT_OUTLINE_TOP
  0
POLYLINE
 5
87D
  8
PLACEMENT_OUTLINE_TOP
 66
1
 40
0.100000
 41
0.100000
  0
VERTEX
 5
87E
  8
PLACEMENT_OUTLINE_TOP
 10
26.42600
 20
21.68400
  0
VERTEX
 5
87F
  8
PLACEMENT_OUTLINE_TOP
 10
27.69600
 20
21.68400
  0
SEQEND
  8
PLACEMENT_OUTLINE_TOP
  0
POLYLINE
 5
880
  8
PLACEMENT_OUTLINE_TOP
 66
1
 70
1
 40
0.050000
 41
0.050000
  0
VERTEX
 5
881
  8
PLACEMENT_OUTLINE_TOP
 10
26.40100
 20
21.68400
 42
1.0
  0
VERTEX
 5
882
  8
PLACEMENT_OUTLINE_TOP
 10
26.45100
 20
21.68400
 42
1.0
  0
SEQEND
  8
PLACEMENT_OUTLINE_TOP
  0
POLYLINE
 5
883
  8
PLACEMENT_OUTLINE_TOP
 66
1
 70
1
 40
0.050000
 41
0.050000
  0
VERTEX
 5
884
  8
PLACEMENT_OUTLINE_TOP
 10
27.67100
 20
21.68400
 42
1.0
  0
VERTEX
 5
885
  8
PLACEMENT_OUTLINE_TOP
 10
27.72100
 20
21.68400
 42
1.0
  0
SEQEND
  8
PLACEMENT_OUTLINE_TOP
  0
POLYLINE
 5
886
  8
PLACEMENT_OUTLINE_TOP
 66
1
 40
0.100000
 41
0.100000
  0
VERTEX
 5
887
  8
PLACEMENT_OUTLINE_TOP
 10
27.69600
 20
21.68400
  0
VERTEX
 5
888
  8
PLACEMENT_OUTLINE_TOP
 10
27.69600
 20
24.47800
  0
SEQEND
  8
PLACEMENT_OUTLINE_TOP
  0
POLYLINE
 5
889
  8
PLACEMENT_OUTLINE_TOP
 66
1
 70
1
 40
0.050000
 41
0.050000
  0
VERTEX
 5
88A
  8
PLACEMENT_OUTLINE_TOP
 10
27.67100
 20
21.68400
 42
1.0
  0
VERTEX
 5
88B
  8
PLACEMENT_OUTLINE_TOP
 10
27.72100
 20
21.68400
 42
1.0
  0
SEQEND
  8
PLACEMENT_OUTLINE_TOP
  0
POLYLINE
 5
88C
  8
PLACEMENT_OUTLINE_TOP
 66
1
 70
1
 40
0.050000
 41
0.050000
  0
VERTEX
 5
88D
  8
PLACEMENT_OUTLINE_TOP
 10
27.67100
 20
24.47800
 42
1.0
  0
VERTEX
 5
88E
  8
PLACEMENT_OUTLINE_TOP
 10
27.72100
 20
24.47800
 42
1.0
  0
SEQEND
  8
PLACEMENT_OUTLINE_TOP
  0
POLYLINE
 5
88F
  8
PLACEMENT_OUTLINE_TOP
 66
1
 40
0.100000
 41
0.100000
  0
VERTEX
 5
890
  8
PLACEMENT_OUTLINE_TOP
 10
27.69600
 20
24.47800
  0
VERTEX
 5
891
  8
PLACEMENT_OUTLINE_TOP
 10
26.42600
 20
24.47800
  0
SEQEND
  8
PLACEMENT_OUTLINE_TOP
  0
POLYLINE
 5
892
  8
PLACEMENT_OUTLINE_TOP
 66
1
 70
1
 40
0.050000
 41
0.050000
  0
VERTEX
 5
893
  8
PLACEMENT_OUTLINE_TOP
 10
27.67100
 20
24.47800
 42
1.0
  0
VERTEX
 5
894
  8
PLACEMENT_OUTLINE_TOP
 10
27.72100
 20
24.47800
 42
1.0
  0
SEQEND
  8
PLACEMENT_OUTLINE_TOP
  0
POLYLINE
 5
895
  8
PLACEMENT_OUTLINE_TOP
 66
1
 70
1
 40
0.050000
 41
0.050000
  0
VERTEX
 5
896
  8
PLACEMENT_OUTLINE_TOP
 10
26.40100
 20
24.47800
 42
1.0
  0
VERTEX
 5
897
  8
PLACEMENT_OUTLINE_TOP
 10
26.45100
 20
24.47800
 42
1.0
  0
SEQEND
  8
PLACEMENT_OUTLINE_TOP
  0
SOLID
 5
898
  8
PADLAYER_TOP
 10
27.51820
 20
21.86180
 11
27.51820
 21
22.77620
 12
26.60380
 22
21.86180
 13
26.60380
 23
22.77620
  0
SOLID
 5
899
  8
PADLAYER_TOP
 10
27.51820
 20
23.38580
 11
27.51820
 21
24.30020
 12
26.60380
 22
23.38580
 13
26.60380
 23
24.30020
  0
POLYLINE
 5
89A
  8
Top
 66
1
 70
1
 40
0.000000
 41
0.000000
  0
VERTEX
 5
89B
  8
Top
 10
27.79500
 20
46.77270
 42
-0.414214
  0
VERTEX
 5
89C
  8
Top
 10
27.80770
 20
46.76000
  0
VERTEX
 5
89D
  8
Top
 10
27.80770
 20
43.57000
 42
-0.414214
  0
VERTEX
 5
89E
  8
Top
 10
27.79500
 20
43.55730
  0
VERTEX
 5
89F
  8
Top
 10
26.29500
 20
43.55730
 42
-0.414214
  0
VERTEX
 5
8A0
  8
Top
 10
26.28230
 20
43.57000
  0
VERTEX
 5
8A1
  8
Top
 10
26.28230
 20
46.76000
 42
-0.414214
  0
VERTEX
 5
8A2
  8
Top
 10
26.29500
 20
46.77270
  0
VERTEX
 5
8A3
  8
Top
 10
27.79500
 20
46.77270
  0
SEQEND
  8
Top
  0
POLYLINE
 5
8A4
  8
2DLINES_1
 66
1
 40
0.152400
 41
0.152400
  0
VERTEX
 5
8A5
  8
2DLINES_1
 10
26.40500
 20
45.16000
  0
VERTEX
 5
8A6
  8
2DLINES_1
 10
27.70500
 20
45.16000
  0
SEQEND
  8
2DLINES_1
  0
POLYLINE
 5
8A7
  8
2DLINES_1
 66
1
 70
1
 40
0.076200
 41
0.076200
  0
VERTEX
 5
8A8
  8
2DLINES_1
 10
26.36690
 20
45.16000
 42
1.0
  0
VERTEX
 5
8A9
  8
2DLINES_1
 10
26.44310
 20
45.16000
 42
1.0
  0
SEQEND
  8
2DLINES_1
  0
POLYLINE
 5
8AA
  8
2DLINES_1
 66
1
 70
1
 40
0.076200
 41
0.076200
  0
VERTEX
 5
8AB
  8
2DLINES_1
 10
27.66690
 20
45.16000
 42
1.0
  0
VERTEX
 5
8AC
  8
2DLINES_1
 10
27.74310
 20
45.16000
 42
1.0
  0
SEQEND
  8
2DLINES_1
  0
POLYLINE
 5
8AD
  8
PLACEMENT_OUTLINE_TOP
 66
1
 40
0.025400
 41
0.025400
  0
VERTEX
 5
8AE
  8
PLACEMENT_OUTLINE_TOP
 10
26.30500
 20
46.76000
  0
VERTEX
 5
8AF
  8
PLACEMENT_OUTLINE_TOP
 10
27.80500
 20
46.76000
  0
SEQEND
  8
PLACEMENT_OUTLINE_TOP
  0
POLYLINE
 5
8B0
  8
PLACEMENT_OUTLINE_TOP
 66
1
 70
1
 40
0.012700
 41
0.012700
  0
VERTEX
 5
8B1
  8
PLACEMENT_OUTLINE_TOP
 10
26.29865
 20
46.76000
 42
1.0
  0
VERTEX
 5
8B2
  8
PLACEMENT_OUTLINE_TOP
 10
26.31135
 20
46.76000
 42
1.0
  0
SEQEND
  8
PLACEMENT_OUTLINE_TOP
  0
POLYLINE
 5
8B3
  8
PLACEMENT_OUTLINE_TOP
 66
1
 70
1
 40
0.012700
 41
0.012700
  0
VERTEX
 5
8B4
  8
PLACEMENT_OUTLINE_TOP
 10
27.79865
 20
46.76000
 42
1.0
  0
VERTEX
 5
8B5
  8
PLACEMENT_OUTLINE_TOP
 10
27.81135
 20
46.76000
 42
1.0
  0
SEQEND
  8
PLACEMENT_OUTLINE_TOP
  0
POLYLINE
 5
8B6
  8
PLACEMENT_OUTLINE_TOP
 66
1
 40
0.025400
 41
0.025400
  0
VERTEX
 5
8B7
  8
PLACEMENT_OUTLINE_TOP
 10
27.80500
 20
46.76000
  0
VERTEX
 5
8B8
  8
PLACEMENT_OUTLINE_TOP
 10
27.80500
 20
43.56000
  0
SEQEND
  8
PLACEMENT_OUTLINE_TOP
  0
POLYLINE
 5
8B9
  8
PLACEMENT_OUTLINE_TOP
 66
1
 70
1
 40
0.012700
 41
0.012700
  0
VERTEX
 5
8BA
  8
PLACEMENT_OUTLINE_TOP
 10
27.79865
 20
46.76000
 42
1.0
  0
VERTEX
 5
8BB
  8
PLACEMENT_OUTLINE_TOP
 10
27.81135
 20
46.76000
 42
1.0
  0
SEQEND
  8
PLACEMENT_OUTLINE_TOP
  0
POLYLINE
 5
8BC
  8
PLACEMENT_OUTLINE_TOP
 66
1
 70
1
 40
0.012700
 41
0.012700
  0
VERTEX
 5
8BD
  8
PLACEMENT_OUTLINE_TOP
 10
27.79865
 20
43.56000
 42
1.0
  0
VERTEX
 5
8BE
  8
PLACEMENT_OUTLINE_TOP
 10
27.81135
 20
43.56000
 42
1.0
  0
SEQEND
  8
PLACEMENT_OUTLINE_TOP
  0
POLYLINE
 5
8BF
  8
PLACEMENT_OUTLINE_TOP
 66
1
 40
0.025400
 41
0.025400
  0
VERTEX
 5
8C0
  8
PLACEMENT_OUTLINE_TOP
 10
27.80500
 20
43.56000
  0
VERTEX
 5
8C1
  8
PLACEMENT_OUTLINE_TOP
 10
26.30500
 20
43.56000
  0
SEQEND
  8
PLACEMENT_OUTLINE_TOP
  0
POLYLINE
 5
8C2
  8
PLACEMENT_OUTLINE_TOP
 66
1
 70
1
 40
0.012700
 41
0.012700
  0
VERTEX
 5
8C3
  8
PLACEMENT_OUTLINE_TOP
 10
27.79865
 20
43.56000
 42
1.0
  0
VERTEX
 5
8C4
  8
PLACEMENT_OUTLINE_TOP
 10
27.81135
 20
43.56000
 42
1.0
  0
SEQEND
  8
PLACEMENT_OUTLINE_TOP
  0
POLYLINE
 5
8C5
  8
PLACEMENT_OUTLINE_TOP
 66
1
 70
1
 40
0.012700
 41
0.012700
  0
VERTEX
 5
8C6
  8
PLACEMENT_OUTLINE_TOP
 10
26.29865
 20
43.56000
 42
1.0
  0
VERTEX
 5
8C7
  8
PLACEMENT_OUTLINE_TOP
 10
26.31135
 20
43.56000
 42
1.0
  0
SEQEND
  8
PLACEMENT_OUTLINE_TOP
  0
POLYLINE
 5
8C8
  8
PLACEMENT_OUTLINE_TOP
 66
1
 40
0.025400
 41
0.025400
  0
VERTEX
 5
8C9
  8
PLACEMENT_OUTLINE_TOP
 10
26.30500
 20
43.56000
  0
VERTEX
 5
8CA
  8
PLACEMENT_OUTLINE_TOP
 10
26.30500
 20
46.76000
  0
SEQEND
  8
PLACEMENT_OUTLINE_TOP
  0
POLYLINE
 5
8CB
  8
PLACEMENT_OUTLINE_TOP
 66
1
 70
1
 40
0.012700
 41
0.012700
  0
VERTEX
 5
8CC
  8
PLACEMENT_OUTLINE_TOP
 10
26.29865
 20
43.56000
 42
1.0
  0
VERTEX
 5
8CD
  8
PLACEMENT_OUTLINE_TOP
 10
26.31135
 20
43.56000
 42
1.0
  0
SEQEND
  8
PLACEMENT_OUTLINE_TOP
  0
POLYLINE
 5
8CE
  8
PLACEMENT_OUTLINE_TOP
 66
1
 70
1
 40
0.012700
 41
0.012700
  0
VERTEX
 5
8CF
  8
PLACEMENT_OUTLINE_TOP
 10
26.29865
 20
46.76000
 42
1.0
  0
VERTEX
 5
8D0
  8
PLACEMENT_OUTLINE_TOP
 10
26.31135
 20
46.76000
 42
1.0
  0
SEQEND
  8
PLACEMENT_OUTLINE_TOP
  0
SOLID
 5
8D1
  8
PADLAYER_TOP
 10
26.30500
 20
45.46000
 11
27.80500
 21
45.46000
 12
26.30500
 22
46.76000
 13
27.80500
 23
46.76000
  0
SOLID
 5
8D2
  8
PADLAYER_TOP
 10
26.30500
 20
43.56000
 11
27.80500
 21
43.56000
 12
26.30500
 22
44.86000
 13
27.80500
 23
44.86000
  0
POLYLINE
 5
8D3
  8
Top
 66
1
 70
1
 40
0.000000
 41
0.000000
  0
VERTEX
 5
8D4
  8
Top
 10
25.79500
 20
46.77270
 42
-0.414214
  0
VERTEX
 5
8D5
  8
Top
 10
25.80770
 20
46.76000
  0
VERTEX
 5
8D6
  8
Top
 10
25.80770
 20
43.57000
 42
-0.414214
  0
VERTEX
 5
8D7
  8
Top
 10
25.79500
 20
43.55730
  0
VERTEX
 5
8D8
  8
Top
 10
24.29500
 20
43.55730
 42
-0.414214
  0
VERTEX
 5
8D9
  8
Top
 10
24.28230
 20
43.57000
  0
VERTEX
 5
8DA
  8
Top
 10
24.28230
 20
46.76000
 42
-0.414214
  0
VERTEX
 5
8DB
  8
Top
 10
24.29500
 20
46.77270
  0
VERTEX
 5
8DC
  8
Top
 10
25.79500
 20
46.77270
  0
SEQEND
  8
Top
  0
POLYLINE
 5
8DD
  8
2DLINES_1
 66
1
 40
0.152400
 41
0.152400
  0
VERTEX
 5
8DE
  8
2DLINES_1
 10
24.40500
 20
45.16000
  0
VERTEX
 5
8DF
  8
2DLINES_1
 10
25.70500
 20
45.16000
  0
SEQEND
  8
2DLINES_1
  0
POLYLINE
 5
8E0
  8
2DLINES_1
 66
1
 70
1
 40
0.076200
 41
0.076200
  0
VERTEX
 5
8E1
  8
2DLINES_1
 10
24.36690
 20
45.16000
 42
1.0
  0
VERTEX
 5
8E2
  8
2DLINES_1
 10
24.44310
 20
45.16000
 42
1.0
  0
SEQEND
  8
2DLINES_1
  0
POLYLINE
 5
8E3
  8
2DLINES_1
 66
1
 70
1
 40
0.076200
 41
0.076200
  0
VERTEX
 5
8E4
  8
2DLINES_1
 10
25.66690
 20
45.16000
 42
1.0
  0
VERTEX
 5
8E5
  8
2DLINES_1
 10
25.74310
 20
45.16000
 42
1.0
  0
SEQEND
  8
2DLINES_1
  0
POLYLINE
 5
8E6
  8
PLACEMENT_OUTLINE_TOP
 66
1
 40
0.025400
 41
0.025400
  0
VERTEX
 5
8E7
  8
PLACEMENT_OUTLINE_TOP
 10
24.30500
 20
46.76000
  0
VERTEX
 5
8E8
  8
PLACEMENT_OUTLINE_TOP
 10
25.80500
 20
46.76000
  0
SEQEND
  8
PLACEMENT_OUTLINE_TOP
  0
POLYLINE
 5
8E9
  8
PLACEMENT_OUTLINE_TOP
 66
1
 70
1
 40
0.012700
 41
0.012700
  0
VERTEX
 5
8EA
  8
PLACEMENT_OUTLINE_TOP
 10
24.29865
 20
46.76000
 42
1.0
  0
VERTEX
 5
8EB
  8
PLACEMENT_OUTLINE_TOP
 10
24.31135
 20
46.76000
 42
1.0
  0
SEQEND
  8
PLACEMENT_OUTLINE_TOP
  0
POLYLINE
 5
8EC
  8
PLACEMENT_OUTLINE_TOP
 66
1
 70
1
 40
0.012700
 41
0.012700
  0
VERTEX
 5
8ED
  8
PLACEMENT_OUTLINE_TOP
 10
25.79865
 20
46.76000
 42
1.0
  0
VERTEX
 5
8EE
  8
PLACEMENT_OUTLINE_TOP
 10
25.81135
 20
46.76000
 42
1.0
  0
SEQEND
  8
PLACEMENT_OUTLINE_TOP
  0
POLYLINE
 5
8EF
  8
PLACEMENT_OUTLINE_TOP
 66
1
 40
0.025400
 41
0.025400
  0
VERTEX
 5
8F0
  8
PLACEMENT_OUTLINE_TOP
 10
25.80500
 20
46.76000
  0
VERTEX
 5
8F1
  8
PLACEMENT_OUTLINE_TOP
 10
25.80500
 20
43.56000
  0
SEQEND
  8
PLACEMENT_OUTLINE_TOP
  0
POLYLINE
 5
8F2
  8
PLACEMENT_OUTLINE_TOP
 66
1
 70
1
 40
0.012700
 41
0.012700
  0
VERTEX
 5
8F3
  8
PLACEMENT_OUTLINE_TOP
 10
25.79865
 20
46.76000
 42
1.0
  0
VERTEX
 5
8F4
  8
PLACEMENT_OUTLINE_TOP
 10
25.81135
 20
46.76000
 42
1.0
  0
SEQEND
  8
PLACEMENT_OUTLINE_TOP
  0
POLYLINE
 5
8F5
  8
PLACEMENT_OUTLINE_TOP
 66
1
 70
1
 40
0.012700
 41
0.012700
  0
VERTEX
 5
8F6
  8
PLACEMENT_OUTLINE_TOP
 10
25.79865
 20
43.56000
 42
1.0
  0
VERTEX
 5
8F7
  8
PLACEMENT_OUTLINE_TOP
 10
25.81135
 20
43.56000
 42
1.0
  0
SEQEND
  8
PLACEMENT_OUTLINE_TOP
  0
POLYLINE
 5
8F8
  8
PLACEMENT_OUTLINE_TOP
 66
1
 40
0.025400
 41
0.025400
  0
VERTEX
 5
8F9
  8
PLACEMENT_OUTLINE_TOP
 10
25.80500
 20
43.56000
  0
VERTEX
 5
8FA
  8
PLACEMENT_OUTLINE_TOP
 10
24.30500
 20
43.56000
  0
SEQEND
  8
PLACEMENT_OUTLINE_TOP
  0
POLYLINE
 5
8FB
  8
PLACEMENT_OUTLINE_TOP
 66
1
 70
1
 40
0.012700
 41
0.012700
  0
VERTEX
 5
8FC
  8
PLACEMENT_OUTLINE_TOP
 10
25.79865
 20
43.56000
 42
1.0
  0
VERTEX
 5
8FD
  8
PLACEMENT_OUTLINE_TOP
 10
25.81135
 20
43.56000
 42
1.0
  0
SEQEND
  8
PLACEMENT_OUTLINE_TOP
  0
POLYLINE
 5
8FE
  8
PLACEMENT_OUTLINE_TOP
 66
1
 70
1
 40
0.012700
 41
0.012700
  0
VERTEX
 5
8FF
  8
PLACEMENT_OUTLINE_TOP
 10
24.29865
 20
43.56000
 42
1.0
  0
VERTEX
 5
900
  8
PLACEMENT_OUTLINE_TOP
 10
24.31135
 20
43.56000
 42
1.0
  0
SEQEND
  8
PLACEMENT_OUTLINE_TOP
  0
POLYLINE
 5
901
  8
PLACEMENT_OUTLINE_TOP
 66
1
 40
0.025400
 41
0.025400
  0
VERTEX
 5
902
  8
PLACEMENT_OUTLINE_TOP
 10
24.30500
 20
43.56000
  0
VERTEX
 5
903
  8
PLACEMENT_OUTLINE_TOP
 10
24.30500
 20
46.76000
  0
SEQEND
  8
PLACEMENT_OUTLINE_TOP
  0
POLYLINE
 5
904
  8
PLACEMENT_OUTLINE_TOP
 66
1
 70
1
 40
0.012700
 41
0.012700
  0
VERTEX
 5
905
  8
PLACEMENT_OUTLINE_TOP
 10
24.29865
 20
43.56000
 42
1.0
  0
VERTEX
 5
906
  8
PLACEMENT_OUTLINE_TOP
 10
24.31135
 20
43.56000
 42
1.0
  0
SEQEND
  8
PLACEMENT_OUTLINE_TOP
  0
POLYLINE
 5
907
  8
PLACEMENT_OUTLINE_TOP
 66
1
 70
1
 40
0.012700
 41
0.012700
  0
VERTEX
 5
908
  8
PLACEMENT_OUTLINE_TOP
 10
24.29865
 20
46.76000
 42
1.0
  0
VERTEX
 5
909
  8
PLACEMENT_OUTLINE_TOP
 10
24.31135
 20
46.76000
 42
1.0
  0
SEQEND
  8
PLACEMENT_OUTLINE_TOP
  0
SOLID
 5
90A
  8
PADLAYER_TOP
 10
24.30500
 20
45.46000
 11
25.80500
 21
45.46000
 12
24.30500
 22
46.76000
 13
25.80500
 23
46.76000
  0
SOLID
 5
90B
  8
PADLAYER_TOP
 10
24.30500
 20
43.56000
 11
25.80500
 21
43.56000
 12
24.30500
 22
44.86000
 13
25.80500
 23
44.86000
  0
POLYLINE
 5
90C
  8
2DLINES_1
 66
1
 40
0.254000
 41
0.254000
  0
VERTEX
 5
90D
  8
2DLINES_1
 10
49.48200
 20
9.01700
  0
VERTEX
 5
90E
  8
2DLINES_1
 10
50.11700
 20
9.01700
  0
SEQEND
  8
2DLINES_1
  0
POLYLINE
 5
90F
  8
2DLINES_1
 66
1
 70
1
 40
0.127000
 41
0.127000
  0
VERTEX
 5
910
  8
2DLINES_1
 10
49.41850
 20
9.01700
 42
1.0
  0
VERTEX
 5
911
  8
2DLINES_1
 10
49.54550
 20
9.01700
 42
1.0
  0
SEQEND
  8
2DLINES_1
  0
POLYLINE
 5
912
  8
2DLINES_1
 66
1
 70
1
 40
0.127000
 41
0.127000
  0
VERTEX
 5
913
  8
2DLINES_1
 10
50.05350
 20
9.01700
 42
1.0
  0
VERTEX
 5
914
  8
2DLINES_1
 10
50.18050
 20
9.01700
 42
1.0
  0
SEQEND
  8
2DLINES_1
  0
POLYLINE
 5
915
  8
2DLINES_1
 66
1
 40
0.254000
 41
0.254000
  0
VERTEX
 5
916
  8
2DLINES_1
 10
50.11700
 20
9.01700
  0
VERTEX
 5
917
  8
2DLINES_1
 10
50.11700
 20
10.28700
  0
SEQEND
  8
2DLINES_1
  0
POLYLINE
 5
918
  8
2DLINES_1
 66
1
 70
1
 40
0.127000
 41
0.127000
  0
VERTEX
 5
919
  8
2DLINES_1
 10
50.05350
 20
9.01700
 42
1.0
  0
VERTEX
 5
91A
  8
2DLINES_1
 10
50.18050
 20
9.01700
 42
1.0
  0
SEQEND
  8
2DLINES_1
  0
POLYLINE
 5
91B
  8
2DLINES_1
 66
1
 70
1
 40
0.127000
 41
0.127000
  0
VERTEX
 5
91C
  8
2DLINES_1
 10
50.05350
 20
10.28700
 42
1.0
  0
VERTEX
 5
91D
  8
2DLINES_1
 10
50.18050
 20
10.28700
 42
1.0
  0
SEQEND
  8
2DLINES_1
  0
POLYLINE
 5
91E
  8
2DLINES_1
 66
1
 40
0.254000
 41
0.254000
  0
VERTEX
 5
91F
  8
2DLINES_1
 10
47.95800
 20
9.01700
  0
VERTEX
 5
920
  8
2DLINES_1
 10
47.32300
 20
9.01700
  0
SEQEND
  8
2DLINES_1
  0
POLYLINE
 5
921
  8
2DLINES_1
 66
1
 70
1
 40
0.127000
 41
0.127000
  0
VERTEX
 5
922
  8
2DLINES_1
 10
47.89450
 20
9.01700
 42
1.0
  0
VERTEX
 5
923
  8
2DLINES_1
 10
48.02150
 20
9.01700
 42
1.0
  0
SEQEND
  8
2DLINES_1
  0
POLYLINE
 5
924
  8
2DLINES_1
 66
1
 70
1
 40
0.127000
 41
0.127000
  0
VERTEX
 5
925
  8
2DLINES_1
 10
47.25950
 20
9.01700
 42
1.0
  0
VERTEX
 5
926
  8
2DLINES_1
 10
47.38650
 20
9.01700
 42
1.0
  0
SEQEND
  8
2DLINES_1
  0
POLYLINE
 5
927
  8
2DLINES_1
 66
1
 40
0.254000
 41
0.254000
  0
VERTEX
 5
928
  8
2DLINES_1
 10
47.32300
 20
9.01700
  0
VERTEX
 5
929
  8
2DLINES_1
 10
47.32300
 20
10.28700
  0
SEQEND
  8
2DLINES_1
  0
POLYLINE
 5
92A
  8
2DLINES_1
 66
1
 70
1
 40
0.127000
 41
0.127000
  0
VERTEX
 5
92B
  8
2DLINES_1
 10
47.25950
 20
9.01700
 42
1.0
  0
VERTEX
 5
92C
  8
2DLINES_1
 10
47.38650
 20
9.01700
 42
1.0
  0
SEQEND
  8
2DLINES_1
  0
POLYLINE
 5
92D
  8
2DLINES_1
 66
1
 70
1
 40
0.127000
 41
0.127000
  0
VERTEX
 5
92E
  8
2DLINES_1
 10
47.25950
 20
10.28700
 42
1.0
  0
VERTEX
 5
92F
  8
2DLINES_1
 10
47.38650
 20
10.28700
 42
1.0
  0
SEQEND
  8
2DLINES_1
  0
POLYLINE
 5
930
  8
2DLINES_1
 66
1
 40
0.254000
 41
0.254000
  0
VERTEX
 5
931
  8
2DLINES_1
 10
48.84700
 20
11.30300
  0
VERTEX
 5
932
  8
2DLINES_1
 10
48.59300
 20
11.30300
  0
SEQEND
  8
2DLINES_1
  0
POLYLINE
 5
933
  8
2DLINES_1
 66
1
 70
1
 40
0.127000
 41
0.127000
  0
VERTEX
 5
934
  8
2DLINES_1
 10
48.78350
 20
11.30300
 42
1.0
  0
VERTEX
 5
935
  8
2DLINES_1
 10
48.91050
 20
11.30300
 42
1.0
  0
SEQEND
  8
2DLINES_1
  0
POLYLINE
 5
936
  8
2DLINES_1
 66
1
 70
1
 40
0.127000
 41
0.127000
  0
VERTEX
 5
937
  8
2DLINES_1
 10
48.52950
 20
11.30300
 42
1.0
  0
VERTEX
 5
938
  8
2DLINES_1
 10
48.65650
 20
11.30300
 42
1.0
  0
SEQEND
  8
2DLINES_1
  0
POLYLINE
 5
939
  8
PLACEMENT_OUTLINE_TOP
 66
1
 40
0.025400
 41
0.025400
  0
VERTEX
 5
93A
  8
PLACEMENT_OUTLINE_TOP
 10
50.12970
 20
11.48080
  0
VERTEX
 5
93B
  8
PLACEMENT_OUTLINE_TOP
 10
50.12970
 20
8.35660
  0
SEQEND
  8
PLACEMENT_OUTLINE_TOP
  0
POLYLINE
 5
93C
  8
PLACEMENT_OUTLINE_TOP
 66
1
 70
1
 40
0.012700
 41
0.012700
  0
VERTEX
 5
93D
  8
PLACEMENT_OUTLINE_TOP
 10
50.12335
 20
11.48080
 42
1.0
  0
VERTEX
 5
93E
  8
PLACEMENT_OUTLINE_TOP
 10
50.13605
 20
11.48080
 42
1.0
  0
SEQEND
  8
PLACEMENT_OUTLINE_TOP
  0
POLYLINE
 5
93F
  8
PLACEMENT_OUTLINE_TOP
 66
1
 70
1
 40
0.012700
 41
0.012700
  0
VERTEX
 5
940
  8
PLACEMENT_OUTLINE_TOP
 10
50.12335
 20
8.35660
 42
1.0
  0
VERTEX
 5
941
  8
PLACEMENT_OUTLINE_TOP
 10
50.13605
 20
8.35660
 42
1.0
  0
SEQEND
  8
PLACEMENT_OUTLINE_TOP
  0
POLYLINE
 5
942
  8
PLACEMENT_OUTLINE_TOP
 66
1
 40
0.025400
 41
0.025400
  0
VERTEX
 5
943
  8
PLACEMENT_OUTLINE_TOP
 10
50.12970
 20
8.35660
  0
VERTEX
 5
944
  8
PLACEMENT_OUTLINE_TOP
 10
47.31030
 20
8.35660
  0
SEQEND
  8
PLACEMENT_OUTLINE_TOP
  0
POLYLINE
 5
945
  8
PLACEMENT_OUTLINE_TOP
 66
1
 70
1
 40
0.012700
 41
0.012700
  0
VERTEX
 5
946
  8
PLACEMENT_OUTLINE_TOP
 10
50.12335
 20
8.35660
 42
1.0
  0
VERTEX
 5
947
  8
PLACEMENT_OUTLINE_TOP
 10
50.13605
 20
8.35660
 42
1.0
  0
SEQEND
  8
PLACEMENT_OUTLINE_TOP
  0
POLYLINE
 5
948
  8
PLACEMENT_OUTLINE_TOP
 66
1
 70
1
 40
0.012700
 41
0.012700
  0
VERTEX
 5
949
  8
PLACEMENT_OUTLINE_TOP
 10
47.30395
 20
8.35660
 42
1.0
  0
VERTEX
 5
94A
  8
PLACEMENT_OUTLINE_TOP
 10
47.31665
 20
8.35660
 42
1.0
  0
SEQEND
  8
PLACEMENT_OUTLINE_TOP
  0
POLYLINE
 5
94B
  8
PLACEMENT_OUTLINE_TOP
 66
1
 40
0.025400
 41
0.025400
  0
VERTEX
 5
94C
  8
PLACEMENT_OUTLINE_TOP
 10
47.31030
 20
8.35660
  0
VERTEX
 5
94D
  8
PLACEMENT_OUTLINE_TOP
 10
47.31030
 20
11.48080
  0
SEQEND
  8
PLACEMENT_OUTLINE_TOP
  0
POLYLINE
 5
94E
  8
PLACEMENT_OUTLINE_TOP
 66
1
 70
1
 40
0.012700
 41
0.012700
  0
VERTEX
 5
94F
  8
PLACEMENT_OUTLINE_TOP
 10
47.30395
 20
8.35660
 42
1.0
  0
VERTEX
 5
950
  8
PLACEMENT_OUTLINE_TOP
 10
47.31665
 20
8.35660
 42
1.0
  0
SEQEND
  8
PLACEMENT_OUTLINE_TOP
  0
POLYLINE
 5
951
  8
PLACEMENT_OUTLINE_TOP
 66
1
 70
1
 40
0.012700
 41
0.012700
  0
VERTEX
 5
952
  8
PLACEMENT_OUTLINE_TOP
 10
47.30395
 20
11.48080
 42
1.0
  0
VERTEX
 5
953
  8
PLACEMENT_OUTLINE_TOP
 10
47.31665
 20
11.48080
 42
1.0
  0
SEQEND
  8
PLACEMENT_OUTLINE_TOP
  0
POLYLINE
 5
954
  8
PLACEMENT_OUTLINE_TOP
 66
1
 40
0.025400
 41
0.025400
  0
VERTEX
 5
955
  8
PLACEMENT_OUTLINE_TOP
 10
47.31030
 20
11.48080
  0
VERTEX
 5
956
  8
PLACEMENT_OUTLINE_TOP
 10
50.12970
 20
11.48080
  0
SEQEND
  8
PLACEMENT_OUTLINE_TOP
  0
POLYLINE
 5
957
  8
PLACEMENT_OUTLINE_TOP
 66
1
 70
1
 40
0.012700
 41
0.012700
  0
VERTEX
 5
958
  8
PLACEMENT_OUTLINE_TOP
 10
47.30395
 20
11.48080
 42
1.0
  0
VERTEX
 5
959
  8
PLACEMENT_OUTLINE_TOP
 10
47.31665
 20
11.48080
 42
1.0
  0
SEQEND
  8
PLACEMENT_OUTLINE_TOP
  0
POLYLINE
 5
95A
  8
PLACEMENT_OUTLINE_TOP
 66
1
 70
1
 40
0.012700
 41
0.012700
  0
VERTEX
 5
95B
  8
PLACEMENT_OUTLINE_TOP
 10
50.12335
 20
11.48080
 42
1.0
  0
VERTEX
 5
95C
  8
PLACEMENT_OUTLINE_TOP
 10
50.13605
 20
11.48080
 42
1.0
  0
SEQEND
  8
PLACEMENT_OUTLINE_TOP
  0
SOLID
 5
95D
  8
PADLAYER_TOP
 10
50.12970
 20
11.48080
 11
49.21530
 21
11.48080
 12
50.12970
 22
10.56640
 13
49.21530
 23
10.56640
  0
SOLID
 5
95E
  8
PADLAYER_TOP
 10
48.22470
 20
11.48080
 11
47.31030
 21
11.48080
 12
48.22470
 22
10.56640
 13
47.31030
 23
10.56640
  0
SOLID
 5
95F
  8
PADLAYER_TOP
 10
48.26280
 20
9.62660
 11
48.26280
 21
8.35660
 12
49.17720
 22
9.62660
 13
49.17720
 23
8.35660
  0
POLYLINE
 5
960
  8
LAYNR1
 66
1
 40
0.150000
 41
0.150000
  0
VERTEX
 5
961
  8
LAYNR1
 10
48.72000
 20
12.17300
  0
VERTEX
 5
962
  8
LAYNR1
 10
48.72000
 20
12.87300
  0
SEQEND
  8
LAYNR1
  0
POLYLINE
 5
963
  8
LAYNR1
 66
1
 70
1
 40
0.075000
 41
0.075000
  0
VERTEX
 5
964
  8
LAYNR1
 10
48.68250
 20
12.17300
 42
1.0
  0
VERTEX
 5
965
  8
LAYNR1
 10
48.75750
 20
12.17300
 42
1.0
  0
SEQEND
  8
LAYNR1
  0
POLYLINE
 5
966
  8
LAYNR1
 66
1
 70
1
 40
0.075000
 41
0.075000
  0
VERTEX
 5
967
  8
LAYNR1
 10
48.68250
 20
12.87300
 42
1.0
  0
VERTEX
 5
968
  8
LAYNR1
 10
48.75750
 20
12.87300
 42
1.0
  0
SEQEND
  8
LAYNR1
  0
POLYLINE
 5
969
  8
PLACEMENT_OUTLINE_TOP
 66
1
 40
0.100000
 41
0.100000
  0
VERTEX
 5
96A
  8
PLACEMENT_OUTLINE_TOP
 10
50.11700
 20
13.15800
  0
VERTEX
 5
96B
  8
PLACEMENT_OUTLINE_TOP
 10
47.32300
 20
13.15800
  0
SEQEND
  8
PLACEMENT_OUTLINE_TOP
  0
POLYLINE
 5
96C
  8
PLACEMENT_OUTLINE_TOP
 66
1
 70
1
 40
0.050000
 41
0.050000
  0
VERTEX
 5
96D
  8
PLACEMENT_OUTLINE_TOP
 10
50.09200
 20
13.15800
 42
1.0
  0
VERTEX
 5
96E
  8
PLACEMENT_OUTLINE_TOP
 10
50.14200
 20
13.15800
 42
1.0
  0
SEQEND
  8
PLACEMENT_OUTLINE_TOP
  0
POLYLINE
 5
96F
  8
PLACEMENT_OUTLINE_TOP
 66
1
 70
1
 40
0.050000
 41
0.050000
  0
VERTEX
 5
970
  8
PLACEMENT_OUTLINE_TOP
 10
47.29800
 20
13.15800
 42
1.0
  0
VERTEX
 5
971
  8
PLACEMENT_OUTLINE_TOP
 10
47.34800
 20
13.15800
 42
1.0
  0
SEQEND
  8
PLACEMENT_OUTLINE_TOP
  0
POLYLINE
 5
972
  8
PLACEMENT_OUTLINE_TOP
 66
1
 40
0.100000
 41
0.100000
  0
VERTEX
 5
973
  8
PLACEMENT_OUTLINE_TOP
 10
47.32300
 20
13.15800
  0
VERTEX
 5
974
  8
PLACEMENT_OUTLINE_TOP
 10
47.32300
 20
11.88800
  0
SEQEND
  8
PLACEMENT_OUTLINE_TOP
  0
POLYLINE
 5
975
  8
PLACEMENT_OUTLINE_TOP
 66
1
 70
1
 40
0.050000
 41
0.050000
  0
VERTEX
 5
976
  8
PLACEMENT_OUTLINE_TOP
 10
47.29800
 20
13.15800
 42
1.0
  0
VERTEX
 5
977
  8
PLACEMENT_OUTLINE_TOP
 10
47.34800
 20
13.15800
 42
1.0
  0
SEQEND
  8
PLACEMENT_OUTLINE_TOP
  0
POLYLINE
 5
978
  8
PLACEMENT_OUTLINE_TOP
 66
1
 70
1
 40
0.050000
 41
0.050000
  0
VERTEX
 5
979
  8
PLACEMENT_OUTLINE_TOP
 10
47.29800
 20
11.88800
 42
1.0
  0
VERTEX
 5
97A
  8
PLACEMENT_OUTLINE_TOP
 10
47.34800
 20
11.88800
 42
1.0
  0
SEQEND
  8
PLACEMENT_OUTLINE_TOP
  0
POLYLINE
 5
97B
  8
PLACEMENT_OUTLINE_TOP
 66
1
 40
0.100000
 41
0.100000
  0
VERTEX
 5
97C
  8
PLACEMENT_OUTLINE_TOP
 10
47.32300
 20
11.88800
  0
VERTEX
 5
97D
  8
PLACEMENT_OUTLINE_TOP
 10
50.11700
 20
11.88800
  0
SEQEND
  8
PLACEMENT_OUTLINE_TOP
  0
POLYLINE
 5
97E
  8
PLACEMENT_OUTLINE_TOP
 66
1
 70
1
 40
0.050000
 41
0.050000
  0
VERTEX
 5
97F
  8
PLACEMENT_OUTLINE_TOP
 10
47.29800
 20
11.88800
 42
1.0
  0
VERTEX
 5
980
  8
PLACEMENT_OUTLINE_TOP
 10
47.34800
 20
11.88800
 42
1.0
  0
SEQEND
  8
PLACEMENT_OUTLINE_TOP
  0
POLYLINE
 5
981
  8
PLACEMENT_OUTLINE_TOP
 66
1
 70
1
 40
0.050000
 41
0.050000
  0
VERTEX
 5
982
  8
PLACEMENT_OUTLINE_TOP
 10
50.09200
 20
11.88800
 42
1.0
  0
VERTEX
 5
983
  8
PLACEMENT_OUTLINE_TOP
 10
50.14200
 20
11.88800
 42
1.0
  0
SEQEND
  8
PLACEMENT_OUTLINE_TOP
  0
POLYLINE
 5
984
  8
PLACEMENT_OUTLINE_TOP
 66
1
 40
0.100000
 41
0.100000
  0
VERTEX
 5
985
  8
PLACEMENT_OUTLINE_TOP
 10
50.11700
 20
11.88800
  0
VERTEX
 5
986
  8
PLACEMENT_OUTLINE_TOP
 10
50.11700
 20
13.15800
  0
SEQEND
  8
PLACEMENT_OUTLINE_TOP
  0
POLYLINE
 5
987
  8
PLACEMENT_OUTLINE_TOP
 66
1
 70
1
 40
0.050000
 41
0.050000
  0
VERTEX
 5
988
  8
PLACEMENT_OUTLINE_TOP
 10
50.09200
 20
11.88800
 42
1.0
  0
VERTEX
 5
989
  8
PLACEMENT_OUTLINE_TOP
 10
50.14200
 20
11.88800
 42
1.0
  0
SEQEND
  8
PLACEMENT_OUTLINE_TOP
  0
POLYLINE
 5
98A
  8
PLACEMENT_OUTLINE_TOP
 66
1
 70
1
 40
0.050000
 41
0.050000
  0
VERTEX
 5
98B
  8
PLACEMENT_OUTLINE_TOP
 10
50.09200
 20
13.15800
 42
1.0
  0
VERTEX
 5
98C
  8
PLACEMENT_OUTLINE_TOP
 10
50.14200
 20
13.15800
 42
1.0
  0
SEQEND
  8
PLACEMENT_OUTLINE_TOP
  0
SOLID
 5
98D
  8
PADLAYER_TOP
 10
47.50080
 20
12.06580
 11
48.41520
 21
12.06580
 12
47.50080
 22
12.98020
 13
48.41520
 23
12.98020
  0
SOLID
 5
98E
  8
PADLAYER_TOP
 10
49.02480
 20
12.06580
 11
49.93920
 21
12.06580
 12
49.02480
 22
12.98020
 13
49.93920
 23
12.98020
  0
POLYLINE
 5
98F
  8
2DLINES_1
 66
1
 40
0.299970
 41
0.299970
  0
VERTEX
 5
990
  8
2DLINES_1
 10
37.48000
 20
42.74300
 42
1.000000
  0
VERTEX
 5
991
  8
2DLINES_1
 10
37.68000
 20
42.74300
 42
1.000000
  0
VERTEX
 5
992
  8
2DLINES_1
 10
37.48000
 20
42.74300
  0
SEQEND
  8
2DLINES_1
  0
POLYLINE
 5
993
  8
PLACEMENT_OUTLINE_TOP
 66
1
 40
0.299970
 41
0.299970
  0
VERTEX
 5
994
  8
PLACEMENT_OUTLINE_TOP
 10
37.48000
 20
42.74300
 42
1.000000
  0
VERTEX
 5
995
  8
PLACEMENT_OUTLINE_TOP
 10
37.68000
 20
42.74300
 42
1.000000
  0
VERTEX
 5
996
  8
PLACEMENT_OUTLINE_TOP
 10
37.48000
 20
42.74300
  0
SEQEND
  8
PLACEMENT_OUTLINE_TOP
  0
SOLID
 5
997
  8
PADLAYER_TOP
 10
38.03000
 20
41.89300
 11
38.50000
 21
41.89300
 12
38.03000
 22
42.29300
 13
38.50000
 23
42.29300
  0
SOLID
 5
998
  8
PADLAYER_TOP
 10
38.65500
 20
41.89300
 11
39.70500
 21
41.89300
 12
38.65500
 22
42.89300
 13
39.70500
 23
42.89300
  0
SOLID
 5
999
  8
PADLAYER_TOP
 10
39.86000
 20
41.89300
 11
40.33000
 21
41.89300
 12
39.86000
 22
42.29300
 13
40.33000
 23
42.29300
  0
SOLID
 5
99A
  8
PADLAYER_TOP
 10
38.03000
 20
42.54300
 11
38.50000
 21
42.54300
 12
38.03000
 22
42.94300
 13
38.50000
 23
42.94300
  0
SOLID
 5
99B
  8
PADLAYER_TOP
 10
39.86000
 20
42.54300
 11
40.33000
 21
42.54300
 12
39.86000
 22
42.94300
 13
40.33000
 23
42.94300
  0
SOLID
 5
99C
  8
PADLAYER_TOP
 10
38.03000
 20
41.24300
 11
38.50000
 21
41.24300
 12
38.03000
 22
41.64300
 13
38.50000
 23
41.64300
  0
SOLID
 5
99D
  8
PADLAYER_TOP
 10
39.86000
 20
41.24300
 11
40.33000
 21
41.24300
 12
39.86000
 22
41.64300
 13
40.33000
 23
41.64300
  0
SOLID
 5
99E
  8
PADLAYER_TOP
 10
38.85000
 20
41.24300
 11
39.51000
 21
41.24300
 12
38.85000
 22
41.64300
 13
39.51000
 23
41.64300
  0
POLYLINE
 5
99F
  8
2DLINES_1
 66
1
 40
0.299970
 41
0.299970
  0
VERTEX
 5
9A0
  8
2DLINES_1
 10
24.22000
 20
25.82600
 42
1.000000
  0
VERTEX
 5
9A1
  8
2DLINES_1
 10
24.42000
 20
25.82600
 42
1.000000
  0
VERTEX
 5
9A2
  8
2DLINES_1
 10
24.22000
 20
25.82600
  0
SEQEND
  8
2DLINES_1
  0
POLYLINE
 5
9A3
  8
PLACEMENT_OUTLINE_TOP
 66
1
 40
0.299970
 41
0.299970
  0
VERTEX
 5
9A4
  8
PLACEMENT_OUTLINE_TOP
 10
24.22000
 20
25.82600
 42
1.000000
  0
VERTEX
 5
9A5
  8
PLACEMENT_OUTLINE_TOP
 10
24.42000
 20
25.82600
 42
1.000000
  0
VERTEX
 5
9A6
  8
PLACEMENT_OUTLINE_TOP
 10
24.22000
 20
25.82600
  0
SEQEND
  8
PLACEMENT_OUTLINE_TOP
  0
SOLID
 5
9A7
  8
PADLAYER_TOP
 10
25.17000
 20
26.27600
 11
25.17000
 21
26.74600
 12
24.77000
 22
26.27600
 13
24.77000
 23
26.74600
  0
SOLID
 5
9A8
  8
PADLAYER_TOP
 10
25.17000
 20
26.90100
 11
25.17000
 21
27.95100
 12
24.17000
 22
26.90100
 13
24.17000
 23
27.95100
  0
SOLID
 5
9A9
  8
PADLAYER_TOP
 10
25.17000
 20
28.10600
 11
25.17000
 21
28.57600
 12
24.77000
 22
28.10600
 13
24.77000
 23
28.57600
  0
SOLID
 5
9AA
  8
PADLAYER_TOP
 10
24.52000
 20
26.27600
 11
24.52000
 21
26.74600
 12
24.12000
 22
26.27600
 13
24.12000
 23
26.74600
  0
SOLID
 5
9AB
  8
PADLAYER_TOP
 10
24.52000
 20
28.10600
 11
24.52000
 21
28.57600
 12
24.12000
 22
28.10600
 13
24.12000
 23
28.57600
  0
SOLID
 5
9AC
  8
PADLAYER_TOP
 10
25.82000
 20
26.27600
 11
25.82000
 21
26.74600
 12
25.42000
 22
26.27600
 13
25.42000
 23
26.74600
  0
SOLID
 5
9AD
  8
PADLAYER_TOP
 10
25.82000
 20
28.10600
 11
25.82000
 21
28.57600
 12
25.42000
 22
28.10600
 13
25.42000
 23
28.57600
  0
SOLID
 5
9AE
  8
PADLAYER_TOP
 10
25.82000
 20
27.09600
 11
25.82000
 21
27.75600
 12
25.42000
 22
27.09600
 13
25.42000
 23
27.75600
  0
POLYLINE
 5
9AF
  8
LAYNR11
 66
1
 40
0.025400
 41
0.025400
  0
VERTEX
 5
9B0
  8
LAYNR11
 10
35.93970
 20
49.24590
  0
VERTEX
 5
9B1
  8
LAYNR11
 10
35.93970
 20
47.03610
  0
SEQEND
  8
LAYNR11
  0
POLYLINE
 5
9B2
  8
LAYNR11
 66
1
 70
1
 40
0.012700
 41
0.012700
  0
VERTEX
 5
9B3
  8
LAYNR11
 10
35.93335
 20
49.24590
 42
1.0
  0
VERTEX
 5
9B4
  8
LAYNR11
 10
35.94605
 20
49.24590
 42
1.0
  0
SEQEND
  8
LAYNR11
  0
POLYLINE
 5
9B5
  8
LAYNR11
 66
1
 70
1
 40
0.012700
 41
0.012700
  0
VERTEX
 5
9B6
  8
LAYNR11
 10
35.93335
 20
47.03610
 42
1.0
  0
VERTEX
 5
9B7
  8
LAYNR11
 10
35.94605
 20
47.03610
 42
1.0
  0
SEQEND
  8
LAYNR11
  0
POLYLINE
 5
9B8
  8
LAYNR11
 66
1
 40
0.025400
 41
0.025400
  0
VERTEX
 5
9B9
  8
LAYNR11
 10
35.93970
 20
47.03610
  0
VERTEX
 5
9BA
  8
LAYNR11
 10
36.43500
 20
47.03610
  0
SEQEND
  8
LAYNR11
  0
POLYLINE
 5
9BB
  8
LAYNR11
 66
1
 70
1
 40
0.012700
 41
0.012700
  0
VERTEX
 5
9BC
  8
LAYNR11
 10
35.93335
 20
47.03610
 42
1.0
  0
VERTEX
 5
9BD
  8
LAYNR11
 10
35.94605
 20
47.03610
 42
1.0
  0
SEQEND
  8
LAYNR11
  0
POLYLINE
 5
9BE
  8
LAYNR11
 66
1
 70
1
 40
0.012700
 41
0.012700
  0
VERTEX
 5
9BF
  8
LAYNR11
 10
36.42865
 20
47.03610
 42
1.0
  0
VERTEX
 5
9C0
  8
LAYNR11
 10
36.44135
 20
47.03610
 42
1.0
  0
SEQEND
  8
LAYNR11
  0
POLYLINE
 5
9C1
  8
LAYNR11
 66
1
 40
0.025400
 41
0.025400
  0
VERTEX
 5
9C2
  8
LAYNR11
 10
36.43500
 20
47.03610
  0
VERTEX
 5
9C3
  8
LAYNR11
 10
36.43500
 20
49.24590
  0
SEQEND
  8
LAYNR11
  0
POLYLINE
 5
9C4
  8
LAYNR11
 66
1
 70
1
 40
0.012700
 41
0.012700
  0
VERTEX
 5
9C5
  8
LAYNR11
 10
36.42865
 20
47.03610
 42
1.0
  0
VERTEX
 5
9C6
  8
LAYNR11
 10
36.44135
 20
47.03610
 42
1.0
  0
SEQEND
  8
LAYNR11
  0
POLYLINE
 5
9C7
  8
LAYNR11
 66
1
 70
1
 40
0.012700
 41
0.012700
  0
VERTEX
 5
9C8
  8
LAYNR11
 10
36.42865
 20
49.24590
 42
1.0
  0
VERTEX
 5
9C9
  8
LAYNR11
 10
36.44135
 20
49.24590
 42
1.0
  0
SEQEND
  8
LAYNR11
  0
POLYLINE
 5
9CA
  8
LAYNR11
 66
1
 40
0.025400
 41
0.025400
  0
VERTEX
 5
9CB
  8
LAYNR11
 10
36.43500
 20
49.24590
  0
VERTEX
 5
9CC
  8
LAYNR11
 10
35.93970
 20
49.24590
  0
SEQEND
  8
LAYNR11
  0
POLYLINE
 5
9CD
  8
LAYNR11
 66
1
 70
1
 40
0.012700
 41
0.012700
  0
VERTEX
 5
9CE
  8
LAYNR11
 10
36.42865
 20
49.24590
 42
1.0
  0
VERTEX
 5
9CF
  8
LAYNR11
 10
36.44135
 20
49.24590
 42
1.0
  0
SEQEND
  8
LAYNR11
  0
POLYLINE
 5
9D0
  8
LAYNR11
 66
1
 70
1
 40
0.012700
 41
0.012700
  0
VERTEX
 5
9D1
  8
LAYNR11
 10
35.93335
 20
49.24590
 42
1.0
  0
VERTEX
 5
9D2
  8
LAYNR11
 10
35.94605
 20
49.24590
 42
1.0
  0
SEQEND
  8
LAYNR11
  0
POLYLINE
 5
9D3
  8
LAYNR11
 66
1
 40
0.025400
 41
0.025400
  0
VERTEX
 5
9D4
  8
LAYNR11
 10
31.34230
 20
47.03610
  0
VERTEX
 5
9D5
  8
LAYNR11
 10
31.34230
 20
49.24590
  0
SEQEND
  8
LAYNR11
  0
POLYLINE
 5
9D6
  8
LAYNR11
 66
1
 70
1
 40
0.012700
 41
0.012700
  0
VERTEX
 5
9D7
  8
LAYNR11
 10
31.33595
 20
47.03610
 42
1.0
  0
VERTEX
 5
9D8
  8
LAYNR11
 10
31.34865
 20
47.03610
 42
1.0
  0
SEQEND
  8
LAYNR11
  0
POLYLINE
 5
9D9
  8
LAYNR11
 66
1
 70
1
 40
0.012700
 41
0.012700
  0
VERTEX
 5
9DA
  8
LAYNR11
 10
31.33595
 20
49.24590
 42
1.0
  0
VERTEX
 5
9DB
  8
LAYNR11
 10
31.34865
 20
49.24590
 42
1.0
  0
SEQEND
  8
LAYNR11
  0
POLYLINE
 5
9DC
  8
LAYNR11
 66
1
 40
0.025400
 41
0.025400
  0
VERTEX
 5
9DD
  8
LAYNR11
 10
31.34230
 20
49.24590
  0
VERTEX
 5
9DE
  8
LAYNR11
 10
30.84700
 20
49.24590
  0
SEQEND
  8
LAYNR11
  0
POLYLINE
 5
9DF
  8
LAYNR11
 66
1
 70
1
 40
0.012700
 41
0.012700
  0
VERTEX
 5
9E0
  8
LAYNR11
 10
31.33595
 20
49.24590
 42
1.0
  0
VERTEX
 5
9E1
  8
LAYNR11
 10
31.34865
 20
49.24590
 42
1.0
  0
SEQEND
  8
LAYNR11
  0
POLYLINE
 5
9E2
  8
LAYNR11
 66
1
 70
1
 40
0.012700
 41
0.012700
  0
VERTEX
 5
9E3
  8
LAYNR11
 10
30.84065
 20
49.24590
 42
1.0
  0
VERTEX
 5
9E4
  8
LAYNR11
 10
30.85335
 20
49.24590
 42
1.0
  0
SEQEND
  8
LAYNR11
  0
POLYLINE
 5
9E5
  8
LAYNR11
 66
1
 40
0.025400
 41
0.025400
  0
VERTEX
 5
9E6
  8
LAYNR11
 10
30.84700
 20
49.24590
  0
VERTEX
 5
9E7
  8
LAYNR11
 10
30.84700
 20
47.03610
  0
SEQEND
  8
LAYNR11
  0
POLYLINE
 5
9E8
  8
LAYNR11
 66
1
 70
1
 40
0.012700
 41
0.012700
  0
VERTEX
 5
9E9
  8
LAYNR11
 10
30.84065
 20
49.24590
 42
1.0
  0
VERTEX
 5
9EA
  8
LAYNR11
 10
30.85335
 20
49.24590
 42
1.0
  0
SEQEND
  8
LAYNR11
  0
POLYLINE
 5
9EB
  8
LAYNR11
 66
1
 70
1
 40
0.012700
 41
0.012700
  0
VERTEX
 5
9EC
  8
LAYNR11
 10
30.84065
 20
47.03610
 42
1.0
  0
VERTEX
 5
9ED
  8
LAYNR11
 10
30.85335
 20
47.03610
 42
1.0
  0
SEQEND
  8
LAYNR11
  0
POLYLINE
 5
9EE
  8
LAYNR11
 66
1
 40
0.025400
 41
0.025400
  0
VERTEX
 5
9EF
  8
LAYNR11
 10
30.84700
 20
47.03610
  0
VERTEX
 5
9F0
  8
LAYNR11
 10
31.34230
 20
47.03610
  0
SEQEND
  8
LAYNR11
  0
POLYLINE
 5
9F1
  8
LAYNR11
 66
1
 70
1
 40
0.012700
 41
0.012700
  0
VERTEX
 5
9F2
  8
LAYNR11
 10
30.84065
 20
47.03610
 42
1.0
  0
VERTEX
 5
9F3
  8
LAYNR11
 10
30.85335
 20
47.03610
 42
1.0
  0
SEQEND
  8
LAYNR11
  0
POLYLINE
 5
9F4
  8
LAYNR11
 66
1
 70
1
 40
0.012700
 41
0.012700
  0
VERTEX
 5
9F5
  8
LAYNR11
 10
31.33595
 20
47.03610
 42
1.0
  0
VERTEX
 5
9F6
  8
LAYNR11
 10
31.34865
 20
47.03610
 42
1.0
  0
SEQEND
  8
LAYNR11
  0
POLYLINE
 5
9F7
  8
LAYNR1
 66
1
 40
0.152400
 41
0.152400
  0
VERTEX
 5
9F8
  8
LAYNR1
 10
31.21530
 20
46.67837
  0
VERTEX
 5
9F9
  8
LAYNR1
 10
31.21530
 20
46.03280
  0
SEQEND
  8
LAYNR1
  0
POLYLINE
 5
9FA
  8
LAYNR1
 66
1
 70
1
 40
0.076200
 41
0.076200
  0
VERTEX
 5
9FB
  8
LAYNR1
 10
31.17720
 20
46.67837
 42
1.0
  0
VERTEX
 5
9FC
  8
LAYNR1
 10
31.25340
 20
46.67837
 42
1.0
  0
SEQEND
  8
LAYNR1
  0
POLYLINE
 5
9FD
  8
LAYNR1
 66
1
 70
1
 40
0.076200
 41
0.076200
  0
VERTEX
 5
9FE
  8
LAYNR1
 10
31.17720
 20
46.03280
 42
1.0
  0
VERTEX
 5
9FF
  8
LAYNR1
 10
31.25340
 20
46.03280
 42
1.0
  0
SEQEND
  8
LAYNR1
  0
POLYLINE
 5
A00
  8
LAYNR1
 66
1
 40
0.152400
 41
0.152400
  0
VERTEX
 5
A01
  8
LAYNR1
 10
36.06670
 20
49.60363
  0
VERTEX
 5
A02
  8
LAYNR1
 10
36.06670
 20
50.24920
  0
SEQEND
  8
LAYNR1
  0
POLYLINE
 5
A03
  8
LAYNR1
 66
1
 70
1
 40
0.076200
 41
0.076200
  0
VERTEX
 5
A04
  8
LAYNR1
 10
36.02860
 20
49.60363
 42
1.0
  0
VERTEX
 5
A05
  8
LAYNR1
 10
36.10480
 20
49.60363
 42
1.0
  0
SEQEND
  8
LAYNR1
  0
POLYLINE
 5
A06
  8
LAYNR1
 66
1
 70
1
 40
0.076200
 41
0.076200
  0
VERTEX
 5
A07
  8
LAYNR1
 10
36.02860
 20
50.24920
 42
1.0
  0
VERTEX
 5
A08
  8
LAYNR1
 10
36.10480
 20
50.24920
 42
1.0
  0
SEQEND
  8
LAYNR1
  0
POLYLINE
 5
A09
  8
LAYNR11
 66
1
 40
0.025400
 41
0.025400
  0
VERTEX
 5
A0A
  8
LAYNR11
 10
37.41999
 20
48.14100
  0
VERTEX
 5
A0B
  8
LAYNR11
 10
38.68998
 20
48.14100
  0
SEQEND
  8
LAYNR11
  0
POLYLINE
 5
A0C
  8
LAYNR11
 66
1
 70
1
 40
0.012700
 41
0.012700
  0
VERTEX
 5
A0D
  8
LAYNR11
 10
37.41364
 20
48.14100
 42
1.0
  0
VERTEX
 5
A0E
  8
LAYNR11
 10
37.42634
 20
48.14100
 42
1.0
  0
SEQEND
  8
LAYNR11
  0
POLYLINE
 5
A0F
  8
LAYNR11
 66
1
 70
1
 40
0.012700
 41
0.012700
  0
VERTEX
 5
A10
  8
LAYNR11
 10
38.68363
 20
48.14100
 42
1.0
  0
VERTEX
 5
A11
  8
LAYNR11
 10
38.69633
 20
48.14100
 42
1.0
  0
SEQEND
  8
LAYNR11
  0
POLYLINE
 5
A12
  8
LAYNR11
 66
1
 40
0.025400
 41
0.025400
  0
VERTEX
 5
A13
  8
LAYNR11
 10
38.43599
 20
47.50600
  0
VERTEX
 5
A14
  8
LAYNR11
 10
38.43599
 20
48.77600
  0
SEQEND
  8
LAYNR11
  0
POLYLINE
 5
A15
  8
LAYNR11
 66
1
 70
1
 40
0.012700
 41
0.012700
  0
VERTEX
 5
A16
  8
LAYNR11
 10
38.42964
 20
47.50600
 42
1.0
  0
VERTEX
 5
A17
  8
LAYNR11
 10
38.44234
 20
47.50600
 42
1.0
  0
SEQEND
  8
LAYNR11
  0
POLYLINE
 5
A18
  8
LAYNR11
 66
1
 70
1
 40
0.012700
 41
0.012700
  0
VERTEX
 5
A19
  8
LAYNR11
 10
38.42964
 20
48.77600
 42
1.0
  0
VERTEX
 5
A1A
  8
LAYNR11
 10
38.44234
 20
48.77600
 42
1.0
  0
SEQEND
  8
LAYNR11
  0
POLYLINE
 5
A1B
  8
LAYNR11
 66
1
 40
0.025400
 41
0.025400
  0
VERTEX
 5
A1C
  8
LAYNR11
 10
38.43599
 20
48.14100
  0
VERTEX
 5
A1D
  8
LAYNR11
 10
37.67399
 20
47.50600
  0
SEQEND
  8
LAYNR11
  0
POLYLINE
 5
A1E
  8
LAYNR11
 66
1
 70
1
 40
0.012700
 41
0.012700
  0
VERTEX
 5
A1F
  8
LAYNR11
 10
38.42964
 20
48.14100
 42
1.0
  0
VERTEX
 5
A20
  8
LAYNR11
 10
38.44234
 20
48.14100
 42
1.0
  0
SEQEND
  8
LAYNR11
  0
POLYLINE
 5
A21
  8
LAYNR11
 66
1
 70
1
 40
0.012700
 41
0.012700
  0
VERTEX
 5
A22
  8
LAYNR11
 10
37.66764
 20
47.50600
 42
1.0
  0
VERTEX
 5
A23
  8
LAYNR11
 10
37.68034
 20
47.50600
 42
1.0
  0
SEQEND
  8
LAYNR11
  0
POLYLINE
 5
A24
  8
LAYNR11
 66
1
 40
0.025400
 41
0.025400
  0
VERTEX
 5
A25
  8
LAYNR11
 10
38.43599
 20
48.14100
  0
VERTEX
 5
A26
  8
LAYNR11
 10
37.67399
 20
47.63300
  0
SEQEND
  8
LAYNR11
  0
POLYLINE
 5
A27
  8
LAYNR11
 66
1
 70
1
 40
0.012700
 41
0.012700
  0
VERTEX
 5
A28
  8
LAYNR11
 10
38.42964
 20
48.14100
 42
1.0
  0
VERTEX
 5
A29
  8
LAYNR11
 10
38.44234
 20
48.14100
 42
1.0
  0
SEQEND
  8
LAYNR11
  0
POLYLINE
 5
A2A
  8
LAYNR11
 66
1
 70
1
 40
0.012700
 41
0.012700
  0
VERTEX
 5
A2B
  8
LAYNR11
 10
37.66764
 20
47.63300
 42
1.0
  0
VERTEX
 5
A2C
  8
LAYNR11
 10
37.68034
 20
47.63300
 42
1.0
  0
SEQEND
  8
LAYNR11
  0
POLYLINE
 5
A2D
  8
LAYNR11
 66
1
 40
0.025400
 41
0.025400
  0
VERTEX
 5
A2E
  8
LAYNR11
 10
38.43599
 20
48.14100
  0
VERTEX
 5
A2F
  8
LAYNR11
 10
37.67399
 20
47.76000
  0
SEQEND
  8
LAYNR11
  0
POLYLINE
 5
A30
  8
LAYNR11
 66
1
 70
1
 40
0.012700
 41
0.012700
  0
VERTEX
 5
A31
  8
LAYNR11
 10
38.42964
 20
48.14100
 42
1.0
  0
VERTEX
 5
A32
  8
LAYNR11
 10
38.44234
 20
48.14100
 42
1.0
  0
SEQEND
  8
LAYNR11
  0
POLYLINE
 5
A33
  8
LAYNR11
 66
1
 70
1
 40
0.012700
 41
0.012700
  0
VERTEX
 5
A34
  8
LAYNR11
 10
37.66764
 20
47.76000
 42
1.0
  0
VERTEX
 5
A35
  8
LAYNR11
 10
37.68034
 20
47.76000
 42
1.0
  0
SEQEND
  8
LAYNR11
  0
POLYLINE
 5
A36
  8
LAYNR11
 66
1
 40
0.025400
 41
0.025400
  0
VERTEX
 5
A37
  8
LAYNR11
 10
38.43599
 20
48.14100
  0
VERTEX
 5
A38
  8
LAYNR11
 10
37.67399
 20
47.88700
  0
SEQEND
  8
LAYNR11
  0
POLYLINE
 5
A39
  8
LAYNR11
 66
1
 70
1
 40
0.012700
 41
0.012700
  0
VERTEX
 5
A3A
  8
LAYNR11
 10
38.42964
 20
48.14100
 42
1.0
  0
VERTEX
 5
A3B
  8
LAYNR11
 10
38.44234
 20
48.14100
 42
1.0
  0
SEQEND
  8
LAYNR11
  0
POLYLINE
 5
A3C
  8
LAYNR11
 66
1
 70
1
 40
0.012700
 41
0.012700
  0
VERTEX
 5
A3D
  8
LAYNR11
 10
37.66764
 20
47.88700
 42
1.0
  0
VERTEX
 5
A3E
  8
LAYNR11
 10
37.68034
 20
47.88700
 42
1.0
  0
SEQEND
  8
LAYNR11
  0
POLYLINE
 5
A3F
  8
LAYNR11
 66
1
 40
0.025400
 41
0.025400
  0
VERTEX
 5
A40
  8
LAYNR11
 10
38.43599
 20
48.14100
  0
VERTEX
 5
A41
  8
LAYNR11
 10
37.67399
 20
48.01400
  0
SEQEND
  8
LAYNR11
  0
POLYLINE
 5
A42
  8
LAYNR11
 66
1
 70
1
 40
0.012700
 41
0.012700
  0
VERTEX
 5
A43
  8
LAYNR11
 10
38.42964
 20
48.14100
 42
1.0
  0
VERTEX
 5
A44
  8
LAYNR11
 10
38.44234
 20
48.14100
 42
1.0
  0
SEQEND
  8
LAYNR11
  0
POLYLINE
 5
A45
  8
LAYNR11
 66
1
 70
1
 40
0.012700
 41
0.012700
  0
VERTEX
 5
A46
  8
LAYNR11
 10
37.66764
 20
48.01400
 42
1.0
  0
VERTEX
 5
A47
  8
LAYNR11
 10
37.68034
 20
48.01400
 42
1.0
  0
SEQEND
  8
LAYNR11
  0
POLYLINE
 5
A48
  8
LAYNR11
 66
1
 40
0.025400
 41
0.025400
  0
VERTEX
 5
A49
  8
LAYNR11
 10
38.43599
 20
48.14100
  0
VERTEX
 5
A4A
  8
LAYNR11
 10
37.67399
 20
48.77600
  0
SEQEND
  8
LAYNR11
  0
POLYLINE
 5
A4B
  8
LAYNR11
 66
1
 70
1
 40
0.012700
 41
0.012700
  0
VERTEX
 5
A4C
  8
LAYNR11
 10
38.42964
 20
48.14100
 42
1.0
  0
VERTEX
 5
A4D
  8
LAYNR11
 10
38.44234
 20
48.14100
 42
1.0
  0
SEQEND
  8
LAYNR11
  0
POLYLINE
 5
A4E
  8
LAYNR11
 66
1
 70
1
 40
0.012700
 41
0.012700
  0
VERTEX
 5
A4F
  8
LAYNR11
 10
37.66764
 20
48.77600
 42
1.0
  0
VERTEX
 5
A50
  8
LAYNR11
 10
37.68034
 20
48.77600
 42
1.0
  0
SEQEND
  8
LAYNR11
  0
POLYLINE
 5
A51
  8
LAYNR11
 66
1
 40
0.025400
 41
0.025400
  0
VERTEX
 5
A52
  8
LAYNR11
 10
38.43599
 20
48.14100
  0
VERTEX
 5
A53
  8
LAYNR11
 10
37.67399
 20
48.64900
  0
SEQEND
  8
LAYNR11
  0
POLYLINE
 5
A54
  8
LAYNR11
 66
1
 70
1
 40
0.012700
 41
0.012700
  0
VERTEX
 5
A55
  8
LAYNR11
 10
38.42964
 20
48.14100
 42
1.0
  0
VERTEX
 5
A56
  8
LAYNR11
 10
38.44234
 20
48.14100
 42
1.0
  0
SEQEND
  8
LAYNR11
  0
POLYLINE
 5
A57
  8
LAYNR11
 66
1
 70
1
 40
0.012700
 41
0.012700
  0
VERTEX
 5
A58
  8
LAYNR11
 10
37.66764
 20
48.64900
 42
1.0
  0
VERTEX
 5
A59
  8
LAYNR11
 10
37.68034
 20
48.64900
 42
1.0
  0
SEQEND
  8
LAYNR11
  0
POLYLINE
 5
A5A
  8
LAYNR11
 66
1
 40
0.025400
 41
0.025400
  0
VERTEX
 5
A5B
  8
LAYNR11
 10
38.43599
 20
48.14100
  0
VERTEX
 5
A5C
  8
LAYNR11
 10
37.67399
 20
48.52200
  0
SEQEND
  8
LAYNR11
  0
POLYLINE
 5
A5D
  8
LAYNR11
 66
1
 70
1
 40
0.012700
 41
0.012700
  0
VERTEX
 5
A5E
  8
LAYNR11
 10
38.42964
 20
48.14100
 42
1.0
  0
VERTEX
 5
A5F
  8
LAYNR11
 10
38.44234
 20
48.14100
 42
1.0
  0
SEQEND
  8
LAYNR11
  0
POLYLINE
 5
A60
  8
LAYNR11
 66
1
 70
1
 40
0.012700
 41
0.012700
  0
VERTEX
 5
A61
  8
LAYNR11
 10
37.66764
 20
48.52200
 42
1.0
  0
VERTEX
 5
A62
  8
LAYNR11
 10
37.68034
 20
48.52200
 42
1.0
  0
SEQEND
  8
LAYNR11
  0
POLYLINE
 5
A63
  8
LAYNR11
 66
1
 40
0.025400
 41
0.025400
  0
VERTEX
 5
A64
  8
LAYNR11
 10
38.43599
 20
48.14100
  0
VERTEX
 5
A65
  8
LAYNR11
 10
37.67399
 20
48.39500
  0
SEQEND
  8
LAYNR11
  0
POLYLINE
 5
A66
  8
LAYNR11
 66
1
 70
1
 40
0.012700
 41
0.012700
  0
VERTEX
 5
A67
  8
LAYNR11
 10
38.42964
 20
48.14100
 42
1.0
  0
VERTEX
 5
A68
  8
LAYNR11
 10
38.44234
 20
48.14100
 42
1.0
  0
SEQEND
  8
LAYNR11
  0
POLYLINE
 5
A69
  8
LAYNR11
 66
1
 70
1
 40
0.012700
 41
0.012700
  0
VERTEX
 5
A6A
  8
LAYNR11
 10
37.66764
 20
48.39500
 42
1.0
  0
VERTEX
 5
A6B
  8
LAYNR11
 10
37.68034
 20
48.39500
 42
1.0
  0
SEQEND
  8
LAYNR11
  0
POLYLINE
 5
A6C
  8
LAYNR11
 66
1
 40
0.025400
 41
0.025400
  0
VERTEX
 5
A6D
  8
LAYNR11
 10
38.43599
 20
48.14100
  0
VERTEX
 5
A6E
  8
LAYNR11
 10
37.67399
 20
48.26800
  0
SEQEND
  8
LAYNR11
  0
POLYLINE
 5
A6F
  8
LAYNR11
 66
1
 70
1
 40
0.012700
 41
0.012700
  0
VERTEX
 5
A70
  8
LAYNR11
 10
38.42964
 20
48.14100
 42
1.0
  0
VERTEX
 5
A71
  8
LAYNR11
 10
38.44234
 20
48.14100
 42
1.0
  0
SEQEND
  8
LAYNR11
  0
POLYLINE
 5
A72
  8
LAYNR11
 66
1
 70
1
 40
0.012700
 41
0.012700
  0
VERTEX
 5
A73
  8
LAYNR11
 10
37.66764
 20
48.26800
 42
1.0
  0
VERTEX
 5
A74
  8
LAYNR11
 10
37.68034
 20
48.26800
 42
1.0
  0
SEQEND
  8
LAYNR11
  0
POLYLINE
 5
A75
  8
LAYNR11
 66
1
 40
0.025400
 41
0.025400
  0
VERTEX
 5
A76
  8
LAYNR11
 10
37.67399
 20
47.50600
  0
VERTEX
 5
A77
  8
LAYNR11
 10
37.67399
 20
48.77600
  0
SEQEND
  8
LAYNR11
  0
POLYLINE
 5
A78
  8
LAYNR11
 66
1
 70
1
 40
0.012700
 41
0.012700
  0
VERTEX
 5
A79
  8
LAYNR11
 10
37.66764
 20
47.50600
 42
1.0
  0
VERTEX
 5
A7A
  8
LAYNR11
 10
37.68034
 20
47.50600
 42
1.0
  0
SEQEND
  8
LAYNR11
  0
POLYLINE
 5
A7B
  8
LAYNR11
 66
1
 70
1
 40
0.012700
 41
0.012700
  0
VERTEX
 5
A7C
  8
LAYNR11
 10
37.66764
 20
48.77600
 42
1.0
  0
VERTEX
 5
A7D
  8
LAYNR11
 10
37.68034
 20
48.77600
 42
1.0
  0
SEQEND
  8
LAYNR11
  0
POLYLINE
 5
A7E
  8
LAYNR1
 66
1
 40
0.152400
 41
0.152400
  0
VERTEX
 5
A7F
  8
LAYNR1
 10
33.02507
 20
48.14886
  0
VERTEX
 5
A80
  8
LAYNR1
 10
34.29507
 20
48.14886
  0
SEQEND
  8
LAYNR1
  0
POLYLINE
 5
A81
  8
LAYNR1
 66
1
 70
1
 40
0.076200
 41
0.076200
  0
VERTEX
 5
A82
  8
LAYNR1
 10
32.98697
 20
48.14886
 42
1.0
  0
VERTEX
 5
A83
  8
LAYNR1
 10
33.06317
 20
48.14886
 42
1.0
  0
SEQEND
  8
LAYNR1
  0
POLYLINE
 5
A84
  8
LAYNR1
 66
1
 70
1
 40
0.076200
 41
0.076200
  0
VERTEX
 5
A85
  8
LAYNR1
 10
34.25697
 20
48.14886
 42
1.0
  0
VERTEX
 5
A86
  8
LAYNR1
 10
34.33317
 20
48.14886
 42
1.0
  0
SEQEND
  8
LAYNR1
  0
POLYLINE
 5
A87
  8
LAYNR1
 66
1
 40
0.152400
 41
0.152400
  0
VERTEX
 5
A88
  8
LAYNR1
 10
34.04107
 20
47.51386
  0
VERTEX
 5
A89
  8
LAYNR1
 10
34.04107
 20
48.78386
  0
SEQEND
  8
LAYNR1
  0
POLYLINE
 5
A8A
  8
LAYNR1
 66
1
 70
1
 40
0.076200
 41
0.076200
  0
VERTEX
 5
A8B
  8
LAYNR1
 10
34.00297
 20
47.51386
 42
1.0
  0
VERTEX
 5
A8C
  8
LAYNR1
 10
34.07917
 20
47.51386
 42
1.0
  0
SEQEND
  8
LAYNR1
  0
POLYLINE
 5
A8D
  8
LAYNR1
 66
1
 70
1
 40
0.076200
 41
0.076200
  0
VERTEX
 5
A8E
  8
LAYNR1
 10
34.00297
 20
48.78386
 42
1.0
  0
VERTEX
 5
A8F
  8
LAYNR1
 10
34.07917
 20
48.78386
 42
1.0
  0
SEQEND
  8
LAYNR1
  0
POLYLINE
 5
A90
  8
LAYNR1
 66
1
 40
0.152400
 41
0.152400
  0
VERTEX
 5
A91
  8
LAYNR1
 10
34.04107
 20
48.14886
  0
VERTEX
 5
A92
  8
LAYNR1
 10
33.27907
 20
47.51386
  0
SEQEND
  8
LAYNR1
  0
POLYLINE
 5
A93
  8
LAYNR1
 66
1
 70
1
 40
0.076200
 41
0.076200
  0
VERTEX
 5
A94
  8
LAYNR1
 10
34.00297
 20
48.14886
 42
1.0
  0
VERTEX
 5
A95
  8
LAYNR1
 10
34.07917
 20
48.14886
 42
1.0
  0
SEQEND
  8
LAYNR1
  0
POLYLINE
 5
A96
  8
LAYNR1
 66
1
 70
1
 40
0.076200
 41
0.076200
  0
VERTEX
 5
A97
  8
LAYNR1
 10
33.24097
 20
47.51386
 42
1.0
  0
VERTEX
 5
A98
  8
LAYNR1
 10
33.31717
 20
47.51386
 42
1.0
  0
SEQEND
  8
LAYNR1
  0
POLYLINE
 5
A99
  8
LAYNR1
 66
1
 40
0.152400
 41
0.152400
  0
VERTEX
 5
A9A
  8
LAYNR1
 10
34.04107
 20
48.14886
  0
VERTEX
 5
A9B
  8
LAYNR1
 10
33.27907
 20
47.64086
  0
SEQEND
  8
LAYNR1
  0
POLYLINE
 5
A9C
  8
LAYNR1
 66
1
 70
1
 40
0.076200
 41
0.076200
  0
VERTEX
 5
A9D
  8
LAYNR1
 10
34.00297
 20
48.14886
 42
1.0
  0
VERTEX
 5
A9E
  8
LAYNR1
 10
34.07917
 20
48.14886
 42
1.0
  0
SEQEND
  8
LAYNR1
  0
POLYLINE
 5
A9F
  8
LAYNR1
 66
1
 70
1
 40
0.076200
 41
0.076200
  0
VERTEX
 5
AA0
  8
LAYNR1
 10
33.24097
 20
47.64086
 42
1.0
  0
VERTEX
 5
AA1
  8
LAYNR1
 10
33.31717
 20
47.64086
 42
1.0
  0
SEQEND
  8
LAYNR1
  0
POLYLINE
 5
AA2
  8
LAYNR1
 66
1
 40
0.152400
 41
0.152400
  0
VERTEX
 5
AA3
  8
LAYNR1
 10
34.04107
 20
48.14886
  0
VERTEX
 5
AA4
  8
LAYNR1
 10
33.27907
 20
47.76786
  0
SEQEND
  8
LAYNR1
  0
POLYLINE
 5
AA5
  8
LAYNR1
 66
1
 70
1
 40
0.076200
 41
0.076200
  0
VERTEX
 5
AA6
  8
LAYNR1
 10
34.00297
 20
48.14886
 42
1.0
  0
VERTEX
 5
AA7
  8
LAYNR1
 10
34.07917
 20
48.14886
 42
1.0
  0
SEQEND
  8
LAYNR1
  0
POLYLINE
 5
AA8
  8
LAYNR1
 66
1
 70
1
 40
0.076200
 41
0.076200
  0
VERTEX
 5
AA9
  8
LAYNR1
 10
33.24097
 20
47.76786
 42
1.0
  0
VERTEX
 5
AAA
  8
LAYNR1
 10
33.31717
 20
47.76786
 42
1.0
  0
SEQEND
  8
LAYNR1
  0
POLYLINE
 5
AAB
  8
LAYNR1
 66
1
 40
0.152400
 41
0.152400
  0
VERTEX
 5
AAC
  8
LAYNR1
 10
34.04107
 20
48.14886
  0
VERTEX
 5
AAD
  8
LAYNR1
 10
33.27907
 20
47.89486
  0
SEQEND
  8
LAYNR1
  0
POLYLINE
 5
AAE
  8
LAYNR1
 66
1
 70
1
 40
0.076200
 41
0.076200
  0
VERTEX
 5
AAF
  8
LAYNR1
 10
34.00297
 20
48.14886
 42
1.0
  0
VERTEX
 5
AB0
  8
LAYNR1
 10
34.07917
 20
48.14886
 42
1.0
  0
SEQEND
  8
LAYNR1
  0
POLYLINE
 5
AB1
  8
LAYNR1
 66
1
 70
1
 40
0.076200
 41
0.076200
  0
VERTEX
 5
AB2
  8
LAYNR1
 10
33.24097
 20
47.89486
 42
1.0
  0
VERTEX
 5
AB3
  8
LAYNR1
 10
33.31717
 20
47.89486
 42
1.0
  0
SEQEND
  8
LAYNR1
  0
POLYLINE
 5
AB4
  8
LAYNR1
 66
1
 40
0.152400
 41
0.152400
  0
VERTEX
 5
AB5
  8
LAYNR1
 10
34.04107
 20
48.14886
  0
VERTEX
 5
AB6
  8
LAYNR1
 10
33.27907
 20
48.02186
  0
SEQEND
  8
LAYNR1
  0
POLYLINE
 5
AB7
  8
LAYNR1
 66
1
 70
1
 40
0.076200
 41
0.076200
  0
VERTEX
 5
AB8
  8
LAYNR1
 10
34.00297
 20
48.14886
 42
1.0
  0
VERTEX
 5
AB9
  8
LAYNR1
 10
34.07917
 20
48.14886
 42
1.0
  0
SEQEND
  8
LAYNR1
  0
POLYLINE
 5
ABA
  8
LAYNR1
 66
1
 70
1
 40
0.076200
 41
0.076200
  0
VERTEX
 5
ABB
  8
LAYNR1
 10
33.24097
 20
48.02186
 42
1.0
  0
VERTEX
 5
ABC
  8
LAYNR1
 10
33.31717
 20
48.02186
 42
1.0
  0
SEQEND
  8
LAYNR1
  0
POLYLINE
 5
ABD
  8
LAYNR1
 66
1
 40
0.152400
 41
0.152400
  0
VERTEX
 5
ABE
  8
LAYNR1
 10
34.04107
 20
48.14886
  0
VERTEX
 5
ABF
  8
LAYNR1
 10
33.27907
 20
48.78386
  0
SEQEND
  8
LAYNR1
  0
POLYLINE
 5
AC0
  8
LAYNR1
 66
1
 70
1
 40
0.076200
 41
0.076200
  0
VERTEX
 5
AC1
  8
LAYNR1
 10
34.00297
 20
48.14886
 42
1.0
  0
VERTEX
 5
AC2
  8
LAYNR1
 10
34.07917
 20
48.14886
 42
1.0
  0
SEQEND
  8
LAYNR1
  0
POLYLINE
 5
AC3
  8
LAYNR1
 66
1
 70
1
 40
0.076200
 41
0.076200
  0
VERTEX
 5
AC4
  8
LAYNR1
 10
33.24097
 20
48.78386
 42
1.0
  0
VERTEX
 5
AC5
  8
LAYNR1
 10
33.31717
 20
48.78386
 42
1.0
  0
SEQEND
  8
LAYNR1
  0
POLYLINE
 5
AC6
  8
LAYNR1
 66
1
 40
0.152400
 41
0.152400
  0
VERTEX
 5
AC7
  8
LAYNR1
 10
34.04107
 20
48.14886
  0
VERTEX
 5
AC8
  8
LAYNR1
 10
33.27907
 20
48.65686
  0
SEQEND
  8
LAYNR1
  0
POLYLINE
 5
AC9
  8
LAYNR1
 66
1
 70
1
 40
0.076200
 41
0.076200
  0
VERTEX
 5
ACA
  8
LAYNR1
 10
34.00297
 20
48.14886
 42
1.0
  0
VERTEX
 5
ACB
  8
LAYNR1
 10
34.07917
 20
48.14886
 42
1.0
  0
SEQEND
  8
LAYNR1
  0
POLYLINE
 5
ACC
  8
LAYNR1
 66
1
 70
1
 40
0.076200
 41
0.076200
  0
VERTEX
 5
ACD
  8
LAYNR1
 10
33.24097
 20
48.65686
 42
1.0
  0
VERTEX
 5
ACE
  8
LAYNR1
 10
33.31717
 20
48.65686
 42
1.0
  0
SEQEND
  8
LAYNR1
  0
POLYLINE
 5
ACF
  8
LAYNR1
 66
1
 40
0.152400
 41
0.152400
  0
VERTEX
 5
AD0
  8
LAYNR1
 10
34.04107
 20
48.14886
  0
VERTEX
 5
AD1
  8
LAYNR1
 10
33.27907
 20
48.52986
  0
SEQEND
  8
LAYNR1
  0
POLYLINE
 5
AD2
  8
LAYNR1
 66
1
 70
1
 40
0.076200
 41
0.076200
  0
VERTEX
 5
AD3
  8
LAYNR1
 10
34.00297
 20
48.14886
 42
1.0
  0
VERTEX
 5
AD4
  8
LAYNR1
 10
34.07917
 20
48.14886
 42
1.0
  0
SEQEND
  8
LAYNR1
  0
POLYLINE
 5
AD5
  8
LAYNR1
 66
1
 70
1
 40
0.076200
 41
0.076200
  0
VERTEX
 5
AD6
  8
LAYNR1
 10
33.24097
 20
48.52986
 42
1.0
  0
VERTEX
 5
AD7
  8
LAYNR1
 10
33.31717
 20
48.52986
 42
1.0
  0
SEQEND
  8
LAYNR1
  0
POLYLINE
 5
AD8
  8
LAYNR1
 66
1
 40
0.152400
 41
0.152400
  0
VERTEX
 5
AD9
  8
LAYNR1
 10
34.04107
 20
48.14886
  0
VERTEX
 5
ADA
  8
LAYNR1
 10
33.27907
 20
48.40286
  0
SEQEND
  8
LAYNR1
  0
POLYLINE
 5
ADB
  8
LAYNR1
 66
1
 70
1
 40
0.076200
 41
0.076200
  0
VERTEX
 5
ADC
  8
LAYNR1
 10
34.00297
 20
48.14886
 42
1.0
  0
VERTEX
 5
ADD
  8
LAYNR1
 10
34.07917
 20
48.14886
 42
1.0
  0
SEQEND
  8
LAYNR1
  0
POLYLINE
 5
ADE
  8
LAYNR1
 66
1
 70
1
 40
0.076200
 41
0.076200
  0
VERTEX
 5
ADF
  8
LAYNR1
 10
33.24097
 20
48.40286
 42
1.0
  0
VERTEX
 5
AE0
  8
LAYNR1
 10
33.31717
 20
48.40286
 42
1.0
  0
SEQEND
  8
LAYNR1
  0
POLYLINE
 5
AE1
  8
LAYNR1
 66
1
 40
0.152400
 41
0.152400
  0
VERTEX
 5
AE2
  8
LAYNR1
 10
34.04107
 20
48.14886
  0
VERTEX
 5
AE3
  8
LAYNR1
 10
33.27907
 20
48.27586
  0
SEQEND
  8
LAYNR1
  0
POLYLINE
 5
AE4
  8
LAYNR1
 66
1
 70
1
 40
0.076200
 41
0.076200
  0
VERTEX
 5
AE5
  8
LAYNR1
 10
34.00297
 20
48.14886
 42
1.0
  0
VERTEX
 5
AE6
  8
LAYNR1
 10
34.07917
 20
48.14886
 42
1.0
  0
SEQEND
  8
LAYNR1
  0
POLYLINE
 5
AE7
  8
LAYNR1
 66
1
 70
1
 40
0.076200
 41
0.076200
  0
VERTEX
 5
AE8
  8
LAYNR1
 10
33.24097
 20
48.27586
 42
1.0
  0
VERTEX
 5
AE9
  8
LAYNR1
 10
33.31717
 20
48.27586
 42
1.0
  0
SEQEND
  8
LAYNR1
  0
POLYLINE
 5
AEA
  8
LAYNR1
 66
1
 40
0.152400
 41
0.152400
  0
VERTEX
 5
AEB
  8
LAYNR1
 10
33.27907
 20
47.51386
  0
VERTEX
 5
AEC
  8
LAYNR1
 10
33.27907
 20
48.78386
  0
SEQEND
  8
LAYNR1
  0
POLYLINE
 5
AED
  8
LAYNR1
 66
1
 70
1
 40
0.076200
 41
0.076200
  0
VERTEX
 5
AEE
  8
LAYNR1
 10
33.24097
 20
47.51386
 42
1.0
  0
VERTEX
 5
AEF
  8
LAYNR1
 10
33.31717
 20
47.51386
 42
1.0
  0
SEQEND
  8
LAYNR1
  0
POLYLINE
 5
AF0
  8
LAYNR1
 66
1
 70
1
 40
0.076200
 41
0.076200
  0
VERTEX
 5
AF1
  8
LAYNR1
 10
33.24097
 20
48.78386
 42
1.0
  0
VERTEX
 5
AF2
  8
LAYNR1
 10
33.31717
 20
48.78386
 42
1.0
  0
SEQEND
  8
LAYNR1
  0
POLYLINE
 5
AF3
  8
LAYNR11
 66
1
 40
0.025400
 41
0.025400
  0
VERTEX
 5
AF4
  8
LAYNR11
 10
35.93970
 20
47.15040
  0
VERTEX
 5
AF5
  8
LAYNR11
 10
34.94910
 20
46.15980
  0
SEQEND
  8
LAYNR11
  0
POLYLINE
 5
AF6
  8
LAYNR11
 66
1
 70
1
 40
0.012700
 41
0.012700
  0
VERTEX
 5
AF7
  8
LAYNR11
 10
35.93335
 20
47.15040
 42
1.0
  0
VERTEX
 5
AF8
  8
LAYNR11
 10
35.94605
 20
47.15040
 42
1.0
  0
SEQEND
  8
LAYNR11
  0
POLYLINE
 5
AF9
  8
LAYNR11
 66
1
 70
1
 40
0.012700
 41
0.012700
  0
VERTEX
 5
AFA
  8
LAYNR11
 10
34.94275
 20
46.15980
 42
1.0
  0
VERTEX
 5
AFB
  8
LAYNR11
 10
34.95545
 20
46.15980
 42
1.0
  0
SEQEND
  8
LAYNR11
  0
POLYLINE
 5
AFC
  8
LAYNR11
 66
1
 40
0.025400
 41
0.025400
  0
VERTEX
 5
AFD
  8
LAYNR11
 10
35.93970
 20
49.13160
  0
VERTEX
 5
AFE
  8
LAYNR11
 10
34.94910
 20
50.12220
  0
SEQEND
  8
LAYNR11
  0
POLYLINE
 5
AFF
  8
LAYNR11
 66
1
 70
1
 40
0.012700
 41
0.012700
  0
VERTEX
 5
B00
  8
LAYNR11
 10
35.93335
 20
49.13160
 42
1.0
  0
VERTEX
 5
B01
  8
LAYNR11
 10
35.94605
 20
49.13160
 42
1.0
  0
SEQEND
  8
LAYNR11
  0
POLYLINE
 5
B02
  8
LAYNR11
 66
1
 70
1
 40
0.012700
 41
0.012700
  0
VERTEX
 5
B03
  8
LAYNR11
 10
34.94275
 20
50.12220
 42
1.0
  0
VERTEX
 5
B04
  8
LAYNR11
 10
34.95545
 20
50.12220
 42
1.0
  0
SEQEND
  8
LAYNR11
  0
POLYLINE
 5
B05
  8
LAYNR1
 66
1
 40
0.152400
 41
0.152400
  0
VERTEX
 5
B06
  8
LAYNR1
 10
36.06670
 20
50.24920
  0
VERTEX
 5
B07
  8
LAYNR1
 10
31.21530
 20
50.24920
  0
SEQEND
  8
LAYNR1
  0
POLYLINE
 5
B08
  8
LAYNR1
 66
1
 70
1
 40
0.076200
 41
0.076200
  0
VERTEX
 5
B09
  8
LAYNR1
 10
36.02860
 20
50.24920
 42
1.0
  0
VERTEX
 5
B0A
  8
LAYNR1
 10
36.10480
 20
50.24920
 42
1.0
  0
SEQEND
  8
LAYNR1
  0
POLYLINE
 5
B0B
  8
LAYNR1
 66
1
 70
1
 40
0.076200
 41
0.076200
  0
VERTEX
 5
B0C
  8
LAYNR1
 10
31.17720
 20
50.24920
 42
1.0
  0
VERTEX
 5
B0D
  8
LAYNR1
 10
31.25340
 20
50.24920
 42
1.0
  0
SEQEND
  8
LAYNR1
  0
POLYLINE
 5
B0E
  8
LAYNR1
 66
1
 40
0.152400
 41
0.152400
  0
VERTEX
 5
B0F
  8
LAYNR1
 10
31.21530
 20
50.24920
  0
VERTEX
 5
B10
  8
LAYNR1
 10
31.21530
 20
49.60363
  0
SEQEND
  8
LAYNR1
  0
POLYLINE
 5
B11
  8
LAYNR1
 66
1
 70
1
 40
0.076200
 41
0.076200
  0
VERTEX
 5
B12
  8
LAYNR1
 10
31.17720
 20
50.24920
 42
1.0
  0
VERTEX
 5
B13
  8
LAYNR1
 10
31.25340
 20
50.24920
 42
1.0
  0
SEQEND
  8
LAYNR1
  0
POLYLINE
 5
B14
  8
LAYNR1
 66
1
 70
1
 40
0.076200
 41
0.076200
  0
VERTEX
 5
B15
  8
LAYNR1
 10
31.17720
 20
49.60363
 42
1.0
  0
VERTEX
 5
B16
  8
LAYNR1
 10
31.25340
 20
49.60363
 42
1.0
  0
SEQEND
  8
LAYNR1
  0
POLYLINE
 5
B17
  8
LAYNR1
 66
1
 40
0.152400
 41
0.152400
  0
VERTEX
 5
B18
  8
LAYNR1
 10
31.21530
 20
46.03280
  0
VERTEX
 5
B19
  8
LAYNR1
 10
36.06670
 20
46.03280
  0
SEQEND
  8
LAYNR1
  0
POLYLINE
 5
B1A
  8
LAYNR1
 66
1
 70
1
 40
0.076200
 41
0.076200
  0
VERTEX
 5
B1B
  8
LAYNR1
 10
31.17720
 20
46.03280
 42
1.0
  0
VERTEX
 5
B1C
  8
LAYNR1
 10
31.25340
 20
46.03280
 42
1.0
  0
SEQEND
  8
LAYNR1
  0
POLYLINE
 5
B1D
  8
LAYNR1
 66
1
 70
1
 40
0.076200
 41
0.076200
  0
VERTEX
 5
B1E
  8
LAYNR1
 10
36.02860
 20
46.03280
 42
1.0
  0
VERTEX
 5
B1F
  8
LAYNR1
 10
36.10480
 20
46.03280
 42
1.0
  0
SEQEND
  8
LAYNR1
  0
POLYLINE
 5
B20
  8
LAYNR1
 66
1
 40
0.152400
 41
0.152400
  0
VERTEX
 5
B21
  8
LAYNR1
 10
36.06670
 20
46.03280
  0
VERTEX
 5
B22
  8
LAYNR1
 10
36.06670
 20
46.67837
  0
SEQEND
  8
LAYNR1
  0
POLYLINE
 5
B23
  8
LAYNR1
 66
1
 70
1
 40
0.076200
 41
0.076200
  0
VERTEX
 5
B24
  8
LAYNR1
 10
36.02860
 20
46.03280
 42
1.0
  0
VERTEX
 5
B25
  8
LAYNR1
 10
36.10480
 20
46.03280
 42
1.0
  0
SEQEND
  8
LAYNR1
  0
POLYLINE
 5
B26
  8
LAYNR1
 66
1
 70
1
 40
0.076200
 41
0.076200
  0
VERTEX
 5
B27
  8
LAYNR1
 10
36.02860
 20
46.67837
 42
1.0
  0
VERTEX
 5
B28
  8
LAYNR1
 10
36.10480
 20
46.67837
 42
1.0
  0
SEQEND
  8
LAYNR1
  0
POLYLINE
 5
B29
  8
LAYNR11
 66
1
 40
0.025400
 41
0.025400
  0
VERTEX
 5
B2A
  8
LAYNR11
 10
35.93970
 20
50.12220
  0
VERTEX
 5
B2B
  8
LAYNR11
 10
31.34230
 20
50.12220
  0
SEQEND
  8
LAYNR11
  0
POLYLINE
 5
B2C
  8
LAYNR11
 66
1
 70
1
 40
0.012700
 41
0.012700
  0
VERTEX
 5
B2D
  8
LAYNR11
 10
35.93335
 20
50.12220
 42
1.0
  0
VERTEX
 5
B2E
  8
LAYNR11
 10
35.94605
 20
50.12220
 42
1.0
  0
SEQEND
  8
LAYNR11
  0
POLYLINE
 5
B2F
  8
LAYNR11
 66
1
 70
1
 40
0.012700
 41
0.012700
  0
VERTEX
 5
B30
  8
LAYNR11
 10
31.33595
 20
50.12220
 42
1.0
  0
VERTEX
 5
B31
  8
LAYNR11
 10
31.34865
 20
50.12220
 42
1.0
  0
SEQEND
  8
LAYNR11
  0
POLYLINE
 5
B32
  8
LAYNR11
 66
1
 40
0.025400
 41
0.025400
  0
VERTEX
 5
B33
  8
LAYNR11
 10
31.34230
 20
50.12220
  0
VERTEX
 5
B34
  8
LAYNR11
 10
31.34230
 20
46.15980
  0
SEQEND
  8
LAYNR11
  0
POLYLINE
 5
B35
  8
LAYNR11
 66
1
 70
1
 40
0.012700
 41
0.012700
  0
VERTEX
 5
B36
  8
LAYNR11
 10
31.33595
 20
50.12220
 42
1.0
  0
VERTEX
 5
B37
  8
LAYNR11
 10
31.34865
 20
50.12220
 42
1.0
  0
SEQEND
  8
LAYNR11
  0
POLYLINE
 5
B38
  8
LAYNR11
 66
1
 70
1
 40
0.012700
 41
0.012700
  0
VERTEX
 5
B39
  8
LAYNR11
 10
31.33595
 20
46.15980
 42
1.0
  0
VERTEX
 5
B3A
  8
LAYNR11
 10
31.34865
 20
46.15980
 42
1.0
  0
SEQEND
  8
LAYNR11
  0
POLYLINE
 5
B3B
  8
LAYNR11
 66
1
 40
0.025400
 41
0.025400
  0
VERTEX
 5
B3C
  8
LAYNR11
 10
31.34230
 20
46.15980
  0
VERTEX
 5
B3D
  8
LAYNR11
 10
35.93970
 20
46.15980
  0
SEQEND
  8
LAYNR11
  0
POLYLINE
 5
B3E
  8
LAYNR11
 66
1
 70
1
 40
0.012700
 41
0.012700
  0
VERTEX
 5
B3F
  8
LAYNR11
 10
31.33595
 20
46.15980
 42
1.0
  0
VERTEX
 5
B40
  8
LAYNR11
 10
31.34865
 20
46.15980
 42
1.0
  0
SEQEND
  8
LAYNR11
  0
POLYLINE
 5
B41
  8
LAYNR11
 66
1
 70
1
 40
0.012700
 41
0.012700
  0
VERTEX
 5
B42
  8
LAYNR11
 10
35.93335
 20
46.15980
 42
1.0
  0
VERTEX
 5
B43
  8
LAYNR11
 10
35.94605
 20
46.15980
 42
1.0
  0
SEQEND
  8
LAYNR11
  0
POLYLINE
 5
B44
  8
LAYNR11
 66
1
 40
0.025400
 41
0.025400
  0
VERTEX
 5
B45
  8
LAYNR11
 10
35.93970
 20
46.15980
  0
VERTEX
 5
B46
  8
LAYNR11
 10
35.93970
 20
50.12220
  0
SEQEND
  8
LAYNR11
  0
POLYLINE
 5
B47
  8
LAYNR11
 66
1
 70
1
 40
0.012700
 41
0.012700
  0
VERTEX
 5
B48
  8
LAYNR11
 10
35.93335
 20
46.15980
 42
1.0
  0
VERTEX
 5
B49
  8
LAYNR11
 10
35.94605
 20
46.15980
 42
1.0
  0
SEQEND
  8
LAYNR11
  0
POLYLINE
 5
B4A
  8
LAYNR11
 66
1
 70
1
 40
0.012700
 41
0.012700
  0
VERTEX
 5
B4B
  8
LAYNR11
 10
35.93335
 20
50.12220
 42
1.0
  0
VERTEX
 5
B4C
  8
LAYNR11
 10
35.94605
 20
50.12220
 42
1.0
  0
SEQEND
  8
LAYNR11
  0
POLYLINE
 5
B4D
  8
PLACEMENT_OUTLINE_TOP
 66
1
 40
0.100000
 41
0.100000
  0
VERTEX
 5
B4E
  8
PLACEMENT_OUTLINE_TOP
 10
37.03899
 20
49.52489
  0
VERTEX
 5
B4F
  8
PLACEMENT_OUTLINE_TOP
 10
37.03899
 20
46.75711
  0
SEQEND
  8
PLACEMENT_OUTLINE_TOP
  0
POLYLINE
 5
B50
  8
PLACEMENT_OUTLINE_TOP
 66
1
 70
1
 40
0.050000
 41
0.050000
  0
VERTEX
 5
B51
  8
PLACEMENT_OUTLINE_TOP
 10
37.01399
 20
49.52489
 42
1.0
  0
VERTEX
 5
B52
  8
PLACEMENT_OUTLINE_TOP
 10
37.06399
 20
49.52489
 42
1.0
  0
SEQEND
  8
PLACEMENT_OUTLINE_TOP
  0
POLYLINE
 5
B53
  8
PLACEMENT_OUTLINE_TOP
 66
1
 70
1
 40
0.050000
 41
0.050000
  0
VERTEX
 5
B54
  8
PLACEMENT_OUTLINE_TOP
 10
37.01399
 20
46.75711
 42
1.0
  0
VERTEX
 5
B55
  8
PLACEMENT_OUTLINE_TOP
 10
37.06399
 20
46.75711
 42
1.0
  0
SEQEND
  8
PLACEMENT_OUTLINE_TOP
  0
POLYLINE
 5
B56
  8
PLACEMENT_OUTLINE_TOP
 66
1
 40
0.100000
 41
0.100000
  0
VERTEX
 5
B57
  8
PLACEMENT_OUTLINE_TOP
 10
37.03899
 20
46.75711
  0
VERTEX
 5
B58
  8
PLACEMENT_OUTLINE_TOP
 10
36.19370
 20
46.75711
  0
SEQEND
  8
PLACEMENT_OUTLINE_TOP
  0
POLYLINE
 5
B59
  8
PLACEMENT_OUTLINE_TOP
 66
1
 70
1
 40
0.050000
 41
0.050000
  0
VERTEX
 5
B5A
  8
PLACEMENT_OUTLINE_TOP
 10
37.01399
 20
46.75711
 42
1.0
  0
VERTEX
 5
B5B
  8
PLACEMENT_OUTLINE_TOP
 10
37.06399
 20
46.75711
 42
1.0
  0
SEQEND
  8
PLACEMENT_OUTLINE_TOP
  0
POLYLINE
 5
B5C
  8
PLACEMENT_OUTLINE_TOP
 66
1
 70
1
 40
0.050000
 41
0.050000
  0
VERTEX
 5
B5D
  8
PLACEMENT_OUTLINE_TOP
 10
36.16870
 20
46.75711
 42
1.0
  0
VERTEX
 5
B5E
  8
PLACEMENT_OUTLINE_TOP
 10
36.21870
 20
46.75711
 42
1.0
  0
SEQEND
  8
PLACEMENT_OUTLINE_TOP
  0
POLYLINE
 5
B5F
  8
PLACEMENT_OUTLINE_TOP
 66
1
 40
0.100000
 41
0.100000
  0
VERTEX
 5
B60
  8
PLACEMENT_OUTLINE_TOP
 10
36.19370
 20
46.75711
  0
VERTEX
 5
B61
  8
PLACEMENT_OUTLINE_TOP
 10
36.19370
 20
45.90580
  0
SEQEND
  8
PLACEMENT_OUTLINE_TOP
  0
POLYLINE
 5
B62
  8
PLACEMENT_OUTLINE_TOP
 66
1
 70
1
 40
0.050000
 41
0.050000
  0
VERTEX
 5
B63
  8
PLACEMENT_OUTLINE_TOP
 10
36.16870
 20
46.75711
 42
1.0
  0
VERTEX
 5
B64
  8
PLACEMENT_OUTLINE_TOP
 10
36.21870
 20
46.75711
 42
1.0
  0
SEQEND
  8
PLACEMENT_OUTLINE_TOP
  0
POLYLINE
 5
B65
  8
PLACEMENT_OUTLINE_TOP
 66
1
 70
1
 40
0.050000
 41
0.050000
  0
VERTEX
 5
B66
  8
PLACEMENT_OUTLINE_TOP
 10
36.16870
 20
45.90580
 42
1.0
  0
VERTEX
 5
B67
  8
PLACEMENT_OUTLINE_TOP
 10
36.21870
 20
45.90580
 42
1.0
  0
SEQEND
  8
PLACEMENT_OUTLINE_TOP
  0
POLYLINE
 5
B68
  8
PLACEMENT_OUTLINE_TOP
 66
1
 40
0.100000
 41
0.100000
  0
VERTEX
 5
B69
  8
PLACEMENT_OUTLINE_TOP
 10
36.19370
 20
45.90580
  0
VERTEX
 5
B6A
  8
PLACEMENT_OUTLINE_TOP
 10
31.08830
 20
45.90580
  0
SEQEND
  8
PLACEMENT_OUTLINE_TOP
  0
POLYLINE
 5
B6B
  8
PLACEMENT_OUTLINE_TOP
 66
1
 70
1
 40
0.050000
 41
0.050000
  0
VERTEX
 5
B6C
  8
PLACEMENT_OUTLINE_TOP
 10
36.16870
 20
45.90580
 42
1.0
  0
VERTEX
 5
B6D
  8
PLACEMENT_OUTLINE_TOP
 10
36.21870
 20
45.90580
 42
1.0
  0
SEQEND
  8
PLACEMENT_OUTLINE_TOP
  0
POLYLINE
 5
B6E
  8
PLACEMENT_OUTLINE_TOP
 66
1
 70
1
 40
0.050000
 41
0.050000
  0
VERTEX
 5
B6F
  8
PLACEMENT_OUTLINE_TOP
 10
31.06330
 20
45.90580
 42
1.0
  0
VERTEX
 5
B70
  8
PLACEMENT_OUTLINE_TOP
 10
31.11330
 20
45.90580
 42
1.0
  0
SEQEND
  8
PLACEMENT_OUTLINE_TOP
  0
POLYLINE
 5
B71
  8
PLACEMENT_OUTLINE_TOP
 66
1
 40
0.100000
 41
0.100000
  0
VERTEX
 5
B72
  8
PLACEMENT_OUTLINE_TOP
 10
31.08830
 20
45.90580
  0
VERTEX
 5
B73
  8
PLACEMENT_OUTLINE_TOP
 10
31.08830
 20
46.75710
  0
SEQEND
  8
PLACEMENT_OUTLINE_TOP
  0
POLYLINE
 5
B74
  8
PLACEMENT_OUTLINE_TOP
 66
1
 70
1
 40
0.050000
 41
0.050000
  0
VERTEX
 5
B75
  8
PLACEMENT_OUTLINE_TOP
 10
31.06330
 20
45.90580
 42
1.0
  0
VERTEX
 5
B76
  8
PLACEMENT_OUTLINE_TOP
 10
31.11330
 20
45.90580
 42
1.0
  0
SEQEND
  8
PLACEMENT_OUTLINE_TOP
  0
POLYLINE
 5
B77
  8
PLACEMENT_OUTLINE_TOP
 66
1
 70
1
 40
0.050000
 41
0.050000
  0
VERTEX
 5
B78
  8
PLACEMENT_OUTLINE_TOP
 10
31.06330
 20
46.75710
 42
1.0
  0
VERTEX
 5
B79
  8
PLACEMENT_OUTLINE_TOP
 10
31.11330
 20
46.75710
 42
1.0
  0
SEQEND
  8
PLACEMENT_OUTLINE_TOP
  0
POLYLINE
 5
B7A
  8
PLACEMENT_OUTLINE_TOP
 66
1
 40
0.100000
 41
0.100000
  0
VERTEX
 5
B7B
  8
PLACEMENT_OUTLINE_TOP
 10
31.08830
 20
46.75710
  0
VERTEX
 5
B7C
  8
PLACEMENT_OUTLINE_TOP
 10
30.24301
 20
46.75710
  0
SEQEND
  8
PLACEMENT_OUTLINE_TOP
  0
POLYLINE
 5
B7D
  8
PLACEMENT_OUTLINE_TOP
 66
1
 70
1
 40
0.050000
 41
0.050000
  0
VERTEX
 5
B7E
  8
PLACEMENT_OUTLINE_TOP
 10
31.06330
 20
46.75710
 42
1.0
  0
VERTEX
 5
B7F
  8
PLACEMENT_OUTLINE_TOP
 10
31.11330
 20
46.75710
 42
1.0
  0
SEQEND
  8
PLACEMENT_OUTLINE_TOP
  0
POLYLINE
 5
B80
  8
PLACEMENT_OUTLINE_TOP
 66
1
 70
1
 40
0.050000
 41
0.050000
  0
VERTEX
 5
B81
  8
PLACEMENT_OUTLINE_TOP
 10
30.21801
 20
46.75710
 42
1.0
  0
VERTEX
 5
B82
  8
PLACEMENT_OUTLINE_TOP
 10
30.26801
 20
46.75710
 42
1.0
  0
SEQEND
  8
PLACEMENT_OUTLINE_TOP
  0
POLYLINE
 5
B83
  8
PLACEMENT_OUTLINE_TOP
 66
1
 40
0.100000
 41
0.100000
  0
VERTEX
 5
B84
  8
PLACEMENT_OUTLINE_TOP
 10
30.24301
 20
46.75710
  0
VERTEX
 5
B85
  8
PLACEMENT_OUTLINE_TOP
 10
30.24301
 20
49.52489
  0
SEQEND
  8
PLACEMENT_OUTLINE_TOP
  0
POLYLINE
 5
B86
  8
PLACEMENT_OUTLINE_TOP
 66
1
 70
1
 40
0.050000
 41
0.050000
  0
VERTEX
 5
B87
  8
PLACEMENT_OUTLINE_TOP
 10
30.21801
 20
46.75710
 42
1.0
  0
VERTEX
 5
B88
  8
PLACEMENT_OUTLINE_TOP
 10
30.26801
 20
46.75710
 42
1.0
  0
SEQEND
  8
PLACEMENT_OUTLINE_TOP
  0
POLYLINE
 5
B89
  8
PLACEMENT_OUTLINE_TOP
 66
1
 70
1
 40
0.050000
 41
0.050000
  0
VERTEX
 5
B8A
  8
PLACEMENT_OUTLINE_TOP
 10
30.21801
 20
49.52489
 42
1.0
  0
VERTEX
 5
B8B
  8
PLACEMENT_OUTLINE_TOP
 10
30.26801
 20
49.52489
 42
1.0
  0
SEQEND
  8
PLACEMENT_OUTLINE_TOP
  0
POLYLINE
 5
B8C
  8
PLACEMENT_OUTLINE_TOP
 66
1
 40
0.100000
 41
0.100000
  0
VERTEX
 5
B8D
  8
PLACEMENT_OUTLINE_TOP
 10
30.24301
 20
49.52489
  0
VERTEX
 5
B8E
  8
PLACEMENT_OUTLINE_TOP
 10
31.08830
 20
49.52489
  0
SEQEND
  8
PLACEMENT_OUTLINE_TOP
  0
POLYLINE
 5
B8F
  8
PLACEMENT_OUTLINE_TOP
 66
1
 70
1
 40
0.050000
 41
0.050000
  0
VERTEX
 5
B90
  8
PLACEMENT_OUTLINE_TOP
 10
30.21801
 20
49.52489
 42
1.0
  0
VERTEX
 5
B91
  8
PLACEMENT_OUTLINE_TOP
 10
30.26801
 20
49.52489
 42
1.0
  0
SEQEND
  8
PLACEMENT_OUTLINE_TOP
  0
POLYLINE
 5
B92
  8
PLACEMENT_OUTLINE_TOP
 66
1
 70
1
 40
0.050000
 41
0.050000
  0
VERTEX
 5
B93
  8
PLACEMENT_OUTLINE_TOP
 10
31.06330
 20
49.52489
 42
1.0
  0
VERTEX
 5
B94
  8
PLACEMENT_OUTLINE_TOP
 10
31.11330
 20
49.52489
 42
1.0
  0
SEQEND
  8
PLACEMENT_OUTLINE_TOP
  0
POLYLINE
 5
B95
  8
PLACEMENT_OUTLINE_TOP
 66
1
 40
0.100000
 41
0.100000
  0
VERTEX
 5
B96
  8
PLACEMENT_OUTLINE_TOP
 10
31.08830
 20
49.52489
  0
VERTEX
 5
B97
  8
PLACEMENT_OUTLINE_TOP
 10
31.08830
 20
50.37620
  0
SEQEND
  8
PLACEMENT_OUTLINE_TOP
  0
POLYLINE
 5
B98
  8
PLACEMENT_OUTLINE_TOP
 66
1
 70
1
 40
0.050000
 41
0.050000
  0
VERTEX
 5
B99
  8
PLACEMENT_OUTLINE_TOP
 10
31.06330
 20
49.52489
 42
1.0
  0
VERTEX
 5
B9A
  8
PLACEMENT_OUTLINE_TOP
 10
31.11330
 20
49.52489
 42
1.0
  0
SEQEND
  8
PLACEMENT_OUTLINE_TOP
  0
POLYLINE
 5
B9B
  8
PLACEMENT_OUTLINE_TOP
 66
1
 70
1
 40
0.050000
 41
0.050000
  0
VERTEX
 5
B9C
  8
PLACEMENT_OUTLINE_TOP
 10
31.06330
 20
50.37620
 42
1.0
  0
VERTEX
 5
B9D
  8
PLACEMENT_OUTLINE_TOP
 10
31.11330
 20
50.37620
 42
1.0
  0
SEQEND
  8
PLACEMENT_OUTLINE_TOP
  0
POLYLINE
 5
B9E
  8
PLACEMENT_OUTLINE_TOP
 66
1
 40
0.100000
 41
0.100000
  0
VERTEX
 5
B9F
  8
PLACEMENT_OUTLINE_TOP
 10
31.08830
 20
50.37620
  0
VERTEX
 5
BA0
  8
PLACEMENT_OUTLINE_TOP
 10
36.19370
 20
50.37620
  0
SEQEND
  8
PLACEMENT_OUTLINE_TOP
  0
POLYLINE
 5
BA1
  8
PLACEMENT_OUTLINE_TOP
 66
1
 70
1
 40
0.050000
 41
0.050000
  0
VERTEX
 5
BA2
  8
PLACEMENT_OUTLINE_TOP
 10
31.06330
 20
50.37620
 42
1.0
  0
VERTEX
 5
BA3
  8
PLACEMENT_OUTLINE_TOP
 10
31.11330
 20
50.37620
 42
1.0
  0
SEQEND
  8
PLACEMENT_OUTLINE_TOP
  0
POLYLINE
 5
BA4
  8
PLACEMENT_OUTLINE_TOP
 66
1
 70
1
 40
0.050000
 41
0.050000
  0
VERTEX
 5
BA5
  8
PLACEMENT_OUTLINE_TOP
 10
36.16870
 20
50.37620
 42
1.0
  0
VERTEX
 5
BA6
  8
PLACEMENT_OUTLINE_TOP
 10
36.21870
 20
50.37620
 42
1.0
  0
SEQEND
  8
PLACEMENT_OUTLINE_TOP
  0
POLYLINE
 5
BA7
  8
PLACEMENT_OUTLINE_TOP
 66
1
 40
0.100000
 41
0.100000
  0
VERTEX
 5
BA8
  8
PLACEMENT_OUTLINE_TOP
 10
36.19370
 20
50.37620
  0
VERTEX
 5
BA9
  8
PLACEMENT_OUTLINE_TOP
 10
36.19370
 20
49.52489
  0
SEQEND
  8
PLACEMENT_OUTLINE_TOP
  0
POLYLINE
 5
BAA
  8
PLACEMENT_OUTLINE_TOP
 66
1
 70
1
 40
0.050000
 41
0.050000
  0
VERTEX
 5
BAB
  8
PLACEMENT_OUTLINE_TOP
 10
36.16870
 20
50.37620
 42
1.0
  0
VERTEX
 5
BAC
  8
PLACEMENT_OUTLINE_TOP
 10
36.21870
 20
50.37620
 42
1.0
  0
SEQEND
  8
PLACEMENT_OUTLINE_TOP
  0
POLYLINE
 5
BAD
  8
PLACEMENT_OUTLINE_TOP
 66
1
 70
1
 40
0.050000
 41
0.050000
  0
VERTEX
 5
BAE
  8
PLACEMENT_OUTLINE_TOP
 10
36.16870
 20
49.52489
 42
1.0
  0
VERTEX
 5
BAF
  8
PLACEMENT_OUTLINE_TOP
 10
36.21870
 20
49.52489
 42
1.0
  0
SEQEND
  8
PLACEMENT_OUTLINE_TOP
  0
POLYLINE
 5
BB0
  8
PLACEMENT_OUTLINE_TOP
 66
1
 40
0.100000
 41
0.100000
  0
VERTEX
 5
BB1
  8
PLACEMENT_OUTLINE_TOP
 10
36.19370
 20
49.52489
  0
VERTEX
 5
BB2
  8
PLACEMENT_OUTLINE_TOP
 10
37.03899
 20
49.52489
  0
SEQEND
  8
PLACEMENT_OUTLINE_TOP
  0
POLYLINE
 5
BB3
  8
PLACEMENT_OUTLINE_TOP
 66
1
 70
1
 40
0.050000
 41
0.050000
  0
VERTEX
 5
BB4
  8
PLACEMENT_OUTLINE_TOP
 10
36.16870
 20
49.52489
 42
1.0
  0
VERTEX
 5
BB5
  8
PLACEMENT_OUTLINE_TOP
 10
36.21870
 20
49.52489
 42
1.0
  0
SEQEND
  8
PLACEMENT_OUTLINE_TOP
  0
POLYLINE
 5
BB6
  8
PLACEMENT_OUTLINE_TOP
 66
1
 70
1
 40
0.050000
 41
0.050000
  0
VERTEX
 5
BB7
  8
PLACEMENT_OUTLINE_TOP
 10
37.01399
 20
49.52489
 42
1.0
  0
VERTEX
 5
BB8
  8
PLACEMENT_OUTLINE_TOP
 10
37.06399
 20
49.52489
 42
1.0
  0
SEQEND
  8
PLACEMENT_OUTLINE_TOP
  0
SOLID
 5
BB9
  8
PADLAYER_TOP
 10
34.58640
 20
49.27089
 11
34.58640
 21
47.01111
 12
36.78500
 22
49.27089
 13
36.78500
 23
47.01111
  0
SOLID
 5
BBA
  8
PADLAYER_TOP
 10
30.49700
 20
49.27089
 11
30.49700
 21
47.01110
 12
32.69560
 22
49.27089
 13
32.69560
 23
47.01110
  0
POLYLINE
 5
BBB
  8
2DLINES_1
 66
1
 40
0.200000
 41
0.200000
  0
VERTEX
 5
BBC
  8
2DLINES_1
 10
22.04300
 20
8.47100
  0
VERTEX
 5
BBD
  8
2DLINES_1
 10
22.04300
 20
15.87100
  0
SEQEND
  8
2DLINES_1
  0
POLYLINE
 5
BBE
  8
2DLINES_1
 66
1
 70
1
 40
0.100000
 41
0.100000
  0
VERTEX
 5
BBF
  8
2DLINES_1
 10
21.99300
 20
8.47100
 42
1.0
  0
VERTEX
 5
BC0
  8
2DLINES_1
 10
22.09300
 20
8.47100
 42
1.0
  0
SEQEND
  8
2DLINES_1
  0
POLYLINE
 5
BC1
  8
2DLINES_1
 66
1
 70
1
 40
0.100000
 41
0.100000
  0
VERTEX
 5
BC2
  8
2DLINES_1
 10
21.99300
 20
15.87100
 42
1.0
  0
VERTEX
 5
BC3
  8
2DLINES_1
 10
22.09300
 20
15.87100
 42
1.0
  0
SEQEND
  8
2DLINES_1
  0
POLYLINE
 5
BC4
  8
2DLINES_1
 66
1
 40
0.200000
 41
0.200000
  0
VERTEX
 5
BC5
  8
2DLINES_1
 10
22.04300
 20
15.87100
  0
VERTEX
 5
BC6
  8
2DLINES_1
 10
28.24300
 20
15.87100
  0
SEQEND
  8
2DLINES_1
  0
POLYLINE
 5
BC7
  8
2DLINES_1
 66
1
 70
1
 40
0.100000
 41
0.100000
  0
VERTEX
 5
BC8
  8
2DLINES_1
 10
21.99300
 20
15.87100
 42
1.0
  0
VERTEX
 5
BC9
  8
2DLINES_1
 10
22.09300
 20
15.87100
 42
1.0
  0
SEQEND
  8
2DLINES_1
  0
POLYLINE
 5
BCA
  8
2DLINES_1
 66
1
 70
1
 40
0.100000
 41
0.100000
  0
VERTEX
 5
BCB
  8
2DLINES_1
 10
28.19300
 20
15.87100
 42
1.0
  0
VERTEX
 5
BCC
  8
2DLINES_1
 10
28.29300
 20
15.87100
 42
1.0
  0
SEQEND
  8
2DLINES_1
  0
POLYLINE
 5
BCD
  8
2DLINES_1
 66
1
 40
0.200000
 41
0.200000
  0
VERTEX
 5
BCE
  8
2DLINES_1
 10
28.24300
 20
15.87100
  0
VERTEX
 5
BCF
  8
2DLINES_1
 10
28.24300
 20
8.47100
  0
SEQEND
  8
2DLINES_1
  0
POLYLINE
 5
BD0
  8
2DLINES_1
 66
1
 70
1
 40
0.100000
 41
0.100000
  0
VERTEX
 5
BD1
  8
2DLINES_1
 10
28.19300
 20
15.87100
 42
1.0
  0
VERTEX
 5
BD2
  8
2DLINES_1
 10
28.29300
 20
15.87100
 42
1.0
  0
SEQEND
  8
2DLINES_1
  0
POLYLINE
 5
BD3
  8
2DLINES_1
 66
1
 70
1
 40
0.100000
 41
0.100000
  0
VERTEX
 5
BD4
  8
2DLINES_1
 10
28.19300
 20
8.47100
 42
1.0
  0
VERTEX
 5
BD5
  8
2DLINES_1
 10
28.29300
 20
8.47100
 42
1.0
  0
SEQEND
  8
2DLINES_1
  0
POLYLINE
 5
BD6
  8
2DLINES_1
 66
1
 40
0.200000
 41
0.200000
  0
VERTEX
 5
BD7
  8
2DLINES_1
 10
28.24300
 20
8.47100
  0
VERTEX
 5
BD8
  8
2DLINES_1
 10
22.04300
 20
8.47100
  0
SEQEND
  8
2DLINES_1
  0
POLYLINE
 5
BD9
  8
2DLINES_1
 66
1
 70
1
 40
0.100000
 41
0.100000
  0
VERTEX
 5
BDA
  8
2DLINES_1
 10
28.19300
 20
8.47100
 42
1.0
  0
VERTEX
 5
BDB
  8
2DLINES_1
 10
28.29300
 20
8.47100
 42
1.0
  0
SEQEND
  8
2DLINES_1
  0
POLYLINE
 5
BDC
  8
2DLINES_1
 66
1
 70
1
 40
0.100000
 41
0.100000
  0
VERTEX
 5
BDD
  8
2DLINES_1
 10
21.99300
 20
8.47100
 42
1.0
  0
VERTEX
 5
BDE
  8
2DLINES_1
 10
22.09300
 20
8.47100
 42
1.0
  0
SEQEND
  8
2DLINES_1
  0
POLYLINE
 5
BDF
  8
2DLINES_1
 66
1
 40
0.200000
 41
0.200000
  0
VERTEX
 5
BE0
  8
2DLINES_1
 10
22.31900
 20
9.47100
 42
1.000000
  0
VERTEX
 5
BE1
  8
2DLINES_1
 10
22.66700
 20
9.47100
 42
1.000000
  0
VERTEX
 5
BE2
  8
2DLINES_1
 10
22.31900
 20
9.47100
  0
SEQEND
  8
2DLINES_1
  0
POLYLINE
 5
BE3
  8
PLACEMENT_OUTLINE_TOP
 66
1
 40
0.200000
 41
0.200000
  0
VERTEX
 5
BE4
  8
PLACEMENT_OUTLINE_TOP
 10
22.04300
 20
8.47100
  0
VERTEX
 5
BE5
  8
PLACEMENT_OUTLINE_TOP
 10
22.04300
 20
15.87100
  0
SEQEND
  8
PLACEMENT_OUTLINE_TOP
  0
POLYLINE
 5
BE6
  8
PLACEMENT_OUTLINE_TOP
 66
1
 70
1
 40
0.100000
 41
0.100000
  0
VERTEX
 5
BE7
  8
PLACEMENT_OUTLINE_TOP
 10
21.99300
 20
8.47100
 42
1.0
  0
VERTEX
 5
BE8
  8
PLACEMENT_OUTLINE_TOP
 10
22.09300
 20
8.47100
 42
1.0
  0
SEQEND
  8
PLACEMENT_OUTLINE_TOP
  0
POLYLINE
 5
BE9
  8
PLACEMENT_OUTLINE_TOP
 66
1
 70
1
 40
0.100000
 41
0.100000
  0
VERTEX
 5
BEA
  8
PLACEMENT_OUTLINE_TOP
 10
21.99300
 20
15.87100
 42
1.0
  0
VERTEX
 5
BEB
  8
PLACEMENT_OUTLINE_TOP
 10
22.09300
 20
15.87100
 42
1.0
  0
SEQEND
  8
PLACEMENT_OUTLINE_TOP
  0
POLYLINE
 5
BEC
  8
PLACEMENT_OUTLINE_TOP
 66
1
 40
0.200000
 41
0.200000
  0
VERTEX
 5
BED
  8
PLACEMENT_OUTLINE_TOP
 10
22.04300
 20
15.87100
  0
VERTEX
 5
BEE
  8
PLACEMENT_OUTLINE_TOP
 10
28.24300
 20
15.87100
  0
SEQEND
  8
PLACEMENT_OUTLINE_TOP
  0
POLYLINE
 5
BEF
  8
PLACEMENT_OUTLINE_TOP
 66
1
 70
1
 40
0.100000
 41
0.100000
  0
VERTEX
 5
BF0
  8
PLACEMENT_OUTLINE_TOP
 10
21.99300
 20
15.87100
 42
1.0
  0
VERTEX
 5
BF1
  8
PLACEMENT_OUTLINE_TOP
 10
22.09300
 20
15.87100
 42
1.0
  0
SEQEND
  8
PLACEMENT_OUTLINE_TOP
  0
POLYLINE
 5
BF2
  8
PLACEMENT_OUTLINE_TOP
 66
1
 70
1
 40
0.100000
 41
0.100000
  0
VERTEX
 5
BF3
  8
PLACEMENT_OUTLINE_TOP
 10
28.19300
 20
15.87100
 42
1.0
  0
VERTEX
 5
BF4
  8
PLACEMENT_OUTLINE_TOP
 10
28.29300
 20
15.87100
 42
1.0
  0
SEQEND
  8
PLACEMENT_OUTLINE_TOP
  0
POLYLINE
 5
BF5
  8
PLACEMENT_OUTLINE_TOP
 66
1
 40
0.200000
 41
0.200000
  0
VERTEX
 5
BF6
  8
PLACEMENT_OUTLINE_TOP
 10
28.24300
 20
15.87100
  0
VERTEX
 5
BF7
  8
PLACEMENT_OUTLINE_TOP
 10
28.24300
 20
8.47100
  0
SEQEND
  8
PLACEMENT_OUTLINE_TOP
  0
POLYLINE
 5
BF8
  8
PLACEMENT_OUTLINE_TOP
 66
1
 70
1
 40
0.100000
 41
0.100000
  0
VERTEX
 5
BF9
  8
PLACEMENT_OUTLINE_TOP
 10
28.19300
 20
15.87100
 42
1.0
  0
VERTEX
 5
BFA
  8
PLACEMENT_OUTLINE_TOP
 10
28.29300
 20
15.87100
 42
1.0
  0
SEQEND
  8
PLACEMENT_OUTLINE_TOP
  0
POLYLINE
 5
BFB
  8
PLACEMENT_OUTLINE_TOP
 66
1
 70
1
 40
0.100000
 41
0.100000
  0
VERTEX
 5
BFC
  8
PLACEMENT_OUTLINE_TOP
 10
28.19300
 20
8.47100
 42
1.0
  0
VERTEX
 5
BFD
  8
PLACEMENT_OUTLINE_TOP
 10
28.29300
 20
8.47100
 42
1.0
  0
SEQEND
  8
PLACEMENT_OUTLINE_TOP
  0
POLYLINE
 5
BFE
  8
PLACEMENT_OUTLINE_TOP
 66
1
 40
0.200000
 41
0.200000
  0
VERTEX
 5
BFF
  8
PLACEMENT_OUTLINE_TOP
 10
28.24300
 20
8.47100
  0
VERTEX
 5
C00
  8
PLACEMENT_OUTLINE_TOP
 10
22.04300
 20
8.47100
  0
SEQEND
  8
PLACEMENT_OUTLINE_TOP
  0
POLYLINE
 5
C01
  8
PLACEMENT_OUTLINE_TOP
 66
1
 70
1
 40
0.100000
 41
0.100000
  0
VERTEX
 5
C02
  8
PLACEMENT_OUTLINE_TOP
 10
28.19300
 20
8.47100
 42
1.0
  0
VERTEX
 5
C03
  8
PLACEMENT_OUTLINE_TOP
 10
28.29300
 20
8.47100
 42
1.0
  0
SEQEND
  8
PLACEMENT_OUTLINE_TOP
  0
POLYLINE
 5
C04
  8
PLACEMENT_OUTLINE_TOP
 66
1
 70
1
 40
0.100000
 41
0.100000
  0
VERTEX
 5
C05
  8
PLACEMENT_OUTLINE_TOP
 10
21.99300
 20
8.47100
 42
1.0
  0
VERTEX
 5
C06
  8
PLACEMENT_OUTLINE_TOP
 10
22.09300
 20
8.47100
 42
1.0
  0
SEQEND
  8
PLACEMENT_OUTLINE_TOP
  0
POLYLINE
 5
C07
  8
PLACEMENT_OUTLINE_TOP
 66
1
 40
0.200000
 41
0.200000
  0
VERTEX
 5
C08
  8
PLACEMENT_OUTLINE_TOP
 10
22.31900
 20
9.47100
 42
1.000000
  0
VERTEX
 5
C09
  8
PLACEMENT_OUTLINE_TOP
 10
22.66700
 20
9.47100
 42
1.000000
  0
VERTEX
 5
C0A
  8
PLACEMENT_OUTLINE_TOP
 10
22.31900
 20
9.47100
  0
SEQEND
  8
PLACEMENT_OUTLINE_TOP
  0
SOLID
 5
C0B
  8
PADLAYER_TOP
 10
23.49300
 20
8.69600
 11
23.49300
 21
10.24600
 12
22.89300
 22
8.69600
 13
22.89300
 23
10.24600
  0
SOLID
 5
C0C
  8
PADLAYER_TOP
 10
24.79300
 20
8.69600
 11
24.79300
 21
10.24600
 12
24.19300
 22
8.69600
 13
24.19300
 23
10.24600
  0
SOLID
 5
C0D
  8
PADLAYER_TOP
 10
26.09300
 20
8.69600
 11
26.09300
 21
10.24600
 12
25.49300
 22
8.69600
 13
25.49300
 23
10.24600
  0
SOLID
 5
C0E
  8
PADLAYER_TOP
 10
27.39300
 20
8.69600
 11
27.39300
 21
10.24600
 12
26.79300
 22
8.69600
 13
26.79300
 23
10.24600
  0
SOLID
 5
C0F
  8
PADLAYER_TOP
 10
27.39300
 20
14.09600
 11
27.39300
 21
15.64600
 12
26.79300
 22
14.09600
 13
26.79300
 23
15.64600
  0
SOLID
 5
C10
  8
PADLAYER_TOP
 10
26.09300
 20
14.09600
 11
26.09300
 21
15.64600
 12
25.49300
 22
14.09600
 13
25.49300
 23
15.64600
  0
SOLID
 5
C11
  8
PADLAYER_TOP
 10
24.79300
 20
14.09600
 11
24.79300
 21
15.64600
 12
24.19300
 22
14.09600
 13
24.19300
 23
15.64600
  0
SOLID
 5
C12
  8
PADLAYER_TOP
 10
23.49300
 20
14.09600
 11
23.49300
 21
15.64600
 12
22.89300
 22
14.09600
 13
22.89300
 23
15.64600
  0
SOLID
 5
C13
  8
PADLAYER_TOP
 10
26.69300
 20
13.47100
 11
23.59300
 21
13.47100
 12
26.69300
 22
10.87100
 13
23.59300
 23
10.87100
  0
POLYLINE
 5
C14
  8
LAYNR1
 66
1
 40
0.150000
 41
0.150000
  0
VERTEX
 5
C15
  8
LAYNR1
 10
26.74300
 20
16.72100
  0
VERTEX
 5
C16
  8
LAYNR1
 10
26.74300
 20
17.42100
  0
SEQEND
  8
LAYNR1
  0
POLYLINE
 5
C17
  8
LAYNR1
 66
1
 70
1
 40
0.075000
 41
0.075000
  0
VERTEX
 5
C18
  8
LAYNR1
 10
26.70550
 20
16.72100
 42
1.0
  0
VERTEX
 5
C19
  8
LAYNR1
 10
26.78050
 20
16.72100
 42
1.0
  0
SEQEND
  8
LAYNR1
  0
POLYLINE
 5
C1A
  8
LAYNR1
 66
1
 70
1
 40
0.075000
 41
0.075000
  0
VERTEX
 5
C1B
  8
LAYNR1
 10
26.70550
 20
17.42100
 42
1.0
  0
VERTEX
 5
C1C
  8
LAYNR1
 10
26.78050
 20
17.42100
 42
1.0
  0
SEQEND
  8
LAYNR1
  0
POLYLINE
 5
C1D
  8
PLACEMENT_OUTLINE_TOP
 66
1
 40
0.100000
 41
0.100000
  0
VERTEX
 5
C1E
  8
PLACEMENT_OUTLINE_TOP
 10
28.14000
 20
17.70600
  0
VERTEX
 5
C1F
  8
PLACEMENT_OUTLINE_TOP
 10
25.34600
 20
17.70600
  0
SEQEND
  8
PLACEMENT_OUTLINE_TOP
  0
POLYLINE
 5
C20
  8
PLACEMENT_OUTLINE_TOP
 66
1
 70
1
 40
0.050000
 41
0.050000
  0
VERTEX
 5
C21
  8
PLACEMENT_OUTLINE_TOP
 10
28.11500
 20
17.70600
 42
1.0
  0
VERTEX
 5
C22
  8
PLACEMENT_OUTLINE_TOP
 10
28.16500
 20
17.70600
 42
1.0
  0
SEQEND
  8
PLACEMENT_OUTLINE_TOP
  0
POLYLINE
 5
C23
  8
PLACEMENT_OUTLINE_TOP
 66
1
 70
1
 40
0.050000
 41
0.050000
  0
VERTEX
 5
C24
  8
PLACEMENT_OUTLINE_TOP
 10
25.32100
 20
17.70600
 42
1.0
  0
VERTEX
 5
C25
  8
PLACEMENT_OUTLINE_TOP
 10
25.37100
 20
17.70600
 42
1.0
  0
SEQEND
  8
PLACEMENT_OUTLINE_TOP
  0
POLYLINE
 5
C26
  8
PLACEMENT_OUTLINE_TOP
 66
1
 40
0.100000
 41
0.100000
  0
VERTEX
 5
C27
  8
PLACEMENT_OUTLINE_TOP
 10
25.34600
 20
17.70600
  0
VERTEX
 5
C28
  8
PLACEMENT_OUTLINE_TOP
 10
25.34600
 20
16.43600
  0
SEQEND
  8
PLACEMENT_OUTLINE_TOP
  0
POLYLINE
 5
C29
  8
PLACEMENT_OUTLINE_TOP
 66
1
 70
1
 40
0.050000
 41
0.050000
  0
VERTEX
 5
C2A
  8
PLACEMENT_OUTLINE_TOP
 10
25.32100
 20
17.70600
 42
1.0
  0
VERTEX
 5
C2B
  8
PLACEMENT_OUTLINE_TOP
 10
25.37100
 20
17.70600
 42
1.0
  0
SEQEND
  8
PLACEMENT_OUTLINE_TOP
  0
POLYLINE
 5
C2C
  8
PLACEMENT_OUTLINE_TOP
 66
1
 70
1
 40
0.050000
 41
0.050000
  0
VERTEX
 5
C2D
  8
PLACEMENT_OUTLINE_TOP
 10
25.32100
 20
16.43600
 42
1.0
  0
VERTEX
 5
C2E
  8
PLACEMENT_OUTLINE_TOP
 10
25.37100
 20
16.43600
 42
1.0
  0
SEQEND
  8
PLACEMENT_OUTLINE_TOP
  0
POLYLINE
 5
C2F
  8
PLACEMENT_OUTLINE_TOP
 66
1
 40
0.100000
 41
0.100000
  0
VERTEX
 5
C30
  8
PLACEMENT_OUTLINE_TOP
 10
25.34600
 20
16.43600
  0
VERTEX
 5
C31
  8
PLACEMENT_OUTLINE_TOP
 10
28.14000
 20
16.43600
  0
SEQEND
  8
PLACEMENT_OUTLINE_TOP
  0
POLYLINE
 5
C32
  8
PLACEMENT_OUTLINE_TOP
 66
1
 70
1
 40
0.050000
 41
0.050000
  0
VERTEX
 5
C33
  8
PLACEMENT_OUTLINE_TOP
 10
25.32100
 20
16.43600
 42
1.0
  0
VERTEX
 5
C34
  8
PLACEMENT_OUTLINE_TOP
 10
25.37100
 20
16.43600
 42
1.0
  0
SEQEND
  8
PLACEMENT_OUTLINE_TOP
  0
POLYLINE
 5
C35
  8
PLACEMENT_OUTLINE_TOP
 66
1
 70
1
 40
0.050000
 41
0.050000
  0
VERTEX
 5
C36
  8
PLACEMENT_OUTLINE_TOP
 10
28.11500
 20
16.43600
 42
1.0
  0
VERTEX
 5
C37
  8
PLACEMENT_OUTLINE_TOP
 10
28.16500
 20
16.43600
 42
1.0
  0
SEQEND
  8
PLACEMENT_OUTLINE_TOP
  0
POLYLINE
 5
C38
  8
PLACEMENT_OUTLINE_TOP
 66
1
 40
0.100000
 41
0.100000
  0
VERTEX
 5
C39
  8
PLACEMENT_OUTLINE_TOP
 10
28.14000
 20
16.43600
  0
VERTEX
 5
C3A
  8
PLACEMENT_OUTLINE_TOP
 10
28.14000
 20
17.70600
  0
SEQEND
  8
PLACEMENT_OUTLINE_TOP
  0
POLYLINE
 5
C3B
  8
PLACEMENT_OUTLINE_TOP
 66
1
 70
1
 40
0.050000
 41
0.050000
  0
VERTEX
 5
C3C
  8
PLACEMENT_OUTLINE_TOP
 10
28.11500
 20
16.43600
 42
1.0
  0
VERTEX
 5
C3D
  8
PLACEMENT_OUTLINE_TOP
 10
28.16500
 20
16.43600
 42
1.0
  0
SEQEND
  8
PLACEMENT_OUTLINE_TOP
  0
POLYLINE
 5
C3E
  8
PLACEMENT_OUTLINE_TOP
 66
1
 70
1
 40
0.050000
 41
0.050000
  0
VERTEX
 5
C3F
  8
PLACEMENT_OUTLINE_TOP
 10
28.11500
 20
17.70600
 42
1.0
  0
VERTEX
 5
C40
  8
PLACEMENT_OUTLINE_TOP
 10
28.16500
 20
17.70600
 42
1.0
  0
SEQEND
  8
PLACEMENT_OUTLINE_TOP
  0
SOLID
 5
C41
  8
PADLAYER_TOP
 10
25.52380
 20
16.61380
 11
26.43820
 21
16.61380
 12
25.52380
 22
17.52820
 13
26.43820
 23
17.52820
  0
SOLID
 5
C42
  8
PADLAYER_TOP
 10
27.04780
 20
16.61380
 11
27.96220
 21
16.61380
 12
27.04780
 22
17.52820
 13
27.96220
 23
17.52820
  0
POLYLINE
 5
C43
  8
LAYNR1
 66
1
 40
0.203200
 41
0.203200
  0
VERTEX
 5
C44
  8
LAYNR1
 10
23.54300
 20
17.42100
  0
VERTEX
 5
C45
  8
LAYNR1
 10
23.54300
 20
16.72100
  0
SEQEND
  8
LAYNR1
  0
POLYLINE
 5
C46
  8
LAYNR1
 66
1
 70
1
 40
0.101600
 41
0.101600
  0
VERTEX
 5
C47
  8
LAYNR1
 10
23.49220
 20
17.42100
 42
1.0
  0
VERTEX
 5
C48
  8
LAYNR1
 10
23.59380
 20
17.42100
 42
1.0
  0
SEQEND
  8
LAYNR1
  0
POLYLINE
 5
C49
  8
LAYNR1
 66
1
 70
1
 40
0.101600
 41
0.101600
  0
VERTEX
 5
C4A
  8
LAYNR1
 10
23.49220
 20
16.72100
 42
1.0
  0
VERTEX
 5
C4B
  8
LAYNR1
 10
23.59380
 20
16.72100
 42
1.0
  0
SEQEND
  8
LAYNR1
  0
POLYLINE
 5
C4C
  8
PLACEMENT_OUTLINE_TOP
 66
1
 40
0.100000
 41
0.100000
  0
VERTEX
 5
C4D
  8
PLACEMENT_OUTLINE_TOP
 10
24.94000
 20
17.70600
  0
VERTEX
 5
C4E
  8
PLACEMENT_OUTLINE_TOP
 10
22.14600
 20
17.70600
  0
SEQEND
  8
PLACEMENT_OUTLINE_TOP
  0
POLYLINE
 5
C4F
  8
PLACEMENT_OUTLINE_TOP
 66
1
 70
1
 40
0.050000
 41
0.050000
  0
VERTEX
 5
C50
  8
PLACEMENT_OUTLINE_TOP
 10
24.91500
 20
17.70600
 42
1.0
  0
VERTEX
 5
C51
  8
PLACEMENT_OUTLINE_TOP
 10
24.96500
 20
17.70600
 42
1.0
  0
SEQEND
  8
PLACEMENT_OUTLINE_TOP
  0
POLYLINE
 5
C52
  8
PLACEMENT_OUTLINE_TOP
 66
1
 70
1
 40
0.050000
 41
0.050000
  0
VERTEX
 5
C53
  8
PLACEMENT_OUTLINE_TOP
 10
22.12100
 20
17.70600
 42
1.0
  0
VERTEX
 5
C54
  8
PLACEMENT_OUTLINE_TOP
 10
22.17100
 20
17.70600
 42
1.0
  0
SEQEND
  8
PLACEMENT_OUTLINE_TOP
  0
POLYLINE
 5
C55
  8
PLACEMENT_OUTLINE_TOP
 66
1
 40
0.100000
 41
0.100000
  0
VERTEX
 5
C56
  8
PLACEMENT_OUTLINE_TOP
 10
22.14600
 20
17.70600
  0
VERTEX
 5
C57
  8
PLACEMENT_OUTLINE_TOP
 10
22.14600
 20
16.43600
  0
SEQEND
  8
PLACEMENT_OUTLINE_TOP
  0
POLYLINE
 5
C58
  8
PLACEMENT_OUTLINE_TOP
 66
1
 70
1
 40
0.050000
 41
0.050000
  0
VERTEX
 5
C59
  8
PLACEMENT_OUTLINE_TOP
 10
22.12100
 20
17.70600
 42
1.0
  0
VERTEX
 5
C5A
  8
PLACEMENT_OUTLINE_TOP
 10
22.17100
 20
17.70600
 42
1.0
  0
SEQEND
  8
PLACEMENT_OUTLINE_TOP
  0
POLYLINE
 5
C5B
  8
PLACEMENT_OUTLINE_TOP
 66
1
 70
1
 40
0.050000
 41
0.050000
  0
VERTEX
 5
C5C
  8
PLACEMENT_OUTLINE_TOP
 10
22.12100
 20
16.43600
 42
1.0
  0
VERTEX
 5
C5D
  8
PLACEMENT_OUTLINE_TOP
 10
22.17100
 20
16.43600
 42
1.0
  0
SEQEND
  8
PLACEMENT_OUTLINE_TOP
  0
POLYLINE
 5
C5E
  8
PLACEMENT_OUTLINE_TOP
 66
1
 40
0.100000
 41
0.100000
  0
VERTEX
 5
C5F
  8
PLACEMENT_OUTLINE_TOP
 10
22.14600
 20
16.43600
  0
VERTEX
 5
C60
  8
PLACEMENT_OUTLINE_TOP
 10
24.94000
 20
16.43600
  0
SEQEND
  8
PLACEMENT_OUTLINE_TOP
  0
POLYLINE
 5
C61
  8
PLACEMENT_OUTLINE_TOP
 66
1
 70
1
 40
0.050000
 41
0.050000
  0
VERTEX
 5
C62
  8
PLACEMENT_OUTLINE_TOP
 10
22.12100
 20
16.43600
 42
1.0
  0
VERTEX
 5
C63
  8
PLACEMENT_OUTLINE_TOP
 10
22.17100
 20
16.43600
 42
1.0
  0
SEQEND
  8
PLACEMENT_OUTLINE_TOP
  0
POLYLINE
 5
C64
  8
PLACEMENT_OUTLINE_TOP
 66
1
 70
1
 40
0.050000
 41
0.050000
  0
VERTEX
 5
C65
  8
PLACEMENT_OUTLINE_TOP
 10
24.91500
 20
16.43600
 42
1.0
  0
VERTEX
 5
C66
  8
PLACEMENT_OUTLINE_TOP
 10
24.96500
 20
16.43600
 42
1.0
  0
SEQEND
  8
PLACEMENT_OUTLINE_TOP
  0
POLYLINE
 5
C67
  8
PLACEMENT_OUTLINE_TOP
 66
1
 40
0.100000
 41
0.100000
  0
VERTEX
 5
C68
  8
PLACEMENT_OUTLINE_TOP
 10
24.94000
 20
16.43600
  0
VERTEX
 5
C69
  8
PLACEMENT_OUTLINE_TOP
 10
24.94000
 20
17.70600
  0
SEQEND
  8
PLACEMENT_OUTLINE_TOP
  0
POLYLINE
 5
C6A
  8
PLACEMENT_OUTLINE_TOP
 66
1
 70
1
 40
0.050000
 41
0.050000
  0
VERTEX
 5
C6B
  8
PLACEMENT_OUTLINE_TOP
 10
24.91500
 20
16.43600
 42
1.0
  0
VERTEX
 5
C6C
  8
PLACEMENT_OUTLINE_TOP
 10
24.96500
 20
16.43600
 42
1.0
  0
SEQEND
  8
PLACEMENT_OUTLINE_TOP
  0
POLYLINE
 5
C6D
  8
PLACEMENT_OUTLINE_TOP
 66
1
 70
1
 40
0.050000
 41
0.050000
  0
VERTEX
 5
C6E
  8
PLACEMENT_OUTLINE_TOP
 10
24.91500
 20
17.70600
 42
1.0
  0
VERTEX
 5
C6F
  8
PLACEMENT_OUTLINE_TOP
 10
24.96500
 20
17.70600
 42
1.0
  0
SEQEND
  8
PLACEMENT_OUTLINE_TOP
  0
SOLID
 5
C70
  8
PADLAYER_TOP
 10
22.32380
 20
16.61380
 11
23.23820
 21
16.61380
 12
22.32380
 22
17.52820
 13
23.23820
 23
17.52820
  0
SOLID
 5
C71
  8
PADLAYER_TOP
 10
23.84780
 20
16.61380
 11
24.76220
 21
16.61380
 12
23.84780
 22
17.52820
 13
24.76220
 23
17.52820
  0
POLYLINE
 5
C72
  8
2DLINES_1
 66
1
 40
0.152400
 41
0.152400
  0
VERTEX
 5
C73
  8
2DLINES_1
 10
37.21400
 20
19.84900
  0
VERTEX
 5
C74
  8
2DLINES_1
 10
30.61400
 20
19.84900
  0
SEQEND
  8
2DLINES_1
  0
POLYLINE
 5
C75
  8
2DLINES_1
 66
1
 70
1
 40
0.076200
 41
0.076200
  0
VERTEX
 5
C76
  8
2DLINES_1
 10
37.17590
 20
19.84900
 42
1.0
  0
VERTEX
 5
C77
  8
2DLINES_1
 10
37.25210
 20
19.84900
 42
1.0
  0
SEQEND
  8
2DLINES_1
  0
POLYLINE
 5
C78
  8
2DLINES_1
 66
1
 70
1
 40
0.076200
 41
0.076200
  0
VERTEX
 5
C79
  8
2DLINES_1
 10
30.57590
 20
19.84900
 42
1.0
  0
VERTEX
 5
C7A
  8
2DLINES_1
 10
30.65210
 20
19.84900
 42
1.0
  0
SEQEND
  8
2DLINES_1
  0
POLYLINE
 5
C7B
  8
2DLINES_1
 66
1
 40
0.152400
 41
0.152400
  0
VERTEX
 5
C7C
  8
2DLINES_1
 10
30.61400
 20
19.84900
  0
VERTEX
 5
C7D
  8
2DLINES_1
 10
30.61400
 20
26.84900
  0
SEQEND
  8
2DLINES_1
  0
POLYLINE
 5
C7E
  8
2DLINES_1
 66
1
 70
1
 40
0.076200
 41
0.076200
  0
VERTEX
 5
C7F
  8
2DLINES_1
 10
30.57590
 20
19.84900
 42
1.0
  0
VERTEX
 5
C80
  8
2DLINES_1
 10
30.65210
 20
19.84900
 42
1.0
  0
SEQEND
  8
2DLINES_1
  0
POLYLINE
 5
C81
  8
2DLINES_1
 66
1
 70
1
 40
0.076200
 41
0.076200
  0
VERTEX
 5
C82
  8
2DLINES_1
 10
30.57590
 20
26.84900
 42
1.0
  0
VERTEX
 5
C83
  8
2DLINES_1
 10
30.65210
 20
26.84900
 42
1.0
  0
SEQEND
  8
2DLINES_1
  0
POLYLINE
 5
C84
  8
2DLINES_1
 66
1
 40
0.152400
 41
0.152400
  0
VERTEX
 5
C85
  8
2DLINES_1
 10
30.61400
 20
26.84900
  0
VERTEX
 5
C86
  8
2DLINES_1
 10
37.21400
 20
26.84900
  0
SEQEND
  8
2DLINES_1
  0
POLYLINE
 5
C87
  8
2DLINES_1
 66
1
 70
1
 40
0.076200
 41
0.076200
  0
VERTEX
 5
C88
  8
2DLINES_1
 10
30.57590
 20
26.84900
 42
1.0
  0
VERTEX
 5
C89
  8
2DLINES_1
 10
30.65210
 20
26.84900
 42
1.0
  0
SEQEND
  8
2DLINES_1
  0
POLYLINE
 5
C8A
  8
2DLINES_1
 66
1
 70
1
 40
0.076200
 41
0.076200
  0
VERTEX
 5
C8B
  8
2DLINES_1
 10
37.17590
 20
26.84900
 42
1.0
  0
VERTEX
 5
C8C
  8
2DLINES_1
 10
37.25210
 20
26.84900
 42
1.0
  0
SEQEND
  8
2DLINES_1
  0
POLYLINE
 5
C8D
  8
2DLINES_1
 66
1
 40
0.152400
 41
0.152400
  0
VERTEX
 5
C8E
  8
2DLINES_1
 10
37.21400
 20
26.84900
  0
VERTEX
 5
C8F
  8
2DLINES_1
 10
37.21400
 20
19.84900
  0
SEQEND
  8
2DLINES_1
  0
POLYLINE
 5
C90
  8
2DLINES_1
 66
1
 70
1
 40
0.076200
 41
0.076200
  0
VERTEX
 5
C91
  8
2DLINES_1
 10
37.17590
 20
26.84900
 42
1.0
  0
VERTEX
 5
C92
  8
2DLINES_1
 10
37.25210
 20
26.84900
 42
1.0
  0
SEQEND
  8
2DLINES_1
  0
POLYLINE
 5
C93
  8
2DLINES_1
 66
1
 70
1
 40
0.076200
 41
0.076200
  0
VERTEX
 5
C94
  8
2DLINES_1
 10
37.17590
 20
19.84900
 42
1.0
  0
VERTEX
 5
C95
  8
2DLINES_1
 10
37.25210
 20
19.84900
 42
1.0
  0
SEQEND
  8
2DLINES_1
  0
POLYLINE
 5
C96
  8
PLACEMENT_OUTLINE_TOP
 66
1
 40
0.152400
 41
0.152400
  0
VERTEX
 5
C97
  8
PLACEMENT_OUTLINE_TOP
 10
37.21400
 20
19.84900
  0
VERTEX
 5
C98
  8
PLACEMENT_OUTLINE_TOP
 10
30.61400
 20
19.84900
  0
SEQEND
  8
PLACEMENT_OUTLINE_TOP
  0
POLYLINE
 5
C99
  8
PLACEMENT_OUTLINE_TOP
 66
1
 70
1
 40
0.076200
 41
0.076200
  0
VERTEX
 5
C9A
  8
PLACEMENT_OUTLINE_TOP
 10
37.17590
 20
19.84900
 42
1.0
  0
VERTEX
 5
C9B
  8
PLACEMENT_OUTLINE_TOP
 10
37.25210
 20
19.84900
 42
1.0
  0
SEQEND
  8
PLACEMENT_OUTLINE_TOP
  0
POLYLINE
 5
C9C
  8
PLACEMENT_OUTLINE_TOP
 66
1
 70
1
 40
0.076200
 41
0.076200
  0
VERTEX
 5
C9D
  8
PLACEMENT_OUTLINE_TOP
 10
30.57590
 20
19.84900
 42
1.0
  0
VERTEX
 5
C9E
  8
PLACEMENT_OUTLINE_TOP
 10
30.65210
 20
19.84900
 42
1.0
  0
SEQEND
  8
PLACEMENT_OUTLINE_TOP
  0
POLYLINE
 5
C9F
  8
PLACEMENT_OUTLINE_TOP
 66
1
 40
0.152400
 41
0.152400
  0
VERTEX
 5
CA0
  8
PLACEMENT_OUTLINE_TOP
 10
30.61400
 20
19.84900
  0
VERTEX
 5
CA1
  8
PLACEMENT_OUTLINE_TOP
 10
30.61400
 20
26.84900
  0
SEQEND
  8
PLACEMENT_OUTLINE_TOP
  0
POLYLINE
 5
CA2
  8
PLACEMENT_OUTLINE_TOP
 66
1
 70
1
 40
0.076200
 41
0.076200
  0
VERTEX
 5
CA3
  8
PLACEMENT_OUTLINE_TOP
 10
30.57590
 20
19.84900
 42
1.0
  0
VERTEX
 5
CA4
  8
PLACEMENT_OUTLINE_TOP
 10
30.65210
 20
19.84900
 42
1.0
  0
SEQEND
  8
PLACEMENT_OUTLINE_TOP
  0
POLYLINE
 5
CA5
  8
PLACEMENT_OUTLINE_TOP
 66
1
 70
1
 40
0.076200
 41
0.076200
  0
VERTEX
 5
CA6
  8
PLACEMENT_OUTLINE_TOP
 10
30.57590
 20
26.84900
 42
1.0
  0
VERTEX
 5
CA7
  8
PLACEMENT_OUTLINE_TOP
 10
30.65210
 20
26.84900
 42
1.0
  0
SEQEND
  8
PLACEMENT_OUTLINE_TOP
  0
POLYLINE
 5
CA8
  8
PLACEMENT_OUTLINE_TOP
 66
1
 40
0.152400
 41
0.152400
  0
VERTEX
 5
CA9
  8
PLACEMENT_OUTLINE_TOP
 10
30.61400
 20
26.84900
  0
VERTEX
 5
CAA
  8
PLACEMENT_OUTLINE_TOP
 10
37.21400
 20
26.84900
  0
SEQEND
  8
PLACEMENT_OUTLINE_TOP
  0
POLYLINE
 5
CAB
  8
PLACEMENT_OUTLINE_TOP
 66
1
 70
1
 40
0.076200
 41
0.076200
  0
VERTEX
 5
CAC
  8
PLACEMENT_OUTLINE_TOP
 10
30.57590
 20
26.84900
 42
1.0
  0
VERTEX
 5
CAD
  8
PLACEMENT_OUTLINE_TOP
 10
30.65210
 20
26.84900
 42
1.0
  0
SEQEND
  8
PLACEMENT_OUTLINE_TOP
  0
POLYLINE
 5
CAE
  8
PLACEMENT_OUTLINE_TOP
 66
1
 70
1
 40
0.076200
 41
0.076200
  0
VERTEX
 5
CAF
  8
PLACEMENT_OUTLINE_TOP
 10
37.17590
 20
26.84900
 42
1.0
  0
VERTEX
 5
CB0
  8
PLACEMENT_OUTLINE_TOP
 10
37.25210
 20
26.84900
 42
1.0
  0
SEQEND
  8
PLACEMENT_OUTLINE_TOP
  0
POLYLINE
 5
CB1
  8
PLACEMENT_OUTLINE_TOP
 66
1
 40
0.152400
 41
0.152400
  0
VERTEX
 5
CB2
  8
PLACEMENT_OUTLINE_TOP
 10
37.21400
 20
26.84900
  0
VERTEX
 5
CB3
  8
PLACEMENT_OUTLINE_TOP
 10
37.21400
 20
19.84900
  0
SEQEND
  8
PLACEMENT_OUTLINE_TOP
  0
POLYLINE
 5
CB4
  8
PLACEMENT_OUTLINE_TOP
 66
1
 70
1
 40
0.076200
 41
0.076200
  0
VERTEX
 5
CB5
  8
PLACEMENT_OUTLINE_TOP
 10
37.17590
 20
26.84900
 42
1.0
  0
VERTEX
 5
CB6
  8
PLACEMENT_OUTLINE_TOP
 10
37.25210
 20
26.84900
 42
1.0
  0
SEQEND
  8
PLACEMENT_OUTLINE_TOP
  0
POLYLINE
 5
CB7
  8
PLACEMENT_OUTLINE_TOP
 66
1
 70
1
 40
0.076200
 41
0.076200
  0
VERTEX
 5
CB8
  8
PLACEMENT_OUTLINE_TOP
 10
37.17590
 20
19.84900
 42
1.0
  0
VERTEX
 5
CB9
  8
PLACEMENT_OUTLINE_TOP
 10
37.25210
 20
19.84900
 42
1.0
  0
SEQEND
  8
PLACEMENT_OUTLINE_TOP
  0
SOLID
 5
CBA
  8
PADLAYER_TOP
 10
36.16400
 20
21.22400
 11
31.66400
 21
21.22400
 12
36.16400
 22
19.47400
 13
31.66400
 23
19.47400
  0
SOLID
 5
CBB
  8
PADLAYER_TOP
 10
36.16400
 20
27.22400
 11
31.66400
 21
27.22400
 12
36.16400
 22
25.47400
 13
31.66400
 23
25.47400
  0
POLYLINE
 5
CBC
  8
2DLINES_1
 66
1
 40
0.300000
 41
0.300000
  0
VERTEX
 5
CBD
  8
2DLINES_1
 10
40.46800
 20
25.18200
 42
1.000000
  0
VERTEX
 5
CBE
  8
2DLINES_1
 10
40.70800
 20
25.18200
 42
1.000000
  0
VERTEX
 5
CBF
  8
2DLINES_1
 10
40.46800
 20
25.18200
  0
SEQEND
  8
2DLINES_1
  0
POLYLINE
 5
CC0
  8
PLACEMENT_OUTLINE_TOP
 66
1
 40
0.300000
 41
0.300000
  0
VERTEX
 5
CC1
  8
PLACEMENT_OUTLINE_TOP
 10
40.46800
 20
25.18200
 42
1.000000
  0
VERTEX
 5
CC2
  8
PLACEMENT_OUTLINE_TOP
 10
40.70800
 20
25.18200
 42
1.000000
  0
VERTEX
 5
CC3
  8
PLACEMENT_OUTLINE_TOP
 10
40.46800
 20
25.18200
  0
SEQEND
  8
PLACEMENT_OUTLINE_TOP
  0
SOLID
 5
CC4
  8
PADLAYER_TOP
 10
41.35800
 20
24.63200
 11
41.35800
 21
25.23200
 12
41.11800
 22
24.63200
 13
41.11800
 23
25.23200
  0
SOLID
 5
CC5
  8
PADLAYER_TOP
 10
40.03800
 20
24.41200
 11
40.63800
 21
24.41200
 12
40.03800
 22
24.65200
 13
40.63800
 23
24.65200
  0
SOLID
 5
CC6
  8
PADLAYER_TOP
 10
40.03800
 20
23.91200
 11
40.63800
 21
23.91200
 12
40.03800
 22
24.15200
 13
40.63800
 23
24.15200
  0
SOLID
 5
CC7
  8
PADLAYER_TOP
 10
40.03800
 20
23.41200
 11
40.63800
 21
23.41200
 12
40.03800
 22
23.65200
 13
40.63800
 23
23.65200
  0
SOLID
 5
CC8
  8
PADLAYER_TOP
 10
40.03800
 20
22.91200
 11
40.63800
 21
22.91200
 12
40.03800
 22
23.15200
 13
40.63800
 23
23.15200
  0
SOLID
 5
CC9
  8
PADLAYER_TOP
 10
40.03800
 20
22.41200
 11
40.63800
 21
22.41200
 12
40.03800
 22
22.65200
 13
40.63800
 23
22.65200
  0
SOLID
 5
CCA
  8
PADLAYER_TOP
 10
40.03800
 20
21.91200
 11
40.63800
 21
21.91200
 12
40.03800
 22
22.15200
 13
40.63800
 23
22.15200
  0
SOLID
 5
CCB
  8
PADLAYER_TOP
 10
40.03800
 20
21.41200
 11
40.63800
 21
21.41200
 12
40.03800
 22
21.65200
 13
40.63800
 23
21.65200
  0
SOLID
 5
CCC
  8
PADLAYER_TOP
 10
40.03800
 20
20.91200
 11
40.63800
 21
20.91200
 12
40.03800
 22
21.15200
 13
40.63800
 23
21.15200
  0
SOLID
 5
CCD
  8
PADLAYER_TOP
 10
41.35800
 20
20.33200
 11
41.35800
 21
20.93200
 12
41.11800
 22
20.33200
 13
41.11800
 23
20.93200
  0
SOLID
 5
CCE
  8
PADLAYER_TOP
 10
42.85800
 20
20.33200
 11
42.85800
 21
20.93200
 12
42.61800
 22
20.33200
 13
42.61800
 23
20.93200
  0
SOLID
 5
CCF
  8
PADLAYER_TOP
 10
43.33800
 20
20.91200
 11
43.93800
 21
20.91200
 12
43.33800
 22
21.15200
 13
43.93800
 23
21.15200
  0
SOLID
 5
CD0
  8
PADLAYER_TOP
 10
43.33800
 20
21.41200
 11
43.93800
 21
21.41200
 12
43.33800
 22
21.65200
 13
43.93800
 23
21.65200
  0
SOLID
 5
CD1
  8
PADLAYER_TOP
 10
43.33800
 20
21.91200
 11
43.93800
 21
21.91200
 12
43.33800
 22
22.15200
 13
43.93800
 23
22.15200
  0
SOLID
 5
CD2
  8
PADLAYER_TOP
 10
43.33800
 20
22.41200
 11
43.93800
 21
22.41200
 12
43.33800
 22
22.65200
 13
43.93800
 23
22.65200
  0
SOLID
 5
CD3
  8
PADLAYER_TOP
 10
43.33800
 20
22.91200
 11
43.93800
 21
22.91200
 12
43.33800
 22
23.15200
 13
43.93800
 23
23.15200
  0
SOLID
 5
CD4
  8
PADLAYER_TOP
 10
43.33800
 20
23.41200
 11
43.93800
 21
23.41200
 12
43.33800
 22
23.65200
 13
43.93800
 23
23.65200
  0
SOLID
 5
CD5
  8
PADLAYER_TOP
 10
43.33800
 20
23.91200
 11
43.93800
 21
23.91200
 12
43.33800
 22
24.15200
 13
43.93800
 23
24.15200
  0
SOLID
 5
CD6
  8
PADLAYER_TOP
 10
43.33800
 20
24.41200
 11
43.93800
 21
24.41200
 12
43.33800
 22
24.65200
 13
43.93800
 23
24.65200
  0
SOLID
 5
CD7
  8
PADLAYER_TOP
 10
42.85800
 20
24.63200
 11
42.85800
 21
25.23200
 12
42.61800
 22
24.63200
 13
42.61800
 23
25.23200
  0
SOLID
 5
CD8
  8
PADLAYER_TOP
 10
43.01300
 20
21.25700
 11
43.01300
 21
24.30700
 12
40.96300
 22
21.25700
 13
40.96300
 23
24.30700
  0
POLYLINE
 5
CD9
  8
LAYNR1
 66
1
 40
0.203200
 41
0.203200
  0
VERTEX
 5
CDA
  8
LAYNR1
 10
41.98800
 20
18.69500
  0
VERTEX
 5
CDB
  8
LAYNR1
 10
41.98800
 20
19.39500
  0
SEQEND
  8
LAYNR1
  0
POLYLINE
 5
CDC
  8
LAYNR1
 66
1
 70
1
 40
0.101600
 41
0.101600
  0
VERTEX
 5
CDD
  8
LAYNR1
 10
41.93720
 20
18.69500
 42
1.0
  0
VERTEX
 5
CDE
  8
LAYNR1
 10
42.03880
 20
18.69500
 42
1.0
  0
SEQEND
  8
LAYNR1
  0
POLYLINE
 5
CDF
  8
LAYNR1
 66
1
 70
1
 40
0.101600
 41
0.101600
  0
VERTEX
 5
CE0
  8
LAYNR1
 10
41.93720
 20
19.39500
 42
1.0
  0
VERTEX
 5
CE1
  8
LAYNR1
 10
42.03880
 20
19.39500
 42
1.0
  0
SEQEND
  8
LAYNR1
  0
POLYLINE
 5
CE2
  8
PLACEMENT_OUTLINE_TOP
 66
1
 40
0.100000
 41
0.100000
  0
VERTEX
 5
CE3
  8
PLACEMENT_OUTLINE_TOP
 10
40.59100
 20
18.41000
  0
VERTEX
 5
CE4
  8
PLACEMENT_OUTLINE_TOP
 10
43.38500
 20
18.41000
  0
SEQEND
  8
PLACEMENT_OUTLINE_TOP
  0
POLYLINE
 5
CE5
  8
PLACEMENT_OUTLINE_TOP
 66
1
 70
1
 40
0.050000
 41
0.050000
  0
VERTEX
 5
CE6
  8
PLACEMENT_OUTLINE_TOP
 10
40.56600
 20
18.41000
 42
1.0
  0
VERTEX
 5
CE7
  8
PLACEMENT_OUTLINE_TOP
 10
40.61600
 20
18.41000
 42
1.0
  0
SEQEND
  8
PLACEMENT_OUTLINE_TOP
  0
POLYLINE
 5
CE8
  8
PLACEMENT_OUTLINE_TOP
 66
1
 70
1
 40
0.050000
 41
0.050000
  0
VERTEX
 5
CE9
  8
PLACEMENT_OUTLINE_TOP
 10
43.36000
 20
18.41000
 42
1.0
  0
VERTEX
 5
CEA
  8
PLACEMENT_OUTLINE_TOP
 10
43.41000
 20
18.41000
 42
1.0
  0
SEQEND
  8
PLACEMENT_OUTLINE_TOP
  0
POLYLINE
 5
CEB
  8
PLACEMENT_OUTLINE_TOP
 66
1
 40
0.100000
 41
0.100000
  0
VERTEX
 5
CEC
  8
PLACEMENT_OUTLINE_TOP
 10
43.38500
 20
18.41000
  0
VERTEX
 5
CED
  8
PLACEMENT_OUTLINE_TOP
 10
43.38500
 20
19.68000
  0
SEQEND
  8
PLACEMENT_OUTLINE_TOP
  0
POLYLINE
 5
CEE
  8
PLACEMENT_OUTLINE_TOP
 66
1
 70
1
 40
0.050000
 41
0.050000
  0
VERTEX
 5
CEF
  8
PLACEMENT_OUTLINE_TOP
 10
43.36000
 20
18.41000
 42
1.0
  0
VERTEX
 5
CF0
  8
PLACEMENT_OUTLINE_TOP
 10
43.41000
 20
18.41000
 42
1.0
  0
SEQEND
  8
PLACEMENT_OUTLINE_TOP
  0
POLYLINE
 5
CF1
  8
PLACEMENT_OUTLINE_TOP
 66
1
 70
1
 40
0.050000
 41
0.050000
  0
VERTEX
 5
CF2
  8
PLACEMENT_OUTLINE_TOP
 10
43.36000
 20
19.68000
 42
1.0
  0
VERTEX
 5
CF3
  8
PLACEMENT_OUTLINE_TOP
 10
43.41000
 20
19.68000
 42
1.0
  0
SEQEND
  8
PLACEMENT_OUTLINE_TOP
  0
POLYLINE
 5
CF4
  8
PLACEMENT_OUTLINE_TOP
 66
1
 40
0.100000
 41
0.100000
  0
VERTEX
 5
CF5
  8
PLACEMENT_OUTLINE_TOP
 10
43.38500
 20
19.68000
  0
VERTEX
 5
CF6
  8
PLACEMENT_OUTLINE_TOP
 10
40.59100
 20
19.68000
  0
SEQEND
  8
PLACEMENT_OUTLINE_TOP
  0
POLYLINE
 5
CF7
  8
PLACEMENT_OUTLINE_TOP
 66
1
 70
1
 40
0.050000
 41
0.050000
  0
VERTEX
 5
CF8
  8
PLACEMENT_OUTLINE_TOP
 10
43.36000
 20
19.68000
 42
1.0
  0
VERTEX
 5
CF9
  8
PLACEMENT_OUTLINE_TOP
 10
43.41000
 20
19.68000
 42
1.0
  0
SEQEND
  8
PLACEMENT_OUTLINE_TOP
  0
POLYLINE
 5
CFA
  8
PLACEMENT_OUTLINE_TOP
 66
1
 70
1
 40
0.050000
 41
0.050000
  0
VERTEX
 5
CFB
  8
PLACEMENT_OUTLINE_TOP
 10
40.56600
 20
19.68000
 42
1.0
  0
VERTEX
 5
CFC
  8
PLACEMENT_OUTLINE_TOP
 10
40.61600
 20
19.68000
 42
1.0
  0
SEQEND
  8
PLACEMENT_OUTLINE_TOP
  0
POLYLINE
 5
CFD
  8
PLACEMENT_OUTLINE_TOP
 66
1
 40
0.100000
 41
0.100000
  0
VERTEX
 5
CFE
  8
PLACEMENT_OUTLINE_TOP
 10
40.59100
 20
19.68000
  0
VERTEX
 5
CFF
  8
PLACEMENT_OUTLINE_TOP
 10
40.59100
 20
18.41000
  0
SEQEND
  8
PLACEMENT_OUTLINE_TOP
  0
POLYLINE
 5
D00
  8
PLACEMENT_OUTLINE_TOP
 66
1
 70
1
 40
0.050000
 41
0.050000
  0
VERTEX
 5
D01
  8
PLACEMENT_OUTLINE_TOP
 10
40.56600
 20
19.68000
 42
1.0
  0
VERTEX
 5
D02
  8
PLACEMENT_OUTLINE_TOP
 10
40.61600
 20
19.68000
 42
1.0
  0
SEQEND
  8
PLACEMENT_OUTLINE_TOP
  0
POLYLINE
 5
D03
  8
PLACEMENT_OUTLINE_TOP
 66
1
 70
1
 40
0.050000
 41
0.050000
  0
VERTEX
 5
D04
  8
PLACEMENT_OUTLINE_TOP
 10
40.56600
 20
18.41000
 42
1.0
  0
VERTEX
 5
D05
  8
PLACEMENT_OUTLINE_TOP
 10
40.61600
 20
18.41000
 42
1.0
  0
SEQEND
  8
PLACEMENT_OUTLINE_TOP
  0
SOLID
 5
D06
  8
PADLAYER_TOP
 10
43.20720
 20
19.50220
 11
42.29280
 21
19.50220
 12
43.20720
 22
18.58780
 13
42.29280
 23
18.58780
  0
SOLID
 5
D07
  8
PADLAYER_TOP
 10
41.68320
 20
19.50220
 11
40.76880
 21
19.50220
 12
41.68320
 22
18.58780
 13
40.76880
 23
18.58780
  0
POLYLINE
 5
D08
  8
LAYNR1
 66
1
 40
0.203200
 41
0.203200
  0
VERTEX
 5
D09
  8
LAYNR1
 10
41.58800
 20
27.33400
  0
VERTEX
 5
D0A
  8
LAYNR1
 10
40.88800
 20
27.33400
  0
SEQEND
  8
LAYNR1
  0
POLYLINE
 5
D0B
  8
LAYNR1
 66
1
 70
1
 40
0.101600
 41
0.101600
  0
VERTEX
 5
D0C
  8
LAYNR1
 10
41.53720
 20
27.33400
 42
1.0
  0
VERTEX
 5
D0D
  8
LAYNR1
 10
41.63880
 20
27.33400
 42
1.0
  0
SEQEND
  8
LAYNR1
  0
POLYLINE
 5
D0E
  8
LAYNR1
 66
1
 70
1
 40
0.101600
 41
0.101600
  0
VERTEX
 5
D0F
  8
LAYNR1
 10
40.83720
 20
27.33400
 42
1.0
  0
VERTEX
 5
D10
  8
LAYNR1
 10
40.93880
 20
27.33400
 42
1.0
  0
SEQEND
  8
LAYNR1
  0
POLYLINE
 5
D11
  8
PLACEMENT_OUTLINE_TOP
 66
1
 40
0.100000
 41
0.100000
  0
VERTEX
 5
D12
  8
PLACEMENT_OUTLINE_TOP
 10
41.87300
 20
25.93700
  0
VERTEX
 5
D13
  8
PLACEMENT_OUTLINE_TOP
 10
41.87300
 20
28.73100
  0
SEQEND
  8
PLACEMENT_OUTLINE_TOP
  0
POLYLINE
 5
D14
  8
PLACEMENT_OUTLINE_TOP
 66
1
 70
1
 40
0.050000
 41
0.050000
  0
VERTEX
 5
D15
  8
PLACEMENT_OUTLINE_TOP
 10
41.84800
 20
25.93700
 42
1.0
  0
VERTEX
 5
D16
  8
PLACEMENT_OUTLINE_TOP
 10
41.89800
 20
25.93700
 42
1.0
  0
SEQEND
  8
PLACEMENT_OUTLINE_TOP
  0
POLYLINE
 5
D17
  8
PLACEMENT_OUTLINE_TOP
 66
1
 70
1
 40
0.050000
 41
0.050000
  0
VERTEX
 5
D18
  8
PLACEMENT_OUTLINE_TOP
 10
41.84800
 20
28.73100
 42
1.0
  0
VERTEX
 5
D19
  8
PLACEMENT_OUTLINE_TOP
 10
41.89800
 20
28.73100
 42
1.0
  0
SEQEND
  8
PLACEMENT_OUTLINE_TOP
  0
POLYLINE
 5
D1A
  8
PLACEMENT_OUTLINE_TOP
 66
1
 40
0.100000
 41
0.100000
  0
VERTEX
 5
D1B
  8
PLACEMENT_OUTLINE_TOP
 10
41.87300
 20
28.73100
  0
VERTEX
 5
D1C
  8
PLACEMENT_OUTLINE_TOP
 10
40.60300
 20
28.73100
  0
SEQEND
  8
PLACEMENT_OUTLINE_TOP
  0
POLYLINE
 5
D1D
  8
PLACEMENT_OUTLINE_TOP
 66
1
 70
1
 40
0.050000
 41
0.050000
  0
VERTEX
 5
D1E
  8
PLACEMENT_OUTLINE_TOP
 10
41.84800
 20
28.73100
 42
1.0
  0
VERTEX
 5
D1F
  8
PLACEMENT_OUTLINE_TOP
 10
41.89800
 20
28.73100
 42
1.0
  0
SEQEND
  8
PLACEMENT_OUTLINE_TOP
  0
POLYLINE
 5
D20
  8
PLACEMENT_OUTLINE_TOP
 66
1
 70
1
 40
0.050000
 41
0.050000
  0
VERTEX
 5
D21
  8
PLACEMENT_OUTLINE_TOP
 10
40.57800
 20
28.73100
 42
1.0
  0
VERTEX
 5
D22
  8
PLACEMENT_OUTLINE_TOP
 10
40.62800
 20
28.73100
 42
1.0
  0
SEQEND
  8
PLACEMENT_OUTLINE_TOP
  0
POLYLINE
 5
D23
  8
PLACEMENT_OUTLINE_TOP
 66
1
 40
0.100000
 41
0.100000
  0
VERTEX
 5
D24
  8
PLACEMENT_OUTLINE_TOP
 10
40.60300
 20
28.73100
  0
VERTEX
 5
D25
  8
PLACEMENT_OUTLINE_TOP
 10
40.60300
 20
25.93700
  0
SEQEND
  8
PLACEMENT_OUTLINE_TOP
  0
POLYLINE
 5
D26
  8
PLACEMENT_OUTLINE_TOP
 66
1
 70
1
 40
0.050000
 41
0.050000
  0
VERTEX
 5
D27
  8
PLACEMENT_OUTLINE_TOP
 10
40.57800
 20
28.73100
 42
1.0
  0
VERTEX
 5
D28
  8
PLACEMENT_OUTLINE_TOP
 10
40.62800
 20
28.73100
 42
1.0
  0
SEQEND
  8
PLACEMENT_OUTLINE_TOP
  0
POLYLINE
 5
D29
  8
PLACEMENT_OUTLINE_TOP
 66
1
 70
1
 40
0.050000
 41
0.050000
  0
VERTEX
 5
D2A
  8
PLACEMENT_OUTLINE_TOP
 10
40.57800
 20
25.93700
 42
1.0
  0
VERTEX
 5
D2B
  8
PLACEMENT_OUTLINE_TOP
 10
40.62800
 20
25.93700
 42
1.0
  0
SEQEND
  8
PLACEMENT_OUTLINE_TOP
  0
POLYLINE
 5
D2C
  8
PLACEMENT_OUTLINE_TOP
 66
1
 40
0.100000
 41
0.100000
  0
VERTEX
 5
D2D
  8
PLACEMENT_OUTLINE_TOP
 10
40.60300
 20
25.93700
  0
VERTEX
 5
D2E
  8
PLACEMENT_OUTLINE_TOP
 10
41.87300
 20
25.93700
  0
SEQEND
  8
PLACEMENT_OUTLINE_TOP
  0
POLYLINE
 5
D2F
  8
PLACEMENT_OUTLINE_TOP
 66
1
 70
1
 40
0.050000
 41
0.050000
  0
VERTEX
 5
D30
  8
PLACEMENT_OUTLINE_TOP
 10
40.57800
 20
25.93700
 42
1.0
  0
VERTEX
 5
D31
  8
PLACEMENT_OUTLINE_TOP
 10
40.62800
 20
25.93700
 42
1.0
  0
SEQEND
  8
PLACEMENT_OUTLINE_TOP
  0
POLYLINE
 5
D32
  8
PLACEMENT_OUTLINE_TOP
 66
1
 70
1
 40
0.050000
 41
0.050000
  0
VERTEX
 5
D33
  8
PLACEMENT_OUTLINE_TOP
 10
41.84800
 20
25.93700
 42
1.0
  0
VERTEX
 5
D34
  8
PLACEMENT_OUTLINE_TOP
 10
41.89800
 20
25.93700
 42
1.0
  0
SEQEND
  8
PLACEMENT_OUTLINE_TOP
  0
SOLID
 5
D35
  8
PADLAYER_TOP
 10
40.78080
 20
28.55320
 11
40.78080
 21
27.63880
 12
41.69520
 22
28.55320
 13
41.69520
 23
27.63880
  0
SOLID
 5
D36
  8
PADLAYER_TOP
 10
40.78080
 20
27.02920
 11
40.78080
 21
26.11480
 12
41.69520
 22
27.02920
 13
41.69520
 23
26.11480
  0
POLYLINE
 5
D37
  8
LAYNR1
 66
1
 40
0.203200
 41
0.203200
  0
VERTEX
 5
D38
  8
LAYNR1
 10
46.28800
 20
27.33400
  0
VERTEX
 5
D39
  8
LAYNR1
 10
46.98800
 20
27.33400
  0
SEQEND
  8
LAYNR1
  0
POLYLINE
 5
D3A
  8
LAYNR1
 66
1
 70
1
 40
0.101600
 41
0.101600
  0
VERTEX
 5
D3B
  8
LAYNR1
 10
46.23720
 20
27.33400
 42
1.0
  0
VERTEX
 5
D3C
  8
LAYNR1
 10
46.33880
 20
27.33400
 42
1.0
  0
SEQEND
  8
LAYNR1
  0
POLYLINE
 5
D3D
  8
LAYNR1
 66
1
 70
1
 40
0.101600
 41
0.101600
  0
VERTEX
 5
D3E
  8
LAYNR1
 10
46.93720
 20
27.33400
 42
1.0
  0
VERTEX
 5
D3F
  8
LAYNR1
 10
47.03880
 20
27.33400
 42
1.0
  0
SEQEND
  8
LAYNR1
  0
POLYLINE
 5
D40
  8
PLACEMENT_OUTLINE_TOP
 66
1
 40
0.100000
 41
0.100000
  0
VERTEX
 5
D41
  8
PLACEMENT_OUTLINE_TOP
 10
46.00300
 20
28.73100
  0
VERTEX
 5
D42
  8
PLACEMENT_OUTLINE_TOP
 10
46.00300
 20
25.93700
  0
SEQEND
  8
PLACEMENT_OUTLINE_TOP
  0
POLYLINE
 5
D43
  8
PLACEMENT_OUTLINE_TOP
 66
1
 70
1
 40
0.050000
 41
0.050000
  0
VERTEX
 5
D44
  8
PLACEMENT_OUTLINE_TOP
 10
45.97800
 20
28.73100
 42
1.0
  0
VERTEX
 5
D45
  8
PLACEMENT_OUTLINE_TOP
 10
46.02800
 20
28.73100
 42
1.0
  0
SEQEND
  8
PLACEMENT_OUTLINE_TOP
  0
POLYLINE
 5
D46
  8
PLACEMENT_OUTLINE_TOP
 66
1
 70
1
 40
0.050000
 41
0.050000
  0
VERTEX
 5
D47
  8
PLACEMENT_OUTLINE_TOP
 10
45.97800
 20
25.93700
 42
1.0
  0
VERTEX
 5
D48
  8
PLACEMENT_OUTLINE_TOP
 10
46.02800
 20
25.93700
 42
1.0
  0
SEQEND
  8
PLACEMENT_OUTLINE_TOP
  0
POLYLINE
 5
D49
  8
PLACEMENT_OUTLINE_TOP
 66
1
 40
0.100000
 41
0.100000
  0
VERTEX
 5
D4A
  8
PLACEMENT_OUTLINE_TOP
 10
46.00300
 20
25.93700
  0
VERTEX
 5
D4B
  8
PLACEMENT_OUTLINE_TOP
 10
47.27300
 20
25.93700
  0
SEQEND
  8
PLACEMENT_OUTLINE_TOP
  0
POLYLINE
 5
D4C
  8
PLACEMENT_OUTLINE_TOP
 66
1
 70
1
 40
0.050000
 41
0.050000
  0
VERTEX
 5
D4D
  8
PLACEMENT_OUTLINE_TOP
 10
45.97800
 20
25.93700
 42
1.0
  0
VERTEX
 5
D4E
  8
PLACEMENT_OUTLINE_TOP
 10
46.02800
 20
25.93700
 42
1.0
  0
SEQEND
  8
PLACEMENT_OUTLINE_TOP
  0
POLYLINE
 5
D4F
  8
PLACEMENT_OUTLINE_TOP
 66
1
 70
1
 40
0.050000
 41
0.050000
  0
VERTEX
 5
D50
  8
PLACEMENT_OUTLINE_TOP
 10
47.24800
 20
25.93700
 42
1.0
  0
VERTEX
 5
D51
  8
PLACEMENT_OUTLINE_TOP
 10
47.29800
 20
25.93700
 42
1.0
  0
SEQEND
  8
PLACEMENT_OUTLINE_TOP
  0
POLYLINE
 5
D52
  8
PLACEMENT_OUTLINE_TOP
 66
1
 40
0.100000
 41
0.100000
  0
VERTEX
 5
D53
  8
PLACEMENT_OUTLINE_TOP
 10
47.27300
 20
25.93700
  0
VERTEX
 5
D54
  8
PLACEMENT_OUTLINE_TOP
 10
47.27300
 20
28.73100
  0
SEQEND
  8
PLACEMENT_OUTLINE_TOP
  0
POLYLINE
 5
D55
  8
PLACEMENT_OUTLINE_TOP
 66
1
 70
1
 40
0.050000
 41
0.050000
  0
VERTEX
 5
D56
  8
PLACEMENT_OUTLINE_TOP
 10
47.24800
 20
25.93700
 42
1.0
  0
VERTEX
 5
D57
  8
PLACEMENT_OUTLINE_TOP
 10
47.29800
 20
25.93700
 42
1.0
  0
SEQEND
  8
PLACEMENT_OUTLINE_TOP
  0
POLYLINE
 5
D58
  8
PLACEMENT_OUTLINE_TOP
 66
1
 70
1
 40
0.050000
 41
0.050000
  0
VERTEX
 5
D59
  8
PLACEMENT_OUTLINE_TOP
 10
47.24800
 20
28.73100
 42
1.0
  0
VERTEX
 5
D5A
  8
PLACEMENT_OUTLINE_TOP
 10
47.29800
 20
28.73100
 42
1.0
  0
SEQEND
  8
PLACEMENT_OUTLINE_TOP
  0
POLYLINE
 5
D5B
  8
PLACEMENT_OUTLINE_TOP
 66
1
 40
0.100000
 41
0.100000
  0
VERTEX
 5
D5C
  8
PLACEMENT_OUTLINE_TOP
 10
47.27300
 20
28.73100
  0
VERTEX
 5
D5D
  8
PLACEMENT_OUTLINE_TOP
 10
46.00300
 20
28.73100
  0
SEQEND
  8
PLACEMENT_OUTLINE_TOP
  0
POLYLINE
 5
D5E
  8
PLACEMENT_OUTLINE_TOP
 66
1
 70
1
 40
0.050000
 41
0.050000
  0
VERTEX
 5
D5F
  8
PLACEMENT_OUTLINE_TOP
 10
47.24800
 20
28.73100
 42
1.0
  0
VERTEX
 5
D60
  8
PLACEMENT_OUTLINE_TOP
 10
47.29800
 20
28.73100
 42
1.0
  0
SEQEND
  8
PLACEMENT_OUTLINE_TOP
  0
POLYLINE
 5
D61
  8
PLACEMENT_OUTLINE_TOP
 66
1
 70
1
 40
0.050000
 41
0.050000
  0
VERTEX
 5
D62
  8
PLACEMENT_OUTLINE_TOP
 10
45.97800
 20
28.73100
 42
1.0
  0
VERTEX
 5
D63
  8
PLACEMENT_OUTLINE_TOP
 10
46.02800
 20
28.73100
 42
1.0
  0
SEQEND
  8
PLACEMENT_OUTLINE_TOP
  0
SOLID
 5
D64
  8
PADLAYER_TOP
 10
47.09520
 20
26.11480
 11
47.09520
 21
27.02920
 12
46.18080
 22
26.11480
 13
46.18080
 23
27.02920
  0
SOLID
 5
D65
  8
PADLAYER_TOP
 10
47.09520
 20
27.63880
 11
47.09520
 21
28.55320
 12
46.18080
 22
27.63880
 13
46.18080
 23
28.55320
  0
POLYLINE
 5
D66
  8
LAYNR1
 66
1
 40
0.203200
 41
0.203200
  0
VERTEX
 5
D67
  8
LAYNR1
 10
38.03800
 20
21.18200
  0
VERTEX
 5
D68
  8
LAYNR1
 10
38.73800
 20
21.18200
  0
SEQEND
  8
LAYNR1
  0
POLYLINE
 5
D69
  8
LAYNR1
 66
1
 70
1
 40
0.101600
 41
0.101600
  0
VERTEX
 5
D6A
  8
LAYNR1
 10
37.98720
 20
21.18200
 42
1.0
  0
VERTEX
 5
D6B
  8
LAYNR1
 10
38.08880
 20
21.18200
 42
1.0
  0
SEQEND
  8
LAYNR1
  0
POLYLINE
 5
D6C
  8
LAYNR1
 66
1
 70
1
 40
0.101600
 41
0.101600
  0
VERTEX
 5
D6D
  8
LAYNR1
 10
38.68720
 20
21.18200
 42
1.0
  0
VERTEX
 5
D6E
  8
LAYNR1
 10
38.78880
 20
21.18200
 42
1.0
  0
SEQEND
  8
LAYNR1
  0
POLYLINE
 5
D6F
  8
PLACEMENT_OUTLINE_TOP
 66
1
 40
0.100000
 41
0.100000
  0
VERTEX
 5
D70
  8
PLACEMENT_OUTLINE_TOP
 10
37.75300
 20
22.57900
  0
VERTEX
 5
D71
  8
PLACEMENT_OUTLINE_TOP
 10
37.75300
 20
19.78500
  0
SEQEND
  8
PLACEMENT_OUTLINE_TOP
  0
POLYLINE
 5
D72
  8
PLACEMENT_OUTLINE_TOP
 66
1
 70
1
 40
0.050000
 41
0.050000
  0
VERTEX
 5
D73
  8
PLACEMENT_OUTLINE_TOP
 10
37.72800
 20
22.57900
 42
1.0
  0
VERTEX
 5
D74
  8
PLACEMENT_OUTLINE_TOP
 10
37.77800
 20
22.57900
 42
1.0
  0
SEQEND
  8
PLACEMENT_OUTLINE_TOP
  0
POLYLINE
 5
D75
  8
PLACEMENT_OUTLINE_TOP
 66
1
 70
1
 40
0.050000
 41
0.050000
  0
VERTEX
 5
D76
  8
PLACEMENT_OUTLINE_TOP
 10
37.72800
 20
19.78500
 42
1.0
  0
VERTEX
 5
D77
  8
PLACEMENT_OUTLINE_TOP
 10
37.77800
 20
19.78500
 42
1.0
  0
SEQEND
  8
PLACEMENT_OUTLINE_TOP
  0
POLYLINE
 5
D78
  8
PLACEMENT_OUTLINE_TOP
 66
1
 40
0.100000
 41
0.100000
  0
VERTEX
 5
D79
  8
PLACEMENT_OUTLINE_TOP
 10
37.75300
 20
19.78500
  0
VERTEX
 5
D7A
  8
PLACEMENT_OUTLINE_TOP
 10
39.02300
 20
19.78500
  0
SEQEND
  8
PLACEMENT_OUTLINE_TOP
  0
POLYLINE
 5
D7B
  8
PLACEMENT_OUTLINE_TOP
 66
1
 70
1
 40
0.050000
 41
0.050000
  0
VERTEX
 5
D7C
  8
PLACEMENT_OUTLINE_TOP
 10
37.72800
 20
19.78500
 42
1.0
  0
VERTEX
 5
D7D
  8
PLACEMENT_OUTLINE_TOP
 10
37.77800
 20
19.78500
 42
1.0
  0
SEQEND
  8
PLACEMENT_OUTLINE_TOP
  0
POLYLINE
 5
D7E
  8
PLACEMENT_OUTLINE_TOP
 66
1
 70
1
 40
0.050000
 41
0.050000
  0
VERTEX
 5
D7F
  8
PLACEMENT_OUTLINE_TOP
 10
38.99800
 20
19.78500
 42
1.0
  0
VERTEX
 5
D80
  8
PLACEMENT_OUTLINE_TOP
 10
39.04800
 20
19.78500
 42
1.0
  0
SEQEND
  8
PLACEMENT_OUTLINE_TOP
  0
POLYLINE
 5
D81
  8
PLACEMENT_OUTLINE_TOP
 66
1
 40
0.100000
 41
0.100000
  0
VERTEX
 5
D82
  8
PLACEMENT_OUTLINE_TOP
 10
39.02300
 20
19.78500
  0
VERTEX
 5
D83
  8
PLACEMENT_OUTLINE_TOP
 10
39.02300
 20
22.57900
  0
SEQEND
  8
PLACEMENT_OUTLINE_TOP
  0
POLYLINE
 5
D84
  8
PLACEMENT_OUTLINE_TOP
 66
1
 70
1
 40
0.050000
 41
0.050000
  0
VERTEX
 5
D85
  8
PLACEMENT_OUTLINE_TOP
 10
38.99800
 20
19.78500
 42
1.0
  0
VERTEX
 5
D86
  8
PLACEMENT_OUTLINE_TOP
 10
39.04800
 20
19.78500
 42
1.0
  0
SEQEND
  8
PLACEMENT_OUTLINE_TOP
  0
POLYLINE
 5
D87
  8
PLACEMENT_OUTLINE_TOP
 66
1
 70
1
 40
0.050000
 41
0.050000
  0
VERTEX
 5
D88
  8
PLACEMENT_OUTLINE_TOP
 10
38.99800
 20
22.57900
 42
1.0
  0
VERTEX
 5
D89
  8
PLACEMENT_OUTLINE_TOP
 10
39.04800
 20
22.57900
 42
1.0
  0
SEQEND
  8
PLACEMENT_OUTLINE_TOP
  0
POLYLINE
 5
D8A
  8
PLACEMENT_OUTLINE_TOP
 66
1
 40
0.100000
 41
0.100000
  0
VERTEX
 5
D8B
  8
PLACEMENT_OUTLINE_TOP
 10
39.02300
 20
22.57900
  0
VERTEX
 5
D8C
  8
PLACEMENT_OUTLINE_TOP
 10
37.75300
 20
22.57900
  0
SEQEND
  8
PLACEMENT_OUTLINE_TOP
  0
POLYLINE
 5
D8D
  8
PLACEMENT_OUTLINE_TOP
 66
1
 70
1
 40
0.050000
 41
0.050000
  0
VERTEX
 5
D8E
  8
PLACEMENT_OUTLINE_TOP
 10
38.99800
 20
22.57900
 42
1.0
  0
VERTEX
 5
D8F
  8
PLACEMENT_OUTLINE_TOP
 10
39.04800
 20
22.57900
 42
1.0
  0
SEQEND
  8
PLACEMENT_OUTLINE_TOP
  0
POLYLINE
 5
D90
  8
PLACEMENT_OUTLINE_TOP
 66
1
 70
1
 40
0.050000
 41
0.050000
  0
VERTEX
 5
D91
  8
PLACEMENT_OUTLINE_TOP
 10
37.72800
 20
22.57900
 42
1.0
  0
VERTEX
 5
D92
  8
PLACEMENT_OUTLINE_TOP
 10
37.77800
 20
22.57900
 42
1.0
  0
SEQEND
  8
PLACEMENT_OUTLINE_TOP
  0
SOLID
 5
D93
  8
PADLAYER_TOP
 10
38.84520
 20
19.96280
 11
38.84520
 21
20.87720
 12
37.93080
 22
19.96280
 13
37.93080
 23
20.87720
  0
SOLID
 5
D94
  8
PADLAYER_TOP
 10
38.84520
 20
21.48680
 11
38.84520
 21
22.40120
 12
37.93080
 22
21.48680
 13
37.93080
 23
22.40120
  0
POLYLINE
 5
D95
  8
Top
 66
1
 70
1
 40
0.000000
 41
0.000000
  0
VERTEX
 5
D96
  8
Top
 10
32.17400
 20
15.43630
 42
-0.414214
  0
VERTEX
 5
D97
  8
Top
 10
32.16130
 20
15.44900
  0
VERTEX
 5
D98
  8
Top
 10
32.16130
 20
18.63900
 42
-0.414214
  0
VERTEX
 5
D99
  8
Top
 10
32.17400
 20
18.65170
  0
VERTEX
 5
D9A
  8
Top
 10
33.67400
 20
18.65170
 42
-0.414214
  0
VERTEX
 5
D9B
  8
Top
 10
33.68670
 20
18.63900
  0
VERTEX
 5
D9C
  8
Top
 10
33.68670
 20
15.44900
 42
-0.414214
  0
VERTEX
 5
D9D
  8
Top
 10
33.67400
 20
15.43630
  0
VERTEX
 5
D9E
  8
Top
 10
32.17400
 20
15.43630
  0
SEQEND
  8
Top
  0
POLYLINE
 5
D9F
  8
2DLINES_1
 66
1
 40
0.152400
 41
0.152400
  0
VERTEX
 5
DA0
  8
2DLINES_1
 10
33.56400
 20
17.04900
  0
VERTEX
 5
DA1
  8
2DLINES_1
 10
32.26400
 20
17.04900
  0
SEQEND
  8
2DLINES_1
  0
POLYLINE
 5
DA2
  8
2DLINES_1
 66
1
 70
1
 40
0.076200
 41
0.076200
  0
VERTEX
 5
DA3
  8
2DLINES_1
 10
33.52590
 20
17.04900
 42
1.0
  0
VERTEX
 5
DA4
  8
2DLINES_1
 10
33.60210
 20
17.04900
 42
1.0
  0
SEQEND
  8
2DLINES_1
  0
POLYLINE
 5
DA5
  8
2DLINES_1
 66
1
 70
1
 40
0.076200
 41
0.076200
  0
VERTEX
 5
DA6
  8
2DLINES_1
 10
32.22590
 20
17.04900
 42
1.0
  0
VERTEX
 5
DA7
  8
2DLINES_1
 10
32.30210
 20
17.04900
 42
1.0
  0
SEQEND
  8
2DLINES_1
  0
POLYLINE
 5
DA8
  8
PLACEMENT_OUTLINE_TOP
 66
1
 40
0.025400
 41
0.025400
  0
VERTEX
 5
DA9
  8
PLACEMENT_OUTLINE_TOP
 10
33.66400
 20
15.44900
  0
VERTEX
 5
DAA
  8
PLACEMENT_OUTLINE_TOP
 10
32.16400
 20
15.44900
  0
SEQEND
  8
PLACEMENT_OUTLINE_TOP
  0
POLYLINE
 5
DAB
  8
PLACEMENT_OUTLINE_TOP
 66
1
 70
1
 40
0.012700
 41
0.012700
  0
VERTEX
 5
DAC
  8
PLACEMENT_OUTLINE_TOP
 10
33.65765
 20
15.44900
 42
1.0
  0
VERTEX
 5
DAD
  8
PLACEMENT_OUTLINE_TOP
 10
33.67035
 20
15.44900
 42
1.0
  0
SEQEND
  8
PLACEMENT_OUTLINE_TOP
  0
POLYLINE
 5
DAE
  8
PLACEMENT_OUTLINE_TOP
 66
1
 70
1
 40
0.012700
 41
0.012700
  0
VERTEX
 5
DAF
  8
PLACEMENT_OUTLINE_TOP
 10
32.15765
 20
15.44900
 42
1.0
  0
VERTEX
 5
DB0
  8
PLACEMENT_OUTLINE_TOP
 10
32.17035
 20
15.44900
 42
1.0
  0
SEQEND
  8
PLACEMENT_OUTLINE_TOP
  0
POLYLINE
 5
DB1
  8
PLACEMENT_OUTLINE_TOP
 66
1
 40
0.025400
 41
0.025400
  0
VERTEX
 5
DB2
  8
PLACEMENT_OUTLINE_TOP
 10
32.16400
 20
15.44900
  0
VERTEX
 5
DB3
  8
PLACEMENT_OUTLINE_TOP
 10
32.16400
 20
18.64900
  0
SEQEND
  8
PLACEMENT_OUTLINE_TOP
  0
POLYLINE
 5
DB4
  8
PLACEMENT_OUTLINE_TOP
 66
1
 70
1
 40
0.012700
 41
0.012700
  0
VERTEX
 5
DB5
  8
PLACEMENT_OUTLINE_TOP
 10
32.15765
 20
15.44900
 42
1.0
  0
VERTEX
 5
DB6
  8
PLACEMENT_OUTLINE_TOP
 10
32.17035
 20
15.44900
 42
1.0
  0
SEQEND
  8
PLACEMENT_OUTLINE_TOP
  0
POLYLINE
 5
DB7
  8
PLACEMENT_OUTLINE_TOP
 66
1
 70
1
 40
0.012700
 41
0.012700
  0
VERTEX
 5
DB8
  8
PLACEMENT_OUTLINE_TOP
 10
32.15765
 20
18.64900
 42
1.0
  0
VERTEX
 5
DB9
  8
PLACEMENT_OUTLINE_TOP
 10
32.17035
 20
18.64900
 42
1.0
  0
SEQEND
  8
PLACEMENT_OUTLINE_TOP
  0
POLYLINE
 5
DBA
  8
PLACEMENT_OUTLINE_TOP
 66
1
 40
0.025400
 41
0.025400
  0
VERTEX
 5
DBB
  8
PLACEMENT_OUTLINE_TOP
 10
32.16400
 20
18.64900
  0
VERTEX
 5
DBC
  8
PLACEMENT_OUTLINE_TOP
 10
33.66400
 20
18.64900
  0
SEQEND
  8
PLACEMENT_OUTLINE_TOP
  0
POLYLINE
 5
DBD
  8
PLACEMENT_OUTLINE_TOP
 66
1
 70
1
 40
0.012700
 41
0.012700
  0
VERTEX
 5
DBE
  8
PLACEMENT_OUTLINE_TOP
 10
32.15765
 20
18.64900
 42
1.0
  0
VERTEX
 5
DBF
  8
PLACEMENT_OUTLINE_TOP
 10
32.17035
 20
18.64900
 42
1.0
  0
SEQEND
  8
PLACEMENT_OUTLINE_TOP
  0
POLYLINE
 5
DC0
  8
PLACEMENT_OUTLINE_TOP
 66
1
 70
1
 40
0.012700
 41
0.012700
  0
VERTEX
 5
DC1
  8
PLACEMENT_OUTLINE_TOP
 10
33.65765
 20
18.64900
 42
1.0
  0
VERTEX
 5
DC2
  8
PLACEMENT_OUTLINE_TOP
 10
33.67035
 20
18.64900
 42
1.0
  0
SEQEND
  8
PLACEMENT_OUTLINE_TOP
  0
POLYLINE
 5
DC3
  8
PLACEMENT_OUTLINE_TOP
 66
1
 40
0.025400
 41
0.025400
  0
VERTEX
 5
DC4
  8
PLACEMENT_OUTLINE_TOP
 10
33.66400
 20
18.64900
  0
VERTEX
 5
DC5
  8
PLACEMENT_OUTLINE_TOP
 10
33.66400
 20
15.44900
  0
SEQEND
  8
PLACEMENT_OUTLINE_TOP
  0
POLYLINE
 5
DC6
  8
PLACEMENT_OUTLINE_TOP
 66
1
 70
1
 40
0.012700
 41
0.012700
  0
VERTEX
 5
DC7
  8
PLACEMENT_OUTLINE_TOP
 10
33.65765
 20
18.64900
 42
1.0
  0
VERTEX
 5
DC8
  8
PLACEMENT_OUTLINE_TOP
 10
33.67035
 20
18.64900
 42
1.0
  0
SEQEND
  8
PLACEMENT_OUTLINE_TOP
  0
POLYLINE
 5
DC9
  8
PLACEMENT_OUTLINE_TOP
 66
1
 70
1
 40
0.012700
 41
0.012700
  0
VERTEX
 5
DCA
  8
PLACEMENT_OUTLINE_TOP
 10
33.65765
 20
15.44900
 42
1.0
  0
VERTEX
 5
DCB
  8
PLACEMENT_OUTLINE_TOP
 10
33.67035
 20
15.44900
 42
1.0
  0
SEQEND
  8
PLACEMENT_OUTLINE_TOP
  0
SOLID
 5
DCC
  8
PADLAYER_TOP
 10
33.66400
 20
16.74900
 11
32.16400
 21
16.74900
 12
33.66400
 22
15.44900
 13
32.16400
 23
15.44900
  0
SOLID
 5
DCD
  8
PADLAYER_TOP
 10
33.66400
 20
18.64900
 11
32.16400
 21
18.64900
 12
33.66400
 22
17.34900
 13
32.16400
 23
17.34900
  0
POLYLINE
 5
DCE
  8
Top
 66
1
 70
1
 40
0.000000
 41
0.000000
  0
VERTEX
 5
DCF
  8
Top
 10
34.17400
 20
15.43630
 42
-0.414214
  0
VERTEX
 5
DD0
  8
Top
 10
34.16130
 20
15.44900
  0
VERTEX
 5
DD1
  8
Top
 10
34.16130
 20
18.63900
 42
-0.414214
  0
VERTEX
 5
DD2
  8
Top
 10
34.17400
 20
18.65170
  0
VERTEX
 5
DD3
  8
Top
 10
35.67400
 20
18.65170
 42
-0.414214
  0
VERTEX
 5
DD4
  8
Top
 10
35.68670
 20
18.63900
  0
VERTEX
 5
DD5
  8
Top
 10
35.68670
 20
15.44900
 42
-0.414214
  0
VERTEX
 5
DD6
  8
Top
 10
35.67400
 20
15.43630
  0
VERTEX
 5
DD7
  8
Top
 10
34.17400
 20
15.43630
  0
SEQEND
  8
Top
  0
POLYLINE
 5
DD8
  8
2DLINES_1
 66
1
 40
0.152400
 41
0.152400
  0
VERTEX
 5
DD9
  8
2DLINES_1
 10
35.56400
 20
17.04900
  0
VERTEX
 5
DDA
  8
2DLINES_1
 10
34.26400
 20
17.04900
  0
SEQEND
  8
2DLINES_1
  0
POLYLINE
 5
DDB
  8
2DLINES_1
 66
1
 70
1
 40
0.076200
 41
0.076200
  0
VERTEX
 5
DDC
  8
2DLINES_1
 10
35.52590
 20
17.04900
 42
1.0
  0
VERTEX
 5
DDD
  8
2DLINES_1
 10
35.60210
 20
17.04900
 42
1.0
  0
SEQEND
  8
2DLINES_1
  0
POLYLINE
 5
DDE
  8
2DLINES_1
 66
1
 70
1
 40
0.076200
 41
0.076200
  0
VERTEX
 5
DDF
  8
2DLINES_1
 10
34.22590
 20
17.04900
 42
1.0
  0
VERTEX
 5
DE0
  8
2DLINES_1
 10
34.30210
 20
17.04900
 42
1.0
  0
SEQEND
  8
2DLINES_1
  0
POLYLINE
 5
DE1
  8
PLACEMENT_OUTLINE_TOP
 66
1
 40
0.025400
 41
0.025400
  0
VERTEX
 5
DE2
  8
PLACEMENT_OUTLINE_TOP
 10
35.66400
 20
15.44900
  0
VERTEX
 5
DE3
  8
PLACEMENT_OUTLINE_TOP
 10
34.16400
 20
15.44900
  0
SEQEND
  8
PLACEMENT_OUTLINE_TOP
  0
POLYLINE
 5
DE4
  8
PLACEMENT_OUTLINE_TOP
 66
1
 70
1
 40
0.012700
 41
0.012700
  0
VERTEX
 5
DE5
  8
PLACEMENT_OUTLINE_TOP
 10
35.65765
 20
15.44900
 42
1.0
  0
VERTEX
 5
DE6
  8
PLACEMENT_OUTLINE_TOP
 10
35.67035
 20
15.44900
 42
1.0
  0
SEQEND
  8
PLACEMENT_OUTLINE_TOP
  0
POLYLINE
 5
DE7
  8
PLACEMENT_OUTLINE_TOP
 66
1
 70
1
 40
0.012700
 41
0.012700
  0
VERTEX
 5
DE8
  8
PLACEMENT_OUTLINE_TOP
 10
34.15765
 20
15.44900
 42
1.0
  0
VERTEX
 5
DE9
  8
PLACEMENT_OUTLINE_TOP
 10
34.17035
 20
15.44900
 42
1.0
  0
SEQEND
  8
PLACEMENT_OUTLINE_TOP
  0
POLYLINE
 5
DEA
  8
PLACEMENT_OUTLINE_TOP
 66
1
 40
0.025400
 41
0.025400
  0
VERTEX
 5
DEB
  8
PLACEMENT_OUTLINE_TOP
 10
34.16400
 20
15.44900
  0
VERTEX
 5
DEC
  8
PLACEMENT_OUTLINE_TOP
 10
34.16400
 20
18.64900
  0
SEQEND
  8
PLACEMENT_OUTLINE_TOP
  0
POLYLINE
 5
DED
  8
PLACEMENT_OUTLINE_TOP
 66
1
 70
1
 40
0.012700
 41
0.012700
  0
VERTEX
 5
DEE
  8
PLACEMENT_OUTLINE_TOP
 10
34.15765
 20
15.44900
 42
1.0
  0
VERTEX
 5
DEF
  8
PLACEMENT_OUTLINE_TOP
 10
34.17035
 20
15.44900
 42
1.0
  0
SEQEND
  8
PLACEMENT_OUTLINE_TOP
  0
POLYLINE
 5
DF0
  8
PLACEMENT_OUTLINE_TOP
 66
1
 70
1
 40
0.012700
 41
0.012700
  0
VERTEX
 5
DF1
  8
PLACEMENT_OUTLINE_TOP
 10
34.15765
 20
18.64900
 42
1.0
  0
VERTEX
 5
DF2
  8
PLACEMENT_OUTLINE_TOP
 10
34.17035
 20
18.64900
 42
1.0
  0
SEQEND
  8
PLACEMENT_OUTLINE_TOP
  0
POLYLINE
 5
DF3
  8
PLACEMENT_OUTLINE_TOP
 66
1
 40
0.025400
 41
0.025400
  0
VERTEX
 5
DF4
  8
PLACEMENT_OUTLINE_TOP
 10
34.16400
 20
18.64900
  0
VERTEX
 5
DF5
  8
PLACEMENT_OUTLINE_TOP
 10
35.66400
 20
18.64900
  0
SEQEND
  8
PLACEMENT_OUTLINE_TOP
  0
POLYLINE
 5
DF6
  8
PLACEMENT_OUTLINE_TOP
 66
1
 70
1
 40
0.012700
 41
0.012700
  0
VERTEX
 5
DF7
  8
PLACEMENT_OUTLINE_TOP
 10
34.15765
 20
18.64900
 42
1.0
  0
VERTEX
 5
DF8
  8
PLACEMENT_OUTLINE_TOP
 10
34.17035
 20
18.64900
 42
1.0
  0
SEQEND
  8
PLACEMENT_OUTLINE_TOP
  0
POLYLINE
 5
DF9
  8
PLACEMENT_OUTLINE_TOP
 66
1
 70
1
 40
0.012700
 41
0.012700
  0
VERTEX
 5
DFA
  8
PLACEMENT_OUTLINE_TOP
 10
35.65765
 20
18.64900
 42
1.0
  0
VERTEX
 5
DFB
  8
PLACEMENT_OUTLINE_TOP
 10
35.67035
 20
18.64900
 42
1.0
  0
SEQEND
  8
PLACEMENT_OUTLINE_TOP
  0
POLYLINE
 5
DFC
  8
PLACEMENT_OUTLINE_TOP
 66
1
 40
0.025400
 41
0.025400
  0
VERTEX
 5
DFD
  8
PLACEMENT_OUTLINE_TOP
 10
35.66400
 20
18.64900
  0
VERTEX
 5
DFE
  8
PLACEMENT_OUTLINE_TOP
 10
35.66400
 20
15.44900
  0
SEQEND
  8
PLACEMENT_OUTLINE_TOP
  0
POLYLINE
 5
DFF
  8
PLACEMENT_OUTLINE_TOP
 66
1
 70
1
 40
0.012700
 41
0.012700
  0
VERTEX
 5
E00
  8
PLACEMENT_OUTLINE_TOP
 10
35.65765
 20
18.64900
 42
1.0
  0
VERTEX
 5
E01
  8
PLACEMENT_OUTLINE_TOP
 10
35.67035
 20
18.64900
 42
1.0
  0
SEQEND
  8
PLACEMENT_OUTLINE_TOP
  0
POLYLINE
 5
E02
  8
PLACEMENT_OUTLINE_TOP
 66
1
 70
1
 40
0.012700
 41
0.012700
  0
VERTEX
 5
E03
  8
PLACEMENT_OUTLINE_TOP
 10
35.65765
 20
15.44900
 42
1.0
  0
VERTEX
 5
E04
  8
PLACEMENT_OUTLINE_TOP
 10
35.67035
 20
15.44900
 42
1.0
  0
SEQEND
  8
PLACEMENT_OUTLINE_TOP
  0
SOLID
 5
E05
  8
PADLAYER_TOP
 10
35.66400
 20
16.74900
 11
34.16400
 21
16.74900
 12
35.66400
 22
15.44900
 13
34.16400
 23
15.44900
  0
SOLID
 5
E06
  8
PADLAYER_TOP
 10
35.66400
 20
18.64900
 11
34.16400
 21
18.64900
 12
35.66400
 22
17.34900
 13
34.16400
 23
17.34900
  0
POLYLINE
 5
E07
  8
LAYNR1
 66
1
 40
0.150000
 41
0.150000
  0
VERTEX
 5
E08
  8
LAYNR1
 10
38.03800
 20
24.38200
  0
VERTEX
 5
E09
  8
LAYNR1
 10
38.73800
 20
24.38200
  0
SEQEND
  8
LAYNR1
  0
POLYLINE
 5
E0A
  8
LAYNR1
 66
1
 70
1
 40
0.075000
 41
0.075000
  0
VERTEX
 5
E0B
  8
LAYNR1
 10
38.00050
 20
24.38200
 42
1.0
  0
VERTEX
 5
E0C
  8
LAYNR1
 10
38.07550
 20
24.38200
 42
1.0
  0
SEQEND
  8
LAYNR1
  0
POLYLINE
 5
E0D
  8
LAYNR1
 66
1
 70
1
 40
0.075000
 41
0.075000
  0
VERTEX
 5
E0E
  8
LAYNR1
 10
38.70050
 20
24.38200
 42
1.0
  0
VERTEX
 5
E0F
  8
LAYNR1
 10
38.77550
 20
24.38200
 42
1.0
  0
SEQEND
  8
LAYNR1
  0
POLYLINE
 5
E10
  8
PLACEMENT_OUTLINE_TOP
 66
1
 40
0.100000
 41
0.100000
  0
VERTEX
 5
E11
  8
PLACEMENT_OUTLINE_TOP
 10
39.02300
 20
22.98500
  0
VERTEX
 5
E12
  8
PLACEMENT_OUTLINE_TOP
 10
39.02300
 20
25.77900
  0
SEQEND
  8
PLACEMENT_OUTLINE_TOP
  0
POLYLINE
 5
E13
  8
PLACEMENT_OUTLINE_TOP
 66
1
 70
1
 40
0.050000
 41
0.050000
  0
VERTEX
 5
E14
  8
PLACEMENT_OUTLINE_TOP
 10
38.99800
 20
22.98500
 42
1.0
  0
VERTEX
 5
E15
  8
PLACEMENT_OUTLINE_TOP
 10
39.04800
 20
22.98500
 42
1.0
  0
SEQEND
  8
PLACEMENT_OUTLINE_TOP
  0
POLYLINE
 5
E16
  8
PLACEMENT_OUTLINE_TOP
 66
1
 70
1
 40
0.050000
 41
0.050000
  0
VERTEX
 5
E17
  8
PLACEMENT_OUTLINE_TOP
 10
38.99800
 20
25.77900
 42
1.0
  0
VERTEX
 5
E18
  8
PLACEMENT_OUTLINE_TOP
 10
39.04800
 20
25.77900
 42
1.0
  0
SEQEND
  8
PLACEMENT_OUTLINE_TOP
  0
POLYLINE
 5
E19
  8
PLACEMENT_OUTLINE_TOP
 66
1
 40
0.100000
 41
0.100000
  0
VERTEX
 5
E1A
  8
PLACEMENT_OUTLINE_TOP
 10
39.02300
 20
25.77900
  0
VERTEX
 5
E1B
  8
PLACEMENT_OUTLINE_TOP
 10
37.75300
 20
25.77900
  0
SEQEND
  8
PLACEMENT_OUTLINE_TOP
  0
POLYLINE
 5
E1C
  8
PLACEMENT_OUTLINE_TOP
 66
1
 70
1
 40
0.050000
 41
0.050000
  0
VERTEX
 5
E1D
  8
PLACEMENT_OUTLINE_TOP
 10
38.99800
 20
25.77900
 42
1.0
  0
VERTEX
 5
E1E
  8
PLACEMENT_OUTLINE_TOP
 10
39.04800
 20
25.77900
 42
1.0
  0
SEQEND
  8
PLACEMENT_OUTLINE_TOP
  0
POLYLINE
 5
E1F
  8
PLACEMENT_OUTLINE_TOP
 66
1
 70
1
 40
0.050000
 41
0.050000
  0
VERTEX
 5
E20
  8
PLACEMENT_OUTLINE_TOP
 10
37.72800
 20
25.77900
 42
1.0
  0
VERTEX
 5
E21
  8
PLACEMENT_OUTLINE_TOP
 10
37.77800
 20
25.77900
 42
1.0
  0
SEQEND
  8
PLACEMENT_OUTLINE_TOP
  0
POLYLINE
 5
E22
  8
PLACEMENT_OUTLINE_TOP
 66
1
 40
0.100000
 41
0.100000
  0
VERTEX
 5
E23
  8
PLACEMENT_OUTLINE_TOP
 10
37.75300
 20
25.77900
  0
VERTEX
 5
E24
  8
PLACEMENT_OUTLINE_TOP
 10
37.75300
 20
22.98500
  0
SEQEND
  8
PLACEMENT_OUTLINE_TOP
  0
POLYLINE
 5
E25
  8
PLACEMENT_OUTLINE_TOP
 66
1
 70
1
 40
0.050000
 41
0.050000
  0
VERTEX
 5
E26
  8
PLACEMENT_OUTLINE_TOP
 10
37.72800
 20
25.77900
 42
1.0
  0
VERTEX
 5
E27
  8
PLACEMENT_OUTLINE_TOP
 10
37.77800
 20
25.77900
 42
1.0
  0
SEQEND
  8
PLACEMENT_OUTLINE_TOP
  0
POLYLINE
 5
E28
  8
PLACEMENT_OUTLINE_TOP
 66
1
 70
1
 40
0.050000
 41
0.050000
  0
VERTEX
 5
E29
  8
PLACEMENT_OUTLINE_TOP
 10
37.72800
 20
22.98500
 42
1.0
  0
VERTEX
 5
E2A
  8
PLACEMENT_OUTLINE_TOP
 10
37.77800
 20
22.98500
 42
1.0
  0
SEQEND
  8
PLACEMENT_OUTLINE_TOP
  0
POLYLINE
 5
E2B
  8
PLACEMENT_OUTLINE_TOP
 66
1
 40
0.100000
 41
0.100000
  0
VERTEX
 5
E2C
  8
PLACEMENT_OUTLINE_TOP
 10
37.75300
 20
22.98500
  0
VERTEX
 5
E2D
  8
PLACEMENT_OUTLINE_TOP
 10
39.02300
 20
22.98500
  0
SEQEND
  8
PLACEMENT_OUTLINE_TOP
  0
POLYLINE
 5
E2E
  8
PLACEMENT_OUTLINE_TOP
 66
1
 70
1
 40
0.050000
 41
0.050000
  0
VERTEX
 5
E2F
  8
PLACEMENT_OUTLINE_TOP
 10
37.72800
 20
22.98500
 42
1.0
  0
VERTEX
 5
E30
  8
PLACEMENT_OUTLINE_TOP
 10
37.77800
 20
22.98500
 42
1.0
  0
SEQEND
  8
PLACEMENT_OUTLINE_TOP
  0
POLYLINE
 5
E31
  8
PLACEMENT_OUTLINE_TOP
 66
1
 70
1
 40
0.050000
 41
0.050000
  0
VERTEX
 5
E32
  8
PLACEMENT_OUTLINE_TOP
 10
38.99800
 20
22.98500
 42
1.0
  0
VERTEX
 5
E33
  8
PLACEMENT_OUTLINE_TOP
 10
39.04800
 20
22.98500
 42
1.0
  0
SEQEND
  8
PLACEMENT_OUTLINE_TOP
  0
SOLID
 5
E34
  8
PADLAYER_TOP
 10
37.93080
 20
25.60120
 11
37.93080
 21
24.68680
 12
38.84520
 22
25.60120
 13
38.84520
 23
24.68680
  0
SOLID
 5
E35
  8
PADLAYER_TOP
 10
37.93080
 20
24.07720
 11
37.93080
 21
23.16280
 12
38.84520
 22
24.07720
 13
38.84520
 23
23.16280
  0
POLYLINE
 5
E36
  8
LAYNR1
 66
1
 40
0.150000
 41
0.150000
  0
VERTEX
 5
E37
  8
LAYNR1
 10
43.28800
 20
27.33400
  0
VERTEX
 5
E38
  8
LAYNR1
 10
43.98800
 20
27.33400
  0
SEQEND
  8
LAYNR1
  0
POLYLINE
 5
E39
  8
LAYNR1
 66
1
 70
1
 40
0.075000
 41
0.075000
  0
VERTEX
 5
E3A
  8
LAYNR1
 10
43.25050
 20
27.33400
 42
1.0
  0
VERTEX
 5
E3B
  8
LAYNR1
 10
43.32550
 20
27.33400
 42
1.0
  0
SEQEND
  8
LAYNR1
  0
POLYLINE
 5
E3C
  8
LAYNR1
 66
1
 70
1
 40
0.075000
 41
0.075000
  0
VERTEX
 5
E3D
  8
LAYNR1
 10
43.95050
 20
27.33400
 42
1.0
  0
VERTEX
 5
E3E
  8
LAYNR1
 10
44.02550
 20
27.33400
 42
1.0
  0
SEQEND
  8
LAYNR1
  0
POLYLINE
 5
E3F
  8
PLACEMENT_OUTLINE_TOP
 66
1
 40
0.100000
 41
0.100000
  0
VERTEX
 5
E40
  8
PLACEMENT_OUTLINE_TOP
 10
44.27300
 20
25.93700
  0
VERTEX
 5
E41
  8
PLACEMENT_OUTLINE_TOP
 10
44.27300
 20
28.73100
  0
SEQEND
  8
PLACEMENT_OUTLINE_TOP
  0
POLYLINE
 5
E42
  8
PLACEMENT_OUTLINE_TOP
 66
1
 70
1
 40
0.050000
 41
0.050000
  0
VERTEX
 5
E43
  8
PLACEMENT_OUTLINE_TOP
 10
44.24800
 20
25.93700
 42
1.0
  0
VERTEX
 5
E44
  8
PLACEMENT_OUTLINE_TOP
 10
44.29800
 20
25.93700
 42
1.0
  0
SEQEND
  8
PLACEMENT_OUTLINE_TOP
  0
POLYLINE
 5
E45
  8
PLACEMENT_OUTLINE_TOP
 66
1
 70
1
 40
0.050000
 41
0.050000
  0
VERTEX
 5
E46
  8
PLACEMENT_OUTLINE_TOP
 10
44.24800
 20
28.73100
 42
1.0
  0
VERTEX
 5
E47
  8
PLACEMENT_OUTLINE_TOP
 10
44.29800
 20
28.73100
 42
1.0
  0
SEQEND
  8
PLACEMENT_OUTLINE_TOP
  0
POLYLINE
 5
E48
  8
PLACEMENT_OUTLINE_TOP
 66
1
 40
0.100000
 41
0.100000
  0
VERTEX
 5
E49
  8
PLACEMENT_OUTLINE_TOP
 10
44.27300
 20
28.73100
  0
VERTEX
 5
E4A
  8
PLACEMENT_OUTLINE_TOP
 10
43.00300
 20
28.73100
  0
SEQEND
  8
PLACEMENT_OUTLINE_TOP
  0
POLYLINE
 5
E4B
  8
PLACEMENT_OUTLINE_TOP
 66
1
 70
1
 40
0.050000
 41
0.050000
  0
VERTEX
 5
E4C
  8
PLACEMENT_OUTLINE_TOP
 10
44.24800
 20
28.73100
 42
1.0
  0
VERTEX
 5
E4D
  8
PLACEMENT_OUTLINE_TOP
 10
44.29800
 20
28.73100
 42
1.0
  0
SEQEND
  8
PLACEMENT_OUTLINE_TOP
  0
POLYLINE
 5
E4E
  8
PLACEMENT_OUTLINE_TOP
 66
1
 70
1
 40
0.050000
 41
0.050000
  0
VERTEX
 5
E4F
  8
PLACEMENT_OUTLINE_TOP
 10
42.97800
 20
28.73100
 42
1.0
  0
VERTEX
 5
E50
  8
PLACEMENT_OUTLINE_TOP
 10
43.02800
 20
28.73100
 42
1.0
  0
SEQEND
  8
PLACEMENT_OUTLINE_TOP
  0
POLYLINE
 5
E51
  8
PLACEMENT_OUTLINE_TOP
 66
1
 40
0.100000
 41
0.100000
  0
VERTEX
 5
E52
  8
PLACEMENT_OUTLINE_TOP
 10
43.00300
 20
28.73100
  0
VERTEX
 5
E53
  8
PLACEMENT_OUTLINE_TOP
 10
43.00300
 20
25.93700
  0
SEQEND
  8
PLACEMENT_OUTLINE_TOP
  0
POLYLINE
 5
E54
  8
PLACEMENT_OUTLINE_TOP
 66
1
 70
1
 40
0.050000
 41
0.050000
  0
VERTEX
 5
E55
  8
PLACEMENT_OUTLINE_TOP
 10
42.97800
 20
28.73100
 42
1.0
  0
VERTEX
 5
E56
  8
PLACEMENT_OUTLINE_TOP
 10
43.02800
 20
28.73100
 42
1.0
  0
SEQEND
  8
PLACEMENT_OUTLINE_TOP
  0
POLYLINE
 5
E57
  8
PLACEMENT_OUTLINE_TOP
 66
1
 70
1
 40
0.050000
 41
0.050000
  0
VERTEX
 5
E58
  8
PLACEMENT_OUTLINE_TOP
 10
42.97800
 20
25.93700
 42
1.0
  0
VERTEX
 5
E59
  8
PLACEMENT_OUTLINE_TOP
 10
43.02800
 20
25.93700
 42
1.0
  0
SEQEND
  8
PLACEMENT_OUTLINE_TOP
  0
POLYLINE
 5
E5A
  8
PLACEMENT_OUTLINE_TOP
 66
1
 40
0.100000
 41
0.100000
  0
VERTEX
 5
E5B
  8
PLACEMENT_OUTLINE_TOP
 10
43.00300
 20
25.93700
  0
VERTEX
 5
E5C
  8
PLACEMENT_OUTLINE_TOP
 10
44.27300
 20
25.93700
  0
SEQEND
  8
PLACEMENT_OUTLINE_TOP
  0
POLYLINE
 5
E5D
  8
PLACEMENT_OUTLINE_TOP
 66
1
 70
1
 40
0.050000
 41
0.050000
  0
VERTEX
 5
E5E
  8
PLACEMENT_OUTLINE_TOP
 10
42.97800
 20
25.93700
 42
1.0
  0
VERTEX
 5
E5F
  8
PLACEMENT_OUTLINE_TOP
 10
43.02800
 20
25.93700
 42
1.0
  0
SEQEND
  8
PLACEMENT_OUTLINE_TOP
  0
POLYLINE
 5
E60
  8
PLACEMENT_OUTLINE_TOP
 66
1
 70
1
 40
0.050000
 41
0.050000
  0
VERTEX
 5
E61
  8
PLACEMENT_OUTLINE_TOP
 10
44.24800
 20
25.93700
 42
1.0
  0
VERTEX
 5
E62
  8
PLACEMENT_OUTLINE_TOP
 10
44.29800
 20
25.93700
 42
1.0
  0
SEQEND
  8
PLACEMENT_OUTLINE_TOP
  0
SOLID
 5
E63
  8
PADLAYER_TOP
 10
43.18080
 20
28.55320
 11
43.18080
 21
27.63880
 12
44.09520
 22
28.55320
 13
44.09520
 23
27.63880
  0
SOLID
 5
E64
  8
PADLAYER_TOP
 10
43.18080
 20
27.02920
 11
43.18080
 21
26.11480
 12
44.09520
 22
27.02920
 13
44.09520
 23
26.11480
  0
POLYLINE
 5
E65
  8
LAYNR1
 66
1
 40
0.150000
 41
0.150000
  0
VERTEX
 5
E66
  8
LAYNR1
 10
44.78800
 20
27.33400
  0
VERTEX
 5
E67
  8
LAYNR1
 10
45.48800
 20
27.33400
  0
SEQEND
  8
LAYNR1
  0
POLYLINE
 5
E68
  8
LAYNR1
 66
1
 70
1
 40
0.075000
 41
0.075000
  0
VERTEX
 5
E69
  8
LAYNR1
 10
44.75050
 20
27.33400
 42
1.0
  0
VERTEX
 5
E6A
  8
LAYNR1
 10
44.82550
 20
27.33400
 42
1.0
  0
SEQEND
  8
LAYNR1
  0
POLYLINE
 5
E6B
  8
LAYNR1
 66
1
 70
1
 40
0.075000
 41
0.075000
  0
VERTEX
 5
E6C
  8
LAYNR1
 10
45.45050
 20
27.33400
 42
1.0
  0
VERTEX
 5
E6D
  8
LAYNR1
 10
45.52550
 20
27.33400
 42
1.0
  0
SEQEND
  8
LAYNR1
  0
POLYLINE
 5
E6E
  8
PLACEMENT_OUTLINE_TOP
 66
1
 40
0.100000
 41
0.100000
  0
VERTEX
 5
E6F
  8
PLACEMENT_OUTLINE_TOP
 10
45.77300
 20
25.93700
  0
VERTEX
 5
E70
  8
PLACEMENT_OUTLINE_TOP
 10
45.77300
 20
28.73100
  0
SEQEND
  8
PLACEMENT_OUTLINE_TOP
  0
POLYLINE
 5
E71
  8
PLACEMENT_OUTLINE_TOP
 66
1
 70
1
 40
0.050000
 41
0.050000
  0
VERTEX
 5
E72
  8
PLACEMENT_OUTLINE_TOP
 10
45.74800
 20
25.93700
 42
1.0
  0
VERTEX
 5
E73
  8
PLACEMENT_OUTLINE_TOP
 10
45.79800
 20
25.93700
 42
1.0
  0
SEQEND
  8
PLACEMENT_OUTLINE_TOP
  0
POLYLINE
 5
E74
  8
PLACEMENT_OUTLINE_TOP
 66
1
 70
1
 40
0.050000
 41
0.050000
  0
VERTEX
 5
E75
  8
PLACEMENT_OUTLINE_TOP
 10
45.74800
 20
28.73100
 42
1.0
  0
VERTEX
 5
E76
  8
PLACEMENT_OUTLINE_TOP
 10
45.79800
 20
28.73100
 42
1.0
  0
SEQEND
  8
PLACEMENT_OUTLINE_TOP
  0
POLYLINE
 5
E77
  8
PLACEMENT_OUTLINE_TOP
 66
1
 40
0.100000
 41
0.100000
  0
VERTEX
 5
E78
  8
PLACEMENT_OUTLINE_TOP
 10
45.77300
 20
28.73100
  0
VERTEX
 5
E79
  8
PLACEMENT_OUTLINE_TOP
 10
44.50300
 20
28.73100
  0
SEQEND
  8
PLACEMENT_OUTLINE_TOP
  0
POLYLINE
 5
E7A
  8
PLACEMENT_OUTLINE_TOP
 66
1
 70
1
 40
0.050000
 41
0.050000
  0
VERTEX
 5
E7B
  8
PLACEMENT_OUTLINE_TOP
 10
45.74800
 20
28.73100
 42
1.0
  0
VERTEX
 5
E7C
  8
PLACEMENT_OUTLINE_TOP
 10
45.79800
 20
28.73100
 42
1.0
  0
SEQEND
  8
PLACEMENT_OUTLINE_TOP
  0
POLYLINE
 5
E7D
  8
PLACEMENT_OUTLINE_TOP
 66
1
 70
1
 40
0.050000
 41
0.050000
  0
VERTEX
 5
E7E
  8
PLACEMENT_OUTLINE_TOP
 10
44.47800
 20
28.73100
 42
1.0
  0
VERTEX
 5
E7F
  8
PLACEMENT_OUTLINE_TOP
 10
44.52800
 20
28.73100
 42
1.0
  0
SEQEND
  8
PLACEMENT_OUTLINE_TOP
  0
POLYLINE
 5
E80
  8
PLACEMENT_OUTLINE_TOP
 66
1
 40
0.100000
 41
0.100000
  0
VERTEX
 5
E81
  8
PLACEMENT_OUTLINE_TOP
 10
44.50300
 20
28.73100
  0
VERTEX
 5
E82
  8
PLACEMENT_OUTLINE_TOP
 10
44.50300
 20
25.93700
  0
SEQEND
  8
PLACEMENT_OUTLINE_TOP
  0
POLYLINE
 5
E83
  8
PLACEMENT_OUTLINE_TOP
 66
1
 70
1
 40
0.050000
 41
0.050000
  0
VERTEX
 5
E84
  8
PLACEMENT_OUTLINE_TOP
 10
44.47800
 20
28.73100
 42
1.0
  0
VERTEX
 5
E85
  8
PLACEMENT_OUTLINE_TOP
 10
44.52800
 20
28.73100
 42
1.0
  0
SEQEND
  8
PLACEMENT_OUTLINE_TOP
  0
POLYLINE
 5
E86
  8
PLACEMENT_OUTLINE_TOP
 66
1
 70
1
 40
0.050000
 41
0.050000
  0
VERTEX
 5
E87
  8
PLACEMENT_OUTLINE_TOP
 10
44.47800
 20
25.93700
 42
1.0
  0
VERTEX
 5
E88
  8
PLACEMENT_OUTLINE_TOP
 10
44.52800
 20
25.93700
 42
1.0
  0
SEQEND
  8
PLACEMENT_OUTLINE_TOP
  0
POLYLINE
 5
E89
  8
PLACEMENT_OUTLINE_TOP
 66
1
 40
0.100000
 41
0.100000
  0
VERTEX
 5
E8A
  8
PLACEMENT_OUTLINE_TOP
 10
44.50300
 20
25.93700
  0
VERTEX
 5
E8B
  8
PLACEMENT_OUTLINE_TOP
 10
45.77300
 20
25.93700
  0
SEQEND
  8
PLACEMENT_OUTLINE_TOP
  0
POLYLINE
 5
E8C
  8
PLACEMENT_OUTLINE_TOP
 66
1
 70
1
 40
0.050000
 41
0.050000
  0
VERTEX
 5
E8D
  8
PLACEMENT_OUTLINE_TOP
 10
44.47800
 20
25.93700
 42
1.0
  0
VERTEX
 5
E8E
  8
PLACEMENT_OUTLINE_TOP
 10
44.52800
 20
25.93700
 42
1.0
  0
SEQEND
  8
PLACEMENT_OUTLINE_TOP
  0
POLYLINE
 5
E8F
  8
PLACEMENT_OUTLINE_TOP
 66
1
 70
1
 40
0.050000
 41
0.050000
  0
VERTEX
 5
E90
  8
PLACEMENT_OUTLINE_TOP
 10
45.74800
 20
25.93700
 42
1.0
  0
VERTEX
 5
E91
  8
PLACEMENT_OUTLINE_TOP
 10
45.79800
 20
25.93700
 42
1.0
  0
SEQEND
  8
PLACEMENT_OUTLINE_TOP
  0
SOLID
 5
E92
  8
PADLAYER_TOP
 10
44.68080
 20
28.55320
 11
44.68080
 21
27.63880
 12
45.59520
 22
28.55320
 13
45.59520
 23
27.63880
  0
SOLID
 5
E93
  8
PADLAYER_TOP
 10
44.68080
 20
27.02920
 11
44.68080
 21
26.11480
 12
45.59520
 22
27.02920
 13
45.59520
 23
26.11480
  0
POLYLINE
 5
E94
  8
LAYNR1
 66
1
 40
0.150000
 41
0.150000
  0
VERTEX
 5
E95
  8
LAYNR1
 10
46.57900
 20
25.26300
  0
VERTEX
 5
E96
  8
LAYNR1
 10
46.57900
 20
24.56300
  0
SEQEND
  8
LAYNR1
  0
POLYLINE
 5
E97
  8
LAYNR1
 66
1
 70
1
 40
0.075000
 41
0.075000
  0
VERTEX
 5
E98
  8
LAYNR1
 10
46.54150
 20
25.26300
 42
1.0
  0
VERTEX
 5
E99
  8
LAYNR1
 10
46.61650
 20
25.26300
 42
1.0
  0
SEQEND
  8
LAYNR1
  0
POLYLINE
 5
E9A
  8
LAYNR1
 66
1
 70
1
 40
0.075000
 41
0.075000
  0
VERTEX
 5
E9B
  8
LAYNR1
 10
46.54150
 20
24.56300
 42
1.0
  0
VERTEX
 5
E9C
  8
LAYNR1
 10
46.61650
 20
24.56300
 42
1.0
  0
SEQEND
  8
LAYNR1
  0
POLYLINE
 5
E9D
  8
PLACEMENT_OUTLINE_TOP
 66
1
 40
0.100000
 41
0.100000
  0
VERTEX
 5
E9E
  8
PLACEMENT_OUTLINE_TOP
 10
45.18200
 20
24.27800
  0
VERTEX
 5
E9F
  8
PLACEMENT_OUTLINE_TOP
 10
47.97600
 20
24.27800
  0
SEQEND
  8
PLACEMENT_OUTLINE_TOP
  0
POLYLINE
 5
EA0
  8
PLACEMENT_OUTLINE_TOP
 66
1
 70
1
 40
0.050000
 41
0.050000
  0
VERTEX
 5
EA1
  8
PLACEMENT_OUTLINE_TOP
 10
45.15700
 20
24.27800
 42
1.0
  0
VERTEX
 5
EA2
  8
PLACEMENT_OUTLINE_TOP
 10
45.20700
 20
24.27800
 42
1.0
  0
SEQEND
  8
PLACEMENT_OUTLINE_TOP
  0
POLYLINE
 5
EA3
  8
PLACEMENT_OUTLINE_TOP
 66
1
 70
1
 40
0.050000
 41
0.050000
  0
VERTEX
 5
EA4
  8
PLACEMENT_OUTLINE_TOP
 10
47.95100
 20
24.27800
 42
1.0
  0
VERTEX
 5
EA5
  8
PLACEMENT_OUTLINE_TOP
 10
48.00100
 20
24.27800
 42
1.0
  0
SEQEND
  8
PLACEMENT_OUTLINE_TOP
  0
POLYLINE
 5
EA6
  8
PLACEMENT_OUTLINE_TOP
 66
1
 40
0.100000
 41
0.100000
  0
VERTEX
 5
EA7
  8
PLACEMENT_OUTLINE_TOP
 10
47.97600
 20
24.27800
  0
VERTEX
 5
EA8
  8
PLACEMENT_OUTLINE_TOP
 10
47.97600
 20
25.54800
  0
SEQEND
  8
PLACEMENT_OUTLINE_TOP
  0
POLYLINE
 5
EA9
  8
PLACEMENT_OUTLINE_TOP
 66
1
 70
1
 40
0.050000
 41
0.050000
  0
VERTEX
 5
EAA
  8
PLACEMENT_OUTLINE_TOP
 10
47.95100
 20
24.27800
 42
1.0
  0
VERTEX
 5
EAB
  8
PLACEMENT_OUTLINE_TOP
 10
48.00100
 20
24.27800
 42
1.0
  0
SEQEND
  8
PLACEMENT_OUTLINE_TOP
  0
POLYLINE
 5
EAC
  8
PLACEMENT_OUTLINE_TOP
 66
1
 70
1
 40
0.050000
 41
0.050000
  0
VERTEX
 5
EAD
  8
PLACEMENT_OUTLINE_TOP
 10
47.95100
 20
25.54800
 42
1.0
  0
VERTEX
 5
EAE
  8
PLACEMENT_OUTLINE_TOP
 10
48.00100
 20
25.54800
 42
1.0
  0
SEQEND
  8
PLACEMENT_OUTLINE_TOP
  0
POLYLINE
 5
EAF
  8
PLACEMENT_OUTLINE_TOP
 66
1
 40
0.100000
 41
0.100000
  0
VERTEX
 5
EB0
  8
PLACEMENT_OUTLINE_TOP
 10
47.97600
 20
25.54800
  0
VERTEX
 5
EB1
  8
PLACEMENT_OUTLINE_TOP
 10
45.18200
 20
25.54800
  0
SEQEND
  8
PLACEMENT_OUTLINE_TOP
  0
POLYLINE
 5
EB2
  8
PLACEMENT_OUTLINE_TOP
 66
1
 70
1
 40
0.050000
 41
0.050000
  0
VERTEX
 5
EB3
  8
PLACEMENT_OUTLINE_TOP
 10
47.95100
 20
25.54800
 42
1.0
  0
VERTEX
 5
EB4
  8
PLACEMENT_OUTLINE_TOP
 10
48.00100
 20
25.54800
 42
1.0
  0
SEQEND
  8
PLACEMENT_OUTLINE_TOP
  0
POLYLINE
 5
EB5
  8
PLACEMENT_OUTLINE_TOP
 66
1
 70
1
 40
0.050000
 41
0.050000
  0
VERTEX
 5
EB6
  8
PLACEMENT_OUTLINE_TOP
 10
45.15700
 20
25.54800
 42
1.0
  0
VERTEX
 5
EB7
  8
PLACEMENT_OUTLINE_TOP
 10
45.20700
 20
25.54800
 42
1.0
  0
SEQEND
  8
PLACEMENT_OUTLINE_TOP
  0
POLYLINE
 5
EB8
  8
PLACEMENT_OUTLINE_TOP
 66
1
 40
0.100000
 41
0.100000
  0
VERTEX
 5
EB9
  8
PLACEMENT_OUTLINE_TOP
 10
45.18200
 20
25.54800
  0
VERTEX
 5
EBA
  8
PLACEMENT_OUTLINE_TOP
 10
45.18200
 20
24.27800
  0
SEQEND
  8
PLACEMENT_OUTLINE_TOP
  0
POLYLINE
 5
EBB
  8
PLACEMENT_OUTLINE_TOP
 66
1
 70
1
 40
0.050000
 41
0.050000
  0
VERTEX
 5
EBC
  8
PLACEMENT_OUTLINE_TOP
 10
45.15700
 20
25.54800
 42
1.0
  0
VERTEX
 5
EBD
  8
PLACEMENT_OUTLINE_TOP
 10
45.20700
 20
25.54800
 42
1.0
  0
SEQEND
  8
PLACEMENT_OUTLINE_TOP
  0
POLYLINE
 5
EBE
  8
PLACEMENT_OUTLINE_TOP
 66
1
 70
1
 40
0.050000
 41
0.050000
  0
VERTEX
 5
EBF
  8
PLACEMENT_OUTLINE_TOP
 10
45.15700
 20
24.27800
 42
1.0
  0
VERTEX
 5
EC0
  8
PLACEMENT_OUTLINE_TOP
 10
45.20700
 20
24.27800
 42
1.0
  0
SEQEND
  8
PLACEMENT_OUTLINE_TOP
  0
SOLID
 5
EC1
  8
PADLAYER_TOP
 10
47.79820
 20
25.37020
 11
46.88380
 21
25.37020
 12
47.79820
 22
24.45580
 13
46.88380
 23
24.45580
  0
SOLID
 5
EC2
  8
PADLAYER_TOP
 10
46.27420
 20
25.37020
 11
45.35980
 21
25.37020
 12
46.27420
 22
24.45580
 13
45.35980
 23
24.45580
  0
POLYLINE
 5
EC3
  8
LAYNR1
 66
1
 40
0.150000
 41
0.150000
  0
VERTEX
 5
EC4
  8
LAYNR1
 10
46.57900
 20
23.18300
  0
VERTEX
 5
EC5
  8
LAYNR1
 10
46.57900
 20
23.88300
  0
SEQEND
  8
LAYNR1
  0
POLYLINE
 5
EC6
  8
LAYNR1
 66
1
 70
1
 40
0.075000
 41
0.075000
  0
VERTEX
 5
EC7
  8
LAYNR1
 10
46.54150
 20
23.18300
 42
1.0
  0
VERTEX
 5
EC8
  8
LAYNR1
 10
46.61650
 20
23.18300
 42
1.0
  0
SEQEND
  8
LAYNR1
  0
POLYLINE
 5
EC9
  8
LAYNR1
 66
1
 70
1
 40
0.075000
 41
0.075000
  0
VERTEX
 5
ECA
  8
LAYNR1
 10
46.54150
 20
23.88300
 42
1.0
  0
VERTEX
 5
ECB
  8
LAYNR1
 10
46.61650
 20
23.88300
 42
1.0
  0
SEQEND
  8
LAYNR1
  0
POLYLINE
 5
ECC
  8
PLACEMENT_OUTLINE_TOP
 66
1
 40
0.100000
 41
0.100000
  0
VERTEX
 5
ECD
  8
PLACEMENT_OUTLINE_TOP
 10
47.97600
 20
24.16800
  0
VERTEX
 5
ECE
  8
PLACEMENT_OUTLINE_TOP
 10
45.18200
 20
24.16800
  0
SEQEND
  8
PLACEMENT_OUTLINE_TOP
  0
POLYLINE
 5
ECF
  8
PLACEMENT_OUTLINE_TOP
 66
1
 70
1
 40
0.050000
 41
0.050000
  0
VERTEX
 5
ED0
  8
PLACEMENT_OUTLINE_TOP
 10
47.95100
 20
24.16800
 42
1.0
  0
VERTEX
 5
ED1
  8
PLACEMENT_OUTLINE_TOP
 10
48.00100
 20
24.16800
 42
1.0
  0
SEQEND
  8
PLACEMENT_OUTLINE_TOP
  0
POLYLINE
 5
ED2
  8
PLACEMENT_OUTLINE_TOP
 66
1
 70
1
 40
0.050000
 41
0.050000
  0
VERTEX
 5
ED3
  8
PLACEMENT_OUTLINE_TOP
 10
45.15700
 20
24.16800
 42
1.0
  0
VERTEX
 5
ED4
  8
PLACEMENT_OUTLINE_TOP
 10
45.20700
 20
24.16800
 42
1.0
  0
SEQEND
  8
PLACEMENT_OUTLINE_TOP
  0
POLYLINE
 5
ED5
  8
PLACEMENT_OUTLINE_TOP
 66
1
 40
0.100000
 41
0.100000
  0
VERTEX
 5
ED6
  8
PLACEMENT_OUTLINE_TOP
 10
45.18200
 20
24.16800
  0
VERTEX
 5
ED7
  8
PLACEMENT_OUTLINE_TOP
 10
45.18200
 20
22.89800
  0
SEQEND
  8
PLACEMENT_OUTLINE_TOP
  0
POLYLINE
 5
ED8
  8
PLACEMENT_OUTLINE_TOP
 66
1
 70
1
 40
0.050000
 41
0.050000
  0
VERTEX
 5
ED9
  8
PLACEMENT_OUTLINE_TOP
 10
45.15700
 20
24.16800
 42
1.0
  0
VERTEX
 5
EDA
  8
PLACEMENT_OUTLINE_TOP
 10
45.20700
 20
24.16800
 42
1.0
  0
SEQEND
  8
PLACEMENT_OUTLINE_TOP
  0
POLYLINE
 5
EDB
  8
PLACEMENT_OUTLINE_TOP
 66
1
 70
1
 40
0.050000
 41
0.050000
  0
VERTEX
 5
EDC
  8
PLACEMENT_OUTLINE_TOP
 10
45.15700
 20
22.89800
 42
1.0
  0
VERTEX
 5
EDD
  8
PLACEMENT_OUTLINE_TOP
 10
45.20700
 20
22.89800
 42
1.0
  0
SEQEND
  8
PLACEMENT_OUTLINE_TOP
  0
POLYLINE
 5
EDE
  8
PLACEMENT_OUTLINE_TOP
 66
1
 40
0.100000
 41
0.100000
  0
VERTEX
 5
EDF
  8
PLACEMENT_OUTLINE_TOP
 10
45.18200
 20
22.89800
  0
VERTEX
 5
EE0
  8
PLACEMENT_OUTLINE_TOP
 10
47.97600
 20
22.89800
  0
SEQEND
  8
PLACEMENT_OUTLINE_TOP
  0
POLYLINE
 5
EE1
  8
PLACEMENT_OUTLINE_TOP
 66
1
 70
1
 40
0.050000
 41
0.050000
  0
VERTEX
 5
EE2
  8
PLACEMENT_OUTLINE_TOP
 10
45.15700
 20
22.89800
 42
1.0
  0
VERTEX
 5
EE3
  8
PLACEMENT_OUTLINE_TOP
 10
45.20700
 20
22.89800
 42
1.0
  0
SEQEND
  8
PLACEMENT_OUTLINE_TOP
  0
POLYLINE
 5
EE4
  8
PLACEMENT_OUTLINE_TOP
 66
1
 70
1
 40
0.050000
 41
0.050000
  0
VERTEX
 5
EE5
  8
PLACEMENT_OUTLINE_TOP
 10
47.95100
 20
22.89800
 42
1.0
  0
VERTEX
 5
EE6
  8
PLACEMENT_OUTLINE_TOP
 10
48.00100
 20
22.89800
 42
1.0
  0
SEQEND
  8
PLACEMENT_OUTLINE_TOP
  0
POLYLINE
 5
EE7
  8
PLACEMENT_OUTLINE_TOP
 66
1
 40
0.100000
 41
0.100000
  0
VERTEX
 5
EE8
  8
PLACEMENT_OUTLINE_TOP
 10
47.97600
 20
22.89800
  0
VERTEX
 5
EE9
  8
PLACEMENT_OUTLINE_TOP
 10
47.97600
 20
24.16800
  0
SEQEND
  8
PLACEMENT_OUTLINE_TOP
  0
POLYLINE
 5
EEA
  8
PLACEMENT_OUTLINE_TOP
 66
1
 70
1
 40
0.050000
 41
0.050000
  0
VERTEX
 5
EEB
  8
PLACEMENT_OUTLINE_TOP
 10
47.95100
 20
22.89800
 42
1.0
  0
VERTEX
 5
EEC
  8
PLACEMENT_OUTLINE_TOP
 10
48.00100
 20
22.89800
 42
1.0
  0
SEQEND
  8
PLACEMENT_OUTLINE_TOP
  0
POLYLINE
 5
EED
  8
PLACEMENT_OUTLINE_TOP
 66
1
 70
1
 40
0.050000
 41
0.050000
  0
VERTEX
 5
EEE
  8
PLACEMENT_OUTLINE_TOP
 10
47.95100
 20
24.16800
 42
1.0
  0
VERTEX
 5
EEF
  8
PLACEMENT_OUTLINE_TOP
 10
48.00100
 20
24.16800
 42
1.0
  0
SEQEND
  8
PLACEMENT_OUTLINE_TOP
  0
SOLID
 5
EF0
  8
PADLAYER_TOP
 10
45.35980
 20
23.07580
 11
46.27420
 21
23.07580
 12
45.35980
 22
23.99020
 13
46.27420
 23
23.99020
  0
SOLID
 5
EF1
  8
PADLAYER_TOP
 10
46.88380
 20
23.07580
 11
47.79820
 21
23.07580
 12
46.88380
 22
23.99020
 13
47.79820
 23
23.99020
  0
POLYLINE
 5
EF2
  8
2DLINES_1
 66
1
 40
0.299970
 41
0.299970
  0
VERTEX
 5
EF3
  8
2DLINES_1
 10
42.92500
 20
35.66000
  0
VERTEX
 5
EF4
  8
2DLINES_1
 10
42.92500
 20
36.56000
  0
SEQEND
  8
2DLINES_1
  0
POLYLINE
 5
EF5
  8
2DLINES_1
 66
1
 70
1
 40
0.149985
 41
0.149985
  0
VERTEX
 5
EF6
  8
2DLINES_1
 10
42.85001
 20
35.66000
 42
1.0
  0
VERTEX
 5
EF7
  8
2DLINES_1
 10
42.99999
 20
35.66000
 42
1.0
  0
SEQEND
  8
2DLINES_1
  0
POLYLINE
 5
EF8
  8
2DLINES_1
 66
1
 70
1
 40
0.149985
 41
0.149985
  0
VERTEX
 5
EF9
  8
2DLINES_1
 10
42.85001
 20
36.56000
 42
1.0
  0
VERTEX
 5
EFA
  8
2DLINES_1
 10
42.99999
 20
36.56000
 42
1.0
  0
SEQEND
  8
2DLINES_1
  0
POLYLINE
 5
EFB
  8
2DLINES_1
 66
1
 40
0.299970
 41
0.299970
  0
VERTEX
 5
EFC
  8
2DLINES_1
 10
42.92500
 20
36.56000
  0
VERTEX
 5
EFD
  8
2DLINES_1
 10
40.52500
 20
36.56000
  0
SEQEND
  8
2DLINES_1
  0
POLYLINE
 5
EFE
  8
2DLINES_1
 66
1
 70
1
 40
0.149985
 41
0.149985
  0
VERTEX
 5
EFF
  8
2DLINES_1
 10
42.85001
 20
36.56000
 42
1.0
  0
VERTEX
 5
F00
  8
2DLINES_1
 10
42.99999
 20
36.56000
 42
1.0
  0
SEQEND
  8
2DLINES_1
  0
POLYLINE
 5
F01
  8
2DLINES_1
 66
1
 70
1
 40
0.149985
 41
0.149985
  0
VERTEX
 5
F02
  8
2DLINES_1
 10
40.45001
 20
36.56000
 42
1.0
  0
VERTEX
 5
F03
  8
2DLINES_1
 10
40.59999
 20
36.56000
 42
1.0
  0
SEQEND
  8
2DLINES_1
  0
POLYLINE
 5
F04
  8
2DLINES_1
 66
1
 40
0.299970
 41
0.299970
  0
VERTEX
 5
F05
  8
2DLINES_1
 10
42.92500
 20
34.26000
  0
VERTEX
 5
F06
  8
2DLINES_1
 10
42.92500
 20
33.36000
  0
SEQEND
  8
2DLINES_1
  0
POLYLINE
 5
F07
  8
2DLINES_1
 66
1
 70
1
 40
0.149985
 41
0.149985
  0
VERTEX
 5
F08
  8
2DLINES_1
 10
42.85001
 20
34.26000
 42
1.0
  0
VERTEX
 5
F09
  8
2DLINES_1
 10
42.99999
 20
34.26000
 42
1.0
  0
SEQEND
  8
2DLINES_1
  0
POLYLINE
 5
F0A
  8
2DLINES_1
 66
1
 70
1
 40
0.149985
 41
0.149985
  0
VERTEX
 5
F0B
  8
2DLINES_1
 10
42.85001
 20
33.36000
 42
1.0
  0
VERTEX
 5
F0C
  8
2DLINES_1
 10
42.99999
 20
33.36000
 42
1.0
  0
SEQEND
  8
2DLINES_1
  0
POLYLINE
 5
F0D
  8
2DLINES_1
 66
1
 40
0.299970
 41
0.299970
  0
VERTEX
 5
F0E
  8
2DLINES_1
 10
42.92500
 20
33.36000
  0
VERTEX
 5
F0F
  8
2DLINES_1
 10
40.52500
 20
33.36000
  0
SEQEND
  8
2DLINES_1
  0
POLYLINE
 5
F10
  8
2DLINES_1
 66
1
 70
1
 40
0.149985
 41
0.149985
  0
VERTEX
 5
F11
  8
2DLINES_1
 10
42.85001
 20
33.36000
 42
1.0
  0
VERTEX
 5
F12
  8
2DLINES_1
 10
42.99999
 20
33.36000
 42
1.0
  0
SEQEND
  8
2DLINES_1
  0
POLYLINE
 5
F13
  8
2DLINES_1
 66
1
 70
1
 40
0.149985
 41
0.149985
  0
VERTEX
 5
F14
  8
2DLINES_1
 10
40.45001
 20
33.36000
 42
1.0
  0
VERTEX
 5
F15
  8
2DLINES_1
 10
40.59999
 20
33.36000
 42
1.0
  0
SEQEND
  8
2DLINES_1
  0
POLYLINE
 5
F16
  8
PLACEMENT_OUTLINE_TOP
 66
1
 40
0.299970
 41
0.299970
  0
VERTEX
 5
F17
  8
PLACEMENT_OUTLINE_TOP
 10
41.40750
 20
36.86500
  0
VERTEX
 5
F18
  8
PLACEMENT_OUTLINE_TOP
 10
39.50250
 20
36.86500
  0
SEQEND
  8
PLACEMENT_OUTLINE_TOP
  0
POLYLINE
 5
F19
  8
PLACEMENT_OUTLINE_TOP
 66
1
 70
1
 40
0.149985
 41
0.149985
  0
VERTEX
 5
F1A
  8
PLACEMENT_OUTLINE_TOP
 10
41.33251
 20
36.86500
 42
1.0
  0
VERTEX
 5
F1B
  8
PLACEMENT_OUTLINE_TOP
 10
41.48249
 20
36.86500
 42
1.0
  0
SEQEND
  8
PLACEMENT_OUTLINE_TOP
  0
POLYLINE
 5
F1C
  8
PLACEMENT_OUTLINE_TOP
 66
1
 70
1
 40
0.149985
 41
0.149985
  0
VERTEX
 5
F1D
  8
PLACEMENT_OUTLINE_TOP
 10
39.42751
 20
36.86500
 42
1.0
  0
VERTEX
 5
F1E
  8
PLACEMENT_OUTLINE_TOP
 10
39.57749
 20
36.86500
 42
1.0
  0
SEQEND
  8
PLACEMENT_OUTLINE_TOP
  0
POLYLINE
 5
F1F
  8
PLACEMENT_OUTLINE_TOP
 66
1
 40
0.299970
 41
0.299970
  0
VERTEX
 5
F20
  8
PLACEMENT_OUTLINE_TOP
 10
39.50250
 20
36.86500
  0
VERTEX
 5
F21
  8
PLACEMENT_OUTLINE_TOP
 10
39.50250
 20
33.05500
  0
SEQEND
  8
PLACEMENT_OUTLINE_TOP
  0
POLYLINE
 5
F22
  8
PLACEMENT_OUTLINE_TOP
 66
1
 70
1
 40
0.149985
 41
0.149985
  0
VERTEX
 5
F23
  8
PLACEMENT_OUTLINE_TOP
 10
39.42751
 20
36.86500
 42
1.0
  0
VERTEX
 5
F24
  8
PLACEMENT_OUTLINE_TOP
 10
39.57749
 20
36.86500
 42
1.0
  0
SEQEND
  8
PLACEMENT_OUTLINE_TOP
  0
POLYLINE
 5
F25
  8
PLACEMENT_OUTLINE_TOP
 66
1
 70
1
 40
0.149985
 41
0.149985
  0
VERTEX
 5
F26
  8
PLACEMENT_OUTLINE_TOP
 10
39.42751
 20
33.05500
 42
1.0
  0
VERTEX
 5
F27
  8
PLACEMENT_OUTLINE_TOP
 10
39.57749
 20
33.05500
 42
1.0
  0
SEQEND
  8
PLACEMENT_OUTLINE_TOP
  0
POLYLINE
 5
F28
  8
PLACEMENT_OUTLINE_TOP
 66
1
 40
0.299970
 41
0.299970
  0
VERTEX
 5
F29
  8
PLACEMENT_OUTLINE_TOP
 10
39.50250
 20
33.05500
  0
VERTEX
 5
F2A
  8
PLACEMENT_OUTLINE_TOP
 10
43.94750
 20
33.05500
  0
SEQEND
  8
PLACEMENT_OUTLINE_TOP
  0
POLYLINE
 5
F2B
  8
PLACEMENT_OUTLINE_TOP
 66
1
 70
1
 40
0.149985
 41
0.149985
  0
VERTEX
 5
F2C
  8
PLACEMENT_OUTLINE_TOP
 10
39.42751
 20
33.05500
 42
1.0
  0
VERTEX
 5
F2D
  8
PLACEMENT_OUTLINE_TOP
 10
39.57749
 20
33.05500
 42
1.0
  0
SEQEND
  8
PLACEMENT_OUTLINE_TOP
  0
POLYLINE
 5
F2E
  8
PLACEMENT_OUTLINE_TOP
 66
1
 70
1
 40
0.149985
 41
0.149985
  0
VERTEX
 5
F2F
  8
PLACEMENT_OUTLINE_TOP
 10
43.87251
 20
33.05500
 42
1.0
  0
VERTEX
 5
F30
  8
PLACEMENT_OUTLINE_TOP
 10
44.02249
 20
33.05500
 42
1.0
  0
SEQEND
  8
PLACEMENT_OUTLINE_TOP
  0
POLYLINE
 5
F31
  8
PLACEMENT_OUTLINE_TOP
 66
1
 40
0.299970
 41
0.299970
  0
VERTEX
 5
F32
  8
PLACEMENT_OUTLINE_TOP
 10
43.94750
 20
33.05500
  0
VERTEX
 5
F33
  8
PLACEMENT_OUTLINE_TOP
 10
43.94750
 20
36.86500
  0
SEQEND
  8
PLACEMENT_OUTLINE_TOP
  0
POLYLINE
 5
F34
  8
PLACEMENT_OUTLINE_TOP
 66
1
 70
1
 40
0.149985
 41
0.149985
  0
VERTEX
 5
F35
  8
PLACEMENT_OUTLINE_TOP
 10
43.87251
 20
33.05500
 42
1.0
  0
VERTEX
 5
F36
  8
PLACEMENT_OUTLINE_TOP
 10
44.02249
 20
33.05500
 42
1.0
  0
SEQEND
  8
PLACEMENT_OUTLINE_TOP
  0
POLYLINE
 5
F37
  8
PLACEMENT_OUTLINE_TOP
 66
1
 70
1
 40
0.149985
 41
0.149985
  0
VERTEX
 5
F38
  8
PLACEMENT_OUTLINE_TOP
 10
43.87251
 20
36.86500
 42
1.0
  0
VERTEX
 5
F39
  8
PLACEMENT_OUTLINE_TOP
 10
44.02249
 20
36.86500
 42
1.0
  0
SEQEND
  8
PLACEMENT_OUTLINE_TOP
  0
POLYLINE
 5
F3A
  8
PLACEMENT_OUTLINE_TOP
 66
1
 40
0.299970
 41
0.299970
  0
VERTEX
 5
F3B
  8
PLACEMENT_OUTLINE_TOP
 10
43.94750
 20
36.86500
  0
VERTEX
 5
F3C
  8
PLACEMENT_OUTLINE_TOP
 10
41.40750
 20
36.86500
  0
SEQEND
  8
PLACEMENT_OUTLINE_TOP
  0
POLYLINE
 5
F3D
  8
PLACEMENT_OUTLINE_TOP
 66
1
 70
1
 40
0.149985
 41
0.149985
  0
VERTEX
 5
F3E
  8
PLACEMENT_OUTLINE_TOP
 10
43.87251
 20
36.86500
 42
1.0
  0
VERTEX
 5
F3F
  8
PLACEMENT_OUTLINE_TOP
 10
44.02249
 20
36.86500
 42
1.0
  0
SEQEND
  8
PLACEMENT_OUTLINE_TOP
  0
POLYLINE
 5
F40
  8
PLACEMENT_OUTLINE_TOP
 66
1
 70
1
 40
0.149985
 41
0.149985
  0
VERTEX
 5
F41
  8
PLACEMENT_OUTLINE_TOP
 10
41.33251
 20
36.86500
 42
1.0
  0
VERTEX
 5
F42
  8
PLACEMENT_OUTLINE_TOP
 10
41.48249
 20
36.86500
 42
1.0
  0
SEQEND
  8
PLACEMENT_OUTLINE_TOP
  0
SOLID
 5
F43
  8
PADLAYER_TOP
 10
39.95350
 20
35.52900
 11
41.09650
 21
35.52900
 12
39.95350
 22
36.29100
 13
41.09650
 23
36.29100
  0
SOLID
 5
F44
  8
PADLAYER_TOP
 10
39.95350
 20
33.62900
 11
41.09650
 21
33.62900
 12
39.95350
 22
34.39100
 13
41.09650
 23
34.39100
  0
SOLID
 5
F45
  8
PADLAYER_TOP
 10
42.35350
 20
34.57900
 11
43.49650
 21
34.57900
 12
42.35350
 22
35.34100
 13
43.49650
 23
35.34100
  0
POLYLINE
 5
F46
  8
2DLINES_1
 66
1
 40
0.299970
 41
0.299970
  0
VERTEX
 5
F47
  8
2DLINES_1
 10
44.68500
 20
35.61000
 42
1.000000
  0
VERTEX
 5
F48
  8
2DLINES_1
 10
44.88500
 20
35.61000
 42
1.000000
  0
VERTEX
 5
F49
  8
2DLINES_1
 10
44.68500
 20
35.61000
  0
SEQEND
  8
2DLINES_1
  0
POLYLINE
 5
F4A
  8
PLACEMENT_OUTLINE_TOP
 66
1
 40
0.299970
 41
0.299970
  0
VERTEX
 5
F4B
  8
PLACEMENT_OUTLINE_TOP
 10
44.68500
 20
35.61000
 42
1.000000
  0
VERTEX
 5
F4C
  8
PLACEMENT_OUTLINE_TOP
 10
44.88500
 20
35.61000
 42
1.000000
  0
VERTEX
 5
F4D
  8
PLACEMENT_OUTLINE_TOP
 10
44.68500
 20
35.61000
  0
SEQEND
  8
PLACEMENT_OUTLINE_TOP
  0
SOLID
 5
F4E
  8
PADLAYER_TOP
 10
45.23500
 20
34.76000
 11
45.70500
 21
34.76000
 12
45.23500
 22
35.16000
 13
45.70500
 23
35.16000
  0
SOLID
 5
F4F
  8
PADLAYER_TOP
 10
45.86000
 20
34.76000
 11
46.91000
 21
34.76000
 12
45.86000
 22
35.76000
 13
46.91000
 23
35.76000
  0
SOLID
 5
F50
  8
PADLAYER_TOP
 10
47.06500
 20
34.76000
 11
47.53500
 21
34.76000
 12
47.06500
 22
35.16000
 13
47.53500
 23
35.16000
  0
SOLID
 5
F51
  8
PADLAYER_TOP
 10
45.23500
 20
35.41000
 11
45.70500
 21
35.41000
 12
45.23500
 22
35.81000
 13
45.70500
 23
35.81000
  0
SOLID
 5
F52
  8
PADLAYER_TOP
 10
47.06500
 20
35.41000
 11
47.53500
 21
35.41000
 12
47.06500
 22
35.81000
 13
47.53500
 23
35.81000
  0
SOLID
 5
F53
  8
PADLAYER_TOP
 10
45.23500
 20
34.11000
 11
45.70500
 21
34.11000
 12
45.23500
 22
34.51000
 13
45.70500
 23
34.51000
  0
SOLID
 5
F54
  8
PADLAYER_TOP
 10
47.06500
 20
34.11000
 11
47.53500
 21
34.11000
 12
47.06500
 22
34.51000
 13
47.53500
 23
34.51000
  0
SOLID
 5
F55
  8
PADLAYER_TOP
 10
46.05500
 20
34.11000
 11
46.71500
 21
34.11000
 12
46.05500
 22
34.51000
 13
46.71500
 23
34.51000
  0
POLYLINE
 5
F56
  8
LAYNR1
 66
1
 40
0.150000
 41
0.150000
  0
VERTEX
 5
F57
  8
LAYNR1
 10
41.72500
 20
32.57600
  0
VERTEX
 5
F58
  8
LAYNR1
 10
41.72500
 20
31.87600
  0
SEQEND
  8
LAYNR1
  0
POLYLINE
 5
F59
  8
LAYNR1
 66
1
 70
1
 40
0.075000
 41
0.075000
  0
VERTEX
 5
F5A
  8
LAYNR1
 10
41.68750
 20
32.57600
 42
1.0
  0
VERTEX
 5
F5B
  8
LAYNR1
 10
41.76250
 20
32.57600
 42
1.0
  0
SEQEND
  8
LAYNR1
  0
POLYLINE
 5
F5C
  8
LAYNR1
 66
1
 70
1
 40
0.075000
 41
0.075000
  0
VERTEX
 5
F5D
  8
LAYNR1
 10
41.68750
 20
31.87600
 42
1.0
  0
VERTEX
 5
F5E
  8
LAYNR1
 10
41.76250
 20
31.87600
 42
1.0
  0
SEQEND
  8
LAYNR1
  0
POLYLINE
 5
F5F
  8
PLACEMENT_OUTLINE_TOP
 66
1
 40
0.100000
 41
0.100000
  0
VERTEX
 5
F60
  8
PLACEMENT_OUTLINE_TOP
 10
40.32800
 20
31.59100
  0
VERTEX
 5
F61
  8
PLACEMENT_OUTLINE_TOP
 10
43.12200
 20
31.59100
  0
SEQEND
  8
PLACEMENT_OUTLINE_TOP
  0
POLYLINE
 5
F62
  8
PLACEMENT_OUTLINE_TOP
 66
1
 70
1
 40
0.050000
 41
0.050000
  0
VERTEX
 5
F63
  8
PLACEMENT_OUTLINE_TOP
 10
40.30300
 20
31.59100
 42
1.0
  0
VERTEX
 5
F64
  8
PLACEMENT_OUTLINE_TOP
 10
40.35300
 20
31.59100
 42
1.0
  0
SEQEND
  8
PLACEMENT_OUTLINE_TOP
  0
POLYLINE
 5
F65
  8
PLACEMENT_OUTLINE_TOP
 66
1
 70
1
 40
0.050000
 41
0.050000
  0
VERTEX
 5
F66
  8
PLACEMENT_OUTLINE_TOP
 10
43.09700
 20
31.59100
 42
1.0
  0
VERTEX
 5
F67
  8
PLACEMENT_OUTLINE_TOP
 10
43.14700
 20
31.59100
 42
1.0
  0
SEQEND
  8
PLACEMENT_OUTLINE_TOP
  0
POLYLINE
 5
F68
  8
PLACEMENT_OUTLINE_TOP
 66
1
 40
0.100000
 41
0.100000
  0
VERTEX
 5
F69
  8
PLACEMENT_OUTLINE_TOP
 10
43.12200
 20
31.59100
  0
VERTEX
 5
F6A
  8
PLACEMENT_OUTLINE_TOP
 10
43.12200
 20
32.86100
  0
SEQEND
  8
PLACEMENT_OUTLINE_TOP
  0
POLYLINE
 5
F6B
  8
PLACEMENT_OUTLINE_TOP
 66
1
 70
1
 40
0.050000
 41
0.050000
  0
VERTEX
 5
F6C
  8
PLACEMENT_OUTLINE_TOP
 10
43.09700
 20
31.59100
 42
1.0
  0
VERTEX
 5
F6D
  8
PLACEMENT_OUTLINE_TOP
 10
43.14700
 20
31.59100
 42
1.0
  0
SEQEND
  8
PLACEMENT_OUTLINE_TOP
  0
POLYLINE
 5
F6E
  8
PLACEMENT_OUTLINE_TOP
 66
1
 70
1
 40
0.050000
 41
0.050000
  0
VERTEX
 5
F6F
  8
PLACEMENT_OUTLINE_TOP
 10
43.09700
 20
32.86100
 42
1.0
  0
VERTEX
 5
F70
  8
PLACEMENT_OUTLINE_TOP
 10
43.14700
 20
32.86100
 42
1.0
  0
SEQEND
  8
PLACEMENT_OUTLINE_TOP
  0
POLYLINE
 5
F71
  8
PLACEMENT_OUTLINE_TOP
 66
1
 40
0.100000
 41
0.100000
  0
VERTEX
 5
F72
  8
PLACEMENT_OUTLINE_TOP
 10
43.12200
 20
32.86100
  0
VERTEX
 5
F73
  8
PLACEMENT_OUTLINE_TOP
 10
40.32800
 20
32.86100
  0
SEQEND
  8
PLACEMENT_OUTLINE_TOP
  0
POLYLINE
 5
F74
  8
PLACEMENT_OUTLINE_TOP
 66
1
 70
1
 40
0.050000
 41
0.050000
  0
VERTEX
 5
F75
  8
PLACEMENT_OUTLINE_TOP
 10
43.09700
 20
32.86100
 42
1.0
  0
VERTEX
 5
F76
  8
PLACEMENT_OUTLINE_TOP
 10
43.14700
 20
32.86100
 42
1.0
  0
SEQEND
  8
PLACEMENT_OUTLINE_TOP
  0
POLYLINE
 5
F77
  8
PLACEMENT_OUTLINE_TOP
 66
1
 70
1
 40
0.050000
 41
0.050000
  0
VERTEX
 5
F78
  8
PLACEMENT_OUTLINE_TOP
 10
40.30300
 20
32.86100
 42
1.0
  0
VERTEX
 5
F79
  8
PLACEMENT_OUTLINE_TOP
 10
40.35300
 20
32.86100
 42
1.0
  0
SEQEND
  8
PLACEMENT_OUTLINE_TOP
  0
POLYLINE
 5
F7A
  8
PLACEMENT_OUTLINE_TOP
 66
1
 40
0.100000
 41
0.100000
  0
VERTEX
 5
F7B
  8
PLACEMENT_OUTLINE_TOP
 10
40.32800
 20
32.86100
  0
VERTEX
 5
F7C
  8
PLACEMENT_OUTLINE_TOP
 10
40.32800
 20
31.59100
  0
SEQEND
  8
PLACEMENT_OUTLINE_TOP
  0
POLYLINE
 5
F7D
  8
PLACEMENT_OUTLINE_TOP
 66
1
 70
1
 40
0.050000
 41
0.050000
  0
VERTEX
 5
F7E
  8
PLACEMENT_OUTLINE_TOP
 10
40.30300
 20
32.86100
 42
1.0
  0
VERTEX
 5
F7F
  8
PLACEMENT_OUTLINE_TOP
 10
40.35300
 20
32.86100
 42
1.0
  0
SEQEND
  8
PLACEMENT_OUTLINE_TOP
  0
POLYLINE
 5
F80
  8
PLACEMENT_OUTLINE_TOP
 66
1
 70
1
 40
0.050000
 41
0.050000
  0
VERTEX
 5
F81
  8
PLACEMENT_OUTLINE_TOP
 10
40.30300
 20
31.59100
 42
1.0
  0
VERTEX
 5
F82
  8
PLACEMENT_OUTLINE_TOP
 10
40.35300
 20
31.59100
 42
1.0
  0
SEQEND
  8
PLACEMENT_OUTLINE_TOP
  0
SOLID
 5
F83
  8
PADLAYER_TOP
 10
42.94420
 20
32.68320
 11
42.02980
 21
32.68320
 12
42.94420
 22
31.76880
 13
42.02980
 23
31.76880
  0
SOLID
 5
F84
  8
PADLAYER_TOP
 10
41.42020
 20
32.68320
 11
40.50580
 21
32.68320
 12
41.42020
 22
31.76880
 13
40.50580
 23
31.76880
  0
POLYLINE
 5
F85
  8
LAYNR1
 66
1
 40
0.200000
 41
0.200000
  0
VERTEX
 5
F86
  8
LAYNR1
 10
39.61000
 20
13.68500
  0
VERTEX
 5
F87
  8
LAYNR1
 10
40.53000
 20
13.68500
  0
SEQEND
  8
LAYNR1
  0
POLYLINE
 5
F88
  8
LAYNR1
 66
1
 70
1
 40
0.100000
 41
0.100000
  0
VERTEX
 5
F89
  8
LAYNR1
 10
39.56000
 20
13.68500
 42
1.0
  0
VERTEX
 5
F8A
  8
LAYNR1
 10
39.66000
 20
13.68500
 42
1.0
  0
SEQEND
  8
LAYNR1
  0
POLYLINE
 5
F8B
  8
LAYNR1
 66
1
 70
1
 40
0.100000
 41
0.100000
  0
VERTEX
 5
F8C
  8
LAYNR1
 10
40.48000
 20
13.68500
 42
1.0
  0
VERTEX
 5
F8D
  8
LAYNR1
 10
40.58000
 20
13.68500
 42
1.0
  0
SEQEND
  8
LAYNR1
  0
POLYLINE
 5
F8E
  8
LAYNR1
 66
1
 40
0.200000
 41
0.200000
  0
VERTEX
 5
F8F
  8
LAYNR1
 10
40.53000
 20
13.68500
  0
VERTEX
 5
F90
  8
LAYNR1
 10
40.53000
 20
13.14437
  0
SEQEND
  8
LAYNR1
  0
POLYLINE
 5
F91
  8
LAYNR1
 66
1
 70
1
 40
0.100000
 41
0.100000
  0
VERTEX
 5
F92
  8
LAYNR1
 10
40.48000
 20
13.68500
 42
1.0
  0
VERTEX
 5
F93
  8
LAYNR1
 10
40.58000
 20
13.68500
 42
1.0
  0
SEQEND
  8
LAYNR1
  0
POLYLINE
 5
F94
  8
LAYNR1
 66
1
 70
1
 40
0.100000
 41
0.100000
  0
VERTEX
 5
F95
  8
LAYNR1
 10
40.48000
 20
13.14437
 42
1.0
  0
VERTEX
 5
F96
  8
LAYNR1
 10
40.58000
 20
13.14437
 42
1.0
  0
SEQEND
  8
LAYNR1
  0
POLYLINE
 5
F97
  8
LAYNR1
 66
1
 40
0.200000
 41
0.200000
  0
VERTEX
 5
F98
  8
LAYNR1
 10
40.53000
 20
13.14437
  0
VERTEX
 5
F99
  8
LAYNR1
 10
41.00000
 20
13.14437
  0
SEQEND
  8
LAYNR1
  0
POLYLINE
 5
F9A
  8
LAYNR1
 66
1
 70
1
 40
0.100000
 41
0.100000
  0
VERTEX
 5
F9B
  8
LAYNR1
 10
40.48000
 20
13.14437
 42
1.0
  0
VERTEX
 5
F9C
  8
LAYNR1
 10
40.58000
 20
13.14437
 42
1.0
  0
SEQEND
  8
LAYNR1
  0
POLYLINE
 5
F9D
  8
LAYNR1
 66
1
 70
1
 40
0.100000
 41
0.100000
  0
VERTEX
 5
F9E
  8
LAYNR1
 10
40.95000
 20
13.14437
 42
1.0
  0
VERTEX
 5
F9F
  8
LAYNR1
 10
41.05000
 20
13.14437
 42
1.0
  0
SEQEND
  8
LAYNR1
  0
POLYLINE
 5
FA0
  8
LAYNR1
 66
1
 40
0.200000
 41
0.200000
  0
VERTEX
 5
FA1
  8
LAYNR1
 10
41.00000
 20
13.14437
  0
VERTEX
 5
FA2
  8
LAYNR1
 10
41.00000
 20
13.68500
  0
SEQEND
  8
LAYNR1
  0
POLYLINE
 5
FA3
  8
LAYNR1
 66
1
 70
1
 40
0.100000
 41
0.100000
  0
VERTEX
 5
FA4
  8
LAYNR1
 10
40.95000
 20
13.14437
 42
1.0
  0
VERTEX
 5
FA5
  8
LAYNR1
 10
41.05000
 20
13.14437
 42
1.0
  0
SEQEND
  8
LAYNR1
  0
POLYLINE
 5
FA6
  8
LAYNR1
 66
1
 70
1
 40
0.100000
 41
0.100000
  0
VERTEX
 5
FA7
  8
LAYNR1
 10
40.95000
 20
13.68500
 42
1.0
  0
VERTEX
 5
FA8
  8
LAYNR1
 10
41.05000
 20
13.68500
 42
1.0
  0
SEQEND
  8
LAYNR1
  0
POLYLINE
 5
FA9
  8
LAYNR1
 66
1
 40
0.200000
 41
0.200000
  0
VERTEX
 5
FAA
  8
LAYNR1
 10
41.00000
 20
13.68500
  0
VERTEX
 5
FAB
  8
LAYNR1
 10
41.91000
 20
13.68500
  0
SEQEND
  8
LAYNR1
  0
POLYLINE
 5
FAC
  8
LAYNR1
 66
1
 70
1
 40
0.100000
 41
0.100000
  0
VERTEX
 5
FAD
  8
LAYNR1
 10
40.95000
 20
13.68500
 42
1.0
  0
VERTEX
 5
FAE
  8
LAYNR1
 10
41.05000
 20
13.68500
 42
1.0
  0
SEQEND
  8
LAYNR1
  0
POLYLINE
 5
FAF
  8
LAYNR1
 66
1
 70
1
 40
0.100000
 41
0.100000
  0
VERTEX
 5
FB0
  8
LAYNR1
 10
41.86000
 20
13.68500
 42
1.0
  0
VERTEX
 5
FB1
  8
LAYNR1
 10
41.96000
 20
13.68500
 42
1.0
  0
SEQEND
  8
LAYNR1
  0
POLYLINE
 5
FB2
  8
LAYNR1
 66
1
 40
0.200000
 41
0.200000
  0
VERTEX
 5
FB3
  8
LAYNR1
 10
41.91000
 20
13.68500
  0
VERTEX
 5
FB4
  8
LAYNR1
 10
41.91000
 20
5.03500
  0
SEQEND
  8
LAYNR1
  0
POLYLINE
 5
FB5
  8
LAYNR1
 66
1
 70
1
 40
0.100000
 41
0.100000
  0
VERTEX
 5
FB6
  8
LAYNR1
 10
41.86000
 20
13.68500
 42
1.0
  0
VERTEX
 5
FB7
  8
LAYNR1
 10
41.96000
 20
13.68500
 42
1.0
  0
SEQEND
  8
LAYNR1
  0
POLYLINE
 5
FB8
  8
LAYNR1
 66
1
 70
1
 40
0.100000
 41
0.100000
  0
VERTEX
 5
FB9
  8
LAYNR1
 10
41.86000
 20
5.03500
 42
1.0
  0
VERTEX
 5
FBA
  8
LAYNR1
 10
41.96000
 20
5.03500
 42
1.0
  0
SEQEND
  8
LAYNR1
  0
POLYLINE
 5
FBB
  8
LAYNR1
 66
1
 40
0.200000
 41
0.200000
  0
VERTEX
 5
FBC
  8
LAYNR1
 10
41.91000
 20
5.03500
  0
VERTEX
 5
FBD
  8
LAYNR1
 10
39.61000
 20
5.03500
  0
SEQEND
  8
LAYNR1
  0
POLYLINE
 5
FBE
  8
LAYNR1
 66
1
 70
1
 40
0.100000
 41
0.100000
  0
VERTEX
 5
FBF
  8
LAYNR1
 10
41.86000
 20
5.03500
 42
1.0
  0
VERTEX
 5
FC0
  8
LAYNR1
 10
41.96000
 20
5.03500
 42
1.0
  0
SEQEND
  8
LAYNR1
  0
POLYLINE
 5
FC1
  8
LAYNR1
 66
1
 70
1
 40
0.100000
 41
0.100000
  0
VERTEX
 5
FC2
  8
LAYNR1
 10
39.56000
 20
5.03500
 42
1.0
  0
VERTEX
 5
FC3
  8
LAYNR1
 10
39.66000
 20
5.03500
 42
1.0
  0
SEQEND
  8
LAYNR1
  0
POLYLINE
 5
FC4
  8
LAYNR1
 66
1
 40
0.200000
 41
0.200000
  0
VERTEX
 5
FC5
  8
LAYNR1
 10
39.61000
 20
5.03500
  0
VERTEX
 5
FC6
  8
LAYNR1
 10
39.61000
 20
13.68500
  0
SEQEND
  8
LAYNR1
  0
POLYLINE
 5
FC7
  8
LAYNR1
 66
1
 70
1
 40
0.100000
 41
0.100000
  0
VERTEX
 5
FC8
  8
LAYNR1
 10
39.56000
 20
5.03500
 42
1.0
  0
VERTEX
 5
FC9
  8
LAYNR1
 10
39.66000
 20
5.03500
 42
1.0
  0
SEQEND
  8
LAYNR1
  0
POLYLINE
 5
FCA
  8
LAYNR1
 66
1
 70
1
 40
0.100000
 41
0.100000
  0
VERTEX
 5
FCB
  8
LAYNR1
 10
39.56000
 20
13.68500
 42
1.0
  0
VERTEX
 5
FCC
  8
LAYNR1
 10
39.66000
 20
13.68500
 42
1.0
  0
SEQEND
  8
LAYNR1
  0
POLYLINE
 5
FCD
  8
PLACEMENT_OUTLINE_TOP
 66
1
 40
0.025400
 41
0.025400
  0
VERTEX
 5
FCE
  8
PLACEMENT_OUTLINE_TOP
 10
37.31000
 20
5.25000
  0
VERTEX
 5
FCF
  8
PLACEMENT_OUTLINE_TOP
 10
37.31000
 20
13.47000
  0
SEQEND
  8
PLACEMENT_OUTLINE_TOP
  0
POLYLINE
 5
FD0
  8
PLACEMENT_OUTLINE_TOP
 66
1
 70
1
 40
0.012700
 41
0.012700
  0
VERTEX
 5
FD1
  8
PLACEMENT_OUTLINE_TOP
 10
37.30365
 20
5.25000
 42
1.0
  0
VERTEX
 5
FD2
  8
PLACEMENT_OUTLINE_TOP
 10
37.31635
 20
5.25000
 42
1.0
  0
SEQEND
  8
PLACEMENT_OUTLINE_TOP
  0
POLYLINE
 5
FD3
  8
PLACEMENT_OUTLINE_TOP
 66
1
 70
1
 40
0.012700
 41
0.012700
  0
VERTEX
 5
FD4
  8
PLACEMENT_OUTLINE_TOP
 10
37.30365
 20
13.47000
 42
1.0
  0
VERTEX
 5
FD5
  8
PLACEMENT_OUTLINE_TOP
 10
37.31635
 20
13.47000
 42
1.0
  0
SEQEND
  8
PLACEMENT_OUTLINE_TOP
  0
POLYLINE
 5
FD6
  8
PLACEMENT_OUTLINE_TOP
 66
1
 40
0.025400
 41
0.025400
  0
VERTEX
 5
FD7
  8
PLACEMENT_OUTLINE_TOP
 10
37.31000
 20
13.47000
  0
VERTEX
 5
FD8
  8
PLACEMENT_OUTLINE_TOP
 10
44.21000
 20
13.47000
  0
SEQEND
  8
PLACEMENT_OUTLINE_TOP
  0
POLYLINE
 5
FD9
  8
PLACEMENT_OUTLINE_TOP
 66
1
 70
1
 40
0.012700
 41
0.012700
  0
VERTEX
 5
FDA
  8
PLACEMENT_OUTLINE_TOP
 10
37.30365
 20
13.47000
 42
1.0
  0
VERTEX
 5
FDB
  8
PLACEMENT_OUTLINE_TOP
 10
37.31635
 20
13.47000
 42
1.0
  0
SEQEND
  8
PLACEMENT_OUTLINE_TOP
  0
POLYLINE
 5
FDC
  8
PLACEMENT_OUTLINE_TOP
 66
1
 70
1
 40
0.012700
 41
0.012700
  0
VERTEX
 5
FDD
  8
PLACEMENT_OUTLINE_TOP
 10
44.20365
 20
13.47000
 42
1.0
  0
VERTEX
 5
FDE
  8
PLACEMENT_OUTLINE_TOP
 10
44.21635
 20
13.47000
 42
1.0
  0
SEQEND
  8
PLACEMENT_OUTLINE_TOP
  0
POLYLINE
 5
FDF
  8
PLACEMENT_OUTLINE_TOP
 66
1
 40
0.025400
 41
0.025400
  0
VERTEX
 5
FE0
  8
PLACEMENT_OUTLINE_TOP
 10
44.21000
 20
13.47000
  0
VERTEX
 5
FE1
  8
PLACEMENT_OUTLINE_TOP
 10
44.21000
 20
5.25000
  0
SEQEND
  8
PLACEMENT_OUTLINE_TOP
  0
POLYLINE
 5
FE2
  8
PLACEMENT_OUTLINE_TOP
 66
1
 70
1
 40
0.012700
 41
0.012700
  0
VERTEX
 5
FE3
  8
PLACEMENT_OUTLINE_TOP
 10
44.20365
 20
13.47000
 42
1.0
  0
VERTEX
 5
FE4
  8
PLACEMENT_OUTLINE_TOP
 10
44.21635
 20
13.47000
 42
1.0
  0
SEQEND
  8
PLACEMENT_OUTLINE_TOP
  0
POLYLINE
 5
FE5
  8
PLACEMENT_OUTLINE_TOP
 66
1
 70
1
 40
0.012700
 41
0.012700
  0
VERTEX
 5
FE6
  8
PLACEMENT_OUTLINE_TOP
 10
44.20365
 20
5.25000
 42
1.0
  0
VERTEX
 5
FE7
  8
PLACEMENT_OUTLINE_TOP
 10
44.21635
 20
5.25000
 42
1.0
  0
SEQEND
  8
PLACEMENT_OUTLINE_TOP
  0
POLYLINE
 5
FE8
  8
PLACEMENT_OUTLINE_TOP
 66
1
 40
0.025400
 41
0.025400
  0
VERTEX
 5
FE9
  8
PLACEMENT_OUTLINE_TOP
 10
44.21000
 20
5.25000
  0
VERTEX
 5
FEA
  8
PLACEMENT_OUTLINE_TOP
 10
37.31000
 20
5.25000
  0
SEQEND
  8
PLACEMENT_OUTLINE_TOP
  0
POLYLINE
 5
FEB
  8
PLACEMENT_OUTLINE_TOP
 66
1
 70
1
 40
0.012700
 41
0.012700
  0
VERTEX
 5
FEC
  8
PLACEMENT_OUTLINE_TOP
 10
44.20365
 20
5.25000
 42
1.0
  0
VERTEX
 5
FED
  8
PLACEMENT_OUTLINE_TOP
 10
44.21635
 20
5.25000
 42
1.0
  0
SEQEND
  8
PLACEMENT_OUTLINE_TOP
  0
POLYLINE
 5
FEE
  8
PLACEMENT_OUTLINE_TOP
 66
1
 70
1
 40
0.012700
 41
0.012700
  0
VERTEX
 5
FEF
  8
PLACEMENT_OUTLINE_TOP
 10
37.30365
 20
5.25000
 42
1.0
  0
VERTEX
 5
FF0
  8
PLACEMENT_OUTLINE_TOP
 10
37.31635
 20
5.25000
 42
1.0
  0
SEQEND
  8
PLACEMENT_OUTLINE_TOP
  0
SOLID
 5
FF1
  8
PADLAYER_TOP
 10
37.31000
 20
12.87000
 11
39.26000
 21
12.87000
 12
37.31000
 22
13.47000
 13
39.26000
 23
13.47000
  0
SOLID
 5
FF2
  8
PADLAYER_TOP
 10
37.31000
 20
11.60000
 11
39.26000
 21
11.60000
 12
37.31000
 22
12.20000
 13
39.26000
 23
12.20000
  0
SOLID
 5
FF3
  8
PADLAYER_TOP
 10
37.31000
 20
10.33000
 11
39.26000
 21
10.33000
 12
37.31000
 22
10.93000
 13
39.26000
 23
10.93000
  0
SOLID
 5
FF4
  8
PADLAYER_TOP
 10
37.31000
 20
9.06000
 11
39.26000
 21
9.06000
 12
37.31000
 22
9.66000
 13
39.26000
 23
9.66000
  0
SOLID
 5
FF5
  8
PADLAYER_TOP
 10
37.31000
 20
7.79000
 11
39.26000
 21
7.79000
 12
37.31000
 22
8.39000
 13
39.26000
 23
8.39000
  0
SOLID
 5
FF6
  8
PADLAYER_TOP
 10
37.31000
 20
6.52000
 11
39.26000
 21
6.52000
 12
37.31000
 22
7.12000
 13
39.26000
 23
7.12000
  0
SOLID
 5
FF7
  8
PADLAYER_TOP
 10
37.31000
 20
5.25000
 11
39.26000
 21
5.25000
 12
37.31000
 22
5.85000
 13
39.26000
 23
5.85000
  0
SOLID
 5
FF8
  8
PADLAYER_TOP
 10
42.26000
 20
5.25000
 11
44.21000
 21
5.25000
 12
42.26000
 22
5.85000
 13
44.21000
 23
5.85000
  0
SOLID
 5
FF9
  8
PADLAYER_TOP
 10
42.26000
 20
6.52000
 11
44.21000
 21
6.52000
 12
42.26000
 22
7.12000
 13
44.21000
 23
7.12000
  0
SOLID
 5
FFA
  8
PADLAYER_TOP
 10
42.26000
 20
7.79000
 11
44.21000
 21
7.79000
 12
42.26000
 22
8.39000
 13
44.21000
 23
8.39000
  0
SOLID
 5
FFB
  8
PADLAYER_TOP
 10
42.26000
 20
9.06000
 11
44.21000
 21
9.06000
 12
42.26000
 22
9.66000
 13
44.21000
 23
9.66000
  0
SOLID
 5
FFC
  8
PADLAYER_TOP
 10
42.26000
 20
10.33000
 11
44.21000
 21
10.33000
 12
42.26000
 22
10.93000
 13
44.21000
 23
10.93000
  0
SOLID
 5
FFD
  8
PADLAYER_TOP
 10
42.26000
 20
11.60000
 11
44.21000
 21
11.60000
 12
42.26000
 22
12.20000
 13
44.21000
 23
12.20000
  0
SOLID
 5
FFE
  8
PADLAYER_TOP
 10
42.26000
 20
12.87000
 11
44.21000
 21
12.87000
 12
42.26000
 22
13.47000
 13
44.21000
 23
13.47000
  0
POLYLINE
 5
FFF
  8
LAYNR1
 66
1
 40
0.203200
 41
0.203200
  0
VERTEX
 5
1000
  8
LAYNR1
 10
36.11000
 20
12.41000
  0
VERTEX
 5
1001
  8
LAYNR1
 10
35.41000
 20
12.41000
  0
SEQEND
  8
LAYNR1
  0
POLYLINE
 5
1002
  8
LAYNR1
 66
1
 70
1
 40
0.101600
 41
0.101600
  0
VERTEX
 5
1003
  8
LAYNR1
 10
36.05920
 20
12.41000
 42
1.0
  0
VERTEX
 5
1004
  8
LAYNR1
 10
36.16080
 20
12.41000
 42
1.0
  0
SEQEND
  8
LAYNR1
  0
POLYLINE
 5
1005
  8
LAYNR1
 66
1
 70
1
 40
0.101600
 41
0.101600
  0
VERTEX
 5
1006
  8
LAYNR1
 10
35.35920
 20
12.41000
 42
1.0
  0
VERTEX
 5
1007
  8
LAYNR1
 10
35.46080
 20
12.41000
 42
1.0
  0
SEQEND
  8
LAYNR1
  0
POLYLINE
 5
1008
  8
PLACEMENT_OUTLINE_TOP
 66
1
 40
0.100000
 41
0.100000
  0
VERTEX
 5
1009
  8
PLACEMENT_OUTLINE_TOP
 10
36.39500
 20
11.01300
  0
VERTEX
 5
100A
  8
PLACEMENT_OUTLINE_TOP
 10
36.39500
 20
13.80700
  0
SEQEND
  8
PLACEMENT_OUTLINE_TOP
  0
POLYLINE
 5
100B
  8
PLACEMENT_OUTLINE_TOP
 66
1
 70
1
 40
0.050000
 41
0.050000
  0
VERTEX
 5
100C
  8
PLACEMENT_OUTLINE_TOP
 10
36.37000
 20
11.01300
 42
1.0
  0
VERTEX
 5
100D
  8
PLACEMENT_OUTLINE_TOP
 10
36.42000
 20
11.01300
 42
1.0
  0
SEQEND
  8
PLACEMENT_OUTLINE_TOP
  0
POLYLINE
 5
100E
  8
PLACEMENT_OUTLINE_TOP
 66
1
 70
1
 40
0.050000
 41
0.050000
  0
VERTEX
 5
100F
  8
PLACEMENT_OUTLINE_TOP
 10
36.37000
 20
13.80700
 42
1.0
  0
VERTEX
 5
1010
  8
PLACEMENT_OUTLINE_TOP
 10
36.42000
 20
13.80700
 42
1.0
  0
SEQEND
  8
PLACEMENT_OUTLINE_TOP
  0
POLYLINE
 5
1011
  8
PLACEMENT_OUTLINE_TOP
 66
1
 40
0.100000
 41
0.100000
  0
VERTEX
 5
1012
  8
PLACEMENT_OUTLINE_TOP
 10
36.39500
 20
13.80700
  0
VERTEX
 5
1013
  8
PLACEMENT_OUTLINE_TOP
 10
35.12500
 20
13.80700
  0
SEQEND
  8
PLACEMENT_OUTLINE_TOP
  0
POLYLINE
 5
1014
  8
PLACEMENT_OUTLINE_TOP
 66
1
 70
1
 40
0.050000
 41
0.050000
  0
VERTEX
 5
1015
  8
PLACEMENT_OUTLINE_TOP
 10
36.37000
 20
13.80700
 42
1.0
  0
VERTEX
 5
1016
  8
PLACEMENT_OUTLINE_TOP
 10
36.42000
 20
13.80700
 42
1.0
  0
SEQEND
  8
PLACEMENT_OUTLINE_TOP
  0
POLYLINE
 5
1017
  8
PLACEMENT_OUTLINE_TOP
 66
1
 70
1
 40
0.050000
 41
0.050000
  0
VERTEX
 5
1018
  8
PLACEMENT_OUTLINE_TOP
 10
35.10000
 20
13.80700
 42
1.0
  0
VERTEX
 5
1019
  8
PLACEMENT_OUTLINE_TOP
 10
35.15000
 20
13.80700
 42
1.0
  0
SEQEND
  8
PLACEMENT_OUTLINE_TOP
  0
POLYLINE
 5
101A
  8
PLACEMENT_OUTLINE_TOP
 66
1
 40
0.100000
 41
0.100000
  0
VERTEX
 5
101B
  8
PLACEMENT_OUTLINE_TOP
 10
35.12500
 20
13.80700
  0
VERTEX
 5
101C
  8
PLACEMENT_OUTLINE_TOP
 10
35.12500
 20
11.01300
  0
SEQEND
  8
PLACEMENT_OUTLINE_TOP
  0
POLYLINE
 5
101D
  8
PLACEMENT_OUTLINE_TOP
 66
1
 70
1
 40
0.050000
 41
0.050000
  0
VERTEX
 5
101E
  8
PLACEMENT_OUTLINE_TOP
 10
35.10000
 20
13.80700
 42
1.0
  0
VERTEX
 5
101F
  8
PLACEMENT_OUTLINE_TOP
 10
35.15000
 20
13.80700
 42
1.0
  0
SEQEND
  8
PLACEMENT_OUTLINE_TOP
  0
POLYLINE
 5
1020
  8
PLACEMENT_OUTLINE_TOP
 66
1
 70
1
 40
0.050000
 41
0.050000
  0
VERTEX
 5
1021
  8
PLACEMENT_OUTLINE_TOP
 10
35.10000
 20
11.01300
 42
1.0
  0
VERTEX
 5
1022
  8
PLACEMENT_OUTLINE_TOP
 10
35.15000
 20
11.01300
 42
1.0
  0
SEQEND
  8
PLACEMENT_OUTLINE_TOP
  0
POLYLINE
 5
1023
  8
PLACEMENT_OUTLINE_TOP
 66
1
 40
0.100000
 41
0.100000
  0
VERTEX
 5
1024
  8
PLACEMENT_OUTLINE_TOP
 10
35.12500
 20
11.01300
  0
VERTEX
 5
1025
  8
PLACEMENT_OUTLINE_TOP
 10
36.39500
 20
11.01300
  0
SEQEND
  8
PLACEMENT_OUTLINE_TOP
  0
POLYLINE
 5
1026
  8
PLACEMENT_OUTLINE_TOP
 66
1
 70
1
 40
0.050000
 41
0.050000
  0
VERTEX
 5
1027
  8
PLACEMENT_OUTLINE_TOP
 10
35.10000
 20
11.01300
 42
1.0
  0
VERTEX
 5
1028
  8
PLACEMENT_OUTLINE_TOP
 10
35.15000
 20
11.01300
 42
1.0
  0
SEQEND
  8
PLACEMENT_OUTLINE_TOP
  0
POLYLINE
 5
1029
  8
PLACEMENT_OUTLINE_TOP
 66
1
 70
1
 40
0.050000
 41
0.050000
  0
VERTEX
 5
102A
  8
PLACEMENT_OUTLINE_TOP
 10
36.37000
 20
11.01300
 42
1.0
  0
VERTEX
 5
102B
  8
PLACEMENT_OUTLINE_TOP
 10
36.42000
 20
11.01300
 42
1.0
  0
SEQEND
  8
PLACEMENT_OUTLINE_TOP
  0
SOLID
 5
102C
  8
PADLAYER_TOP
 10
35.30280
 20
13.62920
 11
35.30280
 21
12.71480
 12
36.21720
 22
13.62920
 13
36.21720
 23
12.71480
  0
SOLID
 5
102D
  8
PADLAYER_TOP
 10
35.30280
 20
12.10520
 11
35.30280
 21
11.19080
 12
36.21720
 22
12.10520
 13
36.21720
 23
11.19080
  0
POLYLINE
 5
102E
  8
LAYNR1
 66
1
 40
0.203200
 41
0.203200
  0
VERTEX
 5
102F
  8
LAYNR1
 10
33.91000
 20
8.91000
  0
VERTEX
 5
1030
  8
LAYNR1
 10
34.61000
 20
8.91000
  0
SEQEND
  8
LAYNR1
  0
POLYLINE
 5
1031
  8
LAYNR1
 66
1
 70
1
 40
0.101600
 41
0.101600
  0
VERTEX
 5
1032
  8
LAYNR1
 10
33.85920
 20
8.91000
 42
1.0
  0
VERTEX
 5
1033
  8
LAYNR1
 10
33.96080
 20
8.91000
 42
1.0
  0
SEQEND
  8
LAYNR1
  0
POLYLINE
 5
1034
  8
LAYNR1
 66
1
 70
1
 40
0.101600
 41
0.101600
  0
VERTEX
 5
1035
  8
LAYNR1
 10
34.55920
 20
8.91000
 42
1.0
  0
VERTEX
 5
1036
  8
LAYNR1
 10
34.66080
 20
8.91000
 42
1.0
  0
SEQEND
  8
LAYNR1
  0
POLYLINE
 5
1037
  8
PLACEMENT_OUTLINE_TOP
 66
1
 40
0.100000
 41
0.100000
  0
VERTEX
 5
1038
  8
PLACEMENT_OUTLINE_TOP
 10
33.62500
 20
10.30700
  0
VERTEX
 5
1039
  8
PLACEMENT_OUTLINE_TOP
 10
33.62500
 20
7.51300
  0
SEQEND
  8
PLACEMENT_OUTLINE_TOP
  0
POLYLINE
 5
103A
  8
PLACEMENT_OUTLINE_TOP
 66
1
 70
1
 40
0.050000
 41
0.050000
  0
VERTEX
 5
103B
  8
PLACEMENT_OUTLINE_TOP
 10
33.60000
 20
10.30700
 42
1.0
  0
VERTEX
 5
103C
  8
PLACEMENT_OUTLINE_TOP
 10
33.65000
 20
10.30700
 42
1.0
  0
SEQEND
  8
PLACEMENT_OUTLINE_TOP
  0
POLYLINE
 5
103D
  8
PLACEMENT_OUTLINE_TOP
 66
1
 70
1
 40
0.050000
 41
0.050000
  0
VERTEX
 5
103E
  8
PLACEMENT_OUTLINE_TOP
 10
33.60000
 20
7.51300
 42
1.0
  0
VERTEX
 5
103F
  8
PLACEMENT_OUTLINE_TOP
 10
33.65000
 20
7.51300
 42
1.0
  0
SEQEND
  8
PLACEMENT_OUTLINE_TOP
  0
POLYLINE
 5
1040
  8
PLACEMENT_OUTLINE_TOP
 66
1
 40
0.100000
 41
0.100000
  0
VERTEX
 5
1041
  8
PLACEMENT_OUTLINE_TOP
 10
33.62500
 20
7.51300
  0
VERTEX
 5
1042
  8
PLACEMENT_OUTLINE_TOP
 10
34.89500
 20
7.51300
  0
SEQEND
  8
PLACEMENT_OUTLINE_TOP
  0
POLYLINE
 5
1043
  8
PLACEMENT_OUTLINE_TOP
 66
1
 70
1
 40
0.050000
 41
0.050000
  0
VERTEX
 5
1044
  8
PLACEMENT_OUTLINE_TOP
 10
33.60000
 20
7.51300
 42
1.0
  0
VERTEX
 5
1045
  8
PLACEMENT_OUTLINE_TOP
 10
33.65000
 20
7.51300
 42
1.0
  0
SEQEND
  8
PLACEMENT_OUTLINE_TOP
  0
POLYLINE
 5
1046
  8
PLACEMENT_OUTLINE_TOP
 66
1
 70
1
 40
0.050000
 41
0.050000
  0
VERTEX
 5
1047
  8
PLACEMENT_OUTLINE_TOP
 10
34.87000
 20
7.51300
 42
1.0
  0
VERTEX
 5
1048
  8
PLACEMENT_OUTLINE_TOP
 10
34.92000
 20
7.51300
 42
1.0
  0
SEQEND
  8
PLACEMENT_OUTLINE_TOP
  0
POLYLINE
 5
1049
  8
PLACEMENT_OUTLINE_TOP
 66
1
 40
0.100000
 41
0.100000
  0
VERTEX
 5
104A
  8
PLACEMENT_OUTLINE_TOP
 10
34.89500
 20
7.51300
  0
VERTEX
 5
104B
  8
PLACEMENT_OUTLINE_TOP
 10
34.89500
 20
10.30700
  0
SEQEND
  8
PLACEMENT_OUTLINE_TOP
  0
POLYLINE
 5
104C
  8
PLACEMENT_OUTLINE_TOP
 66
1
 70
1
 40
0.050000
 41
0.050000
  0
VERTEX
 5
104D
  8
PLACEMENT_OUTLINE_TOP
 10
34.87000
 20
7.51300
 42
1.0
  0
VERTEX
 5
104E
  8
PLACEMENT_OUTLINE_TOP
 10
34.92000
 20
7.51300
 42
1.0
  0
SEQEND
  8
PLACEMENT_OUTLINE_TOP
  0
POLYLINE
 5
104F
  8
PLACEMENT_OUTLINE_TOP
 66
1
 70
1
 40
0.050000
 41
0.050000
  0
VERTEX
 5
1050
  8
PLACEMENT_OUTLINE_TOP
 10
34.87000
 20
10.30700
 42
1.0
  0
VERTEX
 5
1051
  8
PLACEMENT_OUTLINE_TOP
 10
34.92000
 20
10.30700
 42
1.0
  0
SEQEND
  8
PLACEMENT_OUTLINE_TOP
  0
POLYLINE
 5
1052
  8
PLACEMENT_OUTLINE_TOP
 66
1
 40
0.100000
 41
0.100000
  0
VERTEX
 5
1053
  8
PLACEMENT_OUTLINE_TOP
 10
34.89500
 20
10.30700
  0
VERTEX
 5
1054
  8
PLACEMENT_OUTLINE_TOP
 10
33.62500
 20
10.30700
  0
SEQEND
  8
PLACEMENT_OUTLINE_TOP
  0
POLYLINE
 5
1055
  8
PLACEMENT_OUTLINE_TOP
 66
1
 70
1
 40
0.050000
 41
0.050000
  0
VERTEX
 5
1056
  8
PLACEMENT_OUTLINE_TOP
 10
34.87000
 20
10.30700
 42
1.0
  0
VERTEX
 5
1057
  8
PLACEMENT_OUTLINE_TOP
 10
34.92000
 20
10.30700
 42
1.0
  0
SEQEND
  8
PLACEMENT_OUTLINE_TOP
  0
POLYLINE
 5
1058
  8
PLACEMENT_OUTLINE_TOP
 66
1
 70
1
 40
0.050000
 41
0.050000
  0
VERTEX
 5
1059
  8
PLACEMENT_OUTLINE_TOP
 10
33.60000
 20
10.30700
 42
1.0
  0
VERTEX
 5
105A
  8
PLACEMENT_OUTLINE_TOP
 10
33.65000
 20
10.30700
 42
1.0
  0
SEQEND
  8
PLACEMENT_OUTLINE_TOP
  0
SOLID
 5
105B
  8
PADLAYER_TOP
 10
34.71720
 20
7.69080
 11
34.71720
 21
8.60520
 12
33.80280
 22
7.69080
 13
33.80280
 23
8.60520
  0
SOLID
 5
105C
  8
PADLAYER_TOP
 10
34.71720
 20
9.21480
 11
34.71720
 21
10.12920
 12
33.80280
 22
9.21480
 13
33.80280
 23
10.12920
  0
POLYLINE
 5
105D
  8
LAYNR1
 66
1
 40
0.150000
 41
0.150000
  0
VERTEX
 5
105E
  8
LAYNR1
 10
34.61000
 20
12.41000
  0
VERTEX
 5
105F
  8
LAYNR1
 10
33.91000
 20
12.41000
  0
SEQEND
  8
LAYNR1
  0
POLYLINE
 5
1060
  8
LAYNR1
 66
1
 70
1
 40
0.075000
 41
0.075000
  0
VERTEX
 5
1061
  8
LAYNR1
 10
34.57250
 20
12.41000
 42
1.0
  0
VERTEX
 5
1062
  8
LAYNR1
 10
34.64750
 20
12.41000
 42
1.0
  0
SEQEND
  8
LAYNR1
  0
POLYLINE
 5
1063
  8
LAYNR1
 66
1
 70
1
 40
0.075000
 41
0.075000
  0
VERTEX
 5
1064
  8
LAYNR1
 10
33.87250
 20
12.41000
 42
1.0
  0
VERTEX
 5
1065
  8
LAYNR1
 10
33.94750
 20
12.41000
 42
1.0
  0
SEQEND
  8
LAYNR1
  0
POLYLINE
 5
1066
  8
PLACEMENT_OUTLINE_TOP
 66
1
 40
0.100000
 41
0.100000
  0
VERTEX
 5
1067
  8
PLACEMENT_OUTLINE_TOP
 10
33.62500
 20
13.80700
  0
VERTEX
 5
1068
  8
PLACEMENT_OUTLINE_TOP
 10
33.62500
 20
11.01300
  0
SEQEND
  8
PLACEMENT_OUTLINE_TOP
  0
POLYLINE
 5
1069
  8
PLACEMENT_OUTLINE_TOP
 66
1
 70
1
 40
0.050000
 41
0.050000
  0
VERTEX
 5
106A
  8
PLACEMENT_OUTLINE_TOP
 10
33.60000
 20
13.80700
 42
1.0
  0
VERTEX
 5
106B
  8
PLACEMENT_OUTLINE_TOP
 10
33.65000
 20
13.80700
 42
1.0
  0
SEQEND
  8
PLACEMENT_OUTLINE_TOP
  0
POLYLINE
 5
106C
  8
PLACEMENT_OUTLINE_TOP
 66
1
 70
1
 40
0.050000
 41
0.050000
  0
VERTEX
 5
106D
  8
PLACEMENT_OUTLINE_TOP
 10
33.60000
 20
11.01300
 42
1.0
  0
VERTEX
 5
106E
  8
PLACEMENT_OUTLINE_TOP
 10
33.65000
 20
11.01300
 42
1.0
  0
SEQEND
  8
PLACEMENT_OUTLINE_TOP
  0
POLYLINE
 5
106F
  8
PLACEMENT_OUTLINE_TOP
 66
1
 40
0.100000
 41
0.100000
  0
VERTEX
 5
1070
  8
PLACEMENT_OUTLINE_TOP
 10
33.62500
 20
11.01300
  0
VERTEX
 5
1071
  8
PLACEMENT_OUTLINE_TOP
 10
34.89500
 20
11.01300
  0
SEQEND
  8
PLACEMENT_OUTLINE_TOP
  0
POLYLINE
 5
1072
  8
PLACEMENT_OUTLINE_TOP
 66
1
 70
1
 40
0.050000
 41
0.050000
  0
VERTEX
 5
1073
  8
PLACEMENT_OUTLINE_TOP
 10
33.60000
 20
11.01300
 42
1.0
  0
VERTEX
 5
1074
  8
PLACEMENT_OUTLINE_TOP
 10
33.65000
 20
11.01300
 42
1.0
  0
SEQEND
  8
PLACEMENT_OUTLINE_TOP
  0
POLYLINE
 5
1075
  8
PLACEMENT_OUTLINE_TOP
 66
1
 70
1
 40
0.050000
 41
0.050000
  0
VERTEX
 5
1076
  8
PLACEMENT_OUTLINE_TOP
 10
34.87000
 20
11.01300
 42
1.0
  0
VERTEX
 5
1077
  8
PLACEMENT_OUTLINE_TOP
 10
34.92000
 20
11.01300
 42
1.0
  0
SEQEND
  8
PLACEMENT_OUTLINE_TOP
  0
POLYLINE
 5
1078
  8
PLACEMENT_OUTLINE_TOP
 66
1
 40
0.100000
 41
0.100000
  0
VERTEX
 5
1079
  8
PLACEMENT_OUTLINE_TOP
 10
34.89500
 20
11.01300
  0
VERTEX
 5
107A
  8
PLACEMENT_OUTLINE_TOP
 10
34.89500
 20
13.80700
  0
SEQEND
  8
PLACEMENT_OUTLINE_TOP
  0
POLYLINE
 5
107B
  8
PLACEMENT_OUTLINE_TOP
 66
1
 70
1
 40
0.050000
 41
0.050000
  0
VERTEX
 5
107C
  8
PLACEMENT_OUTLINE_TOP
 10
34.87000
 20
11.01300
 42
1.0
  0
VERTEX
 5
107D
  8
PLACEMENT_OUTLINE_TOP
 10
34.92000
 20
11.01300
 42
1.0
  0
SEQEND
  8
PLACEMENT_OUTLINE_TOP
  0
POLYLINE
 5
107E
  8
PLACEMENT_OUTLINE_TOP
 66
1
 70
1
 40
0.050000
 41
0.050000
  0
VERTEX
 5
107F
  8
PLACEMENT_OUTLINE_TOP
 10
34.87000
 20
13.80700
 42
1.0
  0
VERTEX
 5
1080
  8
PLACEMENT_OUTLINE_TOP
 10
34.92000
 20
13.80700
 42
1.0
  0
SEQEND
  8
PLACEMENT_OUTLINE_TOP
  0
POLYLINE
 5
1081
  8
PLACEMENT_OUTLINE_TOP
 66
1
 40
0.100000
 41
0.100000
  0
VERTEX
 5
1082
  8
PLACEMENT_OUTLINE_TOP
 10
34.89500
 20
13.80700
  0
VERTEX
 5
1083
  8
PLACEMENT_OUTLINE_TOP
 10
33.62500
 20
13.80700
  0
SEQEND
  8
PLACEMENT_OUTLINE_TOP
  0
POLYLINE
 5
1084
  8
PLACEMENT_OUTLINE_TOP
 66
1
 70
1
 40
0.050000
 41
0.050000
  0
VERTEX
 5
1085
  8
PLACEMENT_OUTLINE_TOP
 10
34.87000
 20
13.80700
 42
1.0
  0
VERTEX
 5
1086
  8
PLACEMENT_OUTLINE_TOP
 10
34.92000
 20
13.80700
 42
1.0
  0
SEQEND
  8
PLACEMENT_OUTLINE_TOP
  0
POLYLINE
 5
1087
  8
PLACEMENT_OUTLINE_TOP
 66
1
 70
1
 40
0.050000
 41
0.050000
  0
VERTEX
 5
1088
  8
PLACEMENT_OUTLINE_TOP
 10
33.60000
 20
13.80700
 42
1.0
  0
VERTEX
 5
1089
  8
PLACEMENT_OUTLINE_TOP
 10
33.65000
 20
13.80700
 42
1.0
  0
SEQEND
  8
PLACEMENT_OUTLINE_TOP
  0
SOLID
 5
108A
  8
PADLAYER_TOP
 10
34.71720
 20
11.19080
 11
34.71720
 21
12.10520
 12
33.80280
 22
11.19080
 13
33.80280
 23
12.10520
  0
SOLID
 5
108B
  8
PADLAYER_TOP
 10
34.71720
 20
12.71480
 11
34.71720
 21
13.62920
 12
33.80280
 22
12.71480
 13
33.80280
 23
13.62920
  0
POLYLINE
 5
108C
  8
LAYNR1
 66
1
 40
0.150000
 41
0.150000
  0
VERTEX
 5
108D
  8
LAYNR1
 10
33.11000
 20
12.41000
  0
VERTEX
 5
108E
  8
LAYNR1
 10
32.41000
 20
12.41000
  0
SEQEND
  8
LAYNR1
  0
POLYLINE
 5
108F
  8
LAYNR1
 66
1
 70
1
 40
0.075000
 41
0.075000
  0
VERTEX
 5
1090
  8
LAYNR1
 10
33.07250
 20
12.41000
 42
1.0
  0
VERTEX
 5
1091
  8
LAYNR1
 10
33.14750
 20
12.41000
 42
1.0
  0
SEQEND
  8
LAYNR1
  0
POLYLINE
 5
1092
  8
LAYNR1
 66
1
 70
1
 40
0.075000
 41
0.075000
  0
VERTEX
 5
1093
  8
LAYNR1
 10
32.37250
 20
12.41000
 42
1.0
  0
VERTEX
 5
1094
  8
LAYNR1
 10
32.44750
 20
12.41000
 42
1.0
  0
SEQEND
  8
LAYNR1
  0
POLYLINE
 5
1095
  8
PLACEMENT_OUTLINE_TOP
 66
1
 40
0.100000
 41
0.100000
  0
VERTEX
 5
1096
  8
PLACEMENT_OUTLINE_TOP
 10
32.12500
 20
13.80700
  0
VERTEX
 5
1097
  8
PLACEMENT_OUTLINE_TOP
 10
32.12500
 20
11.01300
  0
SEQEND
  8
PLACEMENT_OUTLINE_TOP
  0
POLYLINE
 5
1098
  8
PLACEMENT_OUTLINE_TOP
 66
1
 70
1
 40
0.050000
 41
0.050000
  0
VERTEX
 5
1099
  8
PLACEMENT_OUTLINE_TOP
 10
32.10000
 20
13.80700
 42
1.0
  0
VERTEX
 5
109A
  8
PLACEMENT_OUTLINE_TOP
 10
32.15000
 20
13.80700
 42
1.0
  0
SEQEND
  8
PLACEMENT_OUTLINE_TOP
  0
POLYLINE
 5
109B
  8
PLACEMENT_OUTLINE_TOP
 66
1
 70
1
 40
0.050000
 41
0.050000
  0
VERTEX
 5
109C
  8
PLACEMENT_OUTLINE_TOP
 10
32.10000
 20
11.01300
 42
1.0
  0
VERTEX
 5
109D
  8
PLACEMENT_OUTLINE_TOP
 10
32.15000
 20
11.01300
 42
1.0
  0
SEQEND
  8
PLACEMENT_OUTLINE_TOP
  0
POLYLINE
 5
109E
  8
PLACEMENT_OUTLINE_TOP
 66
1
 40
0.100000
 41
0.100000
  0
VERTEX
 5
109F
  8
PLACEMENT_OUTLINE_TOP
 10
32.12500
 20
11.01300
  0
VERTEX
 5
10A0
  8
PLACEMENT_OUTLINE_TOP
 10
33.39500
 20
11.01300
  0
SEQEND
  8
PLACEMENT_OUTLINE_TOP
  0
POLYLINE
 5
10A1
  8
PLACEMENT_OUTLINE_TOP
 66
1
 70
1
 40
0.050000
 41
0.050000
  0
VERTEX
 5
10A2
  8
PLACEMENT_OUTLINE_TOP
 10
32.10000
 20
11.01300
 42
1.0
  0
VERTEX
 5
10A3
  8
PLACEMENT_OUTLINE_TOP
 10
32.15000
 20
11.01300
 42
1.0
  0
SEQEND
  8
PLACEMENT_OUTLINE_TOP
  0
POLYLINE
 5
10A4
  8
PLACEMENT_OUTLINE_TOP
 66
1
 70
1
 40
0.050000
 41
0.050000
  0
VERTEX
 5
10A5
  8
PLACEMENT_OUTLINE_TOP
 10
33.37000
 20
11.01300
 42
1.0
  0
VERTEX
 5
10A6
  8
PLACEMENT_OUTLINE_TOP
 10
33.42000
 20
11.01300
 42
1.0
  0
SEQEND
  8
PLACEMENT_OUTLINE_TOP
  0
POLYLINE
 5
10A7
  8
PLACEMENT_OUTLINE_TOP
 66
1
 40
0.100000
 41
0.100000
  0
VERTEX
 5
10A8
  8
PLACEMENT_OUTLINE_TOP
 10
33.39500
 20
11.01300
  0
VERTEX
 5
10A9
  8
PLACEMENT_OUTLINE_TOP
 10
33.39500
 20
13.80700
  0
SEQEND
  8
PLACEMENT_OUTLINE_TOP
  0
POLYLINE
 5
10AA
  8
PLACEMENT_OUTLINE_TOP
 66
1
 70
1
 40
0.050000
 41
0.050000
  0
VERTEX
 5
10AB
  8
PLACEMENT_OUTLINE_TOP
 10
33.37000
 20
11.01300
 42
1.0
  0
VERTEX
 5
10AC
  8
PLACEMENT_OUTLINE_TOP
 10
33.42000
 20
11.01300
 42
1.0
  0
SEQEND
  8
PLACEMENT_OUTLINE_TOP
  0
POLYLINE
 5
10AD
  8
PLACEMENT_OUTLINE_TOP
 66
1
 70
1
 40
0.050000
 41
0.050000
  0
VERTEX
 5
10AE
  8
PLACEMENT_OUTLINE_TOP
 10
33.37000
 20
13.80700
 42
1.0
  0
VERTEX
 5
10AF
  8
PLACEMENT_OUTLINE_TOP
 10
33.42000
 20
13.80700
 42
1.0
  0
SEQEND
  8
PLACEMENT_OUTLINE_TOP
  0
POLYLINE
 5
10B0
  8
PLACEMENT_OUTLINE_TOP
 66
1
 40
0.100000
 41
0.100000
  0
VERTEX
 5
10B1
  8
PLACEMENT_OUTLINE_TOP
 10
33.39500
 20
13.80700
  0
VERTEX
 5
10B2
  8
PLACEMENT_OUTLINE_TOP
 10
32.12500
 20
13.80700
  0
SEQEND
  8
PLACEMENT_OUTLINE_TOP
  0
POLYLINE
 5
10B3
  8
PLACEMENT_OUTLINE_TOP
 66
1
 70
1
 40
0.050000
 41
0.050000
  0
VERTEX
 5
10B4
  8
PLACEMENT_OUTLINE_TOP
 10
33.37000
 20
13.80700
 42
1.0
  0
VERTEX
 5
10B5
  8
PLACEMENT_OUTLINE_TOP
 10
33.42000
 20
13.80700
 42
1.0
  0
SEQEND
  8
PLACEMENT_OUTLINE_TOP
  0
POLYLINE
 5
10B6
  8
PLACEMENT_OUTLINE_TOP
 66
1
 70
1
 40
0.050000
 41
0.050000
  0
VERTEX
 5
10B7
  8
PLACEMENT_OUTLINE_TOP
 10
32.10000
 20
13.80700
 42
1.0
  0
VERTEX
 5
10B8
  8
PLACEMENT_OUTLINE_TOP
 10
32.15000
 20
13.80700
 42
1.0
  0
SEQEND
  8
PLACEMENT_OUTLINE_TOP
  0
SOLID
 5
10B9
  8
PADLAYER_TOP
 10
33.21720
 20
11.19080
 11
33.21720
 21
12.10520
 12
32.30280
 22
11.19080
 13
32.30280
 23
12.10520
  0
SOLID
 5
10BA
  8
PADLAYER_TOP
 10
33.21720
 20
12.71480
 11
33.21720
 21
13.62920
 12
32.30280
 22
12.71480
 13
32.30280
 23
13.62920
  0
POLYLINE
 5
10BB
  8
LAYNR1
 66
1
 40
0.150000
 41
0.150000
  0
VERTEX
 5
10BC
  8
LAYNR1
 10
32.41000
 20
8.91000
  0
VERTEX
 5
10BD
  8
LAYNR1
 10
33.11000
 20
8.91000
  0
SEQEND
  8
LAYNR1
  0
POLYLINE
 5
10BE
  8
LAYNR1
 66
1
 70
1
 40
0.075000
 41
0.075000
  0
VERTEX
 5
10BF
  8
LAYNR1
 10
32.37250
 20
8.91000
 42
1.0
  0
VERTEX
 5
10C0
  8
LAYNR1
 10
32.44750
 20
8.91000
 42
1.0
  0
SEQEND
  8
LAYNR1
  0
POLYLINE
 5
10C1
  8
LAYNR1
 66
1
 70
1
 40
0.075000
 41
0.075000
  0
VERTEX
 5
10C2
  8
LAYNR1
 10
33.07250
 20
8.91000
 42
1.0
  0
VERTEX
 5
10C3
  8
LAYNR1
 10
33.14750
 20
8.91000
 42
1.0
  0
SEQEND
  8
LAYNR1
  0
POLYLINE
 5
10C4
  8
PLACEMENT_OUTLINE_TOP
 66
1
 40
0.100000
 41
0.100000
  0
VERTEX
 5
10C5
  8
PLACEMENT_OUTLINE_TOP
 10
33.39500
 20
7.51300
  0
VERTEX
 5
10C6
  8
PLACEMENT_OUTLINE_TOP
 10
33.39500
 20
10.30700
  0
SEQEND
  8
PLACEMENT_OUTLINE_TOP
  0
POLYLINE
 5
10C7
  8
PLACEMENT_OUTLINE_TOP
 66
1
 70
1
 40
0.050000
 41
0.050000
  0
VERTEX
 5
10C8
  8
PLACEMENT_OUTLINE_TOP
 10
33.37000
 20
7.51300
 42
1.0
  0
VERTEX
 5
10C9
  8
PLACEMENT_OUTLINE_TOP
 10
33.42000
 20
7.51300
 42
1.0
  0
SEQEND
  8
PLACEMENT_OUTLINE_TOP
  0
POLYLINE
 5
10CA
  8
PLACEMENT_OUTLINE_TOP
 66
1
 70
1
 40
0.050000
 41
0.050000
  0
VERTEX
 5
10CB
  8
PLACEMENT_OUTLINE_TOP
 10
33.37000
 20
10.30700
 42
1.0
  0
VERTEX
 5
10CC
  8
PLACEMENT_OUTLINE_TOP
 10
33.42000
 20
10.30700
 42
1.0
  0
SEQEND
  8
PLACEMENT_OUTLINE_TOP
  0
POLYLINE
 5
10CD
  8
PLACEMENT_OUTLINE_TOP
 66
1
 40
0.100000
 41
0.100000
  0
VERTEX
 5
10CE
  8
PLACEMENT_OUTLINE_TOP
 10
33.39500
 20
10.30700
  0
VERTEX
 5
10CF
  8
PLACEMENT_OUTLINE_TOP
 10
32.12500
 20
10.30700
  0
SEQEND
  8
PLACEMENT_OUTLINE_TOP
  0
POLYLINE
 5
10D0
  8
PLACEMENT_OUTLINE_TOP
 66
1
 70
1
 40
0.050000
 41
0.050000
  0
VERTEX
 5
10D1
  8
PLACEMENT_OUTLINE_TOP
 10
33.37000
 20
10.30700
 42
1.0
  0
VERTEX
 5
10D2
  8
PLACEMENT_OUTLINE_TOP
 10
33.42000
 20
10.30700
 42
1.0
  0
SEQEND
  8
PLACEMENT_OUTLINE_TOP
  0
POLYLINE
 5
10D3
  8
PLACEMENT_OUTLINE_TOP
 66
1
 70
1
 40
0.050000
 41
0.050000
  0
VERTEX
 5
10D4
  8
PLACEMENT_OUTLINE_TOP
 10
32.10000
 20
10.30700
 42
1.0
  0
VERTEX
 5
10D5
  8
PLACEMENT_OUTLINE_TOP
 10
32.15000
 20
10.30700
 42
1.0
  0
SEQEND
  8
PLACEMENT_OUTLINE_TOP
  0
POLYLINE
 5
10D6
  8
PLACEMENT_OUTLINE_TOP
 66
1
 40
0.100000
 41
0.100000
  0
VERTEX
 5
10D7
  8
PLACEMENT_OUTLINE_TOP
 10
32.12500
 20
10.30700
  0
VERTEX
 5
10D8
  8
PLACEMENT_OUTLINE_TOP
 10
32.12500
 20
7.51300
  0
SEQEND
  8
PLACEMENT_OUTLINE_TOP
  0
POLYLINE
 5
10D9
  8
PLACEMENT_OUTLINE_TOP
 66
1
 70
1
 40
0.050000
 41
0.050000
  0
VERTEX
 5
10DA
  8
PLACEMENT_OUTLINE_TOP
 10
32.10000
 20
10.30700
 42
1.0
  0
VERTEX
 5
10DB
  8
PLACEMENT_OUTLINE_TOP
 10
32.15000
 20
10.30700
 42
1.0
  0
SEQEND
  8
PLACEMENT_OUTLINE_TOP
  0
POLYLINE
 5
10DC
  8
PLACEMENT_OUTLINE_TOP
 66
1
 70
1
 40
0.050000
 41
0.050000
  0
VERTEX
 5
10DD
  8
PLACEMENT_OUTLINE_TOP
 10
32.10000
 20
7.51300
 42
1.0
  0
VERTEX
 5
10DE
  8
PLACEMENT_OUTLINE_TOP
 10
32.15000
 20
7.51300
 42
1.0
  0
SEQEND
  8
PLACEMENT_OUTLINE_TOP
  0
POLYLINE
 5
10DF
  8
PLACEMENT_OUTLINE_TOP
 66
1
 40
0.100000
 41
0.100000
  0
VERTEX
 5
10E0
  8
PLACEMENT_OUTLINE_TOP
 10
32.12500
 20
7.51300
  0
VERTEX
 5
10E1
  8
PLACEMENT_OUTLINE_TOP
 10
33.39500
 20
7.51300
  0
SEQEND
  8
PLACEMENT_OUTLINE_TOP
  0
POLYLINE
 5
10E2
  8
PLACEMENT_OUTLINE_TOP
 66
1
 70
1
 40
0.050000
 41
0.050000
  0
VERTEX
 5
10E3
  8
PLACEMENT_OUTLINE_TOP
 10
32.10000
 20
7.51300
 42
1.0
  0
VERTEX
 5
10E4
  8
PLACEMENT_OUTLINE_TOP
 10
32.15000
 20
7.51300
 42
1.0
  0
SEQEND
  8
PLACEMENT_OUTLINE_TOP
  0
POLYLINE
 5
10E5
  8
PLACEMENT_OUTLINE_TOP
 66
1
 70
1
 40
0.050000
 41
0.050000
  0
VERTEX
 5
10E6
  8
PLACEMENT_OUTLINE_TOP
 10
33.37000
 20
7.51300
 42
1.0
  0
VERTEX
 5
10E7
  8
PLACEMENT_OUTLINE_TOP
 10
33.42000
 20
7.51300
 42
1.0
  0
SEQEND
  8
PLACEMENT_OUTLINE_TOP
  0
SOLID
 5
10E8
  8
PADLAYER_TOP
 10
32.30280
 20
10.12920
 11
32.30280
 21
9.21480
 12
33.21720
 22
10.12920
 13
33.21720
 23
9.21480
  0
SOLID
 5
10E9
  8
PADLAYER_TOP
 10
32.30280
 20
8.60520
 11
32.30280
 21
7.69080
 12
33.21720
 22
8.60520
 13
33.21720
 23
7.69080
  0
POLYLINE
 5
10EA
  8
LAYNR1
 66
1
 40
0.203200
 41
0.203200
  0
VERTEX
 5
10EB
  8
LAYNR1
 10
45.41000
 20
12.41000
  0
VERTEX
 5
10EC
  8
LAYNR1
 10
46.11000
 20
12.41000
  0
SEQEND
  8
LAYNR1
  0
POLYLINE
 5
10ED
  8
LAYNR1
 66
1
 70
1
 40
0.101600
 41
0.101600
  0
VERTEX
 5
10EE
  8
LAYNR1
 10
45.35920
 20
12.41000
 42
1.0
  0
VERTEX
 5
10EF
  8
LAYNR1
 10
45.46080
 20
12.41000
 42
1.0
  0
SEQEND
  8
LAYNR1
  0
POLYLINE
 5
10F0
  8
LAYNR1
 66
1
 70
1
 40
0.101600
 41
0.101600
  0
VERTEX
 5
10F1
  8
LAYNR1
 10
46.05920
 20
12.41000
 42
1.0
  0
VERTEX
 5
10F2
  8
LAYNR1
 10
46.16080
 20
12.41000
 42
1.0
  0
SEQEND
  8
LAYNR1
  0
POLYLINE
 5
10F3
  8
PLACEMENT_OUTLINE_TOP
 66
1
 40
0.100000
 41
0.100000
  0
VERTEX
 5
10F4
  8
PLACEMENT_OUTLINE_TOP
 10
45.12500
 20
13.80700
  0
VERTEX
 5
10F5
  8
PLACEMENT_OUTLINE_TOP
 10
45.12500
 20
11.01300
  0
SEQEND
  8
PLACEMENT_OUTLINE_TOP
  0
POLYLINE
 5
10F6
  8
PLACEMENT_OUTLINE_TOP
 66
1
 70
1
 40
0.050000
 41
0.050000
  0
VERTEX
 5
10F7
  8
PLACEMENT_OUTLINE_TOP
 10
45.10000
 20
13.80700
 42
1.0
  0
VERTEX
 5
10F8
  8
PLACEMENT_OUTLINE_TOP
 10
45.15000
 20
13.80700
 42
1.0
  0
SEQEND
  8
PLACEMENT_OUTLINE_TOP
  0
POLYLINE
 5
10F9
  8
PLACEMENT_OUTLINE_TOP
 66
1
 70
1
 40
0.050000
 41
0.050000
  0
VERTEX
 5
10FA
  8
PLACEMENT_OUTLINE_TOP
 10
45.10000
 20
11.01300
 42
1.0
  0
VERTEX
 5
10FB
  8
PLACEMENT_OUTLINE_TOP
 10
45.15000
 20
11.01300
 42
1.0
  0
SEQEND
  8
PLACEMENT_OUTLINE_TOP
  0
POLYLINE
 5
10FC
  8
PLACEMENT_OUTLINE_TOP
 66
1
 40
0.100000
 41
0.100000
  0
VERTEX
 5
10FD
  8
PLACEMENT_OUTLINE_TOP
 10
45.12500
 20
11.01300
  0
VERTEX
 5
10FE
  8
PLACEMENT_OUTLINE_TOP
 10
46.39500
 20
11.01300
  0
SEQEND
  8
PLACEMENT_OUTLINE_TOP
  0
POLYLINE
 5
10FF
  8
PLACEMENT_OUTLINE_TOP
 66
1
 70
1
 40
0.050000
 41
0.050000
  0
VERTEX
 5
1100
  8
PLACEMENT_OUTLINE_TOP
 10
45.10000
 20
11.01300
 42
1.0
  0
VERTEX
 5
1101
  8
PLACEMENT_OUTLINE_TOP
 10
45.15000
 20
11.01300
 42
1.0
  0
SEQEND
  8
PLACEMENT_OUTLINE_TOP
  0
POLYLINE
 5
1102
  8
PLACEMENT_OUTLINE_TOP
 66
1
 70
1
 40
0.050000
 41
0.050000
  0
VERTEX
 5
1103
  8
PLACEMENT_OUTLINE_TOP
 10
46.37000
 20
11.01300
 42
1.0
  0
VERTEX
 5
1104
  8
PLACEMENT_OUTLINE_TOP
 10
46.42000
 20
11.01300
 42
1.0
  0
SEQEND
  8
PLACEMENT_OUTLINE_TOP
  0
POLYLINE
 5
1105
  8
PLACEMENT_OUTLINE_TOP
 66
1
 40
0.100000
 41
0.100000
  0
VERTEX
 5
1106
  8
PLACEMENT_OUTLINE_TOP
 10
46.39500
 20
11.01300
  0
VERTEX
 5
1107
  8
PLACEMENT_OUTLINE_TOP
 10
46.39500
 20
13.80700
  0
SEQEND
  8
PLACEMENT_OUTLINE_TOP
  0
POLYLINE
 5
1108
  8
PLACEMENT_OUTLINE_TOP
 66
1
 70
1
 40
0.050000
 41
0.050000
  0
VERTEX
 5
1109
  8
PLACEMENT_OUTLINE_TOP
 10
46.37000
 20
11.01300
 42
1.0
  0
VERTEX
 5
110A
  8
PLACEMENT_OUTLINE_TOP
 10
46.42000
 20
11.01300
 42
1.0
  0
SEQEND
  8
PLACEMENT_OUTLINE_TOP
  0
POLYLINE
 5
110B
  8
PLACEMENT_OUTLINE_TOP
 66
1
 70
1
 40
0.050000
 41
0.050000
  0
VERTEX
 5
110C
  8
PLACEMENT_OUTLINE_TOP
 10
46.37000
 20
13.80700
 42
1.0
  0
VERTEX
 5
110D
  8
PLACEMENT_OUTLINE_TOP
 10
46.42000
 20
13.80700
 42
1.0
  0
SEQEND
  8
PLACEMENT_OUTLINE_TOP
  0
POLYLINE
 5
110E
  8
PLACEMENT_OUTLINE_TOP
 66
1
 40
0.100000
 41
0.100000
  0
VERTEX
 5
110F
  8
PLACEMENT_OUTLINE_TOP
 10
46.39500
 20
13.80700
  0
VERTEX
 5
1110
  8
PLACEMENT_OUTLINE_TOP
 10
45.12500
 20
13.80700
  0
SEQEND
  8
PLACEMENT_OUTLINE_TOP
  0
POLYLINE
 5
1111
  8
PLACEMENT_OUTLINE_TOP
 66
1
 70
1
 40
0.050000
 41
0.050000
  0
VERTEX
 5
1112
  8
PLACEMENT_OUTLINE_TOP
 10
46.37000
 20
13.80700
 42
1.0
  0
VERTEX
 5
1113
  8
PLACEMENT_OUTLINE_TOP
 10
46.42000
 20
13.80700
 42
1.0
  0
SEQEND
  8
PLACEMENT_OUTLINE_TOP
  0
POLYLINE
 5
1114
  8
PLACEMENT_OUTLINE_TOP
 66
1
 70
1
 40
0.050000
 41
0.050000
  0
VERTEX
 5
1115
  8
PLACEMENT_OUTLINE_TOP
 10
45.10000
 20
13.80700
 42
1.0
  0
VERTEX
 5
1116
  8
PLACEMENT_OUTLINE_TOP
 10
45.15000
 20
13.80700
 42
1.0
  0
SEQEND
  8
PLACEMENT_OUTLINE_TOP
  0
SOLID
 5
1117
  8
PADLAYER_TOP
 10
46.21720
 20
11.19080
 11
46.21720
 21
12.10520
 12
45.30280
 22
11.19080
 13
45.30280
 23
12.10520
  0
SOLID
 5
1118
  8
PADLAYER_TOP
 10
46.21720
 20
12.71480
 11
46.21720
 21
13.62920
 12
45.30280
 22
12.71480
 13
45.30280
 23
13.62920
  0
POLYLINE
 5
1119
  8
2DLINES_1
 66
1
 40
0.150000
 41
0.150000
  0
VERTEX
 5
111A
  8
2DLINES_1
 10
46.45000
 20
66.33001
  0
VERTEX
 5
111B
  8
2DLINES_1
 10
46.45000
 20
75.27000
  0
SEQEND
  8
2DLINES_1
  0
POLYLINE
 5
111C
  8
2DLINES_1
 66
1
 70
1
 40
0.075000
 41
0.075000
  0
VERTEX
 5
111D
  8
2DLINES_1
 10
46.41250
 20
66.33001
 42
1.0
  0
VERTEX
 5
111E
  8
2DLINES_1
 10
46.48750
 20
66.33001
 42
1.0
  0
SEQEND
  8
2DLINES_1
  0
POLYLINE
 5
111F
  8
2DLINES_1
 66
1
 70
1
 40
0.075000
 41
0.075000
  0
VERTEX
 5
1120
  8
2DLINES_1
 10
46.41250
 20
75.27000
 42
1.0
  0
VERTEX
 5
1121
  8
2DLINES_1
 10
46.48750
 20
75.27000
 42
1.0
  0
SEQEND
  8
2DLINES_1
  0
POLYLINE
 5
1122
  8
2DLINES_1
 66
1
 40
0.150000
 41
0.150000
  0
VERTEX
 5
1123
  8
2DLINES_1
 10
46.45000
 20
75.27000
  0
VERTEX
 5
1124
  8
2DLINES_1
 10
53.30000
 20
75.27000
  0
SEQEND
  8
2DLINES_1
  0
POLYLINE
 5
1125
  8
2DLINES_1
 66
1
 70
1
 40
0.075000
 41
0.075000
  0
VERTEX
 5
1126
  8
2DLINES_1
 10
46.41250
 20
75.27000
 42
1.0
  0
VERTEX
 5
1127
  8
2DLINES_1
 10
46.48750
 20
75.27000
 42
1.0
  0
SEQEND
  8
2DLINES_1
  0
POLYLINE
 5
1128
  8
2DLINES_1
 66
1
 70
1
 40
0.075000
 41
0.075000
  0
VERTEX
 5
1129
  8
2DLINES_1
 10
53.26250
 20
75.27000
 42
1.0
  0
VERTEX
 5
112A
  8
2DLINES_1
 10
53.33750
 20
75.27000
 42
1.0
  0
SEQEND
  8
2DLINES_1
  0
POLYLINE
 5
112B
  8
2DLINES_1
 66
1
 40
0.150000
 41
0.150000
  0
VERTEX
 5
112C
  8
2DLINES_1
 10
53.30000
 20
75.27000
  0
VERTEX
 5
112D
  8
2DLINES_1
 10
53.30000
 20
66.33000
  0
SEQEND
  8
2DLINES_1
  0
POLYLINE
 5
112E
  8
2DLINES_1
 66
1
 70
1
 40
0.075000
 41
0.075000
  0
VERTEX
 5
112F
  8
2DLINES_1
 10
53.26250
 20
75.27000
 42
1.0
  0
VERTEX
 5
1130
  8
2DLINES_1
 10
53.33750
 20
75.27000
 42
1.0
  0
SEQEND
  8
2DLINES_1
  0
POLYLINE
 5
1131
  8
2DLINES_1
 66
1
 70
1
 40
0.075000
 41
0.075000
  0
VERTEX
 5
1132
  8
2DLINES_1
 10
53.26250
 20
66.33000
 42
1.0
  0
VERTEX
 5
1133
  8
2DLINES_1
 10
53.33750
 20
66.33000
 42
1.0
  0
SEQEND
  8
2DLINES_1
  0
POLYLINE
 5
1134
  8
2DLINES_1
 66
1
 40
0.150000
 41
0.150000
  0
VERTEX
 5
1135
  8
2DLINES_1
 10
53.30000
 20
66.33000
  0
VERTEX
 5
1136
  8
2DLINES_1
 10
46.45000
 20
66.33001
  0
SEQEND
  8
2DLINES_1
  0
POLYLINE
 5
1137
  8
2DLINES_1
 66
1
 70
1
 40
0.075000
 41
0.075000
  0
VERTEX
 5
1138
  8
2DLINES_1
 10
53.26250
 20
66.33000
 42
1.0
  0
VERTEX
 5
1139
  8
2DLINES_1
 10
53.33750
 20
66.33000
 42
1.0
  0
SEQEND
  8
2DLINES_1
  0
POLYLINE
 5
113A
  8
2DLINES_1
 66
1
 70
1
 40
0.075000
 41
0.075000
  0
VERTEX
 5
113B
  8
2DLINES_1
 10
46.41250
 20
66.33001
 42
1.0
  0
VERTEX
 5
113C
  8
2DLINES_1
 10
46.48750
 20
66.33001
 42
1.0
  0
SEQEND
  8
2DLINES_1
  0
POLYLINE
 5
113D
  8
PLACEMENT_OUTLINE_TOP
 66
1
 40
0.150000
 41
0.150000
  0
VERTEX
 5
113E
  8
PLACEMENT_OUTLINE_TOP
 10
46.45000
 20
66.33001
  0
VERTEX
 5
113F
  8
PLACEMENT_OUTLINE_TOP
 10
46.45000
 20
75.27000
  0
SEQEND
  8
PLACEMENT_OUTLINE_TOP
  0
POLYLINE
 5
1140
  8
PLACEMENT_OUTLINE_TOP
 66
1
 70
1
 40
0.075000
 41
0.075000
  0
VERTEX
 5
1141
  8
PLACEMENT_OUTLINE_TOP
 10
46.41250
 20
66.33001
 42
1.0
  0
VERTEX
 5
1142
  8
PLACEMENT_OUTLINE_TOP
 10
46.48750
 20
66.33001
 42
1.0
  0
SEQEND
  8
PLACEMENT_OUTLINE_TOP
  0
POLYLINE
 5
1143
  8
PLACEMENT_OUTLINE_TOP
 66
1
 70
1
 40
0.075000
 41
0.075000
  0
VERTEX
 5
1144
  8
PLACEMENT_OUTLINE_TOP
 10
46.41250
 20
75.27000
 42
1.0
  0
VERTEX
 5
1145
  8
PLACEMENT_OUTLINE_TOP
 10
46.48750
 20
75.27000
 42
1.0
  0
SEQEND
  8
PLACEMENT_OUTLINE_TOP
  0
POLYLINE
 5
1146
  8
PLACEMENT_OUTLINE_TOP
 66
1
 40
0.150000
 41
0.150000
  0
VERTEX
 5
1147
  8
PLACEMENT_OUTLINE_TOP
 10
46.45000
 20
75.27000
  0
VERTEX
 5
1148
  8
PLACEMENT_OUTLINE_TOP
 10
53.30000
 20
75.27000
  0
SEQEND
  8
PLACEMENT_OUTLINE_TOP
  0
POLYLINE
 5
1149
  8
PLACEMENT_OUTLINE_TOP
 66
1
 70
1
 40
0.075000
 41
0.075000
  0
VERTEX
 5
114A
  8
PLACEMENT_OUTLINE_TOP
 10
46.41250
 20
75.27000
 42
1.0
  0
VERTEX
 5
114B
  8
PLACEMENT_OUTLINE_TOP
 10
46.48750
 20
75.27000
 42
1.0
  0
SEQEND
  8
PLACEMENT_OUTLINE_TOP
  0
POLYLINE
 5
114C
  8
PLACEMENT_OUTLINE_TOP
 66
1
 70
1
 40
0.075000
 41
0.075000
  0
VERTEX
 5
114D
  8
PLACEMENT_OUTLINE_TOP
 10
53.26250
 20
75.27000
 42
1.0
  0
VERTEX
 5
114E
  8
PLACEMENT_OUTLINE_TOP
 10
53.33750
 20
75.27000
 42
1.0
  0
SEQEND
  8
PLACEMENT_OUTLINE_TOP
  0
POLYLINE
 5
114F
  8
PLACEMENT_OUTLINE_TOP
 66
1
 40
0.150000
 41
0.150000
  0
VERTEX
 5
1150
  8
PLACEMENT_OUTLINE_TOP
 10
53.30000
 20
75.27000
  0
VERTEX
 5
1151
  8
PLACEMENT_OUTLINE_TOP
 10
53.30000
 20
66.33000
  0
SEQEND
  8
PLACEMENT_OUTLINE_TOP
  0
POLYLINE
 5
1152
  8
PLACEMENT_OUTLINE_TOP
 66
1
 70
1
 40
0.075000
 41
0.075000
  0
VERTEX
 5
1153
  8
PLACEMENT_OUTLINE_TOP
 10
53.26250
 20
75.27000
 42
1.0
  0
VERTEX
 5
1154
  8
PLACEMENT_OUTLINE_TOP
 10
53.33750
 20
75.27000
 42
1.0
  0
SEQEND
  8
PLACEMENT_OUTLINE_TOP
  0
POLYLINE
 5
1155
  8
PLACEMENT_OUTLINE_TOP
 66
1
 70
1
 40
0.075000
 41
0.075000
  0
VERTEX
 5
1156
  8
PLACEMENT_OUTLINE_TOP
 10
53.26250
 20
66.33000
 42
1.0
  0
VERTEX
 5
1157
  8
PLACEMENT_OUTLINE_TOP
 10
53.33750
 20
66.33000
 42
1.0
  0
SEQEND
  8
PLACEMENT_OUTLINE_TOP
  0
POLYLINE
 5
1158
  8
PLACEMENT_OUTLINE_TOP
 66
1
 40
0.150000
 41
0.150000
  0
VERTEX
 5
1159
  8
PLACEMENT_OUTLINE_TOP
 10
53.30000
 20
66.33000
  0
VERTEX
 5
115A
  8
PLACEMENT_OUTLINE_TOP
 10
46.45000
 20
66.33001
  0
SEQEND
  8
PLACEMENT_OUTLINE_TOP
  0
POLYLINE
 5
115B
  8
PLACEMENT_OUTLINE_TOP
 66
1
 70
1
 40
0.075000
 41
0.075000
  0
VERTEX
 5
115C
  8
PLACEMENT_OUTLINE_TOP
 10
53.26250
 20
66.33000
 42
1.0
  0
VERTEX
 5
115D
  8
PLACEMENT_OUTLINE_TOP
 10
53.33750
 20
66.33000
 42
1.0
  0
SEQEND
  8
PLACEMENT_OUTLINE_TOP
  0
POLYLINE
 5
115E
  8
PLACEMENT_OUTLINE_TOP
 66
1
 70
1
 40
0.075000
 41
0.075000
  0
VERTEX
 5
115F
  8
PLACEMENT_OUTLINE_TOP
 10
46.41250
 20
66.33001
 42
1.0
  0
VERTEX
 5
1160
  8
PLACEMENT_OUTLINE_TOP
 10
46.48750
 20
66.33001
 42
1.0
  0
SEQEND
  8
PLACEMENT_OUTLINE_TOP
  0
SOLID
 5
1161
  8
PADLAYER_TOP
 10
47.50000
 20
70.65001
 11
45.70000
 21
70.65001
 12
47.50000
 22
69.95001
 13
45.70000
 23
69.95001
  0
SOLID
 5
1162
  8
PADLAYER_TOP
 10
47.50000
 20
71.65001
 11
45.70000
 21
71.65001
 12
47.50000
 22
70.95001
 13
45.70000
 23
70.95001
  0
SOLID
 5
1163
  8
PADLAYER_TOP
 10
47.50000
 20
72.67001
 11
45.70000
 21
72.67001
 12
47.50000
 22
71.97001
 13
45.70000
 23
71.97001
  0
SOLID
 5
1164
  8
PADLAYER_TOP
 10
47.50000
 20
69.63001
 11
45.70000
 21
69.63001
 12
47.50000
 22
68.93001
 13
45.70000
 23
68.93001
  0
SOLID
 5
1165
  8
PADLAYER_TOP
 10
47.50000
 20
68.45001
 11
45.70000
 21
68.45001
 12
47.50000
 22
67.65001
 13
45.70000
 23
67.65001
  0
SOLID
 5
1166
  8
PADLAYER_TOP
 10
47.50000
 20
73.95001
 11
45.70000
 21
73.95001
 12
47.50000
 22
73.15001
 13
45.70000
 23
73.15001
  0
SOLID
 5
1167
  8
PADLAYER_TOP
 10
47.20000
 20
67.03000
 11
46.60000
 21
67.03000
 12
47.20000
 22
65.93000
 13
46.60000
 23
65.93000
  0
POLYLINE
 5
1168
  8
PADLAYER_TOP
 66
1
 70
1
 40
0.550000
 41
0.550000
  0
VERTEX
 5
1169
  8
PADLAYER_TOP
 10
46.92500
 20
66.48000
 42
1.0
  0
VERTEX
 5
116A
  8
PADLAYER_TOP
 10
47.47500
 20
66.48000
 42
1.0
  0
SEQEND
  8
PADLAYER_TOP
  0
POLYLINE
 5
116B
  8
PADLAYER_TOP
 66
1
 70
1
 40
0.550000
 41
0.550000
  0
VERTEX
 5
116C
  8
PADLAYER_TOP
 10
46.32500
 20
66.48000
 42
1.0
  0
VERTEX
 5
116D
  8
PADLAYER_TOP
 10
46.87500
 20
66.48000
 42
1.0
  0
SEQEND
  8
PADLAYER_TOP
  0
SOLID
 5
116E
  8
PADLAYER_BOTTOM
 10
47.20000
 20
67.03000
 11
46.60000
 21
67.03000
 12
47.20000
 22
65.93000
 13
46.60000
 23
65.93000
  0
POLYLINE
 5
116F
  8
PADLAYER_BOTTOM
 66
1
 70
1
 40
0.550000
 41
0.550000
  0
VERTEX
 5
1170
  8
PADLAYER_BOTTOM
 10
46.92500
 20
66.48000
 42
1.0
  0
VERTEX
 5
1171
  8
PADLAYER_BOTTOM
 10
47.47500
 20
66.48000
 42
1.0
  0
SEQEND
  8
PADLAYER_BOTTOM
  0
POLYLINE
 5
1172
  8
PADLAYER_BOTTOM
 66
1
 70
1
 40
0.550000
 41
0.550000
  0
VERTEX
 5
1173
  8
PADLAYER_BOTTOM
 10
46.32500
 20
66.48000
 42
1.0
  0
VERTEX
 5
1174
  8
PADLAYER_BOTTOM
 10
46.87500
 20
66.48000
 42
1.0
  0
SEQEND
  8
PADLAYER_BOTTOM
  0
POLYLINE
 5
1175
  8
DRILLHOLE
 66
1
 40
0.001000
 41
0.001000
  0
VERTEX
 5
1176
  8
DRILLHOLE
 10
46.60000
 20
66.18000
 42
-1.000000
  0
VERTEX
 5
1177
  8
DRILLHOLE
 10
46.60000
 20
66.78000
  0
SEQEND
  8
DRILLHOLE
  0
POLYLINE
 5
1178
  8
DRILLHOLE
 66
1
 70
1
 40
0.000500
 41
0.000500
  0
VERTEX
 5
1179
  8
DRILLHOLE
 10
46.59975
 20
66.18000
 42
1.0
  0
VERTEX
 5
117A
  8
DRILLHOLE
 10
46.60025
 20
66.18000
 42
1.0
  0
SEQEND
  8
DRILLHOLE
  0
POLYLINE
 5
117B
  8
DRILLHOLE
 66
1
 70
1
 40
0.000500
 41
0.000500
  0
VERTEX
 5
117C
  8
DRILLHOLE
 10
46.59975
 20
66.78000
 42
1.0
  0
VERTEX
 5
117D
  8
DRILLHOLE
 10
46.60025
 20
66.78000
 42
1.0
  0
SEQEND
  8
DRILLHOLE
  0
POLYLINE
 5
117E
  8
DRILLHOLE
 66
1
 40
0.001000
 41
0.001000
  0
VERTEX
 5
117F
  8
DRILLHOLE
 10
46.60000
 20
66.78000
  0
VERTEX
 5
1180
  8
DRILLHOLE
 10
47.20000
 20
66.78000
 42
-1.000000
  0
SEQEND
  8
DRILLHOLE
  0
POLYLINE
 5
1181
  8
DRILLHOLE
 66
1
 70
1
 40
0.000500
 41
0.000500
  0
VERTEX
 5
1182
  8
DRILLHOLE
 10
46.59975
 20
66.78000
 42
1.0
  0
VERTEX
 5
1183
  8
DRILLHOLE
 10
46.60025
 20
66.78000
 42
1.0
  0
SEQEND
  8
DRILLHOLE
  0
POLYLINE
 5
1184
  8
DRILLHOLE
 66
1
 70
1
 40
0.000500
 41
0.000500
  0
VERTEX
 5
1185
  8
DRILLHOLE
 10
47.19975
 20
66.78000
 42
1.0
  0
VERTEX
 5
1186
  8
DRILLHOLE
 10
47.20025
 20
66.78000
 42
1.0
  0
SEQEND
  8
DRILLHOLE
  0
POLYLINE
 5
1187
  8
DRILLHOLE
 66
1
 40
0.001000
 41
0.001000
  0
VERTEX
 5
1188
  8
DRILLHOLE
 10
47.20000
 20
66.78000
 42
-1.000000
  0
VERTEX
 5
1189
  8
DRILLHOLE
 10
47.20000
 20
66.18000
  0
SEQEND
  8
DRILLHOLE
  0
POLYLINE
 5
118A
  8
DRILLHOLE
 66
1
 70
1
 40
0.000500
 41
0.000500
  0
VERTEX
 5
118B
  8
DRILLHOLE
 10
47.19975
 20
66.78000
 42
1.0
  0
VERTEX
 5
118C
  8
DRILLHOLE
 10
47.20025
 20
66.78000
 42
1.0
  0
SEQEND
  8
DRILLHOLE
  0
POLYLINE
 5
118D
  8
DRILLHOLE
 66
1
 70
1
 40
0.000500
 41
0.000500
  0
VERTEX
 5
118E
  8
DRILLHOLE
 10
47.19975
 20
66.18000
 42
1.0
  0
VERTEX
 5
118F
  8
DRILLHOLE
 10
47.20025
 20
66.18000
 42
1.0
  0
SEQEND
  8
DRILLHOLE
  0
POLYLINE
 5
1190
  8
DRILLHOLE
 66
1
 40
0.001000
 41
0.001000
  0
VERTEX
 5
1191
  8
DRILLHOLE
 10
47.20000
 20
66.18000
  0
VERTEX
 5
1192
  8
DRILLHOLE
 10
46.60000
 20
66.18000
  0
SEQEND
  8
DRILLHOLE
  0
POLYLINE
 5
1193
  8
DRILLHOLE
 66
1
 70
1
 40
0.000500
 41
0.000500
  0
VERTEX
 5
1194
  8
DRILLHOLE
 10
47.19975
 20
66.18000
 42
1.0
  0
VERTEX
 5
1195
  8
DRILLHOLE
 10
47.20025
 20
66.18000
 42
1.0
  0
SEQEND
  8
DRILLHOLE
  0
POLYLINE
 5
1196
  8
DRILLHOLE
 66
1
 70
1
 40
0.000500
 41
0.000500
  0
VERTEX
 5
1197
  8
DRILLHOLE
 10
46.59975
 20
66.18000
 42
1.0
  0
VERTEX
 5
1198
  8
DRILLHOLE
 10
46.60025
 20
66.18000
 42
1.0
  0
SEQEND
  8
DRILLHOLE
  0
SOLID
 5
1199
  8
PADLAYER_TOP
 10
47.20000
 20
75.67001
 11
46.60000
 21
75.67001
 12
47.20000
 22
74.57001
 13
46.60000
 23
74.57001
  0
POLYLINE
 5
119A
  8
PADLAYER_TOP
 66
1
 70
1
 40
0.550000
 41
0.550000
  0
VERTEX
 5
119B
  8
PADLAYER_TOP
 10
46.92500
 20
75.12001
 42
1.0
  0
VERTEX
 5
119C
  8
PADLAYER_TOP
 10
47.47500
 20
75.12001
 42
1.0
  0
SEQEND
  8
PADLAYER_TOP
  0
POLYLINE
 5
119D
  8
PADLAYER_TOP
 66
1
 70
1
 40
0.550000
 41
0.550000
  0
VERTEX
 5
119E
  8
PADLAYER_TOP
 10
46.32500
 20
75.12001
 42
1.0
  0
VERTEX
 5
119F
  8
PADLAYER_TOP
 10
46.87500
 20
75.12001
 42
1.0
  0
SEQEND
  8
PADLAYER_TOP
  0
SOLID
 5
11A0
  8
PADLAYER_BOTTOM
 10
47.20000
 20
75.67001
 11
46.60000
 21
75.67001
 12
47.20000
 22
74.57001
 13
46.60000
 23
74.57001
  0
POLYLINE
 5
11A1
  8
PADLAYER_BOTTOM
 66
1
 70
1
 40
0.550000
 41
0.550000
  0
VERTEX
 5
11A2
  8
PADLAYER_BOTTOM
 10
46.92500
 20
75.12001
 42
1.0
  0
VERTEX
 5
11A3
  8
PADLAYER_BOTTOM
 10
47.47500
 20
75.12001
 42
1.0
  0
SEQEND
  8
PADLAYER_BOTTOM
  0
POLYLINE
 5
11A4
  8
PADLAYER_BOTTOM
 66
1
 70
1
 40
0.550000
 41
0.550000
  0
VERTEX
 5
11A5
  8
PADLAYER_BOTTOM
 10
46.32500
 20
75.12001
 42
1.0
  0
VERTEX
 5
11A6
  8
PADLAYER_BOTTOM
 10
46.87500
 20
75.12001
 42
1.0
  0
SEQEND
  8
PADLAYER_BOTTOM
  0
POLYLINE
 5
11A7
  8
DRILLHOLE
 66
1
 40
0.001000
 41
0.001000
  0
VERTEX
 5
11A8
  8
DRILLHOLE
 10
46.60000
 20
74.82001
 42
-1.000000
  0
VERTEX
 5
11A9
  8
DRILLHOLE
 10
46.60000
 20
75.42001
  0
SEQEND
  8
DRILLHOLE
  0
POLYLINE
 5
11AA
  8
DRILLHOLE
 66
1
 70
1
 40
0.000500
 41
0.000500
  0
VERTEX
 5
11AB
  8
DRILLHOLE
 10
46.59975
 20
74.82001
 42
1.0
  0
VERTEX
 5
11AC
  8
DRILLHOLE
 10
46.60025
 20
74.82001
 42
1.0
  0
SEQEND
  8
DRILLHOLE
  0
POLYLINE
 5
11AD
  8
DRILLHOLE
 66
1
 70
1
 40
0.000500
 41
0.000500
  0
VERTEX
 5
11AE
  8
DRILLHOLE
 10
46.59975
 20
75.42001
 42
1.0
  0
VERTEX
 5
11AF
  8
DRILLHOLE
 10
46.60025
 20
75.42001
 42
1.0
  0
SEQEND
  8
DRILLHOLE
  0
POLYLINE
 5
11B0
  8
DRILLHOLE
 66
1
 40
0.001000
 41
0.001000
  0
VERTEX
 5
11B1
  8
DRILLHOLE
 10
46.60000
 20
75.42001
  0
VERTEX
 5
11B2
  8
DRILLHOLE
 10
47.20000
 20
75.42001
 42
-1.000000
  0
SEQEND
  8
DRILLHOLE
  0
POLYLINE
 5
11B3
  8
DRILLHOLE
 66
1
 70
1
 40
0.000500
 41
0.000500
  0
VERTEX
 5
11B4
  8
DRILLHOLE
 10
46.59975
 20
75.42001
 42
1.0
  0
VERTEX
 5
11B5
  8
DRILLHOLE
 10
46.60025
 20
75.42001
 42
1.0
  0
SEQEND
  8
DRILLHOLE
  0
POLYLINE
 5
11B6
  8
DRILLHOLE
 66
1
 70
1
 40
0.000500
 41
0.000500
  0
VERTEX
 5
11B7
  8
DRILLHOLE
 10
47.19975
 20
75.42001
 42
1.0
  0
VERTEX
 5
11B8
  8
DRILLHOLE
 10
47.20025
 20
75.42001
 42
1.0
  0
SEQEND
  8
DRILLHOLE
  0
POLYLINE
 5
11B9
  8
DRILLHOLE
 66
1
 40
0.001000
 41
0.001000
  0
VERTEX
 5
11BA
  8
DRILLHOLE
 10
47.20000
 20
75.42001
 42
-1.000000
  0
VERTEX
 5
11BB
  8
DRILLHOLE
 10
47.20000
 20
74.82001
  0
SEQEND
  8
DRILLHOLE
  0
POLYLINE
 5
11BC
  8
DRILLHOLE
 66
1
 70
1
 40
0.000500
 41
0.000500
  0
VERTEX
 5
11BD
  8
DRILLHOLE
 10
47.19975
 20
75.42001
 42
1.0
  0
VERTEX
 5
11BE
  8
DRILLHOLE
 10
47.20025
 20
75.42001
 42
1.0
  0
SEQEND
  8
DRILLHOLE
  0
POLYLINE
 5
11BF
  8
DRILLHOLE
 66
1
 70
1
 40
0.000500
 41
0.000500
  0
VERTEX
 5
11C0
  8
DRILLHOLE
 10
47.19975
 20
74.82001
 42
1.0
  0
VERTEX
 5
11C1
  8
DRILLHOLE
 10
47.20025
 20
74.82001
 42
1.0
  0
SEQEND
  8
DRILLHOLE
  0
POLYLINE
 5
11C2
  8
DRILLHOLE
 66
1
 40
0.001000
 41
0.001000
  0
VERTEX
 5
11C3
  8
DRILLHOLE
 10
47.20000
 20
74.82001
  0
VERTEX
 5
11C4
  8
DRILLHOLE
 10
46.60000
 20
74.82001
  0
SEQEND
  8
DRILLHOLE
  0
POLYLINE
 5
11C5
  8
DRILLHOLE
 66
1
 70
1
 40
0.000500
 41
0.000500
  0
VERTEX
 5
11C6
  8
DRILLHOLE
 10
47.19975
 20
74.82001
 42
1.0
  0
VERTEX
 5
11C7
  8
DRILLHOLE
 10
47.20025
 20
74.82001
 42
1.0
  0
SEQEND
  8
DRILLHOLE
  0
POLYLINE
 5
11C8
  8
DRILLHOLE
 66
1
 70
1
 40
0.000500
 41
0.000500
  0
VERTEX
 5
11C9
  8
DRILLHOLE
 10
46.59975
 20
74.82001
 42
1.0
  0
VERTEX
 5
11CA
  8
DRILLHOLE
 10
46.60025
 20
74.82001
 42
1.0
  0
SEQEND
  8
DRILLHOLE
  0
SOLID
 5
11CB
  8
PADLAYER_TOP
 10
51.00000
 20
67.03000
 11
50.40000
 21
67.03000
 12
51.00000
 22
65.93000
 13
50.40000
 23
65.93000
  0
POLYLINE
 5
11CC
  8
PADLAYER_TOP
 66
1
 70
1
 40
0.550000
 41
0.550000
  0
VERTEX
 5
11CD
  8
PADLAYER_TOP
 10
50.72500
 20
66.48000
 42
1.0
  0
VERTEX
 5
11CE
  8
PADLAYER_TOP
 10
51.27500
 20
66.48000
 42
1.0
  0
SEQEND
  8
PADLAYER_TOP
  0
POLYLINE
 5
11CF
  8
PADLAYER_TOP
 66
1
 70
1
 40
0.550000
 41
0.550000
  0
VERTEX
 5
11D0
  8
PADLAYER_TOP
 10
50.12500
 20
66.48000
 42
1.0
  0
VERTEX
 5
11D1
  8
PADLAYER_TOP
 10
50.67500
 20
66.48000
 42
1.0
  0
SEQEND
  8
PADLAYER_TOP
  0
SOLID
 5
11D2
  8
PADLAYER_BOTTOM
 10
51.00000
 20
67.03000
 11
50.40000
 21
67.03000
 12
51.00000
 22
65.93000
 13
50.40000
 23
65.93000
  0
POLYLINE
 5
11D3
  8
PADLAYER_BOTTOM
 66
1
 70
1
 40
0.550000
 41
0.550000
  0
VERTEX
 5
11D4
  8
PADLAYER_BOTTOM
 10
50.72500
 20
66.48000
 42
1.0
  0
VERTEX
 5
11D5
  8
PADLAYER_BOTTOM
 10
51.27500
 20
66.48000
 42
1.0
  0
SEQEND
  8
PADLAYER_BOTTOM
  0
POLYLINE
 5
11D6
  8
PADLAYER_BOTTOM
 66
1
 70
1
 40
0.550000
 41
0.550000
  0
VERTEX
 5
11D7
  8
PADLAYER_BOTTOM
 10
50.12500
 20
66.48000
 42
1.0
  0
VERTEX
 5
11D8
  8
PADLAYER_BOTTOM
 10
50.67500
 20
66.48000
 42
1.0
  0
SEQEND
  8
PADLAYER_BOTTOM
  0
POLYLINE
 5
11D9
  8
DRILLHOLE
 66
1
 40
0.001000
 41
0.001000
  0
VERTEX
 5
11DA
  8
DRILLHOLE
 10
50.40000
 20
66.18000
 42
-1.000000
  0
VERTEX
 5
11DB
  8
DRILLHOLE
 10
50.40000
 20
66.78000
  0
SEQEND
  8
DRILLHOLE
  0
POLYLINE
 5
11DC
  8
DRILLHOLE
 66
1
 70
1
 40
0.000500
 41
0.000500
  0
VERTEX
 5
11DD
  8
DRILLHOLE
 10
50.39975
 20
66.18000
 42
1.0
  0
VERTEX
 5
11DE
  8
DRILLHOLE
 10
50.40025
 20
66.18000
 42
1.0
  0
SEQEND
  8
DRILLHOLE
  0
POLYLINE
 5
11DF
  8
DRILLHOLE
 66
1
 70
1
 40
0.000500
 41
0.000500
  0
VERTEX
 5
11E0
  8
DRILLHOLE
 10
50.39975
 20
66.78000
 42
1.0
  0
VERTEX
 5
11E1
  8
DRILLHOLE
 10
50.40025
 20
66.78000
 42
1.0
  0
SEQEND
  8
DRILLHOLE
  0
POLYLINE
 5
11E2
  8
DRILLHOLE
 66
1
 40
0.001000
 41
0.001000
  0
VERTEX
 5
11E3
  8
DRILLHOLE
 10
50.40000
 20
66.78000
  0
VERTEX
 5
11E4
  8
DRILLHOLE
 10
51.00000
 20
66.78000
 42
-1.000000
  0
SEQEND
  8
DRILLHOLE
  0
POLYLINE
 5
11E5
  8
DRILLHOLE
 66
1
 70
1
 40
0.000500
 41
0.000500
  0
VERTEX
 5
11E6
  8
DRILLHOLE
 10
50.39975
 20
66.78000
 42
1.0
  0
VERTEX
 5
11E7
  8
DRILLHOLE
 10
50.40025
 20
66.78000
 42
1.0
  0
SEQEND
  8
DRILLHOLE
  0
POLYLINE
 5
11E8
  8
DRILLHOLE
 66
1
 70
1
 40
0.000500
 41
0.000500
  0
VERTEX
 5
11E9
  8
DRILLHOLE
 10
50.99975
 20
66.78000
 42
1.0
  0
VERTEX
 5
11EA
  8
DRILLHOLE
 10
51.00025
 20
66.78000
 42
1.0
  0
SEQEND
  8
DRILLHOLE
  0
POLYLINE
 5
11EB
  8
DRILLHOLE
 66
1
 40
0.001000
 41
0.001000
  0
VERTEX
 5
11EC
  8
DRILLHOLE
 10
51.00000
 20
66.78000
 42
-1.000000
  0
VERTEX
 5
11ED
  8
DRILLHOLE
 10
51.00000
 20
66.18000
  0
SEQEND
  8
DRILLHOLE
  0
POLYLINE
 5
11EE
  8
DRILLHOLE
 66
1
 70
1
 40
0.000500
 41
0.000500
  0
VERTEX
 5
11EF
  8
DRILLHOLE
 10
50.99975
 20
66.78000
 42
1.0
  0
VERTEX
 5
11F0
  8
DRILLHOLE
 10
51.00025
 20
66.78000
 42
1.0
  0
SEQEND
  8
DRILLHOLE
  0
POLYLINE
 5
11F1
  8
DRILLHOLE
 66
1
 70
1
 40
0.000500
 41
0.000500
  0
VERTEX
 5
11F2
  8
DRILLHOLE
 10
50.99975
 20
66.18000
 42
1.0
  0
VERTEX
 5
11F3
  8
DRILLHOLE
 10
51.00025
 20
66.18000
 42
1.0
  0
SEQEND
  8
DRILLHOLE
  0
POLYLINE
 5
11F4
  8
DRILLHOLE
 66
1
 40
0.001000
 41
0.001000
  0
VERTEX
 5
11F5
  8
DRILLHOLE
 10
51.00000
 20
66.18000
  0
VERTEX
 5
11F6
  8
DRILLHOLE
 10
50.40000
 20
66.18000
  0
SEQEND
  8
DRILLHOLE
  0
POLYLINE
 5
11F7
  8
DRILLHOLE
 66
1
 70
1
 40
0.000500
 41
0.000500
  0
VERTEX
 5
11F8
  8
DRILLHOLE
 10
50.99975
 20
66.18000
 42
1.0
  0
VERTEX
 5
11F9
  8
DRILLHOLE
 10
51.00025
 20
66.18000
 42
1.0
  0
SEQEND
  8
DRILLHOLE
  0
POLYLINE
 5
11FA
  8
DRILLHOLE
 66
1
 70
1
 40
0.000500
 41
0.000500
  0
VERTEX
 5
11FB
  8
DRILLHOLE
 10
50.39975
 20
66.18000
 42
1.0
  0
VERTEX
 5
11FC
  8
DRILLHOLE
 10
50.40025
 20
66.18000
 42
1.0
  0
SEQEND
  8
DRILLHOLE
  0
SOLID
 5
11FD
  8
PADLAYER_TOP
 10
51.00000
 20
75.67000
 11
50.40000
 21
75.67000
 12
51.00000
 22
74.57000
 13
50.40000
 23
74.57000
  0
POLYLINE
 5
11FE
  8
PADLAYER_TOP
 66
1
 70
1
 40
0.550000
 41
0.550000
  0
VERTEX
 5
11FF
  8
PADLAYER_TOP
 10
50.72500
 20
75.12000
 42
1.0
  0
VERTEX
 5
1200
  8
PADLAYER_TOP
 10
51.27500
 20
75.12000
 42
1.0
  0
SEQEND
  8
PADLAYER_TOP
  0
POLYLINE
 5
1201
  8
PADLAYER_TOP
 66
1
 70
1
 40
0.550000
 41
0.550000
  0
VERTEX
 5
1202
  8
PADLAYER_TOP
 10
50.12500
 20
75.12000
 42
1.0
  0
VERTEX
 5
1203
  8
PADLAYER_TOP
 10
50.67500
 20
75.12000
 42
1.0
  0
SEQEND
  8
PADLAYER_TOP
  0
SOLID
 5
1204
  8
PADLAYER_BOTTOM
 10
51.00000
 20
75.67000
 11
50.40000
 21
75.67000
 12
51.00000
 22
74.57000
 13
50.40000
 23
74.57000
  0
POLYLINE
 5
1205
  8
PADLAYER_BOTTOM
 66
1
 70
1
 40
0.550000
 41
0.550000
  0
VERTEX
 5
1206
  8
PADLAYER_BOTTOM
 10
50.72500
 20
75.12000
 42
1.0
  0
VERTEX
 5
1207
  8
PADLAYER_BOTTOM
 10
51.27500
 20
75.12000
 42
1.0
  0
SEQEND
  8
PADLAYER_BOTTOM
  0
POLYLINE
 5
1208
  8
PADLAYER_BOTTOM
 66
1
 70
1
 40
0.550000
 41
0.550000
  0
VERTEX
 5
1209
  8
PADLAYER_BOTTOM
 10
50.12500
 20
75.12000
 42
1.0
  0
VERTEX
 5
120A
  8
PADLAYER_BOTTOM
 10
50.67500
 20
75.12000
 42
1.0
  0
SEQEND
  8
PADLAYER_BOTTOM
  0
POLYLINE
 5
120B
  8
DRILLHOLE
 66
1
 40
0.001000
 41
0.001000
  0
VERTEX
 5
120C
  8
DRILLHOLE
 10
50.40000
 20
74.82000
 42
-1.000000
  0
VERTEX
 5
120D
  8
DRILLHOLE
 10
50.40000
 20
75.42000
  0
SEQEND
  8
DRILLHOLE
  0
POLYLINE
 5
120E
  8
DRILLHOLE
 66
1
 70
1
 40
0.000500
 41
0.000500
  0
VERTEX
 5
120F
  8
DRILLHOLE
 10
50.39975
 20
74.82000
 42
1.0
  0
VERTEX
 5
1210
  8
DRILLHOLE
 10
50.40025
 20
74.82000
 42
1.0
  0
SEQEND
  8
DRILLHOLE
  0
POLYLINE
 5
1211
  8
DRILLHOLE
 66
1
 70
1
 40
0.000500
 41
0.000500
  0
VERTEX
 5
1212
  8
DRILLHOLE
 10
50.39975
 20
75.42000
 42
1.0
  0
VERTEX
 5
1213
  8
DRILLHOLE
 10
50.40025
 20
75.42000
 42
1.0
  0
SEQEND
  8
DRILLHOLE
  0
POLYLINE
 5
1214
  8
DRILLHOLE
 66
1
 40
0.001000
 41
0.001000
  0
VERTEX
 5
1215
  8
DRILLHOLE
 10
50.40000
 20
75.42000
  0
VERTEX
 5
1216
  8
DRILLHOLE
 10
51.00000
 20
75.42000
 42
-1.000000
  0
SEQEND
  8
DRILLHOLE
  0
POLYLINE
 5
1217
  8
DRILLHOLE
 66
1
 70
1
 40
0.000500
 41
0.000500
  0
VERTEX
 5
1218
  8
DRILLHOLE
 10
50.39975
 20
75.42000
 42
1.0
  0
VERTEX
 5
1219
  8
DRILLHOLE
 10
50.40025
 20
75.42000
 42
1.0
  0
SEQEND
  8
DRILLHOLE
  0
POLYLINE
 5
121A
  8
DRILLHOLE
 66
1
 70
1
 40
0.000500
 41
0.000500
  0
VERTEX
 5
121B
  8
DRILLHOLE
 10
50.99975
 20
75.42000
 42
1.0
  0
VERTEX
 5
121C
  8
DRILLHOLE
 10
51.00025
 20
75.42000
 42
1.0
  0
SEQEND
  8
DRILLHOLE
  0
POLYLINE
 5
121D
  8
DRILLHOLE
 66
1
 40
0.001000
 41
0.001000
  0
VERTEX
 5
121E
  8
DRILLHOLE
 10
51.00000
 20
75.42000
 42
-1.000000
  0
VERTEX
 5
121F
  8
DRILLHOLE
 10
51.00000
 20
74.82000
  0
SEQEND
  8
DRILLHOLE
  0
POLYLINE
 5
1220
  8
DRILLHOLE
 66
1
 70
1
 40
0.000500
 41
0.000500
  0
VERTEX
 5
1221
  8
DRILLHOLE
 10
50.99975
 20
75.42000
 42
1.0
  0
VERTEX
 5
1222
  8
DRILLHOLE
 10
51.00025
 20
75.42000
 42
1.0
  0
SEQEND
  8
DRILLHOLE
  0
POLYLINE
 5
1223
  8
DRILLHOLE
 66
1
 70
1
 40
0.000500
 41
0.000500
  0
VERTEX
 5
1224
  8
DRILLHOLE
 10
50.99975
 20
74.82000
 42
1.0
  0
VERTEX
 5
1225
  8
DRILLHOLE
 10
51.00025
 20
74.82000
 42
1.0
  0
SEQEND
  8
DRILLHOLE
  0
POLYLINE
 5
1226
  8
DRILLHOLE
 66
1
 40
0.001000
 41
0.001000
  0
VERTEX
 5
1227
  8
DRILLHOLE
 10
51.00000
 20
74.82000
  0
VERTEX
 5
1228
  8
DRILLHOLE
 10
50.40000
 20
74.82000
  0
SEQEND
  8
DRILLHOLE
  0
POLYLINE
 5
1229
  8
DRILLHOLE
 66
1
 70
1
 40
0.000500
 41
0.000500
  0
VERTEX
 5
122A
  8
DRILLHOLE
 10
50.99975
 20
74.82000
 42
1.0
  0
VERTEX
 5
122B
  8
DRILLHOLE
 10
51.00025
 20
74.82000
 42
1.0
  0
SEQEND
  8
DRILLHOLE
  0
POLYLINE
 5
122C
  8
DRILLHOLE
 66
1
 70
1
 40
0.000500
 41
0.000500
  0
VERTEX
 5
122D
  8
DRILLHOLE
 10
50.39975
 20
74.82000
 42
1.0
  0
VERTEX
 5
122E
  8
DRILLHOLE
 10
50.40025
 20
74.82000
 42
1.0
  0
SEQEND
  8
DRILLHOLE
  0
POLYLINE
 5
122F
  8
Top
 66
1
 40
0.000000
 41
0.000000
  0
VERTEX
 5
1230
  8
Top
 10
48.29000
 20
47.71000
 42
1.000000
  0
VERTEX
 5
1231
  8
Top
 10
50.89000
 20
47.71000
 42
1.000000
  0
VERTEX
 5
1232
  8
Top
 10
48.29000
 20
47.71000
  0
SEQEND
  8
Top
  0
POLYLINE
 5
1233
  8
Bottom
 66
1
 40
0.000000
 41
0.000000
  0
VERTEX
 5
1234
  8
Bottom
 10
48.29000
 20
47.71000
 42
1.000000
  0
VERTEX
 5
1235
  8
Bottom
 10
50.89000
 20
47.71000
 42
1.000000
  0
VERTEX
 5
1236
  8
Bottom
 10
48.29000
 20
47.71000
  0
SEQEND
  8
Bottom
  0
POLYLINE
 5
1237
  8
PLACEMENT_OUTLINE_TOP
 66
1
 40
0.025400
 41
0.025400
  0
VERTEX
 5
1238
  8
PLACEMENT_OUTLINE_TOP
 10
48.49000
 20
46.61000
  0
VERTEX
 5
1239
  8
PLACEMENT_OUTLINE_TOP
 10
48.49000
 20
48.81000
  0
SEQEND
  8
PLACEMENT_OUTLINE_TOP
  0
POLYLINE
 5
123A
  8
PLACEMENT_OUTLINE_TOP
 66
1
 70
1
 40
0.012700
 41
0.012700
  0
VERTEX
 5
123B
  8
PLACEMENT_OUTLINE_TOP
 10
48.48365
 20
46.61000
 42
1.0
  0
VERTEX
 5
123C
  8
PLACEMENT_OUTLINE_TOP
 10
48.49635
 20
46.61000
 42
1.0
  0
SEQEND
  8
PLACEMENT_OUTLINE_TOP
  0
POLYLINE
 5
123D
  8
PLACEMENT_OUTLINE_TOP
 66
1
 70
1
 40
0.012700
 41
0.012700
  0
VERTEX
 5
123E
  8
PLACEMENT_OUTLINE_TOP
 10
48.48365
 20
48.81000
 42
1.0
  0
VERTEX
 5
123F
  8
PLACEMENT_OUTLINE_TOP
 10
48.49635
 20
48.81000
 42
1.0
  0
SEQEND
  8
PLACEMENT_OUTLINE_TOP
  0
POLYLINE
 5
1240
  8
PLACEMENT_OUTLINE_TOP
 66
1
 40
0.025400
 41
0.025400
  0
VERTEX
 5
1241
  8
PLACEMENT_OUTLINE_TOP
 10
48.49000
 20
48.81000
  0
VERTEX
 5
1242
  8
PLACEMENT_OUTLINE_TOP
 10
50.69000
 20
48.81000
  0
SEQEND
  8
PLACEMENT_OUTLINE_TOP
  0
POLYLINE
 5
1243
  8
PLACEMENT_OUTLINE_TOP
 66
1
 70
1
 40
0.012700
 41
0.012700
  0
VERTEX
 5
1244
  8
PLACEMENT_OUTLINE_TOP
 10
48.48365
 20
48.81000
 42
1.0
  0
VERTEX
 5
1245
  8
PLACEMENT_OUTLINE_TOP
 10
48.49635
 20
48.81000
 42
1.0
  0
SEQEND
  8
PLACEMENT_OUTLINE_TOP
  0
POLYLINE
 5
1246
  8
PLACEMENT_OUTLINE_TOP
 66
1
 70
1
 40
0.012700
 41
0.012700
  0
VERTEX
 5
1247
  8
PLACEMENT_OUTLINE_TOP
 10
50.68365
 20
48.81000
 42
1.0
  0
VERTEX
 5
1248
  8
PLACEMENT_OUTLINE_TOP
 10
50.69635
 20
48.81000
 42
1.0
  0
SEQEND
  8
PLACEMENT_OUTLINE_TOP
  0
POLYLINE
 5
1249
  8
PLACEMENT_OUTLINE_TOP
 66
1
 40
0.025400
 41
0.025400
  0
VERTEX
 5
124A
  8
PLACEMENT_OUTLINE_TOP
 10
50.69000
 20
48.81000
  0
VERTEX
 5
124B
  8
PLACEMENT_OUTLINE_TOP
 10
50.69000
 20
46.61000
  0
SEQEND
  8
PLACEMENT_OUTLINE_TOP
  0
POLYLINE
 5
124C
  8
PLACEMENT_OUTLINE_TOP
 66
1
 70
1
 40
0.012700
 41
0.012700
  0
VERTEX
 5
124D
  8
PLACEMENT_OUTLINE_TOP
 10
50.68365
 20
48.81000
 42
1.0
  0
VERTEX
 5
124E
  8
PLACEMENT_OUTLINE_TOP
 10
50.69635
 20
48.81000
 42
1.0
  0
SEQEND
  8
PLACEMENT_OUTLINE_TOP
  0
POLYLINE
 5
124F
  8
PLACEMENT_OUTLINE_TOP
 66
1
 70
1
 40
0.012700
 41
0.012700
  0
VERTEX
 5
1250
  8
PLACEMENT_OUTLINE_TOP
 10
50.68365
 20
46.61000
 42
1.0
  0
VERTEX
 5
1251
  8
PLACEMENT_OUTLINE_TOP
 10
50.69635
 20
46.61000
 42
1.0
  0
SEQEND
  8
PLACEMENT_OUTLINE_TOP
  0
POLYLINE
 5
1252
  8
PLACEMENT_OUTLINE_TOP
 66
1
 40
0.025400
 41
0.025400
  0
VERTEX
 5
1253
  8
PLACEMENT_OUTLINE_TOP
 10
50.69000
 20
46.61000
  0
VERTEX
 5
1254
  8
PLACEMENT_OUTLINE_TOP
 10
48.49000
 20
46.61000
  0
SEQEND
  8
PLACEMENT_OUTLINE_TOP
  0
POLYLINE
 5
1255
  8
PLACEMENT_OUTLINE_TOP
 66
1
 70
1
 40
0.012700
 41
0.012700
  0
VERTEX
 5
1256
  8
PLACEMENT_OUTLINE_TOP
 10
50.68365
 20
46.61000
 42
1.0
  0
VERTEX
 5
1257
  8
PLACEMENT_OUTLINE_TOP
 10
50.69635
 20
46.61000
 42
1.0
  0
SEQEND
  8
PLACEMENT_OUTLINE_TOP
  0
POLYLINE
 5
1258
  8
PLACEMENT_OUTLINE_TOP
 66
1
 70
1
 40
0.012700
 41
0.012700
  0
VERTEX
 5
1259
  8
PLACEMENT_OUTLINE_TOP
 10
48.48365
 20
46.61000
 42
1.0
  0
VERTEX
 5
125A
  8
PLACEMENT_OUTLINE_TOP
 10
48.49635
 20
46.61000
 42
1.0
  0
SEQEND
  8
PLACEMENT_OUTLINE_TOP
  0
POLYLINE
 5
125B
  8
PADLAYER_TOP
 66
1
 70
1
 40
1.100000
 41
1.100000
  0
VERTEX
 5
125C
  8
PADLAYER_TOP
 10
49.04000
 20
47.71000
 42
1.0
  0
VERTEX
 5
125D
  8
PADLAYER_TOP
 10
50.14000
 20
47.71000
 42
1.0
  0
SEQEND
  8
PADLAYER_TOP
  0
POLYLINE
 5
125E
  8
PADLAYER_BOTTOM
 66
1
 70
1
 40
0.550000
 41
0.550000
  0
VERTEX
 5
125F
  8
PADLAYER_BOTTOM
 10
49.31500
 20
47.71000
 42
1.0
  0
VERTEX
 5
1260
  8
PADLAYER_BOTTOM
 10
49.86500
 20
47.71000
 42
1.0
  0
SEQEND
  8
PADLAYER_BOTTOM
  0
POLYLINE
 5
1261
  8
TOOL_TOP
 66
1
 40
0.025400
 41
0.025400
  0
VERTEX
 5
1262
  8
TOOL_TOP
 10
49.14000
 20
47.71000
 42
1.000000
  0
VERTEX
 5
1263
  8
TOOL_TOP
 10
50.04000
 20
47.71000
 42
1.000000
  0
VERTEX
 5
1264
  8
TOOL_TOP
 10
49.14000
 20
47.71000
  0
SEQEND
  8
TOOL_TOP
  0
TEXT
  8
TOOLCODE_TOP
 10
49.11750
 20
47.48500
 40
0.450000
  1
T00
  0
POLYLINE
 5
1265
  8
2DLINES_1
 66
1
 40
0.152400
 41
0.152400
  0
VERTEX
 5
1266
  8
2DLINES_1
 10
42.56700
 20
66.63300
  0
VERTEX
 5
1267
  8
2DLINES_1
 10
42.56700
 20
66.73300
  0
SEQEND
  8
2DLINES_1
  0
POLYLINE
 5
1268
  8
2DLINES_1
 66
1
 70
1
 40
0.076200
 41
0.076200
  0
VERTEX
 5
1269
  8
2DLINES_1
 10
42.52890
 20
66.63300
 42
1.0
  0
VERTEX
 5
126A
  8
2DLINES_1
 10
42.60510
 20
66.63300
 42
1.0
  0
SEQEND
  8
2DLINES_1
  0
POLYLINE
 5
126B
  8
2DLINES_1
 66
1
 70
1
 40
0.076200
 41
0.076200
  0
VERTEX
 5
126C
  8
2DLINES_1
 10
42.52890
 20
66.73300
 42
1.0
  0
VERTEX
 5
126D
  8
2DLINES_1
 10
42.60510
 20
66.73300
 42
1.0
  0
SEQEND
  8
2DLINES_1
  0
POLYLINE
 5
126E
  8
2DLINES_1
 66
1
 40
0.152400
 41
0.152400
  0
VERTEX
 5
126F
  8
2DLINES_1
 10
42.56700
 20
66.73300
  0
VERTEX
 5
1270
  8
2DLINES_1
 10
41.95900
 20
66.73300
  0
SEQEND
  8
2DLINES_1
  0
POLYLINE
 5
1271
  8
2DLINES_1
 66
1
 70
1
 40
0.076200
 41
0.076200
  0
VERTEX
 5
1272
  8
2DLINES_1
 10
42.52890
 20
66.73300
 42
1.0
  0
VERTEX
 5
1273
  8
2DLINES_1
 10
42.60510
 20
66.73300
 42
1.0
  0
SEQEND
  8
2DLINES_1
  0
POLYLINE
 5
1274
  8
2DLINES_1
 66
1
 70
1
 40
0.076200
 41
0.076200
  0
VERTEX
 5
1275
  8
2DLINES_1
 10
41.92090
 20
66.73300
 42
1.0
  0
VERTEX
 5
1276
  8
2DLINES_1
 10
41.99710
 20
66.73300
 42
1.0
  0
SEQEND
  8
2DLINES_1
  0
POLYLINE
 5
1277
  8
2DLINES_1
 66
1
 40
0.152400
 41
0.152400
  0
VERTEX
 5
1278
  8
2DLINES_1
 10
41.95900
 20
66.73300
  0
VERTEX
 5
1279
  8
2DLINES_1
 10
41.95900
 20
66.63300
  0
SEQEND
  8
2DLINES_1
  0
POLYLINE
 5
127A
  8
2DLINES_1
 66
1
 70
1
 40
0.076200
 41
0.076200
  0
VERTEX
 5
127B
  8
2DLINES_1
 10
41.92090
 20
66.73300
 42
1.0
  0
VERTEX
 5
127C
  8
2DLINES_1
 10
41.99710
 20
66.73300
 42
1.0
  0
SEQEND
  8
2DLINES_1
  0
POLYLINE
 5
127D
  8
2DLINES_1
 66
1
 70
1
 40
0.076200
 41
0.076200
  0
VERTEX
 5
127E
  8
2DLINES_1
 10
41.92090
 20
66.63300
 42
1.0
  0
VERTEX
 5
127F
  8
2DLINES_1
 10
41.99710
 20
66.63300
 42
1.0
  0
SEQEND
  8
2DLINES_1
  0
POLYLINE
 5
1280
  8
2DLINES_1
 66
1
 40
0.152400
 41
0.152400
  0
VERTEX
 5
1281
  8
2DLINES_1
 10
41.95900
 20
66.63300
  0
VERTEX
 5
1282
  8
2DLINES_1
 10
42.56700
 20
66.63300
  0
SEQEND
  8
2DLINES_1
  0
POLYLINE
 5
1283
  8
2DLINES_1
 66
1
 70
1
 40
0.076200
 41
0.076200
  0
VERTEX
 5
1284
  8
2DLINES_1
 10
41.92090
 20
66.63300
 42
1.0
  0
VERTEX
 5
1285
  8
2DLINES_1
 10
41.99710
 20
66.63300
 42
1.0
  0
SEQEND
  8
2DLINES_1
  0
POLYLINE
 5
1286
  8
2DLINES_1
 66
1
 70
1
 40
0.076200
 41
0.076200
  0
VERTEX
 5
1287
  8
2DLINES_1
 10
42.52890
 20
66.63300
 42
1.0
  0
VERTEX
 5
1288
  8
2DLINES_1
 10
42.60510
 20
66.63300
 42
1.0
  0
SEQEND
  8
2DLINES_1
  0
POLYLINE
 5
1289
  8
PLACEMENT_OUTLINE_TOP
 66
1
 40
0.152400
 41
0.152400
  0
VERTEX
 5
128A
  8
PLACEMENT_OUTLINE_TOP
 10
42.56700
 20
66.63300
  0
VERTEX
 5
128B
  8
PLACEMENT_OUTLINE_TOP
 10
42.56700
 20
66.73300
  0
SEQEND
  8
PLACEMENT_OUTLINE_TOP
  0
POLYLINE
 5
128C
  8
PLACEMENT_OUTLINE_TOP
 66
1
 70
1
 40
0.076200
 41
0.076200
  0
VERTEX
 5
128D
  8
PLACEMENT_OUTLINE_TOP
 10
42.52890
 20
66.63300
 42
1.0
  0
VERTEX
 5
128E
  8
PLACEMENT_OUTLINE_TOP
 10
42.60510
 20
66.63300
 42
1.0
  0
SEQEND
  8
PLACEMENT_OUTLINE_TOP
  0
POLYLINE
 5
128F
  8
PLACEMENT_OUTLINE_TOP
 66
1
 70
1
 40
0.076200
 41
0.076200
  0
VERTEX
 5
1290
  8
PLACEMENT_OUTLINE_TOP
 10
42.52890
 20
66.73300
 42
1.0
  0
VERTEX
 5
1291
  8
PLACEMENT_OUTLINE_TOP
 10
42.60510
 20
66.73300
 42
1.0
  0
SEQEND
  8
PLACEMENT_OUTLINE_TOP
  0
POLYLINE
 5
1292
  8
PLACEMENT_OUTLINE_TOP
 66
1
 40
0.152400
 41
0.152400
  0
VERTEX
 5
1293
  8
PLACEMENT_OUTLINE_TOP
 10
42.56700
 20
66.73300
  0
VERTEX
 5
1294
  8
PLACEMENT_OUTLINE_TOP
 10
41.95900
 20
66.73300
  0
SEQEND
  8
PLACEMENT_OUTLINE_TOP
  0
POLYLINE
 5
1295
  8
PLACEMENT_OUTLINE_TOP
 66
1
 70
1
 40
0.076200
 41
0.076200
  0
VERTEX
 5
1296
  8
PLACEMENT_OUTLINE_TOP
 10
42.52890
 20
66.73300
 42
1.0
  0
VERTEX
 5
1297
  8
PLACEMENT_OUTLINE_TOP
 10
42.60510
 20
66.73300
 42
1.0
  0
SEQEND
  8
PLACEMENT_OUTLINE_TOP
  0
POLYLINE
 5
1298
  8
PLACEMENT_OUTLINE_TOP
 66
1
 70
1
 40
0.076200
 41
0.076200
  0
VERTEX
 5
1299
  8
PLACEMENT_OUTLINE_TOP
 10
41.92090
 20
66.73300
 42
1.0
  0
VERTEX
 5
129A
  8
PLACEMENT_OUTLINE_TOP
 10
41.99710
 20
66.73300
 42
1.0
  0
SEQEND
  8
PLACEMENT_OUTLINE_TOP
  0
POLYLINE
 5
129B
  8
PLACEMENT_OUTLINE_TOP
 66
1
 40
0.152400
 41
0.152400
  0
VERTEX
 5
129C
  8
PLACEMENT_OUTLINE_TOP
 10
41.95900
 20
66.73300
  0
VERTEX
 5
129D
  8
PLACEMENT_OUTLINE_TOP
 10
41.95900
 20
66.63300
  0
SEQEND
  8
PLACEMENT_OUTLINE_TOP
  0
POLYLINE
 5
129E
  8
PLACEMENT_OUTLINE_TOP
 66
1
 70
1
 40
0.076200
 41
0.076200
  0
VERTEX
 5
129F
  8
PLACEMENT_OUTLINE_TOP
 10
41.92090
 20
66.73300
 42
1.0
  0
VERTEX
 5
12A0
  8
PLACEMENT_OUTLINE_TOP
 10
41.99710
 20
66.73300
 42
1.0
  0
SEQEND
  8
PLACEMENT_OUTLINE_TOP
  0
POLYLINE
 5
12A1
  8
PLACEMENT_OUTLINE_TOP
 66
1
 70
1
 40
0.076200
 41
0.076200
  0
VERTEX
 5
12A2
  8
PLACEMENT_OUTLINE_TOP
 10
41.92090
 20
66.63300
 42
1.0
  0
VERTEX
 5
12A3
  8
PLACEMENT_OUTLINE_TOP
 10
41.99710
 20
66.63300
 42
1.0
  0
SEQEND
  8
PLACEMENT_OUTLINE_TOP
  0
POLYLINE
 5
12A4
  8
PLACEMENT_OUTLINE_TOP
 66
1
 40
0.152400
 41
0.152400
  0
VERTEX
 5
12A5
  8
PLACEMENT_OUTLINE_TOP
 10
41.95900
 20
66.63300
  0
VERTEX
 5
12A6
  8
PLACEMENT_OUTLINE_TOP
 10
42.56700
 20
66.63300
  0
SEQEND
  8
PLACEMENT_OUTLINE_TOP
  0
POLYLINE
 5
12A7
  8
PLACEMENT_OUTLINE_TOP
 66
1
 70
1
 40
0.076200
 41
0.076200
  0
VERTEX
 5
12A8
  8
PLACEMENT_OUTLINE_TOP
 10
41.92090
 20
66.63300
 42
1.0
  0
VERTEX
 5
12A9
  8
PLACEMENT_OUTLINE_TOP
 10
41.99710
 20
66.63300
 42
1.0
  0
SEQEND
  8
PLACEMENT_OUTLINE_TOP
  0
POLYLINE
 5
12AA
  8
PLACEMENT_OUTLINE_TOP
 66
1
 70
1
 40
0.076200
 41
0.076200
  0
VERTEX
 5
12AB
  8
PLACEMENT_OUTLINE_TOP
 10
42.52890
 20
66.63300
 42
1.0
  0
VERTEX
 5
12AC
  8
PLACEMENT_OUTLINE_TOP
 10
42.60510
 20
66.63300
 42
1.0
  0
SEQEND
  8
PLACEMENT_OUTLINE_TOP
  0
SOLID
 5
12AD
  8
PADLAYER_TOP
 10
42.65900
 20
66.48300
 11
41.85900
 21
66.48300
 12
42.65900
 22
65.88300
 13
41.85900
 23
65.88300
  0
SOLID
 5
12AE
  8
PADLAYER_TOP
 10
42.65900
 20
67.48300
 11
41.85900
 21
67.48300
 12
42.65900
 22
66.88300
 13
41.85900
 23
66.88300
  0
POLYLINE
 5
12AF
  8
2DLINES_1
 66
1
 40
0.152400
 41
0.152400
  0
VERTEX
 5
12B0
  8
2DLINES_1
 10
43.76700
 20
66.63300
  0
VERTEX
 5
12B1
  8
2DLINES_1
 10
43.76700
 20
66.73300
  0
SEQEND
  8
2DLINES_1
  0
POLYLINE
 5
12B2
  8
2DLINES_1
 66
1
 70
1
 40
0.076200
 41
0.076200
  0
VERTEX
 5
12B3
  8
2DLINES_1
 10
43.72890
 20
66.63300
 42
1.0
  0
VERTEX
 5
12B4
  8
2DLINES_1
 10
43.80510
 20
66.63300
 42
1.0
  0
SEQEND
  8
2DLINES_1
  0
POLYLINE
 5
12B5
  8
2DLINES_1
 66
1
 70
1
 40
0.076200
 41
0.076200
  0
VERTEX
 5
12B6
  8
2DLINES_1
 10
43.72890
 20
66.73300
 42
1.0
  0
VERTEX
 5
12B7
  8
2DLINES_1
 10
43.80510
 20
66.73300
 42
1.0
  0
SEQEND
  8
2DLINES_1
  0
POLYLINE
 5
12B8
  8
2DLINES_1
 66
1
 40
0.152400
 41
0.152400
  0
VERTEX
 5
12B9
  8
2DLINES_1
 10
43.76700
 20
66.73300
  0
VERTEX
 5
12BA
  8
2DLINES_1
 10
43.15900
 20
66.73300
  0
SEQEND
  8
2DLINES_1
  0
POLYLINE
 5
12BB
  8
2DLINES_1
 66
1
 70
1
 40
0.076200
 41
0.076200
  0
VERTEX
 5
12BC
  8
2DLINES_1
 10
43.72890
 20
66.73300
 42
1.0
  0
VERTEX
 5
12BD
  8
2DLINES_1
 10
43.80510
 20
66.73300
 42
1.0
  0
SEQEND
  8
2DLINES_1
  0
POLYLINE
 5
12BE
  8
2DLINES_1
 66
1
 70
1
 40
0.076200
 41
0.076200
  0
VERTEX
 5
12BF
  8
2DLINES_1
 10
43.12090
 20
66.73300
 42
1.0
  0
VERTEX
 5
12C0
  8
2DLINES_1
 10
43.19710
 20
66.73300
 42
1.0
  0
SEQEND
  8
2DLINES_1
  0
POLYLINE
 5
12C1
  8
2DLINES_1
 66
1
 40
0.152400
 41
0.152400
  0
VERTEX
 5
12C2
  8
2DLINES_1
 10
43.15900
 20
66.73300
  0
VERTEX
 5
12C3
  8
2DLINES_1
 10
43.15900
 20
66.63300
  0
SEQEND
  8
2DLINES_1
  0
POLYLINE
 5
12C4
  8
2DLINES_1
 66
1
 70
1
 40
0.076200
 41
0.076200
  0
VERTEX
 5
12C5
  8
2DLINES_1
 10
43.12090
 20
66.73300
 42
1.0
  0
VERTEX
 5
12C6
  8
2DLINES_1
 10
43.19710
 20
66.73300
 42
1.0
  0
SEQEND
  8
2DLINES_1
  0
POLYLINE
 5
12C7
  8
2DLINES_1
 66
1
 70
1
 40
0.076200
 41
0.076200
  0
VERTEX
 5
12C8
  8
2DLINES_1
 10
43.12090
 20
66.63300
 42
1.0
  0
VERTEX
 5
12C9
  8
2DLINES_1
 10
43.19710
 20
66.63300
 42
1.0
  0
SEQEND
  8
2DLINES_1
  0
POLYLINE
 5
12CA
  8
2DLINES_1
 66
1
 40
0.152400
 41
0.152400
  0
VERTEX
 5
12CB
  8
2DLINES_1
 10
43.15900
 20
66.63300
  0
VERTEX
 5
12CC
  8
2DLINES_1
 10
43.76700
 20
66.63300
  0
SEQEND
  8
2DLINES_1
  0
POLYLINE
 5
12CD
  8
2DLINES_1
 66
1
 70
1
 40
0.076200
 41
0.076200
  0
VERTEX
 5
12CE
  8
2DLINES_1
 10
43.12090
 20
66.63300
 42
1.0
  0
VERTEX
 5
12CF
  8
2DLINES_1
 10
43.19710
 20
66.63300
 42
1.0
  0
SEQEND
  8
2DLINES_1
  0
POLYLINE
 5
12D0
  8
2DLINES_1
 66
1
 70
1
 40
0.076200
 41
0.076200
  0
VERTEX
 5
12D1
  8
2DLINES_1
 10
43.72890
 20
66.63300
 42
1.0
  0
VERTEX
 5
12D2
  8
2DLINES_1
 10
43.80510
 20
66.63300
 42
1.0
  0
SEQEND
  8
2DLINES_1
  0
POLYLINE
 5
12D3
  8
PLACEMENT_OUTLINE_TOP
 66
1
 40
0.152400
 41
0.152400
  0
VERTEX
 5
12D4
  8
PLACEMENT_OUTLINE_TOP
 10
43.76700
 20
66.63300
  0
VERTEX
 5
12D5
  8
PLACEMENT_OUTLINE_TOP
 10
43.76700
 20
66.73300
  0
SEQEND
  8
PLACEMENT_OUTLINE_TOP
  0
POLYLINE
 5
12D6
  8
PLACEMENT_OUTLINE_TOP
 66
1
 70
1
 40
0.076200
 41
0.076200
  0
VERTEX
 5
12D7
  8
PLACEMENT_OUTLINE_TOP
 10
43.72890
 20
66.63300
 42
1.0
  0
VERTEX
 5
12D8
  8
PLACEMENT_OUTLINE_TOP
 10
43.80510
 20
66.63300
 42
1.0
  0
SEQEND
  8
PLACEMENT_OUTLINE_TOP
  0
POLYLINE
 5
12D9
  8
PLACEMENT_OUTLINE_TOP
 66
1
 70
1
 40
0.076200
 41
0.076200
  0
VERTEX
 5
12DA
  8
PLACEMENT_OUTLINE_TOP
 10
43.72890
 20
66.73300
 42
1.0
  0
VERTEX
 5
12DB
  8
PLACEMENT_OUTLINE_TOP
 10
43.80510
 20
66.73300
 42
1.0
  0
SEQEND
  8
PLACEMENT_OUTLINE_TOP
  0
POLYLINE
 5
12DC
  8
PLACEMENT_OUTLINE_TOP
 66
1
 40
0.152400
 41
0.152400
  0
VERTEX
 5
12DD
  8
PLACEMENT_OUTLINE_TOP
 10
43.76700
 20
66.73300
  0
VERTEX
 5
12DE
  8
PLACEMENT_OUTLINE_TOP
 10
43.15900
 20
66.73300
  0
SEQEND
  8
PLACEMENT_OUTLINE_TOP
  0
POLYLINE
 5
12DF
  8
PLACEMENT_OUTLINE_TOP
 66
1
 70
1
 40
0.076200
 41
0.076200
  0
VERTEX
 5
12E0
  8
PLACEMENT_OUTLINE_TOP
 10
43.72890
 20
66.73300
 42
1.0
  0
VERTEX
 5
12E1
  8
PLACEMENT_OUTLINE_TOP
 10
43.80510
 20
66.73300
 42
1.0
  0
SEQEND
  8
PLACEMENT_OUTLINE_TOP
  0
POLYLINE
 5
12E2
  8
PLACEMENT_OUTLINE_TOP
 66
1
 70
1
 40
0.076200
 41
0.076200
  0
VERTEX
 5
12E3
  8
PLACEMENT_OUTLINE_TOP
 10
43.12090
 20
66.73300
 42
1.0
  0
VERTEX
 5
12E4
  8
PLACEMENT_OUTLINE_TOP
 10
43.19710
 20
66.73300
 42
1.0
  0
SEQEND
  8
PLACEMENT_OUTLINE_TOP
  0
POLYLINE
 5
12E5
  8
PLACEMENT_OUTLINE_TOP
 66
1
 40
0.152400
 41
0.152400
  0
VERTEX
 5
12E6
  8
PLACEMENT_OUTLINE_TOP
 10
43.15900
 20
66.73300
  0
VERTEX
 5
12E7
  8
PLACEMENT_OUTLINE_TOP
 10
43.15900
 20
66.63300
  0
SEQEND
  8
PLACEMENT_OUTLINE_TOP
  0
POLYLINE
 5
12E8
  8
PLACEMENT_OUTLINE_TOP
 66
1
 70
1
 40
0.076200
 41
0.076200
  0
VERTEX
 5
12E9
  8
PLACEMENT_OUTLINE_TOP
 10
43.12090
 20
66.73300
 42
1.0
  0
VERTEX
 5
12EA
  8
PLACEMENT_OUTLINE_TOP
 10
43.19710
 20
66.73300
 42
1.0
  0
SEQEND
  8
PLACEMENT_OUTLINE_TOP
  0
POLYLINE
 5
12EB
  8
PLACEMENT_OUTLINE_TOP
 66
1
 70
1
 40
0.076200
 41
0.076200
  0
VERTEX
 5
12EC
  8
PLACEMENT_OUTLINE_TOP
 10
43.12090
 20
66.63300
 42
1.0
  0
VERTEX
 5
12ED
  8
PLACEMENT_OUTLINE_TOP
 10
43.19710
 20
66.63300
 42
1.0
  0
SEQEND
  8
PLACEMENT_OUTLINE_TOP
  0
POLYLINE
 5
12EE
  8
PLACEMENT_OUTLINE_TOP
 66
1
 40
0.152400
 41
0.152400
  0
VERTEX
 5
12EF
  8
PLACEMENT_OUTLINE_TOP
 10
43.15900
 20
66.63300
  0
VERTEX
 5
12F0
  8
PLACEMENT_OUTLINE_TOP
 10
43.76700
 20
66.63300
  0
SEQEND
  8
PLACEMENT_OUTLINE_TOP
  0
POLYLINE
 5
12F1
  8
PLACEMENT_OUTLINE_TOP
 66
1
 70
1
 40
0.076200
 41
0.076200
  0
VERTEX
 5
12F2
  8
PLACEMENT_OUTLINE_TOP
 10
43.12090
 20
66.63300
 42
1.0
  0
VERTEX
 5
12F3
  8
PLACEMENT_OUTLINE_TOP
 10
43.19710
 20
66.63300
 42
1.0
  0
SEQEND
  8
PLACEMENT_OUTLINE_TOP
  0
POLYLINE
 5
12F4
  8
PLACEMENT_OUTLINE_TOP
 66
1
 70
1
 40
0.076200
 41
0.076200
  0
VERTEX
 5
12F5
  8
PLACEMENT_OUTLINE_TOP
 10
43.72890
 20
66.63300
 42
1.0
  0
VERTEX
 5
12F6
  8
PLACEMENT_OUTLINE_TOP
 10
43.80510
 20
66.63300
 42
1.0
  0
SEQEND
  8
PLACEMENT_OUTLINE_TOP
  0
SOLID
 5
12F7
  8
PADLAYER_TOP
 10
43.85900
 20
66.48300
 11
43.05900
 21
66.48300
 12
43.85900
 22
65.88300
 13
43.05900
 23
65.88300
  0
SOLID
 5
12F8
  8
PADLAYER_TOP
 10
43.85900
 20
67.48300
 11
43.05900
 21
67.48300
 12
43.85900
 22
66.88300
 13
43.05900
 23
66.88300
  0
POLYLINE
 5
12F9
  8
2DLINES_1
 66
1
 40
0.200000
 41
0.200000
  0
VERTEX
 5
12FA
  8
2DLINES_1
 10
27.55000
 20
66.78000
  0
VERTEX
 5
12FB
  8
2DLINES_1
 10
27.55000
 20
69.32000
  0
SEQEND
  8
2DLINES_1
  0
POLYLINE
 5
12FC
  8
2DLINES_1
 66
1
 70
1
 40
0.100000
 41
0.100000
  0
VERTEX
 5
12FD
  8
2DLINES_1
 10
27.50000
 20
66.78000
 42
1.0
  0
VERTEX
 5
12FE
  8
2DLINES_1
 10
27.60000
 20
66.78000
 42
1.0
  0
SEQEND
  8
2DLINES_1
  0
POLYLINE
 5
12FF
  8
2DLINES_1
 66
1
 70
1
 40
0.100000
 41
0.100000
  0
VERTEX
 5
1300
  8
2DLINES_1
 10
27.50000
 20
69.32000
 42
1.0
  0
VERTEX
 5
1301
  8
2DLINES_1
 10
27.60000
 20
69.32000
 42
1.0
  0
SEQEND
  8
2DLINES_1
  0
POLYLINE
 5
1302
  8
2DLINES_1
 66
1
 40
0.200000
 41
0.200000
  0
VERTEX
 5
1303
  8
2DLINES_1
 10
27.55000
 20
69.32000
  0
VERTEX
 5
1304
  8
2DLINES_1
 10
37.71000
 20
69.32000
  0
SEQEND
  8
2DLINES_1
  0
POLYLINE
 5
1305
  8
2DLINES_1
 66
1
 70
1
 40
0.100000
 41
0.100000
  0
VERTEX
 5
1306
  8
2DLINES_1
 10
27.50000
 20
69.32000
 42
1.0
  0
VERTEX
 5
1307
  8
2DLINES_1
 10
27.60000
 20
69.32000
 42
1.0
  0
SEQEND
  8
2DLINES_1
  0
POLYLINE
 5
1308
  8
2DLINES_1
 66
1
 70
1
 40
0.100000
 41
0.100000
  0
VERTEX
 5
1309
  8
2DLINES_1
 10
37.66000
 20
69.32000
 42
1.0
  0
VERTEX
 5
130A
  8
2DLINES_1
 10
37.76000
 20
69.32000
 42
1.0
  0
SEQEND
  8
2DLINES_1
  0
POLYLINE
 5
130B
  8
2DLINES_1
 66
1
 40
0.200000
 41
0.200000
  0
VERTEX
 5
130C
  8
2DLINES_1
 10
37.71000
 20
69.32000
  0
VERTEX
 5
130D
  8
2DLINES_1
 10
37.71000
 20
66.78000
  0
SEQEND
  8
2DLINES_1
  0
POLYLINE
 5
130E
  8
2DLINES_1
 66
1
 70
1
 40
0.100000
 41
0.100000
  0
VERTEX
 5
130F
  8
2DLINES_1
 10
37.66000
 20
69.32000
 42
1.0
  0
VERTEX
 5
1310
  8
2DLINES_1
 10
37.76000
 20
69.32000
 42
1.0
  0
SEQEND
  8
2DLINES_1
  0
POLYLINE
 5
1311
  8
2DLINES_1
 66
1
 70
1
 40
0.100000
 41
0.100000
  0
VERTEX
 5
1312
  8
2DLINES_1
 10
37.66000
 20
66.78000
 42
1.0
  0
VERTEX
 5
1313
  8
2DLINES_1
 10
37.76000
 20
66.78000
 42
1.0
  0
SEQEND
  8
2DLINES_1
  0
POLYLINE
 5
1314
  8
2DLINES_1
 66
1
 40
0.200000
 41
0.200000
  0
VERTEX
 5
1315
  8
2DLINES_1
 10
37.71000
 20
66.78000
  0
VERTEX
 5
1316
  8
2DLINES_1
 10
27.55000
 20
66.78000
  0
SEQEND
  8
2DLINES_1
  0
POLYLINE
 5
1317
  8
2DLINES_1
 66
1
 70
1
 40
0.100000
 41
0.100000
  0
VERTEX
 5
1318
  8
2DLINES_1
 10
37.66000
 20
66.78000
 42
1.0
  0
VERTEX
 5
1319
  8
2DLINES_1
 10
37.76000
 20
66.78000
 42
1.0
  0
SEQEND
  8
2DLINES_1
  0
POLYLINE
 5
131A
  8
2DLINES_1
 66
1
 70
1
 40
0.100000
 41
0.100000
  0
VERTEX
 5
131B
  8
2DLINES_1
 10
27.50000
 20
66.78000
 42
1.0
  0
VERTEX
 5
131C
  8
2DLINES_1
 10
27.60000
 20
66.78000
 42
1.0
  0
SEQEND
  8
2DLINES_1
  0
POLYLINE
 5
131D
  8
PLACEMENT_OUTLINE_TOP
 66
1
 40
0.200000
 41
0.200000
  0
VERTEX
 5
131E
  8
PLACEMENT_OUTLINE_TOP
 10
27.55000
 20
66.78000
  0
VERTEX
 5
131F
  8
PLACEMENT_OUTLINE_TOP
 10
27.55000
 20
69.32000
  0
SEQEND
  8
PLACEMENT_OUTLINE_TOP
  0
POLYLINE
 5
1320
  8
PLACEMENT_OUTLINE_TOP
 66
1
 70
1
 40
0.100000
 41
0.100000
  0
VERTEX
 5
1321
  8
PLACEMENT_OUTLINE_TOP
 10
27.50000
 20
66.78000
 42
1.0
  0
VERTEX
 5
1322
  8
PLACEMENT_OUTLINE_TOP
 10
27.60000
 20
66.78000
 42
1.0
  0
SEQEND
  8
PLACEMENT_OUTLINE_TOP
  0
POLYLINE
 5
1323
  8
PLACEMENT_OUTLINE_TOP
 66
1
 70
1
 40
0.100000
 41
0.100000
  0
VERTEX
 5
1324
  8
PLACEMENT_OUTLINE_TOP
 10
27.50000
 20
69.32000
 42
1.0
  0
VERTEX
 5
1325
  8
PLACEMENT_OUTLINE_TOP
 10
27.60000
 20
69.32000
 42
1.0
  0
SEQEND
  8
PLACEMENT_OUTLINE_TOP
  0
POLYLINE
 5
1326
  8
PLACEMENT_OUTLINE_TOP
 66
1
 40
0.200000
 41
0.200000
  0
VERTEX
 5
1327
  8
PLACEMENT_OUTLINE_TOP
 10
27.55000
 20
69.32000
  0
VERTEX
 5
1328
  8
PLACEMENT_OUTLINE_TOP
 10
37.71000
 20
69.32000
  0
SEQEND
  8
PLACEMENT_OUTLINE_TOP
  0
POLYLINE
 5
1329
  8
PLACEMENT_OUTLINE_TOP
 66
1
 70
1
 40
0.100000
 41
0.100000
  0
VERTEX
 5
132A
  8
PLACEMENT_OUTLINE_TOP
 10
27.50000
 20
69.32000
 42
1.0
  0
VERTEX
 5
132B
  8
PLACEMENT_OUTLINE_TOP
 10
27.60000
 20
69.32000
 42
1.0
  0
SEQEND
  8
PLACEMENT_OUTLINE_TOP
  0
POLYLINE
 5
132C
  8
PLACEMENT_OUTLINE_TOP
 66
1
 70
1
 40
0.100000
 41
0.100000
  0
VERTEX
 5
132D
  8
PLACEMENT_OUTLINE_TOP
 10
37.66000
 20
69.32000
 42
1.0
  0
VERTEX
 5
132E
  8
PLACEMENT_OUTLINE_TOP
 10
37.76000
 20
69.32000
 42
1.0
  0
SEQEND
  8
PLACEMENT_OUTLINE_TOP
  0
POLYLINE
 5
132F
  8
PLACEMENT_OUTLINE_TOP
 66
1
 40
0.200000
 41
0.200000
  0
VERTEX
 5
1330
  8
PLACEMENT_OUTLINE_TOP
 10
37.71000
 20
69.32000
  0
VERTEX
 5
1331
  8
PLACEMENT_OUTLINE_TOP
 10
37.71000
 20
66.78000
  0
SEQEND
  8
PLACEMENT_OUTLINE_TOP
  0
POLYLINE
 5
1332
  8
PLACEMENT_OUTLINE_TOP
 66
1
 70
1
 40
0.100000
 41
0.100000
  0
VERTEX
 5
1333
  8
PLACEMENT_OUTLINE_TOP
 10
37.66000
 20
69.32000
 42
1.0
  0
VERTEX
 5
1334
  8
PLACEMENT_OUTLINE_TOP
 10
37.76000
 20
69.32000
 42
1.0
  0
SEQEND
  8
PLACEMENT_OUTLINE_TOP
  0
POLYLINE
 5
1335
  8
PLACEMENT_OUTLINE_TOP
 66
1
 70
1
 40
0.100000
 41
0.100000
  0
VERTEX
 5
1336
  8
PLACEMENT_OUTLINE_TOP
 10
37.66000
 20
66.78000
 42
1.0
  0
VERTEX
 5
1337
  8
PLACEMENT_OUTLINE_TOP
 10
37.76000
 20
66.78000
 42
1.0
  0
SEQEND
  8
PLACEMENT_OUTLINE_TOP
  0
POLYLINE
 5
1338
  8
PLACEMENT_OUTLINE_TOP
 66
1
 40
0.200000
 41
0.200000
  0
VERTEX
 5
1339
  8
PLACEMENT_OUTLINE_TOP
 10
37.71000
 20
66.78000
  0
VERTEX
 5
133A
  8
PLACEMENT_OUTLINE_TOP
 10
27.55000
 20
66.78000
  0
SEQEND
  8
PLACEMENT_OUTLINE_TOP
  0
POLYLINE
 5
133B
  8
PLACEMENT_OUTLINE_TOP
 66
1
 70
1
 40
0.100000
 41
0.100000
  0
VERTEX
 5
133C
  8
PLACEMENT_OUTLINE_TOP
 10
37.66000
 20
66.78000
 42
1.0
  0
VERTEX
 5
133D
  8
PLACEMENT_OUTLINE_TOP
 10
37.76000
 20
66.78000
 42
1.0
  0
SEQEND
  8
PLACEMENT_OUTLINE_TOP
  0
POLYLINE
 5
133E
  8
PLACEMENT_OUTLINE_TOP
 66
1
 70
1
 40
0.100000
 41
0.100000
  0
VERTEX
 5
133F
  8
PLACEMENT_OUTLINE_TOP
 10
27.50000
 20
66.78000
 42
1.0
  0
VERTEX
 5
1340
  8
PLACEMENT_OUTLINE_TOP
 10
27.60000
 20
66.78000
 42
1.0
  0
SEQEND
  8
PLACEMENT_OUTLINE_TOP
  0
POLYLINE
 5
1341
  8
PADLAYER_TOP
 66
1
 70
1
 40
0.800000
 41
0.800000
  0
VERTEX
 5
1342
  8
PADLAYER_TOP
 10
28.42000
 20
68.05000
 42
1.0
  0
VERTEX
 5
1343
  8
PADLAYER_TOP
 10
29.22000
 20
68.05000
 42
1.0
  0
SEQEND
  8
PADLAYER_TOP
  0
POLYLINE
 5
1344
  8
PADLAYER_BOTTOM
 66
1
 70
1
 40
0.800000
 41
0.800000
  0
VERTEX
 5
1345
  8
PADLAYER_BOTTOM
 10
28.42000
 20
68.05000
 42
1.0
  0
VERTEX
 5
1346
  8
PADLAYER_BOTTOM
 10
29.22000
 20
68.05000
 42
1.0
  0
SEQEND
  8
PADLAYER_BOTTOM
  0
POLYLINE
 5
1347
  8
TOOL_TOP
 66
1
 40
0.200000
 41
0.200000
  0
VERTEX
 5
1348
  8
TOOL_TOP
 10
28.32000
 20
68.05000
 42
1.000000
  0
VERTEX
 5
1349
  8
TOOL_TOP
 10
29.32000
 20
68.05000
 42
1.000000
  0
VERTEX
 5
134A
  8
TOOL_TOP
 10
28.32000
 20
68.05000
  0
SEQEND
  8
TOOL_TOP
  0
TEXT
  8
TOOLCODE_TOP
 10
28.29500
 20
67.80000
 40
0.500000
  1
T00
  0
POLYLINE
 5
134B
  8
PADLAYER_TOP
 66
1
 70
1
 40
0.800000
 41
0.800000
  0
VERTEX
 5
134C
  8
PADLAYER_TOP
 10
30.96000
 20
68.05000
 42
1.0
  0
VERTEX
 5
134D
  8
PADLAYER_TOP
 10
31.76000
 20
68.05000
 42
1.0
  0
SEQEND
  8
PADLAYER_TOP
  0
POLYLINE
 5
134E
  8
PADLAYER_BOTTOM
 66
1
 70
1
 40
0.800000
 41
0.800000
  0
VERTEX
 5
134F
  8
PADLAYER_BOTTOM
 10
30.96000
 20
68.05000
 42
1.0
  0
VERTEX
 5
1350
  8
PADLAYER_BOTTOM
 10
31.76000
 20
68.05000
 42
1.0
  0
SEQEND
  8
PADLAYER_BOTTOM
  0
POLYLINE
 5
1351
  8
TOOL_TOP
 66
1
 40
0.200000
 41
0.200000
  0
VERTEX
 5
1352
  8
TOOL_TOP
 10
30.86000
 20
68.05000
 42
1.000000
  0
VERTEX
 5
1353
  8
TOOL_TOP
 10
31.86000
 20
68.05000
 42
1.000000
  0
VERTEX
 5
1354
  8
TOOL_TOP
 10
30.86000
 20
68.05000
  0
SEQEND
  8
TOOL_TOP
  0
TEXT
  8
TOOLCODE_TOP
 10
30.83500
 20
67.80000
 40
0.500000
  1
T00
  0
POLYLINE
 5
1355
  8
PADLAYER_TOP
 66
1
 70
1
 40
0.800000
 41
0.800000
  0
VERTEX
 5
1356
  8
PADLAYER_TOP
 10
33.50000
 20
68.05000
 42
1.0
  0
VERTEX
 5
1357
  8
PADLAYER_TOP
 10
34.30000
 20
68.05000
 42
1.0
  0
SEQEND
  8
PADLAYER_TOP
  0
POLYLINE
 5
1358
  8
PADLAYER_BOTTOM
 66
1
 70
1
 40
0.800000
 41
0.800000
  0
VERTEX
 5
1359
  8
PADLAYER_BOTTOM
 10
33.50000
 20
68.05000
 42
1.0
  0
VERTEX
 5
135A
  8
PADLAYER_BOTTOM
 10
34.30000
 20
68.05000
 42
1.0
  0
SEQEND
  8
PADLAYER_BOTTOM
  0
POLYLINE
 5
135B
  8
TOOL_TOP
 66
1
 40
0.200000
 41
0.200000
  0
VERTEX
 5
135C
  8
TOOL_TOP
 10
33.40000
 20
68.05000
 42
1.000000
  0
VERTEX
 5
135D
  8
TOOL_TOP
 10
34.40000
 20
68.05000
 42
1.000000
  0
VERTEX
 5
135E
  8
TOOL_TOP
 10
33.40000
 20
68.05000
  0
SEQEND
  8
TOOL_TOP
  0
TEXT
  8
TOOLCODE_TOP
 10
33.37500
 20
67.80000
 40
0.500000
  1
T00
  0
POLYLINE
 5
135F
  8
PADLAYER_TOP
 66
1
 70
1
 40
0.800000
 41
0.800000
  0
VERTEX
 5
1360
  8
PADLAYER_TOP
 10
36.04000
 20
68.05000
 42
1.0
  0
VERTEX
 5
1361
  8
PADLAYER_TOP
 10
36.84000
 20
68.05000
 42
1.0
  0
SEQEND
  8
PADLAYER_TOP
  0
POLYLINE
 5
1362
  8
PADLAYER_BOTTOM
 66
1
 70
1
 40
0.800000
 41
0.800000
  0
VERTEX
 5
1363
  8
PADLAYER_BOTTOM
 10
36.04000
 20
68.05000
 42
1.0
  0
VERTEX
 5
1364
  8
PADLAYER_BOTTOM
 10
36.84000
 20
68.05000
 42
1.0
  0
SEQEND
  8
PADLAYER_BOTTOM
  0
POLYLINE
 5
1365
  8
TOOL_TOP
 66
1
 40
0.200000
 41
0.200000
  0
VERTEX
 5
1366
  8
TOOL_TOP
 10
35.94000
 20
68.05000
 42
1.000000
  0
VERTEX
 5
1367
  8
TOOL_TOP
 10
36.94000
 20
68.05000
 42
1.000000
  0
VERTEX
 5
1368
  8
TOOL_TOP
 10
35.94000
 20
68.05000
  0
SEQEND
  8
TOOL_TOP
  0
TEXT
  8
TOOLCODE_TOP
 10
35.91500
 20
67.80000
 40
0.500000
  1
T00
  0
POLYLINE
 5
1369
  8
2DLINES_1
 66
1
 40
0.203200
 41
0.203200
  0
VERTEX
 5
136A
  8
2DLINES_1
 10
44.65000
 20
0.55000
  0
VERTEX
 5
136B
  8
2DLINES_1
 10
40.35000
 20
0.55000
  0
SEQEND
  8
2DLINES_1
  0
POLYLINE
 5
136C
  8
2DLINES_1
 66
1
 70
1
 40
0.101600
 41
0.101600
  0
VERTEX
 5
136D
  8
2DLINES_1
 10
44.59920
 20
0.55000
 42
1.0
  0
VERTEX
 5
136E
  8
2DLINES_1
 10
44.70080
 20
0.55000
 42
1.0
  0
SEQEND
  8
2DLINES_1
  0
POLYLINE
 5
136F
  8
2DLINES_1
 66
1
 70
1
 40
0.101600
 41
0.101600
  0
VERTEX
 5
1370
  8
2DLINES_1
 10
40.29920
 20
0.55000
 42
1.0
  0
VERTEX
 5
1371
  8
2DLINES_1
 10
40.40080
 20
0.55000
 42
1.0
  0
SEQEND
  8
2DLINES_1
  0
POLYLINE
 5
1372
  8
2DLINES_1
 66
1
 40
0.203200
 41
0.203200
  0
VERTEX
 5
1373
  8
2DLINES_1
 10
40.35000
 20
0.55000
  0
VERTEX
 5
1374
  8
2DLINES_1
 10
40.35000
 20
3.10000
  0
SEQEND
  8
2DLINES_1
  0
POLYLINE
 5
1375
  8
2DLINES_1
 66
1
 70
1
 40
0.101600
 41
0.101600
  0
VERTEX
 5
1376
  8
2DLINES_1
 10
40.29920
 20
0.55000
 42
1.0
  0
VERTEX
 5
1377
  8
2DLINES_1
 10
40.40080
 20
0.55000
 42
1.0
  0
SEQEND
  8
2DLINES_1
  0
POLYLINE
 5
1378
  8
2DLINES_1
 66
1
 70
1
 40
0.101600
 41
0.101600
  0
VERTEX
 5
1379
  8
2DLINES_1
 10
40.29920
 20
3.10000
 42
1.0
  0
VERTEX
 5
137A
  8
2DLINES_1
 10
40.40080
 20
3.10000
 42
1.0
  0
SEQEND
  8
2DLINES_1
  0
POLYLINE
 5
137B
  8
2DLINES_1
 66
1
 40
0.203200
 41
0.203200
  0
VERTEX
 5
137C
  8
2DLINES_1
 10
40.35000
 20
3.10000
  0
VERTEX
 5
137D
  8
2DLINES_1
 10
44.65000
 20
3.10000
  0
SEQEND
  8
2DLINES_1
  0
POLYLINE
 5
137E
  8
2DLINES_1
 66
1
 70
1
 40
0.101600
 41
0.101600
  0
VERTEX
 5
137F
  8
2DLINES_1
 10
40.29920
 20
3.10000
 42
1.0
  0
VERTEX
 5
1380
  8
2DLINES_1
 10
40.40080
 20
3.10000
 42
1.0
  0
SEQEND
  8
2DLINES_1
  0
POLYLINE
 5
1381
  8
2DLINES_1
 66
1
 70
1
 40
0.101600
 41
0.101600
  0
VERTEX
 5
1382
  8
2DLINES_1
 10
44.59920
 20
3.10000
 42
1.0
  0
VERTEX
 5
1383
  8
2DLINES_1
 10
44.70080
 20
3.10000
 42
1.0
  0
SEQEND
  8
2DLINES_1
  0
POLYLINE
 5
1384
  8
2DLINES_1
 66
1
 40
0.203200
 41
0.203200
  0
VERTEX
 5
1385
  8
2DLINES_1
 10
44.65000
 20
3.10000
  0
VERTEX
 5
1386
  8
2DLINES_1
 10
44.65000
 20
0.55000
  0
SEQEND
  8
2DLINES_1
  0
POLYLINE
 5
1387
  8
2DLINES_1
 66
1
 70
1
 40
0.101600
 41
0.101600
  0
VERTEX
 5
1388
  8
2DLINES_1
 10
44.59920
 20
3.10000
 42
1.0
  0
VERTEX
 5
1389
  8
2DLINES_1
 10
44.70080
 20
3.10000
 42
1.0
  0
SEQEND
  8
2DLINES_1
  0
POLYLINE
 5
138A
  8
2DLINES_1
 66
1
 70
1
 40
0.101600
 41
0.101600
  0
VERTEX
 5
138B
  8
2DLINES_1
 10
44.59920
 20
0.55000
 42
1.0
  0
VERTEX
 5
138C
  8
2DLINES_1
 10
44.70080
 20
0.55000
 42
1.0
  0
SEQEND
  8
2DLINES_1
  0
POLYLINE
 5
138D
  8
2DLINES_1
 66
1
 40
0.203200
 41
0.203200
  0
VERTEX
 5
138E
  8
2DLINES_1
 10
43.50000
 20
-2.90000
  0
VERTEX
 5
138F
  8
2DLINES_1
 10
41.50000
 20
-2.90000
  0
SEQEND
  8
2DLINES_1
  0
POLYLINE
 5
1390
  8
2DLINES_1
 66
1
 70
1
 40
0.101600
 41
0.101600
  0
VERTEX
 5
1391
  8
2DLINES_1
 10
43.44920
 20
-2.90000
 42
1.0
  0
VERTEX
 5
1392
  8
2DLINES_1
 10
43.55080
 20
-2.90000
 42
1.0
  0
SEQEND
  8
2DLINES_1
  0
POLYLINE
 5
1393
  8
2DLINES_1
 66
1
 70
1
 40
0.101600
 41
0.101600
  0
VERTEX
 5
1394
  8
2DLINES_1
 10
41.44920
 20
-2.90000
 42
1.0
  0
VERTEX
 5
1395
  8
2DLINES_1
 10
41.55080
 20
-2.90000
 42
1.0
  0
SEQEND
  8
2DLINES_1
  0
POLYLINE
 5
1396
  8
2DLINES_1
 66
1
 40
0.203200
 41
0.203200
  0
VERTEX
 5
1397
  8
2DLINES_1
 10
41.50000
 20
-2.90000
  0
VERTEX
 5
1398
  8
2DLINES_1
 10
41.50000
 20
0.55000
  0
SEQEND
  8
2DLINES_1
  0
POLYLINE
 5
1399
  8
2DLINES_1
 66
1
 70
1
 40
0.101600
 41
0.101600
  0
VERTEX
 5
139A
  8
2DLINES_1
 10
41.44920
 20
-2.90000
 42
1.0
  0
VERTEX
 5
139B
  8
2DLINES_1
 10
41.55080
 20
-2.90000
 42
1.0
  0
SEQEND
  8
2DLINES_1
  0
POLYLINE
 5
139C
  8
2DLINES_1
 66
1
 70
1
 40
0.101600
 41
0.101600
  0
VERTEX
 5
139D
  8
2DLINES_1
 10
41.44920
 20
0.55000
 42
1.0
  0
VERTEX
 5
139E
  8
2DLINES_1
 10
41.55080
 20
0.55000
 42
1.0
  0
SEQEND
  8
2DLINES_1
  0
POLYLINE
 5
139F
  8
2DLINES_1
 66
1
 40
0.203200
 41
0.203200
  0
VERTEX
 5
13A0
  8
2DLINES_1
 10
41.50000
 20
0.55000
  0
VERTEX
 5
13A1
  8
2DLINES_1
 10
43.50000
 20
0.55000
  0
SEQEND
  8
2DLINES_1
  0
POLYLINE
 5
13A2
  8
2DLINES_1
 66
1
 70
1
 40
0.101600
 41
0.101600
  0
VERTEX
 5
13A3
  8
2DLINES_1
 10
41.44920
 20
0.55000
 42
1.0
  0
VERTEX
 5
13A4
  8
2DLINES_1
 10
41.55080
 20
0.55000
 42
1.0
  0
SEQEND
  8
2DLINES_1
  0
POLYLINE
 5
13A5
  8
2DLINES_1
 66
1
 70
1
 40
0.101600
 41
0.101600
  0
VERTEX
 5
13A6
  8
2DLINES_1
 10
43.44920
 20
0.55000
 42
1.0
  0
VERTEX
 5
13A7
  8
2DLINES_1
 10
43.55080
 20
0.55000
 42
1.0
  0
SEQEND
  8
2DLINES_1
  0
POLYLINE
 5
13A8
  8
2DLINES_1
 66
1
 40
0.203200
 41
0.203200
  0
VERTEX
 5
13A9
  8
2DLINES_1
 10
43.50000
 20
0.55000
  0
VERTEX
 5
13AA
  8
2DLINES_1
 10
43.50000
 20
-2.90000
  0
SEQEND
  8
2DLINES_1
  0
POLYLINE
 5
13AB
  8
2DLINES_1
 66
1
 70
1
 40
0.101600
 41
0.101600
  0
VERTEX
 5
13AC
  8
2DLINES_1
 10
43.44920
 20
0.55000
 42
1.0
  0
VERTEX
 5
13AD
  8
2DLINES_1
 10
43.55080
 20
0.55000
 42
1.0
  0
SEQEND
  8
2DLINES_1
  0
POLYLINE
 5
13AE
  8
2DLINES_1
 66
1
 70
1
 40
0.101600
 41
0.101600
  0
VERTEX
 5
13AF
  8
2DLINES_1
 10
43.44920
 20
-2.90000
 42
1.0
  0
VERTEX
 5
13B0
  8
2DLINES_1
 10
43.55080
 20
-2.90000
 42
1.0
  0
SEQEND
  8
2DLINES_1
  0
POLYLINE
 5
13B1
  8
PLACEMENT_OUTLINE_TOP
 66
1
 40
0.203200
 41
0.203200
  0
VERTEX
 5
13B2
  8
PLACEMENT_OUTLINE_TOP
 10
44.65000
 20
0.55000
  0
VERTEX
 5
13B3
  8
PLACEMENT_OUTLINE_TOP
 10
40.35000
 20
0.55000
  0
SEQEND
  8
PLACEMENT_OUTLINE_TOP
  0
POLYLINE
 5
13B4
  8
PLACEMENT_OUTLINE_TOP
 66
1
 70
1
 40
0.101600
 41
0.101600
  0
VERTEX
 5
13B5
  8
PLACEMENT_OUTLINE_TOP
 10
44.59920
 20
0.55000
 42
1.0
  0
VERTEX
 5
13B6
  8
PLACEMENT_OUTLINE_TOP
 10
44.70080
 20
0.55000
 42
1.0
  0
SEQEND
  8
PLACEMENT_OUTLINE_TOP
  0
POLYLINE
 5
13B7
  8
PLACEMENT_OUTLINE_TOP
 66
1
 70
1
 40
0.101600
 41
0.101600
  0
VERTEX
 5
13B8
  8
PLACEMENT_OUTLINE_TOP
 10
40.29920
 20
0.55000
 42
1.0
  0
VERTEX
 5
13B9
  8
PLACEMENT_OUTLINE_TOP
 10
40.40080
 20
0.55000
 42
1.0
  0
SEQEND
  8
PLACEMENT_OUTLINE_TOP
  0
POLYLINE
 5
13BA
  8
PLACEMENT_OUTLINE_TOP
 66
1
 40
0.203200
 41
0.203200
  0
VERTEX
 5
13BB
  8
PLACEMENT_OUTLINE_TOP
 10
40.35000
 20
0.55000
  0
VERTEX
 5
13BC
  8
PLACEMENT_OUTLINE_TOP
 10
40.35000
 20
3.10000
  0
SEQEND
  8
PLACEMENT_OUTLINE_TOP
  0
POLYLINE
 5
13BD
  8
PLACEMENT_OUTLINE_TOP
 66
1
 70
1
 40
0.101600
 41
0.101600
  0
VERTEX
 5
13BE
  8
PLACEMENT_OUTLINE_TOP
 10
40.29920
 20
0.55000
 42
1.0
  0
VERTEX
 5
13BF
  8
PLACEMENT_OUTLINE_TOP
 10
40.40080
 20
0.55000
 42
1.0
  0
SEQEND
  8
PLACEMENT_OUTLINE_TOP
  0
POLYLINE
 5
13C0
  8
PLACEMENT_OUTLINE_TOP
 66
1
 70
1
 40
0.101600
 41
0.101600
  0
VERTEX
 5
13C1
  8
PLACEMENT_OUTLINE_TOP
 10
40.29920
 20
3.10000
 42
1.0
  0
VERTEX
 5
13C2
  8
PLACEMENT_OUTLINE_TOP
 10
40.40080
 20
3.10000
 42
1.0
  0
SEQEND
  8
PLACEMENT_OUTLINE_TOP
  0
POLYLINE
 5
13C3
  8
PLACEMENT_OUTLINE_TOP
 66
1
 40
0.203200
 41
0.203200
  0
VERTEX
 5
13C4
  8
PLACEMENT_OUTLINE_TOP
 10
40.35000
 20
3.10000
  0
VERTEX
 5
13C5
  8
PLACEMENT_OUTLINE_TOP
 10
44.65000
 20
3.10000
  0
SEQEND
  8
PLACEMENT_OUTLINE_TOP
  0
POLYLINE
 5
13C6
  8
PLACEMENT_OUTLINE_TOP
 66
1
 70
1
 40
0.101600
 41
0.101600
  0
VERTEX
 5
13C7
  8
PLACEMENT_OUTLINE_TOP
 10
40.29920
 20
3.10000
 42
1.0
  0
VERTEX
 5
13C8
  8
PLACEMENT_OUTLINE_TOP
 10
40.40080
 20
3.10000
 42
1.0
  0
SEQEND
  8
PLACEMENT_OUTLINE_TOP
  0
POLYLINE
 5
13C9
  8
PLACEMENT_OUTLINE_TOP
 66
1
 70
1
 40
0.101600
 41
0.101600
  0
VERTEX
 5
13CA
  8
PLACEMENT_OUTLINE_TOP
 10
44.59920
 20
3.10000
 42
1.0
  0
VERTEX
 5
13CB
  8
PLACEMENT_OUTLINE_TOP
 10
44.70080
 20
3.10000
 42
1.0
  0
SEQEND
  8
PLACEMENT_OUTLINE_TOP
  0
POLYLINE
 5
13CC
  8
PLACEMENT_OUTLINE_TOP
 66
1
 40
0.203200
 41
0.203200
  0
VERTEX
 5
13CD
  8
PLACEMENT_OUTLINE_TOP
 10
44.65000
 20
3.10000
  0
VERTEX
 5
13CE
  8
PLACEMENT_OUTLINE_TOP
 10
44.65000
 20
0.55000
  0
SEQEND
  8
PLACEMENT_OUTLINE_TOP
  0
POLYLINE
 5
13CF
  8
PLACEMENT_OUTLINE_TOP
 66
1
 70
1
 40
0.101600
 41
0.101600
  0
VERTEX
 5
13D0
  8
PLACEMENT_OUTLINE_TOP
 10
44.59920
 20
3.10000
 42
1.0
  0
VERTEX
 5
13D1
  8
PLACEMENT_OUTLINE_TOP
 10
44.70080
 20
3.10000
 42
1.0
  0
SEQEND
  8
PLACEMENT_OUTLINE_TOP
  0
POLYLINE
 5
13D2
  8
PLACEMENT_OUTLINE_TOP
 66
1
 70
1
 40
0.101600
 41
0.101600
  0
VERTEX
 5
13D3
  8
PLACEMENT_OUTLINE_TOP
 10
44.59920
 20
0.55000
 42
1.0
  0
VERTEX
 5
13D4
  8
PLACEMENT_OUTLINE_TOP
 10
44.70080
 20
0.55000
 42
1.0
  0
SEQEND
  8
PLACEMENT_OUTLINE_TOP
  0
POLYLINE
 5
13D5
  8
PLACEMENT_OUTLINE_TOP
 66
1
 40
0.203200
 41
0.203200
  0
VERTEX
 5
13D6
  8
PLACEMENT_OUTLINE_TOP
 10
43.50000
 20
-2.90000
  0
VERTEX
 5
13D7
  8
PLACEMENT_OUTLINE_TOP
 10
41.50000
 20
-2.90000
  0
SEQEND
  8
PLACEMENT_OUTLINE_TOP
  0
POLYLINE
 5
13D8
  8
PLACEMENT_OUTLINE_TOP
 66
1
 70
1
 40
0.101600
 41
0.101600
  0
VERTEX
 5
13D9
  8
PLACEMENT_OUTLINE_TOP
 10
43.44920
 20
-2.90000
 42
1.0
  0
VERTEX
 5
13DA
  8
PLACEMENT_OUTLINE_TOP
 10
43.55080
 20
-2.90000
 42
1.0
  0
SEQEND
  8
PLACEMENT_OUTLINE_TOP
  0
POLYLINE
 5
13DB
  8
PLACEMENT_OUTLINE_TOP
 66
1
 70
1
 40
0.101600
 41
0.101600
  0
VERTEX
 5
13DC
  8
PLACEMENT_OUTLINE_TOP
 10
41.44920
 20
-2.90000
 42
1.0
  0
VERTEX
 5
13DD
  8
PLACEMENT_OUTLINE_TOP
 10
41.55080
 20
-2.90000
 42
1.0
  0
SEQEND
  8
PLACEMENT_OUTLINE_TOP
  0
POLYLINE
 5
13DE
  8
PLACEMENT_OUTLINE_TOP
 66
1
 40
0.203200
 41
0.203200
  0
VERTEX
 5
13DF
  8
PLACEMENT_OUTLINE_TOP
 10
41.50000
 20
-2.90000
  0
VERTEX
 5
13E0
  8
PLACEMENT_OUTLINE_TOP
 10
41.50000
 20
0.55000
  0
SEQEND
  8
PLACEMENT_OUTLINE_TOP
  0
POLYLINE
 5
13E1
  8
PLACEMENT_OUTLINE_TOP
 66
1
 70
1
 40
0.101600
 41
0.101600
  0
VERTEX
 5
13E2
  8
PLACEMENT_OUTLINE_TOP
 10
41.44920
 20
-2.90000
 42
1.0
  0
VERTEX
 5
13E3
  8
PLACEMENT_OUTLINE_TOP
 10
41.55080
 20
-2.90000
 42
1.0
  0
SEQEND
  8
PLACEMENT_OUTLINE_TOP
  0
POLYLINE
 5
13E4
  8
PLACEMENT_OUTLINE_TOP
 66
1
 70
1
 40
0.101600
 41
0.101600
  0
VERTEX
 5
13E5
  8
PLACEMENT_OUTLINE_TOP
 10
41.44920
 20
0.55000
 42
1.0
  0
VERTEX
 5
13E6
  8
PLACEMENT_OUTLINE_TOP
 10
41.55080
 20
0.55000
 42
1.0
  0
SEQEND
  8
PLACEMENT_OUTLINE_TOP
  0
POLYLINE
 5
13E7
  8
PLACEMENT_OUTLINE_TOP
 66
1
 40
0.203200
 41
0.203200
  0
VERTEX
 5
13E8
  8
PLACEMENT_OUTLINE_TOP
 10
41.50000
 20
0.55000
  0
VERTEX
 5
13E9
  8
PLACEMENT_OUTLINE_TOP
 10
43.50000
 20
0.55000
  0
SEQEND
  8
PLACEMENT_OUTLINE_TOP
  0
POLYLINE
 5
13EA
  8
PLACEMENT_OUTLINE_TOP
 66
1
 70
1
 40
0.101600
 41
0.101600
  0
VERTEX
 5
13EB
  8
PLACEMENT_OUTLINE_TOP
 10
41.44920
 20
0.55000
 42
1.0
  0
VERTEX
 5
13EC
  8
PLACEMENT_OUTLINE_TOP
 10
41.55080
 20
0.55000
 42
1.0
  0
SEQEND
  8
PLACEMENT_OUTLINE_TOP
  0
POLYLINE
 5
13ED
  8
PLACEMENT_OUTLINE_TOP
 66
1
 70
1
 40
0.101600
 41
0.101600
  0
VERTEX
 5
13EE
  8
PLACEMENT_OUTLINE_TOP
 10
43.44920
 20
0.55000
 42
1.0
  0
VERTEX
 5
13EF
  8
PLACEMENT_OUTLINE_TOP
 10
43.55080
 20
0.55000
 42
1.0
  0
SEQEND
  8
PLACEMENT_OUTLINE_TOP
  0
POLYLINE
 5
13F0
  8
PLACEMENT_OUTLINE_TOP
 66
1
 40
0.203200
 41
0.203200
  0
VERTEX
 5
13F1
  8
PLACEMENT_OUTLINE_TOP
 10
43.50000
 20
0.55000
  0
VERTEX
 5
13F2
  8
PLACEMENT_OUTLINE_TOP
 10
43.50000
 20
-2.90000
  0
SEQEND
  8
PLACEMENT_OUTLINE_TOP
  0
POLYLINE
 5
13F3
  8
PLACEMENT_OUTLINE_TOP
 66
1
 70
1
 40
0.101600
 41
0.101600
  0
VERTEX
 5
13F4
  8
PLACEMENT_OUTLINE_TOP
 10
43.44920
 20
0.55000
 42
1.0
  0
VERTEX
 5
13F5
  8
PLACEMENT_OUTLINE_TOP
 10
43.55080
 20
0.55000
 42
1.0
  0
SEQEND
  8
PLACEMENT_OUTLINE_TOP
  0
POLYLINE
 5
13F6
  8
PLACEMENT_OUTLINE_TOP
 66
1
 70
1
 40
0.101600
 41
0.101600
  0
VERTEX
 5
13F7
  8
PLACEMENT_OUTLINE_TOP
 10
43.44920
 20
-2.90000
 42
1.0
  0
VERTEX
 5
13F8
  8
PLACEMENT_OUTLINE_TOP
 10
43.55080
 20
-2.90000
 42
1.0
  0
SEQEND
  8
PLACEMENT_OUTLINE_TOP
  0
SOLID
 5
13F9
  8
PADLAYER_TOP
 10
43.35000
 20
3.70000
 11
43.35000
 21
1.70000
 12
44.10000
 22
3.70000
 13
44.10000
 23
1.70000
  0
SOLID
 5
13FA
  8
PADLAYER_TOP
 10
42.20000
 20
3.70000
 11
42.20000
 21
1.70000
 12
42.80000
 22
3.70000
 13
42.80000
 23
1.70000
  0
SOLID
 5
13FB
  8
PADLAYER_TOP
 10
40.90000
 20
3.70000
 11
40.90000
 21
1.70000
 12
41.65000
 22
3.70000
 13
41.65000
 23
1.70000
  0
POLYLINE
 5
13FC
  8
PADLAYER_TOP
 66
1
 70
1
 40
0.550000
 41
0.550000
  0
VERTEX
 5
13FD
  8
PADLAYER_TOP
 10
40.07500
 20
1.70000
 42
1.0
  0
VERTEX
 5
13FE
  8
PADLAYER_TOP
 10
40.62500
 20
1.70000
 42
1.0
  0
SEQEND
  8
PADLAYER_TOP
  0
POLYLINE
 5
13FF
  8
PADLAYER_BOTTOM
 66
1
 70
1
 40
0.550000
 41
0.550000
  0
VERTEX
 5
1400
  8
PADLAYER_BOTTOM
 10
40.07500
 20
1.70000
 42
1.0
  0
VERTEX
 5
1401
  8
PADLAYER_BOTTOM
 10
40.62500
 20
1.70000
 42
1.0
  0
SEQEND
  8
PADLAYER_BOTTOM
  0
POLYLINE
 5
1402
  8
TOOL_TOP
 66
1
 40
0.203200
 41
0.203200
  0
VERTEX
 5
1403
  8
TOOL_TOP
 10
39.90000
 20
1.70000
 42
1.000000
  0
VERTEX
 5
1404
  8
TOOL_TOP
 10
40.80000
 20
1.70000
 42
1.000000
  0
VERTEX
 5
1405
  8
TOOL_TOP
 10
39.90000
 20
1.70000
  0
SEQEND
  8
TOOL_TOP
  0
TEXT
  8
TOOLCODE_TOP
 10
39.87750
 20
1.47500
 40
0.450000
  1
T00
  0
SOLID
 5
1406
  8
PADLAYER_TOP
 10
45.00000
 20
1.10000
 11
43.70000
 21
1.10000
 12
45.00000
 22
0.20000
 13
43.70000
 23
0.20000
  0
POLYLINE
 5
1407
  8
PADLAYER_TOP
 66
1
 70
1
 40
0.550000
 41
0.550000
  0
VERTEX
 5
1408
  8
PADLAYER_TOP
 10
44.37500
 20
1.70000
 42
1.0
  0
VERTEX
 5
1409
  8
PADLAYER_TOP
 10
44.92500
 20
1.70000
 42
1.0
  0
SEQEND
  8
PADLAYER_TOP
  0
POLYLINE
 5
140A
  8
PADLAYER_BOTTOM
 66
1
 70
1
 40
0.550000
 41
0.550000
  0
VERTEX
 5
140B
  8
PADLAYER_BOTTOM
 10
44.37500
 20
1.70000
 42
1.0
  0
VERTEX
 5
140C
  8
PADLAYER_BOTTOM
 10
44.92500
 20
1.70000
 42
1.0
  0
SEQEND
  8
PADLAYER_BOTTOM
  0
POLYLINE
 5
140D
  8
TOOL_TOP
 66
1
 40
0.203200
 41
0.203200
  0
VERTEX
 5
140E
  8
TOOL_TOP
 10
44.20000
 20
1.70000
 42
1.000000
  0
VERTEX
 5
140F
  8
TOOL_TOP
 10
45.10000
 20
1.70000
 42
1.000000
  0
VERTEX
 5
1410
  8
TOOL_TOP
 10
44.20000
 20
1.70000
  0
SEQEND
  8
TOOL_TOP
  0
TEXT
  8
TOOLCODE_TOP
 10
44.17750
 20
1.47500
 40
0.450000
  1
T00
  0
SOLID
 5
1411
  8
PADLAYER_TOP
 10
41.30000
 20
1.10000
 11
40.00000
 21
1.10000
 12
41.30000
 22
0.20000
 13
40.00000
 23
0.20000
  0
POLYLINE
 5
1412
  8
Top
 66
1
 40
0.000000
 41
0.000000
  0
VERTEX
 5
1413
  8
Top
 10
47.01000
 20
54.10000
 42
1.000000
  0
VERTEX
 5
1414
  8
Top
 10
49.61000
 20
54.10000
 42
1.000000
  0
VERTEX
 5
1415
  8
Top
 10
47.01000
 20
54.10000
  0
SEQEND
  8
Top
  0
POLYLINE
 5
1416
  8
Bottom
 66
1
 40
0.000000
 41
0.000000
  0
VERTEX
 5
1417
  8
Bottom
 10
47.01000
 20
54.10000
 42
1.000000
  0
VERTEX
 5
1418
  8
Bottom
 10
49.61000
 20
54.10000
 42
1.000000
  0
VERTEX
 5
1419
  8
Bottom
 10
47.01000
 20
54.10000
  0
SEQEND
  8
Bottom
  0
POLYLINE
 5
141A
  8
PLACEMENT_OUTLINE_TOP
 66
1
 40
0.025400
 41
0.025400
  0
VERTEX
 5
141B
  8
PLACEMENT_OUTLINE_TOP
 10
47.21000
 20
53.00000
  0
VERTEX
 5
141C
  8
PLACEMENT_OUTLINE_TOP
 10
47.21000
 20
55.20000
  0
SEQEND
  8
PLACEMENT_OUTLINE_TOP
  0
POLYLINE
 5
141D
  8
PLACEMENT_OUTLINE_TOP
 66
1
 70
1
 40
0.012700
 41
0.012700
  0
VERTEX
 5
141E
  8
PLACEMENT_OUTLINE_TOP
 10
47.20365
 20
53.00000
 42
1.0
  0
VERTEX
 5
141F
  8
PLACEMENT_OUTLINE_TOP
 10
47.21635
 20
53.00000
 42
1.0
  0
SEQEND
  8
PLACEMENT_OUTLINE_TOP
  0
POLYLINE
 5
1420
  8
PLACEMENT_OUTLINE_TOP
 66
1
 70
1
 40
0.012700
 41
0.012700
  0
VERTEX
 5
1421
  8
PLACEMENT_OUTLINE_TOP
 10
47.20365
 20
55.20000
 42
1.0
  0
VERTEX
 5
1422
  8
PLACEMENT_OUTLINE_TOP
 10
47.21635
 20
55.20000
 42
1.0
  0
SEQEND
  8
PLACEMENT_OUTLINE_TOP
  0
POLYLINE
 5
1423
  8
PLACEMENT_OUTLINE_TOP
 66
1
 40
0.025400
 41
0.025400
  0
VERTEX
 5
1424
  8
PLACEMENT_OUTLINE_TOP
 10
47.21000
 20
55.20000
  0
VERTEX
 5
1425
  8
PLACEMENT_OUTLINE_TOP
 10
49.41000
 20
55.20000
  0
SEQEND
  8
PLACEMENT_OUTLINE_TOP
  0
POLYLINE
 5
1426
  8
PLACEMENT_OUTLINE_TOP
 66
1
 70
1
 40
0.012700
 41
0.012700
  0
VERTEX
 5
1427
  8
PLACEMENT_OUTLINE_TOP
 10
47.20365
 20
55.20000
 42
1.0
  0
VERTEX
 5
1428
  8
PLACEMENT_OUTLINE_TOP
 10
47.21635
 20
55.20000
 42
1.0
  0
SEQEND
  8
PLACEMENT_OUTLINE_TOP
  0
POLYLINE
 5
1429
  8
PLACEMENT_OUTLINE_TOP
 66
1
 70
1
 40
0.012700
 41
0.012700
  0
VERTEX
 5
142A
  8
PLACEMENT_OUTLINE_TOP
 10
49.40365
 20
55.20000
 42
1.0
  0
VERTEX
 5
142B
  8
PLACEMENT_OUTLINE_TOP
 10
49.41635
 20
55.20000
 42
1.0
  0
SEQEND
  8
PLACEMENT_OUTLINE_TOP
  0
POLYLINE
 5
142C
  8
PLACEMENT_OUTLINE_TOP
 66
1
 40
0.025400
 41
0.025400
  0
VERTEX
 5
142D
  8
PLACEMENT_OUTLINE_TOP
 10
49.41000
 20
55.20000
  0
VERTEX
 5
142E
  8
PLACEMENT_OUTLINE_TOP
 10
49.41000
 20
53.00000
  0
SEQEND
  8
PLACEMENT_OUTLINE_TOP
  0
POLYLINE
 5
142F
  8
PLACEMENT_OUTLINE_TOP
 66
1
 70
1
 40
0.012700
 41
0.012700
  0
VERTEX
 5
1430
  8
PLACEMENT_OUTLINE_TOP
 10
49.40365
 20
55.20000
 42
1.0
  0
VERTEX
 5
1431
  8
PLACEMENT_OUTLINE_TOP
 10
49.41635
 20
55.20000
 42
1.0
  0
SEQEND
  8
PLACEMENT_OUTLINE_TOP
  0
POLYLINE
 5
1432
  8
PLACEMENT_OUTLINE_TOP
 66
1
 70
1
 40
0.012700
 41
0.012700
  0
VERTEX
 5
1433
  8
PLACEMENT_OUTLINE_TOP
 10
49.40365
 20
53.00000
 42
1.0
  0
VERTEX
 5
1434
  8
PLACEMENT_OUTLINE_TOP
 10
49.41635
 20
53.00000
 42
1.0
  0
SEQEND
  8
PLACEMENT_OUTLINE_TOP
  0
POLYLINE
 5
1435
  8
PLACEMENT_OUTLINE_TOP
 66
1
 40
0.025400
 41
0.025400
  0
VERTEX
 5
1436
  8
PLACEMENT_OUTLINE_TOP
 10
49.41000
 20
53.00000
  0
VERTEX
 5
1437
  8
PLACEMENT_OUTLINE_TOP
 10
47.21000
 20
53.00000
  0
SEQEND
  8
PLACEMENT_OUTLINE_TOP
  0
POLYLINE
 5
1438
  8
PLACEMENT_OUTLINE_TOP
 66
1
 70
1
 40
0.012700
 41
0.012700
  0
VERTEX
 5
1439
  8
PLACEMENT_OUTLINE_TOP
 10
49.40365
 20
53.00000
 42
1.0
  0
VERTEX
 5
143A
  8
PLACEMENT_OUTLINE_TOP
 10
49.41635
 20
53.00000
 42
1.0
  0
SEQEND
  8
PLACEMENT_OUTLINE_TOP
  0
POLYLINE
 5
143B
  8
PLACEMENT_OUTLINE_TOP
 66
1
 70
1
 40
0.012700
 41
0.012700
  0
VERTEX
 5
143C
  8
PLACEMENT_OUTLINE_TOP
 10
47.20365
 20
53.00000
 42
1.0
  0
VERTEX
 5
143D
  8
PLACEMENT_OUTLINE_TOP
 10
47.21635
 20
53.00000
 42
1.0
  0
SEQEND
  8
PLACEMENT_OUTLINE_TOP
  0
POLYLINE
 5
143E
  8
PADLAYER_TOP
 66
1
 70
1
 40
1.100000
 41
1.100000
  0
VERTEX
 5
143F
  8
PADLAYER_TOP
 10
47.76000
 20
54.10000
 42
1.0
  0
VERTEX
 5
1440
  8
PADLAYER_TOP
 10
48.86000
 20
54.10000
 42
1.0
  0
SEQEND
  8
PADLAYER_TOP
  0
POLYLINE
 5
1441
  8
PADLAYER_BOTTOM
 66
1
 70
1
 40
0.550000
 41
0.550000
  0
VERTEX
 5
1442
  8
PADLAYER_BOTTOM
 10
48.03500
 20
54.10000
 42
1.0
  0
VERTEX
 5
1443
  8
PADLAYER_BOTTOM
 10
48.58500
 20
54.10000
 42
1.0
  0
SEQEND
  8
PADLAYER_BOTTOM
  0
POLYLINE
 5
1444
  8
TOOL_TOP
 66
1
 40
0.025400
 41
0.025400
  0
VERTEX
 5
1445
  8
TOOL_TOP
 10
47.86000
 20
54.10000
 42
1.000000
  0
VERTEX
 5
1446
  8
TOOL_TOP
 10
48.76000
 20
54.10000
 42
1.000000
  0
VERTEX
 5
1447
  8
TOOL_TOP
 10
47.86000
 20
54.10000
  0
SEQEND
  8
TOOL_TOP
  0
TEXT
  8
TOOLCODE_TOP
 10
47.83750
 20
53.87500
 40
0.450000
  1
T00
  0
POLYLINE
 5
1448
  8
Top
 66
1
 70
1
 40
0.000000
 41
0.000000
  0
VERTEX
 5
1449
  8
Top
 10
49.07700
 20
19.23230
 42
-0.414214
  0
VERTEX
 5
144A
  8
Top
 10
49.06430
 20
19.24500
  0
VERTEX
 5
144B
  8
Top
 10
49.06430
 20
22.43500
 42
-0.414214
  0
VERTEX
 5
144C
  8
Top
 10
49.07700
 20
22.44770
  0
VERTEX
 5
144D
  8
Top
 10
50.57700
 20
22.44770
 42
-0.414214
  0
VERTEX
 5
144E
  8
Top
 10
50.58970
 20
22.43500
  0
VERTEX
 5
144F
  8
Top
 10
50.58970
 20
19.24500
 42
-0.414214
  0
VERTEX
 5
1450
  8
Top
 10
50.57700
 20
19.23230
  0
VERTEX
 5
1451
  8
Top
 10
49.07700
 20
19.23230
  0
SEQEND
  8
Top
  0
POLYLINE
 5
1452
  8
2DLINES_1
 66
1
 40
0.152400
 41
0.152400
  0
VERTEX
 5
1453
  8
2DLINES_1
 10
50.46700
 20
20.84500
  0
VERTEX
 5
1454
  8
2DLINES_1
 10
49.16700
 20
20.84500
  0
SEQEND
  8
2DLINES_1
  0
POLYLINE
 5
1455
  8
2DLINES_1
 66
1
 70
1
 40
0.076200
 41
0.076200
  0
VERTEX
 5
1456
  8
2DLINES_1
 10
50.42890
 20
20.84500
 42
1.0
  0
VERTEX
 5
1457
  8
2DLINES_1
 10
50.50510
 20
20.84500
 42
1.0
  0
SEQEND
  8
2DLINES_1
  0
POLYLINE
 5
1458
  8
2DLINES_1
 66
1
 70
1
 40
0.076200
 41
0.076200
  0
VERTEX
 5
1459
  8
2DLINES_1
 10
49.12890
 20
20.84500
 42
1.0
  0
VERTEX
 5
145A
  8
2DLINES_1
 10
49.20510
 20
20.84500
 42
1.0
  0
SEQEND
  8
2DLINES_1
  0
POLYLINE
 5
145B
  8
PLACEMENT_OUTLINE_TOP
 66
1
 40
0.025400
 41
0.025400
  0
VERTEX
 5
145C
  8
PLACEMENT_OUTLINE_TOP
 10
50.56700
 20
19.24500
  0
VERTEX
 5
145D
  8
PLACEMENT_OUTLINE_TOP
 10
49.06700
 20
19.24500
  0
SEQEND
  8
PLACEMENT_OUTLINE_TOP
  0
POLYLINE
 5
145E
  8
PLACEMENT_OUTLINE_TOP
 66
1
 70
1
 40
0.012700
 41
0.012700
  0
VERTEX
 5
145F
  8
PLACEMENT_OUTLINE_TOP
 10
50.56065
 20
19.24500
 42
1.0
  0
VERTEX
 5
1460
  8
PLACEMENT_OUTLINE_TOP
 10
50.57335
 20
19.24500
 42
1.0
  0
SEQEND
  8
PLACEMENT_OUTLINE_TOP
  0
POLYLINE
 5
1461
  8
PLACEMENT_OUTLINE_TOP
 66
1
 70
1
 40
0.012700
 41
0.012700
  0
VERTEX
 5
1462
  8
PLACEMENT_OUTLINE_TOP
 10
49.06065
 20
19.24500
 42
1.0
  0
VERTEX
 5
1463
  8
PLACEMENT_OUTLINE_TOP
 10
49.07335
 20
19.24500
 42
1.0
  0
SEQEND
  8
PLACEMENT_OUTLINE_TOP
  0
POLYLINE
 5
1464
  8
PLACEMENT_OUTLINE_TOP
 66
1
 40
0.025400
 41
0.025400
  0
VERTEX
 5
1465
  8
PLACEMENT_OUTLINE_TOP
 10
49.06700
 20
19.24500
  0
VERTEX
 5
1466
  8
PLACEMENT_OUTLINE_TOP
 10
49.06700
 20
22.44500
  0
SEQEND
  8
PLACEMENT_OUTLINE_TOP
  0
POLYLINE
 5
1467
  8
PLACEMENT_OUTLINE_TOP
 66
1
 70
1
 40
0.012700
 41
0.012700
  0
VERTEX
 5
1468
  8
PLACEMENT_OUTLINE_TOP
 10
49.06065
 20
19.24500
 42
1.0
  0
VERTEX
 5
1469
  8
PLACEMENT_OUTLINE_TOP
 10
49.07335
 20
19.24500
 42
1.0
  0
SEQEND
  8
PLACEMENT_OUTLINE_TOP
  0
POLYLINE
 5
146A
  8
PLACEMENT_OUTLINE_TOP
 66
1
 70
1
 40
0.012700
 41
0.012700
  0
VERTEX
 5
146B
  8
PLACEMENT_OUTLINE_TOP
 10
49.06065
 20
22.44500
 42
1.0
  0
VERTEX
 5
146C
  8
PLACEMENT_OUTLINE_TOP
 10
49.07335
 20
22.44500
 42
1.0
  0
SEQEND
  8
PLACEMENT_OUTLINE_TOP
  0
POLYLINE
 5
146D
  8
PLACEMENT_OUTLINE_TOP
 66
1
 40
0.025400
 41
0.025400
  0
VERTEX
 5
146E
  8
PLACEMENT_OUTLINE_TOP
 10
49.06700
 20
22.44500
  0
VERTEX
 5
146F
  8
PLACEMENT_OUTLINE_TOP
 10
50.56700
 20
22.44500
  0
SEQEND
  8
PLACEMENT_OUTLINE_TOP
  0
POLYLINE
 5
1470
  8
PLACEMENT_OUTLINE_TOP
 66
1
 70
1
 40
0.012700
 41
0.012700
  0
VERTEX
 5
1471
  8
PLACEMENT_OUTLINE_TOP
 10
49.06065
 20
22.44500
 42
1.0
  0
VERTEX
 5
1472
  8
PLACEMENT_OUTLINE_TOP
 10
49.07335
 20
22.44500
 42
1.0
  0
SEQEND
  8
PLACEMENT_OUTLINE_TOP
  0
POLYLINE
 5
1473
  8
PLACEMENT_OUTLINE_TOP
 66
1
 70
1
 40
0.012700
 41
0.012700
  0
VERTEX
 5
1474
  8
PLACEMENT_OUTLINE_TOP
 10
50.56065
 20
22.44500
 42
1.0
  0
VERTEX
 5
1475
  8
PLACEMENT_OUTLINE_TOP
 10
50.57335
 20
22.44500
 42
1.0
  0
SEQEND
  8
PLACEMENT_OUTLINE_TOP
  0
POLYLINE
 5
1476
  8
PLACEMENT_OUTLINE_TOP
 66
1
 40
0.025400
 41
0.025400
  0
VERTEX
 5
1477
  8
PLACEMENT_OUTLINE_TOP
 10
50.56700
 20
22.44500
  0
VERTEX
 5
1478
  8
PLACEMENT_OUTLINE_TOP
 10
50.56700
 20
19.24500
  0
SEQEND
  8
PLACEMENT_OUTLINE_TOP
  0
POLYLINE
 5
1479
  8
PLACEMENT_OUTLINE_TOP
 66
1
 70
1
 40
0.012700
 41
0.012700
  0
VERTEX
 5
147A
  8
PLACEMENT_OUTLINE_TOP
 10
50.56065
 20
22.44500
 42
1.0
  0
VERTEX
 5
147B
  8
PLACEMENT_OUTLINE_TOP
 10
50.57335
 20
22.44500
 42
1.0
  0
SEQEND
  8
PLACEMENT_OUTLINE_TOP
  0
POLYLINE
 5
147C
  8
PLACEMENT_OUTLINE_TOP
 66
1
 70
1
 40
0.012700
 41
0.012700
  0
VERTEX
 5
147D
  8
PLACEMENT_OUTLINE_TOP
 10
50.56065
 20
19.24500
 42
1.0
  0
VERTEX
 5
147E
  8
PLACEMENT_OUTLINE_TOP
 10
50.57335
 20
19.24500
 42
1.0
  0
SEQEND
  8
PLACEMENT_OUTLINE_TOP
  0
SOLID
 5
147F
  8
PADLAYER_TOP
 10
50.56700
 20
20.54500
 11
49.06700
 21
20.54500
 12
50.56700
 22
19.24500
 13
49.06700
 23
19.24500
  0
SOLID
 5
1480
  8
PADLAYER_TOP
 10
50.56700
 20
22.44500
 11
49.06700
 21
22.44500
 12
50.56700
 22
21.14500
 13
49.06700
 23
21.14500
  0
POLYLINE
 5
1481
  8
Top
 66
1
 70
1
 40
0.000000
 41
0.000000
  0
VERTEX
 5
1482
  8
Top
 10
47.07700
 20
19.23230
 42
-0.414214
  0
VERTEX
 5
1483
  8
Top
 10
47.06430
 20
19.24500
  0
VERTEX
 5
1484
  8
Top
 10
47.06430
 20
22.43500
 42
-0.414214
  0
VERTEX
 5
1485
  8
Top
 10
47.07700
 20
22.44770
  0
VERTEX
 5
1486
  8
Top
 10
48.57700
 20
22.44770
 42
-0.414214
  0
VERTEX
 5
1487
  8
Top
 10
48.58970
 20
22.43500
  0
VERTEX
 5
1488
  8
Top
 10
48.58970
 20
19.24500
 42
-0.414214
  0
VERTEX
 5
1489
  8
Top
 10
48.57700
 20
19.23230
  0
VERTEX
 5
148A
  8
Top
 10
47.07700
 20
19.23230
  0
SEQEND
  8
Top
  0
POLYLINE
 5
148B
  8
2DLINES_1
 66
1
 40
0.152400
 41
0.152400
  0
VERTEX
 5
148C
  8
2DLINES_1
 10
48.46700
 20
20.84500
  0
VERTEX
 5
148D
  8
2DLINES_1
 10
47.16700
 20
20.84500
  0
SEQEND
  8
2DLINES_1
  0
POLYLINE
 5
148E
  8
2DLINES_1
 66
1
 70
1
 40
0.076200
 41
0.076200
  0
VERTEX
 5
148F
  8
2DLINES_1
 10
48.42890
 20
20.84500
 42
1.0
  0
VERTEX
 5
1490
  8
2DLINES_1
 10
48.50510
 20
20.84500
 42
1.0
  0
SEQEND
  8
2DLINES_1
  0
POLYLINE
 5
1491
  8
2DLINES_1
 66
1
 70
1
 40
0.076200
 41
0.076200
  0
VERTEX
 5
1492
  8
2DLINES_1
 10
47.12890
 20
20.84500
 42
1.0
  0
VERTEX
 5
1493
  8
2DLINES_1
 10
47.20510
 20
20.84500
 42
1.0
  0
SEQEND
  8
2DLINES_1
  0
POLYLINE
 5
1494
  8
PLACEMENT_OUTLINE_TOP
 66
1
 40
0.025400
 41
0.025400
  0
VERTEX
 5
1495
  8
PLACEMENT_OUTLINE_TOP
 10
48.56700
 20
19.24500
  0
VERTEX
 5
1496
  8
PLACEMENT_OUTLINE_TOP
 10
47.06700
 20
19.24500
  0
SEQEND
  8
PLACEMENT_OUTLINE_TOP
  0
POLYLINE
 5
1497
  8
PLACEMENT_OUTLINE_TOP
 66
1
 70
1
 40
0.012700
 41
0.012700
  0
VERTEX
 5
1498
  8
PLACEMENT_OUTLINE_TOP
 10
48.56065
 20
19.24500
 42
1.0
  0
VERTEX
 5
1499
  8
PLACEMENT_OUTLINE_TOP
 10
48.57335
 20
19.24500
 42
1.0
  0
SEQEND
  8
PLACEMENT_OUTLINE_TOP
  0
POLYLINE
 5
149A
  8
PLACEMENT_OUTLINE_TOP
 66
1
 70
1
 40
0.012700
 41
0.012700
  0
VERTEX
 5
149B
  8
PLACEMENT_OUTLINE_TOP
 10
47.06065
 20
19.24500
 42
1.0
  0
VERTEX
 5
149C
  8
PLACEMENT_OUTLINE_TOP
 10
47.07335
 20
19.24500
 42
1.0
  0
SEQEND
  8
PLACEMENT_OUTLINE_TOP
  0
POLYLINE
 5
149D
  8
PLACEMENT_OUTLINE_TOP
 66
1
 40
0.025400
 41
0.025400
  0
VERTEX
 5
149E
  8
PLACEMENT_OUTLINE_TOP
 10
47.06700
 20
19.24500
  0
VERTEX
 5
149F
  8
PLACEMENT_OUTLINE_TOP
 10
47.06700
 20
22.44500
  0
SEQEND
  8
PLACEMENT_OUTLINE_TOP
  0
POLYLINE
 5
14A0
  8
PLACEMENT_OUTLINE_TOP
 66
1
 70
1
 40
0.012700
 41
0.012700
  0
VERTEX
 5
14A1
  8
PLACEMENT_OUTLINE_TOP
 10
47.06065
 20
19.24500
 42
1.0
  0
VERTEX
 5
14A2
  8
PLACEMENT_OUTLINE_TOP
 10
47.07335
 20
19.24500
 42
1.0
  0
SEQEND
  8
PLACEMENT_OUTLINE_TOP
  0
POLYLINE
 5
14A3
  8
PLACEMENT_OUTLINE_TOP
 66
1
 70
1
 40
0.012700
 41
0.012700
  0
VERTEX
 5
14A4
  8
PLACEMENT_OUTLINE_TOP
 10
47.06065
 20
22.44500
 42
1.0
  0
VERTEX
 5
14A5
  8
PLACEMENT_OUTLINE_TOP
 10
47.07335
 20
22.44500
 42
1.0
  0
SEQEND
  8
PLACEMENT_OUTLINE_TOP
  0
POLYLINE
 5
14A6
  8
PLACEMENT_OUTLINE_TOP
 66
1
 40
0.025400
 41
0.025400
  0
VERTEX
 5
14A7
  8
PLACEMENT_OUTLINE_TOP
 10
47.06700
 20
22.44500
  0
VERTEX
 5
14A8
  8
PLACEMENT_OUTLINE_TOP
 10
48.56700
 20
22.44500
  0
SEQEND
  8
PLACEMENT_OUTLINE_TOP
  0
POLYLINE
 5
14A9
  8
PLACEMENT_OUTLINE_TOP
 66
1
 70
1
 40
0.012700
 41
0.012700
  0
VERTEX
 5
14AA
  8
PLACEMENT_OUTLINE_TOP
 10
47.06065
 20
22.44500
 42
1.0
  0
VERTEX
 5
14AB
  8
PLACEMENT_OUTLINE_TOP
 10
47.07335
 20
22.44500
 42
1.0
  0
SEQEND
  8
PLACEMENT_OUTLINE_TOP
  0
POLYLINE
 5
14AC
  8
PLACEMENT_OUTLINE_TOP
 66
1
 70
1
 40
0.012700
 41
0.012700
  0
VERTEX
 5
14AD
  8
PLACEMENT_OUTLINE_TOP
 10
48.56065
 20
22.44500
 42
1.0
  0
VERTEX
 5
14AE
  8
PLACEMENT_OUTLINE_TOP
 10
48.57335
 20
22.44500
 42
1.0
  0
SEQEND
  8
PLACEMENT_OUTLINE_TOP
  0
POLYLINE
 5
14AF
  8
PLACEMENT_OUTLINE_TOP
 66
1
 40
0.025400
 41
0.025400
  0
VERTEX
 5
14B0
  8
PLACEMENT_OUTLINE_TOP
 10
48.56700
 20
22.44500
  0
VERTEX
 5
14B1
  8
PLACEMENT_OUTLINE_TOP
 10
48.56700
 20
19.24500
  0
SEQEND
  8
PLACEMENT_OUTLINE_TOP
  0
POLYLINE
 5
14B2
  8
PLACEMENT_OUTLINE_TOP
 66
1
 70
1
 40
0.012700
 41
0.012700
  0
VERTEX
 5
14B3
  8
PLACEMENT_OUTLINE_TOP
 10
48.56065
 20
22.44500
 42
1.0
  0
VERTEX
 5
14B4
  8
PLACEMENT_OUTLINE_TOP
 10
48.57335
 20
22.44500
 42
1.0
  0
SEQEND
  8
PLACEMENT_OUTLINE_TOP
  0
POLYLINE
 5
14B5
  8
PLACEMENT_OUTLINE_TOP
 66
1
 70
1
 40
0.012700
 41
0.012700
  0
VERTEX
 5
14B6
  8
PLACEMENT_OUTLINE_TOP
 10
48.56065
 20
19.24500
 42
1.0
  0
VERTEX
 5
14B7
  8
PLACEMENT_OUTLINE_TOP
 10
48.57335
 20
19.24500
 42
1.0
  0
SEQEND
  8
PLACEMENT_OUTLINE_TOP
  0
SOLID
 5
14B8
  8
PADLAYER_TOP
 10
48.56700
 20
20.54500
 11
47.06700
 21
20.54500
 12
48.56700
 22
19.24500
 13
47.06700
 23
19.24500
  0
SOLID
 5
14B9
  8
PADLAYER_TOP
 10
48.56700
 20
22.44500
 11
47.06700
 21
22.44500
 12
48.56700
 22
21.14500
 13
47.06700
 23
21.14500
  0
POLYLINE
 5
14BA
  8
Top
 66
1
 70
1
 40
0.000000
 41
0.000000
  0
VERTEX
 5
14BB
  8
Top
 10
45.07700
 20
19.23230
 42
-0.414214
  0
VERTEX
 5
14BC
  8
Top
 10
45.06430
 20
19.24500
  0
VERTEX
 5
14BD
  8
Top
 10
45.06430
 20
22.43500
 42
-0.414214
  0
VERTEX
 5
14BE
  8
Top
 10
45.07700
 20
22.44770
  0
VERTEX
 5
14BF
  8
Top
 10
46.57700
 20
22.44770
 42
-0.414214
  0
VERTEX
 5
14C0
  8
Top
 10
46.58970
 20
22.43500
  0
VERTEX
 5
14C1
  8
Top
 10
46.58970
 20
19.24500
 42
-0.414214
  0
VERTEX
 5
14C2
  8
Top
 10
46.57700
 20
19.23230
  0
VERTEX
 5
14C3
  8
Top
 10
45.07700
 20
19.23230
  0
SEQEND
  8
Top
  0
POLYLINE
 5
14C4
  8
2DLINES_1
 66
1
 40
0.152400
 41
0.152400
  0
VERTEX
 5
14C5
  8
2DLINES_1
 10
46.46700
 20
20.84500
  0
VERTEX
 5
14C6
  8
2DLINES_1
 10
45.16700
 20
20.84500
  0
SEQEND
  8
2DLINES_1
  0
POLYLINE
 5
14C7
  8
2DLINES_1
 66
1
 70
1
 40
0.076200
 41
0.076200
  0
VERTEX
 5
14C8
  8
2DLINES_1
 10
46.42890
 20
20.84500
 42
1.0
  0
VERTEX
 5
14C9
  8
2DLINES_1
 10
46.50510
 20
20.84500
 42
1.0
  0
SEQEND
  8
2DLINES_1
  0
POLYLINE
 5
14CA
  8
2DLINES_1
 66
1
 70
1
 40
0.076200
 41
0.076200
  0
VERTEX
 5
14CB
  8
2DLINES_1
 10
45.12890
 20
20.84500
 42
1.0
  0
VERTEX
 5
14CC
  8
2DLINES_1
 10
45.20510
 20
20.84500
 42
1.0
  0
SEQEND
  8
2DLINES_1
  0
POLYLINE
 5
14CD
  8
PLACEMENT_OUTLINE_TOP
 66
1
 40
0.025400
 41
0.025400
  0
VERTEX
 5
14CE
  8
PLACEMENT_OUTLINE_TOP
 10
46.56700
 20
19.24500
  0
VERTEX
 5
14CF
  8
PLACEMENT_OUTLINE_TOP
 10
45.06700
 20
19.24500
  0
SEQEND
  8
PLACEMENT_OUTLINE_TOP
  0
POLYLINE
 5
14D0
  8
PLACEMENT_OUTLINE_TOP
 66
1
 70
1
 40
0.012700
 41
0.012700
  0
VERTEX
 5
14D1
  8
PLACEMENT_OUTLINE_TOP
 10
46.56065
 20
19.24500
 42
1.0
  0
VERTEX
 5
14D2
  8
PLACEMENT_OUTLINE_TOP
 10
46.57335
 20
19.24500
 42
1.0
  0
SEQEND
  8
PLACEMENT_OUTLINE_TOP
  0
POLYLINE
 5
14D3
  8
PLACEMENT_OUTLINE_TOP
 66
1
 70
1
 40
0.012700
 41
0.012700
  0
VERTEX
 5
14D4
  8
PLACEMENT_OUTLINE_TOP
 10
45.06065
 20
19.24500
 42
1.0
  0
VERTEX
 5
14D5
  8
PLACEMENT_OUTLINE_TOP
 10
45.07335
 20
19.24500
 42
1.0
  0
SEQEND
  8
PLACEMENT_OUTLINE_TOP
  0
POLYLINE
 5
14D6
  8
PLACEMENT_OUTLINE_TOP
 66
1
 40
0.025400
 41
0.025400
  0
VERTEX
 5
14D7
  8
PLACEMENT_OUTLINE_TOP
 10
45.06700
 20
19.24500
  0
VERTEX
 5
14D8
  8
PLACEMENT_OUTLINE_TOP
 10
45.06700
 20
22.44500
  0
SEQEND
  8
PLACEMENT_OUTLINE_TOP
  0
POLYLINE
 5
14D9
  8
PLACEMENT_OUTLINE_TOP
 66
1
 70
1
 40
0.012700
 41
0.012700
  0
VERTEX
 5
14DA
  8
PLACEMENT_OUTLINE_TOP
 10
45.06065
 20
19.24500
 42
1.0
  0
VERTEX
 5
14DB
  8
PLACEMENT_OUTLINE_TOP
 10
45.07335
 20
19.24500
 42
1.0
  0
SEQEND
  8
PLACEMENT_OUTLINE_TOP
  0
POLYLINE
 5
14DC
  8
PLACEMENT_OUTLINE_TOP
 66
1
 70
1
 40
0.012700
 41
0.012700
  0
VERTEX
 5
14DD
  8
PLACEMENT_OUTLINE_TOP
 10
45.06065
 20
22.44500
 42
1.0
  0
VERTEX
 5
14DE
  8
PLACEMENT_OUTLINE_TOP
 10
45.07335
 20
22.44500
 42
1.0
  0
SEQEND
  8
PLACEMENT_OUTLINE_TOP
  0
POLYLINE
 5
14DF
  8
PLACEMENT_OUTLINE_TOP
 66
1
 40
0.025400
 41
0.025400
  0
VERTEX
 5
14E0
  8
PLACEMENT_OUTLINE_TOP
 10
45.06700
 20
22.44500
  0
VERTEX
 5
14E1
  8
PLACEMENT_OUTLINE_TOP
 10
46.56700
 20
22.44500
  0
SEQEND
  8
PLACEMENT_OUTLINE_TOP
  0
POLYLINE
 5
14E2
  8
PLACEMENT_OUTLINE_TOP
 66
1
 70
1
 40
0.012700
 41
0.012700
  0
VERTEX
 5
14E3
  8
PLACEMENT_OUTLINE_TOP
 10
45.06065
 20
22.44500
 42
1.0
  0
VERTEX
 5
14E4
  8
PLACEMENT_OUTLINE_TOP
 10
45.07335
 20
22.44500
 42
1.0
  0
SEQEND
  8
PLACEMENT_OUTLINE_TOP
  0
POLYLINE
 5
14E5
  8
PLACEMENT_OUTLINE_TOP
 66
1
 70
1
 40
0.012700
 41
0.012700
  0
VERTEX
 5
14E6
  8
PLACEMENT_OUTLINE_TOP
 10
46.56065
 20
22.44500
 42
1.0
  0
VERTEX
 5
14E7
  8
PLACEMENT_OUTLINE_TOP
 10
46.57335
 20
22.44500
 42
1.0
  0
SEQEND
  8
PLACEMENT_OUTLINE_TOP
  0
POLYLINE
 5
14E8
  8
PLACEMENT_OUTLINE_TOP
 66
1
 40
0.025400
 41
0.025400
  0
VERTEX
 5
14E9
  8
PLACEMENT_OUTLINE_TOP
 10
46.56700
 20
22.44500
  0
VERTEX
 5
14EA
  8
PLACEMENT_OUTLINE_TOP
 10
46.56700
 20
19.24500
  0
SEQEND
  8
PLACEMENT_OUTLINE_TOP
  0
POLYLINE
 5
14EB
  8
PLACEMENT_OUTLINE_TOP
 66
1
 70
1
 40
0.012700
 41
0.012700
  0
VERTEX
 5
14EC
  8
PLACEMENT_OUTLINE_TOP
 10
46.56065
 20
22.44500
 42
1.0
  0
VERTEX
 5
14ED
  8
PLACEMENT_OUTLINE_TOP
 10
46.57335
 20
22.44500
 42
1.0
  0
SEQEND
  8
PLACEMENT_OUTLINE_TOP
  0
POLYLINE
 5
14EE
  8
PLACEMENT_OUTLINE_TOP
 66
1
 70
1
 40
0.012700
 41
0.012700
  0
VERTEX
 5
14EF
  8
PLACEMENT_OUTLINE_TOP
 10
46.56065
 20
19.24500
 42
1.0
  0
VERTEX
 5
14F0
  8
PLACEMENT_OUTLINE_TOP
 10
46.57335
 20
19.24500
 42
1.0
  0
SEQEND
  8
PLACEMENT_OUTLINE_TOP
  0
SOLID
 5
14F1
  8
PADLAYER_TOP
 10
46.56700
 20
20.54500
 11
45.06700
 21
20.54500
 12
46.56700
 22
19.24500
 13
45.06700
 23
19.24500
  0
SOLID
 5
14F2
  8
PADLAYER_TOP
 10
46.56700
 20
22.44500
 11
45.06700
 21
22.44500
 12
46.56700
 22
21.14500
 13
45.06700
 23
21.14500
  0
ENDSEC
  0
EOF
