Joint;Time;U1;U2;U3;R1;R2;R3
Text;sec;m/sec;m/sec;m/sec;rad/sec;rad/sec;rad/sec
17;0;0;0;0;0;0;0
17;0,1;-0,00000000000000005679;0;0;0;0;0
17;0,2;-0,0000000000000001123;0;0;0;0;0
17;0,3;-0,0000000000000001123;0;0;0;0;0
17;0,4;-0,0000000000000001123;0;0;0;0;0
17;0,5;-0,0000000000000001123;0;0;0;0;0
17;0,6;-0,0000000000000001123;0;0;0;0;0
17;0,7;-0,0000000000000001123;0;0;0;0;0
17;0,8;-0,0000000000000001123;0;0;0;0;0
17;0,9;-0,0000000000000001123;0;0;0;0;0
17;1;-0,0000000000000001123;0;0;0;0;0
17;1,1;-0,0000000000000001123;0;0;0;0;0
17;1,2;-0,0000000000000001123;0;0;0;0;0
17;1,3;-0,0000000000000001123;0;0;0;0;0
17;1,4;-0,0000000000000001123;0;0;0;0;0
17;1,5;-0,0000000000000001123;0;0;0;0;0
17;1,6;-0,0000000000000001123;0;0;0;0;0
17;1,7;-0,0000000000000001123;0;0;0;0;0
17;1,8;-0,0000000000000001123;0;0;0;0;0
17;1,9;-0,0000000000000001123;0;0;0;0;0
17;2;-0,0000000000000001123;0;0;0;0;0
17;2,1;-0,0000000000000001123;0;0;0;0;0
17;2,2;-0,0000000000000001123;0;0;0;0;0
17;2,3;-0,0000000000000001123;0;0;0;0;0
17;2,4;-0,0000000000000001123;0;0;0;0;0
17;2,5;-0,0000000000000001123;0;0;0;0;0
17;2,6;-0,0000000000000001123;0;0;0;0;0
17;2,7;-0,0000000000000001123;0;0;0;0;0
17;2,8;-0,0000000000000001123;0;0;0;0;0
17;2,9;-0,0000000000000001123;0;0;0;0;0
17;3;-0,0000000000000001123;0;0;0;0;0
17;3,1;-0,0000000000000001123;0;0;0;0;0
17;3,2;-0,0000000000000001123;0;0;0;0;0
17;3,3;-0,0000000000000001123;0;0;0;0;0
17;3,4;-0,0000000000000001123;0;0;0;0;0
17;3,5;-0,0000000000000001123;0;0;0;0;0
17;3,6;-0,0000000000000001123;0;0;0;0;0
17;3,7;-0,0000000000000001123;0;0;0;0;0
17;3,8;-0,0000000000000001123;0;0;0;0;0
17;3,9;-0,0000000000000001123;0;0;0;0;0
17;4;-0,0000000000000001123;0;0;0;0;0
17;4,1;-0,0000000000000001123;0;0;0;0;0
17;4,2;-0,0000000000000001123;0;0;0;0;0
17;4,3;-0,0000000000000001123;0;0;0;0;0
17;4,4;-0,0000000000000001123;0;0;0;0;0
17;4,5;-0,0000000000000001123;0;0;0;0;0
17;4,6;-0,0000000000000001123;0;0;0;0;0
17;4,7;-0,0000000000000001123;0;0;0;0;0
17;4,8;-0,0000000000000001123;0;0;0;0;0
17;4,9;-0,0000000000000001123;0;0;0;0;0
17;5;-0,0000000000000001123;0;0;0;0;0
17;5,1;-0,0000000000000001123;0;0;0;0;0
17;5,2;-0,0000000000000001123;0;0;0;0;0
17;5,3;-0,0000000000000001123;0;0;0;0;0
17;5,4;-0,0000000000000001123;0;0;0;0;0
17;5,5;-0,0000000000000001123;0;0;0;0;0
17;5,6;-0,0000000000000001123;0;0;0;0;0
17;5,7;-0,0000000000000001123;0;0;0;0;0
17;5,8;-0,0000000000000001123;0;0;0;0;0
17;5,9;-0,0000000000000001123;0;0;0;0;0
17;6;-0,0000000000000001123;0;0;0;0;0
17;6,1;-0,0000000000000001123;0;0;0;0;0
17;6,2;-0,0000000000000001123;0;0;0;0;0
17;6,3;-0,0000000000000001123;0;0;0;0;0
17;6,4;-0,0000000000000001123;0;0;0;0;0
17;6,5;-0,0000000000000001123;0;0;0;0;0
17;6,6;-0,0000000000000001123;0;0;0;0;0
17;6,7;-0,0000000000000001123;0;0;0;0;0
17;6,8;-0,0000000000000001123;0;0;0;0;0
17;6,9;-0,0000000000000001123;0;0;0;0;0
17;7;-0,0000000000000001123;0;0;0;0;0
17;7,1;-0,0000000000000001123;0;0;0;0;0
17;7,2;-0,0000000000000001123;0;0;0;0;0
17;7,3;-0,0000000000000001123;0;0;0;0;0
17;7,4;-0,0000000000000001123;0;0;0;0;0
17;7,5;-0,0000000000000001123;0;0;0;0;0
17;7,6;-0,0000000000000001123;0;0;0;0;0
17;7,7;-0,0000000000000001123;0;0;0;0;0
17;7,8;-0,0000000000000001123;0;0;0;0;0
17;7,9;-0,0000000000000001123;0;0;0;0;0
17;8;-0,0000000000000001123;0;0;0;0;0
17;8,1;-0,0000000000000001123;0;0;0;0;0
17;8,2;-0,0000000000000001123;0;0;0;0;0
17;8,3;-0,0000000000000001123;0;0;0;0;0
17;8,4;-0,0000000000000001123;0;0;0;0;0
17;8,5;-0,0000000000000001123;0;0;0;0;0
17;8,6;-0,0000000000000001123;0;0;0;0;0
17;8,7;-0,0000000000000001123;0;0;0;0;0
17;8,8;-0,0000000000000001123;0;0;0;0;0
17;8,9;-0,0000000000000001123;0;0;0;0;0
17;9;-0,0000000000000001123;0;0;0;0;0
17;9,1;-0,0000000000000001123;0;0;0;0;0
17;9,2;-0,0000000000000001123;0;0;0;0;0
17;9,3;-0,0000000000000001123;0;0;0;0;0
17;9,4;-0,0000000000000001123;0;0;0;0;0
17;9,5;-0,0000000000000001123;0;0;0;0;0
17;9,6;-0,0000000000000001123;0;0;0;0;0
17;9,7;-0,0000000000000001123;0;0;0;0;0
17;9,8;-0,0000000000000001123;0;0;0;0;0
17;9,9;-0,0000000000000001123;0;0;0;0;0
17;10;-0,0000000000000001123;0;0;0;0;0
17;10,1;-0,0000000000000001123;0;0;0;0;0
17;10,2;-0,0000000000000001123;0;0;0;0;0
17;10,3;-0,0000000000000001123;0;0;0;0;0
17;10,4;-0,0000000000000001123;0;0;0;0;0
17;10,5;-0,0000000000000001123;0;0;0;0;0
17;10,6;-0,0000000000000001123;0;0;0;0;0
17;10,7;-0,0000000000000001123;0;0;0;0;0
17;10,8;-0,0000000000000001123;0;0;0;0;0
17;10,9;-0,0000000000000001123;0;0;0;0;0
17;11;-0,0000000000000001123;0;0;0;0;0
17;11,1;-0,0000000000000001123;0;0;0;0;0
17;11,2;-0,0000000000000001123;0;0;0;0;0
17;11,3;-0,0000000000000001123;0;0;0;0;0
17;11,4;-0,0000000000000001123;0;0;0;0;0
17;11,5;-0,0000000000000001123;0;0;0;0;0
17;11,6;-0,0000000000000001123;0;0;0;0;0
17;11,7;-0,0000000000000001123;0;0;0;0;0
17;11,8;-0,0000000000000001123;0;0;0;0;0
17;11,9;-0,0000000000000001123;0;0;0;0;0
17;12;-0,0000000000000001123;0;0;0;0;0
17;12,1;-0,0000000000000001123;0;0;0;0;0
17;12,2;-0,0000000000000001123;0;0;0;0;0
17;12,3;-0,0000000000000001123;0;0;0;0;0
17;12,4;-0,0000000000000001123;0;0;0;0;0
17;12,5;-0,0000000000000001123;0;0;0;0;0
17;12,6;-0,0000000000000001123;0;0;0;0;0
17;12,7;-0,0000000000000001123;0;0;0;0;0
17;12,8;-0,0000000000000001123;0;0;0;0;0
17;12,9;-0,0000000000000001123;0;0;0;0;0
17;13;-0,0000000000000001123;0;0;0;0;0
17;13,1;-0,0000000000000001123;0;0;0;0;0
17;13,2;-0,0000000000000001123;0;0;0;0;0
17;13,3;-0,0000000000000001123;0;0;0;0;0
17;13,4;-0,0000000000000001123;0;0;0;0;0
17;13,5;-0,0000000000000001123;0;0;0;0;0
17;13,6;-0,0000000000000001123;0;0;0;0;0
17;13,7;-0,0000000000000001123;0;0;0;0;0
17;13,8;-0,0000000000000001123;0;0;0;0;0
17;13,9;-0,0000000000000001123;0;0;0;0;0
17;14;-0,0000000000000001123;0;0;0;0;0
17;14,1;-0,0000000000000001123;0;0;0;0;0
17;14,2;-0,0000000000000001123;0;0;0;0;0
17;14,3;-0,0000000000000001123;0;0;0;0;0
17;14,4;-0,0000000000000001123;0;0;0;0;0
17;14,5;-0,0000000000000001123;0;0;0;0;0
17;14,6;-0,0000000000000001123;0;0;0;0;0
17;14,7;-0,0000000000000001123;0;0;0;0;0
17;14,8;-0,0000000000000001123;0;0;0;0;0
17;14,9;-0,0000000000000001123;0;0;0;0;0
17;15;-0,0000000000000001123;0;0;0;0;0
17;15,1;-0,0000000000000001123;0;0;0;0;0
17;15,2;-0,0000000000000001123;0;0;0;0;0
17;15,3;-0,0000000000000001123;0;0;0;0;0
17;15,4;-0,0000000000000001123;0;0;0;0;0
17;15,5;-0,0000000000000001123;0;0;0;0;0
17;15,6;-0,0000000000000001123;0;0;0;0;0
17;15,7;-0,0000000000000001123;0;0;0;0;0
17;15,8;-0,0000000000000001123;0;0;0;0;0
17;15,9;-0,0000000000000001123;0;0;0;0;0
17;16;-0,0000000000000001123;0;0;0;0;0
17;16,1;-0,0000000000000001123;0;0;0;0;0
17;16,2;-0,0000000000000001123;0;0;0;0;0
17;16,3;-0,0000000000000001123;0;0;0;0;0
17;16,4;-0,0000000000000001123;0;0;0;0;0
17;16,5;-0,0000000000000001123;0;0;0;0;0
17;16,6;-0,0000000000000001123;0;0;0;0;0
17;16,7;-0,0000000000000001123;0;0;0;0;0
17;16,8;-0,0000000000000001123;0;0;0;0;0
17;16,9;-0,0000000000000001123;0;0;0;0;0
17;17;-0,0000000000000001123;0;0;0;0;0
17;17,1;-0,0000000000000001123;0;0;0;0;0
17;17,2;-0,0000000000000001123;0;0;0;0;0
17;17,3;-0,0000000000000001123;0;0;0;0;0
17;17,4;-0,0000000000000001123;0;0;0;0;0
17;17,5;-0,0000000000000001123;0;0;0;0;0
17;17,6;-0,0000000000000001123;0;0;0;0;0
17;17,7;-0,0000000000000001123;0;0;0;0;0
17;17,8;-0,0000000000000001123;0;0;0;0;0
17;17,9;-0,0000000000000001123;0;0;0;0;0
17;18;-0,0000000000000001123;0;0;0;0;0
17;18,1;-0,0000000000000001123;0;0;0;0;0
17;18,2;-0,0000000000000001123;0;0;0;0;0
17;18,3;-0,0000000000000001123;0;0;0;0;0
17;18,4;-0,0000000000000001123;0;0;0;0;0
17;18,5;-0,0000000000000001123;0;0;0;0;0
17;18,6;-0,0000000000000001123;0;0;0;0;0
17;18,7;-0,0000000000000001123;0;0;0;0;0
17;18,8;-0,0000000000000001123;0;0;0;0;0
17;18,9;-0,0000000000000001123;0;0;0;0;0
17;19;-0,0000000000000001123;0;0;0;0;0
17;19,1;-0,0000000000000001123;0;0;0;0;0
17;19,2;-0,0000000000000001123;0;0;0;0;0
17;19,3;-0,0000000000000001123;0;0;0;0;0
17;19,4;-0,0000000000000001123;0;0;0;0;0
17;19,5;-0,0000000000000001123;0;0;0;0;0
17;19,6;-0,0000000000000001123;0;0;0;0;0
17;19,7;-0,0000000000000001123;0;0;0;0;0
17;19,8;-0,0000000000000001123;0;0;0;0;0
17;19,9;-0,0000000000000001123;0;0;0;0;0
17;20;-0,0000000000000001123;0;0;0;0;0
17;20,1;-0,0000000000000001123;0;0;0;0;0
17;20,2;-0,0000000000000001123;0;0;0;0;0
17;20,3;-0,0000000000000001123;0;0;0;0;0
17;20,4;-0,0000000000000001123;0;0;0;0;0
17;20,5;-0,0000000000000001123;0;0;0;0;0
17;20,6;-0,0000000000000001123;0;0;0;0;0
17;20,7;-0,0000000000000001123;0;0;0;0;0
17;20,8;-0,0000000000000001123;0;0;0;0;0
17;20,9;-0,0000000000000001123;0;0;0;0;0
17;21;-0,0000000000000001123;0;0;0;0;0
17;21,1;-0,0000000000000001123;0;0;0;0;0
17;21,2;-0,0000000000000001123;0;0;0;0;0
17;21,3;-0,0000000000000001123;0;0;0;0;0
17;21,4;-0,0000000000000001123;0;0;0;0;0
17;21,5;-0,0000000000000001123;0;0;0;0;0
17;21,6;-0,0000000000000001123;0;0;0;0;0
17;21,7;-0,0000000000000001123;0;0;0;0;0
17;21,8;-0,0000000000000001123;0;0;0;0;0
17;21,9;-0,0000000000000001123;0;0;0;0;0
17;22;-0,0000000000000001123;0;0;0;0;0
17;22,1;-0,0000000000000001123;0;0;0;0;0
17;22,2;-0,0000000000000001123;0;0;0;0;0
17;22,3;-0,0000000000000001123;0;0;0;0;0
17;22,4;-0,0000000000000001123;0;0;0;0;0
17;22,5;-0,0000000000000001123;0;0;0;0;0
17;22,6;-0,0000000000000001123;0;0;0;0;0
17;22,7;-0,0000000000000001123;0;0;0;0;0
17;22,8;-0,0000000000000001123;0;0;0;0;0
17;22,9;-0,0000000000000001123;0;0;0;0;0
17;23;-0,0000000000000001123;0;0;0;0;0
17;23,1;-0,0000000000000001123;0;0;0;0;0
17;23,2;-0,0000000000000001123;0;0;0;0;0
17;23,3;-0,0000000000000001123;0;0;0;0;0
17;23,4;-0,0000000000000001123;0;0;0;0;0
17;23,5;-0,0000000000000001123;0;0;0;0;0
17;23,6;-0,0000000000000001123;0;0;0;0;0
17;23,7;-0,0000000000000001123;0;0;0;0;0
17;23,8;-0,0000000000000001123;0;0;0;0;0
17;23,9;-0,0000000000000001123;0;0;0;0;0
17;24;-0,0000000000000001123;0;0;0;0;0
17;24,1;-0,0000000000000001123;0;0;0;0;0
17;24,2;-0,0000000000000001123;0;0;0;0;0
17;24,3;-0,0000000000000001123;0;0;0;0;0
17;24,4;-0,0000000000000001123;0;0;0;0;0
17;24,5;-0,0000000000000001123;0;0;0;0;0
17;24,6;-0,0000000000000001123;0;0;0;0;0
17;24,7;-0,0000000000000001123;0;0;0;0;0
17;24,8;-0,0000000000000001123;0;0;0;0;0
17;24,9;-0,0000000000000001123;0;0;0;0;0
17;25;-0,0000000000000001123;0;0;0;0;0
17;25,1;-0,0000000000000001123;0;0;0;0;0
17;25,2;-0,0000000000000001123;0;0;0;0;0
17;25,3;-0,0000000000000001123;0;0;0;0;0
17;25,4;-0,0000000000000001123;0;0;0;0;0
17;25,5;-0,0000000000000001123;0;0;0;0;0
17;25,6;-0,0000000000000001123;0;0;0;0;0
17;25,7;-0,0000000000000001123;0;0;0;0;0
17;25,8;-0,0000000000000001123;0;0;0;0;0
17;25,9;-0,0000000000000001123;0;0;0;0;0
17;26;-0,0000000000000001123;0;0;0;0;0
17;26,1;-0,0000000000000001123;0;0;0;0;0
17;26,2;-0,0000000000000001123;0;0;0;0;0
17;26,3;-0,0000000000000001123;0;0;0;0;0
17;26,4;-0,0000000000000001123;0;0;0;0;0
17;26,5;-0,0000000000000001123;0;0;0;0;0
17;26,6;-0,0000000000000001123;0;0;0;0;0
17;26,7;-0,0000000000000001123;0;0;0;0;0
17;26,8;-0,0000000000000001123;0;0;0;0;0
17;26,9;-0,0000000000000001123;0;0;0;0;0
17;27;-0,0000000000000001123;0;0;0;0;0
17;27,1;-0,0000000000000001123;0;0;0;0;0
17;27,2;-0,0000000000000001123;0;0;0;0;0
17;27,3;-0,0000000000000001123;0;0;0;0;0
17;27,4;-0,0000000000000001123;0;0;0;0;0
17;27,5;-0,0000000000000001123;0;0;0;0;0
17;27,6;-0,0000000000000001123;0;0;0;0;0
17;27,7;-0,0000000000000001123;0;0;0;0;0
17;27,8;-0,0000000000000001123;0;0;0;0;0
17;27,9;-0,0000000000000001123;0;0;0;0;0
17;28;-0,0000000000000001123;0;0;0;0;0
17;28,1;-0,0000000000000001123;0;0;0;0;0
17;28,2;-0,0000000000000001123;0;0;0;0;0
17;28,3;-0,0000000000000001123;0;0;0;0;0
17;28,4;-0,0000000000000001123;0;0;0;0;0
17;28,5;-0,0000000000000001123;0;0;0;0;0
17;28,6;-0,0000000000000001123;0;0;0;0;0
17;28,7;-0,0000000000000001123;0;0;0;0;0
17;28,8;-0,0000000000000001123;0;0;0;0;0
17;28,9;-0,0000000000000001123;0;0;0;0;0
17;29;-0,0000000000000001123;0;0;0;0;0
17;29,1;-0,0000000000000001123;0;0;0;0;0
17;29,2;-0,0000000000000001123;0;0;0;0;0
17;29,3;-0,0000000000000001123;0;0;0;0;0
17;29,4;-0,0000000000000001123;0;0;0;0;0
17;29,5;-0,0000000000000001123;0;0;0;0;0
17;29,6;-0,0000000000000001123;0;0;0;0;0
17;29,7;-0,0000000000000001123;0;0;0;0;0
17;29,8;-0,0000000000000001123;0;0;0;0;0
17;29,9;-0,0000000000000001123;0;0;0;0;0
17;30;-0,0000000000000001123;0;0;0;0;0
17;30,1;-0,0000000000000001123;0;0;0;0;0
17;30,2;-0,0000000000000001123;0;0;0;0;0
17;30,3;-0,0000000000000001123;0;0;0;0;0
17;30,4;-0,0000000000000001123;0;0;0;0;0
17;30,5;-0,0000000000000001123;0;0;0;0;0
17;30,6;-0,0000000000000001123;0;0;0;0;0
17;30,7;-0,0000000000000001123;0;0;0;0;0
17;30,8;-0,0000000000000001123;0;0;0;0;0
17;30,9;-0,0000000000000001123;0;0;0;0;0
17;31;-0,0000000000000001123;0;0;0;0;0
17;31,1;-0,0000000000000001123;0;0;0;0;0
17;31,2;-0,0000000000000001123;0;0;0;0;0
17;31,3;-0,0000000000000001123;0;0;0;0;0
17;31,4;-0,0000000000000001123;0;0;0;0;0
17;31,5;-0,0000000000000001123;0;0;0;0;0
17;31,6;-0,0000000000000001123;0;0;0;0;0
17;31,7;-0,0000000000000001123;0;0;0;0;0
17;31,8;-0,0000000000000001123;0;0;0;0;0
17;31,9;-0,0000000000000001123;0;0;0;0;0
17;32;-0,0000000000000001123;0;0;0;0;0
17;32,1;-0,0000000000000001123;0;0;0;0;0
17;32,2;-0,0000000000000001123;0;0;0;0;0
17;32,3;-0,0000000000000001123;0;0;0;0;0
17;32,4;-0,0000000000000001123;0;0;0;0;0
17;32,5;-0,0000000000000001123;0;0;0;0;0
17;32,6;-0,0000000000000001123;0;0;0;0;0
17;32,7;-0,0000000000000001123;0;0;0;0;0
17;32,8;-0,0000000000000001123;0;0;0;0;0
17;32,9;-0,0000000000000001123;0;0;0;0;0
17;33;-0,0000000000000001123;0;0;0;0;0
17;33,1;-0,0000000000000001123;0;0;0;0;0
17;33,2;-0,0000000000000001123;0;0;0;0;0
17;33,3;-0,0000000000000001123;0;0;0;0;0
17;33,4;-0,0000000000000001123;0;0;0;0;0
17;33,5;-0,0000000000000001123;0;0;0;0;0
17;33,6;-0,0000000000000001123;0;0;0;0;0
17;33,7;-0,0000000000000001123;0;0;0;0;0
17;33,8;-0,0000000000000001123;0;0;0;0;0
17;33,9;-0,0000000000000001123;0;0;0;0;0
17;34;-0,0000000000000001123;0;0;0;0;0
17;34,1;-0,0000000000000001123;0;0;0;0;0
17;34,2;-0,0000000000000001123;0;0;0;0;0
17;34,3;-0,0000000000000001123;0;0;0;0;0
17;34,4;-0,0000000000000001123;0;0;0;0;0
17;34,5;-0,0000000000000001123;0;0;0;0;0
17;34,6;-0,0000000000000001123;0;0;0;0;0
17;34,7;-0,0000000000000001123;0;0;0;0;0
17;34,8;-0,0000000000000001123;0;0;0;0;0
17;34,9;-0,0000000000000001123;0;0;0;0;0
17;35;-0,0000000000000001123;0;0;0;0;0
17;35,1;-0,0000000000000001123;0;0;0;0;0
17;35,2;-0,0000000000000001123;0;0;0;0;0
17;35,3;-0,0000000000000001123;0;0;0;0;0
17;35,4;-0,0000000000000001123;0;0;0;0;0
17;35,5;-0,0000000000000001123;0;0;0;0;0
17;35,6;-0,0000000000000001123;0;0;0;0;0
17;35,7;-0,0000000000000001123;0;0;0;0;0
17;35,8;-0,0000000000000001123;0;0;0;0;0
17;35,9;-0,0000000000000001123;0;0;0;0;0
17;36;-0,0000000000000001123;0;0;0;0;0
17;36,1;-0,0000000000000001123;0;0;0;0;0
17;36,2;-0,0000000000000001123;0;0;0;0;0
17;36,3;-0,0000000000000001123;0;0;0;0;0
17;36,4;-0,0000000000000001123;0;0;0;0;0
17;36,5;-0,0000000000000001123;0;0;0;0;0
17;36,6;-0,0000000000000001123;0;0;0;0;0
17;36,7;-0,0000000000000001123;0;0;0;0;0
17;36,8;-0,0000000000000001123;0;0;0;0;0
17;36,9;-0,0000000000000001123;0;0;0;0;0
17;37;-0,0000000000000001123;0;0;0;0;0
17;37,1;-0,0000000000000001123;0;0;0;0;0
17;37,2;-0,0000000000000001123;0;0;0;0;0
17;37,3;-0,0000000000000001123;0;0;0;0;0
17;37,4;-0,0000000000000001123;0;0;0;0;0
17;37,5;-0,0000000000000001123;0;0;0;0;0
17;37,6;-0,0000000000000001123;0;0;0;0;0
17;37,7;-0,0000000000000001123;0;0;0;0;0
17;37,8;-0,0000000000000001123;0;0;0;0;0
17;37,9;-0,0000000000000001123;0;0;0;0;0
17;38;-0,0000000000000001123;0;0;0;0;0
17;38,1;-0,0000000000000001123;0;0;0;0;0
17;38,2;-0,0000000000000001123;0;0;0;0;0
17;38,3;-0,0000000000000001123;0;0;0;0;0
17;38,4;-0,0000000000000001123;0;0;0;0;0
17;38,5;-0,0000000000000001123;0;0;0;0;0
17;38,6;-0,0000000000000001123;0;0;0;0;0
17;38,7;-0,0000000000000001123;0;0;0;0;0
17;38,8;-0,0000000000000001123;0;0;0;0;0
17;38,9;-0,0000000000000001123;0;0;0;0;0
17;39;-0,0000000000000001123;0;0;0;0;0
17;39,1;-0,0000000000000001123;0;0;0;0;0
17;39,2;-0,0000000000000001123;0;0;0;0;0
17;39,3;-0,0000000000000001123;0;0;0;0;0
17;39,4;-0,0000000000000001123;0;0;0;0;0
17;39,5;-0,0000000000000001123;0;0;0;0;0
17;39,6;-0,0000000000000001123;0;0;0;0;0
17;39,7;-0,0000000000000001123;0;0;0;0;0
17;39,8;-0,0000000000000001123;0;0;0;0;0
17;39,9;-0,0000000000000001123;0;0;0;0;0
17;40;-0,0000000000000001123;0;0;0;0;0
18;0;0;0;0;0;0;0
18;0,1;-0,0057;-0,0848;-0,002;0,0000176;-0,013;0,565
18;0,2;-0,0064;-0,1313;-0,0022;0,00002334;-0,015;0,875
18;0,3;0,0033;-0,0205;0,0011;-0,000003083;0,007286;0,137
18;0,4;-0,0009843;0,136;-0,000231;-0,00001238;-0,001537;-0,906
18;0,5;-0,0004176;-0,1918;-0,0002743;0,00002024;-0,001827;1,279
18;0,6;0,0008541;0,1852;0,0004155;-0,00002019;0,002768;-1,235
18;0,7;-0,0005397;-0,1303;-0,0002738;0,00001403;-0,001824;0,869
18;0,8;-0,00018;0,0514;-0,00001896;-0,000004778;-0,0001259;-0,342
18;0,9;0,0009408;0,0257;0,0003238;-0,000004337;0,002156;-0,171
18;1;-0,0015;-0,0806;-0,0005314;0,00001079;-0,003539;0,537
18;1,1;0,0016;0,1029;0,0005845;-0,00001326;0,003893;-0,686
18;1,2;-0,0013;-0,0929;-0,0004821;0,00001179;-0,00321;0,619
18;1,3;0,000727;0,0594;0,000268;-0,000007469;0,001784;-0,396
18;1,4;-0,00004853;-0,016;-0,000009985;0,000001941;-0,00006642;0,107
18;1,5;-0,000563;-0,0239;-0,0002233;0,000003128;-0,001487;0,159
18;1,6;0,0009764;0,0504;0,0003812;-0,000006509;0,002539;-0,336
18;1,7;-0,0011;-0,0588;-0,0004416;0,000007652;-0,002941;0,392
18;1,8;0,0011;0,0505;0,0004112;-0,000006704;0,002739;-0,337
18;1,9;-0,0008127;-0,0308;-0,0003186;0,000004333;-0,002122;0,206
18;2;0,000509;0,0071;0,0002025;-0,000001453;0,001349;-0,048
18;2,1;-0,0002399;0,0136;-0,00009975;-0,000001066;-0,0006644;-0,091
18;2,2;0,00007196;-0,0264;0,00003583;0,000002624;0,0002387;0,176
18;2,3;-0,00003095;0,0296;-0,00002056;-0,000002991;-0,000137;-0,197
18;2,4;0,0001028;-0,0241;0,00004851;0,000002303;0,0003231;0,161
18;2,5;-0,0002454;0,0132;-0,0001035;-0,0000009492;-0,0006894;-0,088
18;2,6;0,0004054;-0,0008989;0,0001651;-0,000000577;0,001099;0,005992
18;2,7;-0,0005347;-0,0093;-0,0002148;0,000001833;-0,00143;0,062
18;2,8;0,0006024;0,015;0,0002407;-0,000002532;0,001603;-0,1
18;2,9;-0,0005997;-0,0156;-0,0002395;0,000002591;-0,001595;0,104
18;3;0,0005381;0,0118;0,0002156;-0,000002115;0,001436;-0,079
18;3,1;-0,0004424;-0,0056;-0,0001785;0,000001328;-0,001189;0,037
18;3,2;0,0003415;-0,0009934;0,0001394;-0,0000004955;0,0009282;0,006622
18;3,3;-0,0002602;0,0061;-0,0001077;-0,0000001576;-0,0007175;-0,041
18;3,4;0,0002132;-0,0087;0,00008922;0,0000004971;0,0005942;0,058
18;3,5;-0,0002033;0,0085;-0,00008493;-0,0000004982;-0,0005656;-0,057
18;3,6;0,0002229;-0,0062;0,00009194;0,000000231;0,0006123;0,041
18;3,7;-0,000258;0,0027;-0,0001049;0,0000001768;-0,0006989;-0,018
18;3,8;0,0002934;0,0007267;0,000118;-0,0000005849;0,0007862;-0,004845
18;3,9;-0,0003168;-0,0033;-0,0001265;0,0000008803;-0,0008428;0,022
18;4;0,0003214;0,0044;0,0001279;-0,000001002;0,0008517;-0,029
18;4,1;-0,000307;-0,0041;-0,0001219;0,0000009469;-0,0008121;0,028
18;4,2;0,0002786;0,0028;0,0001106;-0,0000007599;0,0007367;-0,018
18;4,3;-0,0002437;-0,000905;-0,00009688;0,0000005123;-0,0006452;0,006034
18;4,4;0,0002106;-0,0008574;0,00008383;-0,0000002778;0,0005583;0,005716
18;4,5;-0,0001853;0,0021;-0,00007382;0,0000001124;-0,0004916;-0,014
18;4,6;0,0001708;-0,0025;0,00006796;-0,00000004301;0,0004526;0,017
18;4,7;-0,0001667;0,0022;-0,0000661;0,00000006594;-0,0004402;-0,015
18;4,8;0,0001699;-0,0014;0,00006708;-0,0000001537;0,0004468;0,009223
18;4,9;-0,0001761;0,0003616;-0,00006926;0,000000267;-0,0004612;-0,002411
18;5;0,0001812;0,0005516;0,000071;-0,0000003676;0,0004729;-0,003678
18;5,1;-0,0001821;-0,0011;-0,00007118;0,0000004279;-0,000474;0,007567
18;5,2;0,0001776;0,0013;0,00006929;-0,0000004368;0,0004615;-0,008649
18;5,3;-0,0001683;-0,0011;-0,00006554;0,0000003989;-0,0004365;0,007181
18;5,4;0,0001558;0,0006068;0,00006061;-0,0000003305;0,0004036;-0,004045
18;5,5;-0,0001426;-0,00005953;-0,00005539;0,0000002531;-0,0003688;0,000397
18;5,6;0,0001307;-0,0004045;0,00005069;-0,0000001863;0,0003376;0,002697
18;5,7;-0,0001216;0,0006786;-0,00004708;0,0000001435;-0,0003135;-0,004524
18;5,8;0,0001158;-0,000727;0,00004472;-0,0000001288;0,0002978;0,004847
18;5,9;-0,0001128;0,000581;-0,00004346;0,0000001386;-0,0002894;-0,003873
18;6;0,0001116;-0,0003175;0,00004289;-0,0000001632;0,0002856;0,002116
18;6,1;-0,000111;0,00002955;-0,00004252;0,0000001911;-0,0002832;-0,0001969
18;6,2;0,0001097;0,0002013;0,00004193;-0,0000002122;0,0002792;-0,001342
18;6,3;-0,0001072;-0,0003245;-0,00004085;0,0000002203;-0,0002721;0,002164
18;6,4;0,0001032;0,0003283;0,00003923;-0,0000002139;0,0002612;-0,002189
18;6,5;-0,00009807;-0,0002348;-0,00003716;0,0000001957;-0,0002475;0,001565
18;6,6;0,00009238;0,00008786;0,00003488;-0,0000001712;0,0002323;-0,0005858
18;6,7;-0,0000868;0,00006287;-0,00003265;0,0000001464;-0,0002174;-0,000419
18;6,8;0,00008186;-0,0001763;0,00003066;-0,0000001265;0,0002042;0,001175
18;6,9;-0,00007788;0,0002293;-0,00002905;0,0000001143;-0,0001934;-0,001528
18;7;0,00007488;-0,000219;0,00002782;-0,0000001101;0,0001852;0,00146
18;7,1;-0,00007267;0,0001602;-0,00002689;0,0000001122;-0,0001791;-0,001068
18;7,2;0,00007091;-0,00007752;0,00002614;-0,0000001174;0,000174;0,0005167
18;7,3;-0,00006924;-0,000002745;-0,00002542;0,0000001225;-0,0001693;0,00001839
18;7,4;0,00006737;0,00006009;0,00002463;-0,000000125;0,000164;-0,0004007
18;7,5;-0,00006515;-0,00008405;-0,00002372;0,0000001235;-0,0001579;0,0005604
18;7,6;0,00006261;0,00007506;0,00002267;-0,0000001182;0,000151;-0,0005005
18;7,7;-0,00005984;-0,00004224;-0,00002155;0,0000001101;-0,0001435;0,0002817
18;7,8;0,00005702;-0,0000007756;0,00002041;-0,0000001009;0,0001359;0,000005091
18;7,9;-0,00005436;0,00004027;-0,00001933;0,00000009227;-0,0001287;-0,0002684
18;8;0,00005196;-0,00006615;0,00001836;-0,00000008551;0,0001223;0,0004409
18;8,1;-0,00004989;0,00007393;-0,00001752;0,00000008115;-0,0001167;-0,0004928
18;8,2;0,00004814;-0,00006482;0,0000168;-0,00000007902;0,0001119;0,000432
18;8,3;-0,00004662;0,00004431;-0,00001617;0,00000007843;-0,0001077;-0,0002953
18;8,4;0,00004522;-0,00001987;0,0000156;-0,00000007847;0,0001038;0,0001324
18;8,5;-0,00004386;-0,000001393;-0,00001503;0,00000007824;-0,0001001;0,000009355
18;8,6;0,00004245;0,00001461;0,00001446;-0,00000007713;0,00009625;-0,00009744
18;8,7;-0,00004098;-0,00001795;-0,00001386;0,00000007493;-0,00009226;0,0001198
18;8,8;0,00003945;0,00001259;0,00001324;-0,00000007176;0,00008814;-0,00008397
18;8,9;-0,00003791;-0,000001738;-0,00001261;0,00000006801;-0,00008399;0,00001166
18;9;0,00003641;-0,00001053;0,00001201;-0,00000006419;0,00007996;0,00007015
18;9,1;-0,000035;0,00002059;-0,00001144;0,00000006075;-0,00007616;-0,0001372
18;9,2;0,0000337;-0,00002608;0,00001091;-0,00000005795;0,00007265;0,0001738
18;9,3;-0,00003252;0,00002636;-0,00001043;0,0000000559;-0,00006947;-0,0001757
18;9,4;0,00003145;-0,00002226;0,00001;-0,00000005446;0,00006658;0,0001484
18;9,5;-0,00003046;0,00001566;-0,000009597;0,00000005342;-0,0000639;-0,0001043
18;9,6;0,00002952;-0,000008709;0,000009215;-0,00000005249;0,00006135;0,000058
18;9,7;-0,0000286;0,000003257;-0,000008842;0,00000005145;-0,00005887;-0,00002165
18;9,8;0,00002769;-0,0000003914;0,000008473;-0,00000005017;0,00005641;0,00000255
18;9,9;-0,00002677;0,0000003045;-0,000008106;0,0000000486;-0,00005397;-0,000001971
18;10;0,00002587;-0,000002414;0,000007743;-0,00000004683;0,00005155;0,00001603
18;10,1;-0,00002499;0,000005667;-0,000007389;0,00000004498;-0,00004919;-0,00003772
18;10,2;0,00002414;-0,000008913;0,000007049;-0,00000004319;0,00004692;0,00005937
18;10,3;-0,00002334;0,00001123;-0,000006727;0,00000004157;-0,00004478;-0,0000748
18;10,4;0,00002259;-0,00001212;0,000006426;-0,00000004019;0,00004277;0,00008073
18;10,5;-0,00002189;0,00001156;-0,000006144;0,00000003903;-0,0000409;-0,00007702
18;10,6;0,00002123;-0,00000993;0,000005881;-0,00000003805;0,00003914;0,00006615
18;10,7;-0,00002061;0,000007811;-0,000005631;0,00000003719;-0,00003748;-0,00005202
18;10,8;0,00002001;-0,000005809;0,000005392;-0,00000003635;0,00003589;0,00003868
18;10,9;-0,00001943;0,000004382;-0,00000516;0,00000003549;-0,00003434;-0,00002916
18;11;0,00001886;-0,000003748;0,000004934;-0,00000003457;0,00003284;0,00002493
18;11,1;-0,00001831;0,000003873;-0,000004714;0,0000000336;-0,00003138;-0,00002577
18;11,2;0,00001777;-0,000004531;0,000004501;-0,0000000326;0,00002995;0,00003016
18;11,3;-0,00001725;0,000005399;-0,000004295;0,00000003161;-0,00002858;-0,00003594
18;11,4;0,00001675;-0,000006161;0,000004098;-0,00000003067;0,00002727;0,00004103
18;11,5;-0,00001628;0,000006596;-0,000003911;0,00000002981;-0,00002603;-0,00004392
18;11,6;0,00001583;-0,000006611;0,000003735;-0,00000002903;0,00002485;0,00004402
18;11,7;-0,00001541;0,000006245;-0,000003567;0,00000002832;-0,00002374;-0,00004159
18;11,8;0,000015;-0,000005635;0,000003408;-0,00000002768;0,00002268;0,00003752
18;11,9;-0,00001462;0,000004954;-0,000003256;0,00000002708;-0,00002167;-0,00003298
18;12;0,00001424;-0,000004365;0,000003111;-0,00000002649;0,0000207;0,00002905
18;12,1;-0,00001389;0,000003975;-0,00000297;0,0000000259;-0,00001976;-0,00002645
18;12,2;0,00001354;-0,000003819;0,000002835;-0,00000002531;0,00001886;0,00002541
18;12,3;-0,0000132;0,000003864;-0,000002704;0,00000002472;-0,00001799;-0,00002571
18;12,4;0,00001288;-0,000004032;0,000002578;-0,00000002414;0,00001715;0,00002683
18;12,5;-0,00001256;0,000004227;-0,000002457;0,00000002358;-0,00001634;-0,00002813
18;12,6;0,00001227;-0,000004367;0,000002342;-0,00000002304;0,00001558;0,00002907
18;12,7;-0,00001198;0,000004401;-0,000002232;0,00000002254;-0,00001484;-0,00002929
18;12,8;0,00001171;-0,000004317;0,000002127;-0,00000002207;0,00001415;0,00002874
18;12,9;-0,00001145;0,000004138;-0,000002027;0,00000002163;-0,00001348;-0,00002754
18;13;0,0000112;-0,000003909;0,000001932;-0,00000002122;0,00001285;0,00002601
18;13,1;-0,00001096;0,000003679;-0,000001841;0,00000002082;-0,00001224;-0,00002448
18;13,2;0,00001073;-0,00000349;0,000001753;-0,00000002044;0,00001166;0,00002322
18;13,3;-0,0000105;0,000003365;-0,000001669;0,00000002006;-0,0000111;-0,00002239
18;13,4;0,00001029;-0,000003307;0,000001589;-0,00000001969;0,00001056;0,000022
18;13,5;-0,00001008;0,0000033;-0,000001511;0,00000001932;-0,00001004;-0,00002195
18;13,6;0,000009884;-0,000003319;0,000001436;-0,00000001897;0,000009547;0,00002209
18;13,7;-0,000009692;0,000003339;-0,000001365;0,00000001863;-0,000009072;-0,00002221
18;13,8;0,000009508;-0,000003337;0,000001297;-0,00000001831;0,000008618;0,0000222
18;13,9;-0,000009332;0,000003303;-0,000001232;0,000000018;-0,000008185;-0,00002198
18;14;0,000009163;-0,000003238;0,00000117;-0,00000001771;0,000007771;0,00002154
18;14,1;-0,000009001;0,000003151;-0,00000111;0,00000001743;-0,000007375;-0,00002097
18;14,2;0,000008845;-0,000003056;0,000001054;-0,00000001717;0,000006997;0,00002033
18;14,3;-0,000008695;0,000002967;-0,0000009992;0,00000001691;-0,000006635;-0,00001974
18;14,4;0,00000855;-0,000002893;0,0000009471;-0,00000001666;0,000006288;0,00001924
18;14,5;-0,000008411;0,00000284;-0,0000008971;0,00000001642;-0,000005955;-0,00001889
18;14,6;0,000008277;-0,000002805;0,0000008492;-0,00000001619;0,000005636;0,00001866
18;14,7;-0,000008147;0,000002783;-0,0000008032;0,00000001596;-0,00000533;-0,00001851
18;14,8;0,000008023;-0,000002767;0,0000007592;-0,00000001574;0,000005037;0,00001841
18;14,9;-0,000007903;0,000002749;-0,000000717;0,00000001553;-0,000004756;-0,00001829
18;15;0,000007787;-0,000002725;0,0000006768;-0,00000001532;0,000004488;0,00001813
18;15,1;-0,000007676;0,000002692;-0,0000006383;0,00000001513;-0,000004231;-0,0000179
18;15,2;0,000007569;-0,000002651;0,0000006014;-0,00000001494;0,000003986;0,00001763
18;15,3;-0,000007466;0,000002606;-0,0000005662;0,00000001476;-0,000003752;-0,00001733
18;15,4;0,000007366;-0,000002561;0,0000005325;-0,00000001459;0,000003528;0,00001703
18;15,5;-0,000007271;0,00000252;-0,0000005003;0,00000001442;-0,000003313;-0,00001676
18;15,6;0,000007178;-0,000002484;0,0000004694;-0,00000001426;0,000003107;0,00001652
18;15,7;-0,000007089;0,000002454;-0,0000004398;0,0000000141;-0,00000291;-0,00001632
18;15,8;0,000007003;-0,00000243;0,0000004115;-0,00000001395;0,000002722;0,00001616
18;15,9;-0,000006919;0,00000241;-0,0000003844;0,0000000138;-0,000002541;-0,00001602
18;16;0,000006839;-0,00000239;0,0000003584;-0,00000001366;0,000002368;0,0000159
18;16,1;-0,000006762;0,00000237;-0,0000003336;0,00000001352;-0,000002203;-0,00001576
18;16,2;0,000006687;-0,000002349;0,0000003098;-0,00000001338;0,000002045;0,00001562
18;16,3;-0,000006614;0,000002325;-0,0000002871;0,00000001326;-0,000001894;-0,00001546
18;16,4;0,000006545;-0,0000023;0,0000002654;-0,00000001313;0,000001749;0,00001529
18;16,5;-0,000006477;0,000002274;-0,0000002447;0,00000001301;-0,000001611;-0,00001512
18;16,6;0,000006412;-0,000002249;0,0000002248;-0,00000001289;0,000001479;0,00001496
18;16,7;-0,000006349;0,000002226;-0,0000002058;0,00000001278;-0,000001352;-0,0000148
18;16,8;0,000006288;-0,000002205;0,0000001876;-0,00000001267;0,000001231;0,00001466
18;16,9;-0,000006229;0,000002186;-0,0000001702;0,00000001256;-0,000001115;-0,00001454
18;17;0,000006171;-0,000002169;0,0000001536;-0,00000001246;0,000001005;0,00001442
18;17,1;-0,000006116;0,000002153;-0,0000001377;0,00000001236;-0,0000008987;-0,00001431
18;17,2;0,000006062;-0,000002137;0,0000001225;-0,00000001226;0,0000007974;0,00001421
18;17,3;-0,00000601;0,000002121;-0,0000001079;0,00000001217;-0,0000007006;-0,0000141
18;17,4;0,00000596;-0,000002105;0,00000009402;-0,00000001208;0,000000608;0,00001399
18;17,5;-0,000005911;0,000002088;-0,00000008073;0,00000001199;-0,0000005196;-0,00001389
18;17,6;0,000005863;-0,000002072;0,00000006803;-0,0000000119;0,000000435;0,00001378
18;17,7;-0,000005817;0,000002056;-0,0000000559;0,00000001182;-0,0000003543;-0,00001367
18;17,8;0,000005773;-0,00000204;0,0000000443;-0,00000001173;0,0000002771;0,00001356
18;17,9;-0,000005729;0,000002025;-0,00000003321;0,00000001165;-0,0000002033;-0,00001346
18;18;0,000005687;-0,000002011;0,00000002262;-0,00000001158;0,0000001328;0,00001337
18;18,1;-0,000005646;0,000001998;-0,00000001249;0,0000000115;-0,00000006541;-0,00001328
18;18,2;0,000005607;-0,000001985;0,000000002819;-0,00000001143;0,000000001041;0,0000132
18;18,3;-0,000005568;0,000001973;0,000000006421;0,00000001136;0,00000006045;-0,00001311
18;18,4;0,00000553;-0,000001961;-0,00000001525;-0,00000001129;-0,0000001192;0,00001303
18;18,5;-0,000005494;0,000001949;0,00000002367;0,00000001122;0,0000001752;-0,00001295
18;18,6;0,000005458;-0,000001937;-0,00000003172;-0,00000001115;-0,0000002288;0,00001288
18;18,7;-0,000005423;0,000001925;0,0000000394;0,00000001109;0,0000002799;-0,0000128
18;18,8;0,000005389;-0,000001913;-0,00000004672;-0,00000001102;-0,0000003286;0,00001272
18;18,9;-0,000005356;0,000001902;0,00000005372;0,00000001096;0,0000003752;-0,00001264
18;19;0,000005324;-0,000001891;-0,00000006039;-0,0000000109;-0,0000004196;0,00001257
18;19,1;-0,000005293;0,00000188;0,00000006676;0,00000001084;0,0000004619;-0,0000125
18;19,2;0,000005262;-0,00000187;-0,00000007284;-0,00000001078;-0,0000005023;0,00001243
18;19,3;-0,000005232;0,00000186;0,00000007864;0,00000001072;0,0000005409;-0,00001237
18;19,4;0,000005203;-0,00000185;-0,00000008416;-0,00000001067;-0,0000005776;0,0000123
18;19,5;-0,000005175;0,000001841;0,00000008943;0,00000001061;0,0000006127;-0,00001224
18;19,6;0,000005147;-0,000001832;-0,00000009445;-0,00000001056;-0,0000006461;0,00001218
18;19,7;-0,00000512;0,000001823;0,00000009924;0,00000001051;0,0000006779;-0,00001212
18;19,8;0,000005093;-0,000001814;-0,0000001038;-0,00000001046;-0,0000007082;0,00001206
18;19,9;-0,000005067;0,000001805;0,0000001081;0,00000001041;0,0000007371;-0,000012
18;20;0,000005041;-0,000001796;-0,0000001123;-0,00000001036;-0,0000007645;0,00001194
18;20,1;-0,000005016;0,000001787;0,0000001162;0,00000001031;0,0000007907;-0,00001188
18;20,2;0,000004992;-0,000001779;-0,0000001199;-0,00000001026;-0,0000008156;0,00001182
18;20,3;-0,000004968;0,000001771;0,0000001235;0,00000001022;0,0000008393;-0,00001177
18;20,4;0,000004944;-0,000001763;-0,0000001269;-0,00000001017;-0,0000008618;0,00001172
18;20,5;-0,000004921;0,000001755;0,0000001301;0,00000001013;0,0000008832;-0,00001166
18;20,6;0,000004899;-0,000001747;-0,0000001332;-0,00000001008;-0,0000009035;0,00001161
18;20,7;-0,000004876;0,00000174;0,0000001361;0,00000001004;0,0000009228;-0,00001156
18;20,8;0,000004855;-0,000001732;-0,0000001388;-0,000000009995;-0,0000009412;0,00001151
18;20,9;-0,000004833;0,000001725;0,0000001415;0,000000009952;0,0000009586;-0,00001146
18;21;0,000004812;-0,000001718;-0,000000144;-0,00000000991;-0,0000009751;0,00001142
18;21,1;-0,000004791;0,00000171;0,0000001463;0,000000009869;0,0000009907;-0,00001137
18;21,2;0,000004771;-0,000001703;-0,0000001485;-0,000000009829;-0,000001006;0,00001132
18;21,3;-0,000004751;0,000001696;0,0000001507;0,000000009789;0,00000102;-0,00001128
18;21,4;0,000004731;-0,00000169;-0,0000001527;-0,00000000975;-0,000001033;0,00001123
18;21,5;-0,000004712;0,000001683;0,0000001546;0,000000009712;0,000001045;-0,00001119
18;21,6;0,000004692;-0,000001676;-0,0000001564;-0,000000009673;-0,000001057;0,00001114
18;21,7;-0,000004674;0,00000167;0,000000158;0,000000009635;0,000001069;-0,0000111
18;21,8;0,000004655;-0,000001663;-0,0000001596;-0,000000009598;-0,000001079;0,00001106
18;21,9;-0,000004637;0,000001657;0,0000001611;0,000000009561;0,000001089;-0,00001101
18;22;0,000004619;-0,000001651;-0,0000001626;-0,000000009525;-0,000001099;0,00001097
18;22,1;-0,000004601;0,000001644;0,0000001639;0,000000009489;0,000001107;-0,00001093
18;22,2;0,000004583;-0,000001638;-0,0000001652;-0,000000009453;-0,000001116;0,00001089
18;22,3;-0,000004566;0,000001632;0,0000001663;0,000000009418;0,000001124;-0,00001085
18;22,4;0,000004549;-0,000001626;-0,0000001675;-0,000000009383;-0,000001131;0,00001081
18;22,5;-0,000004532;0,00000162;0,0000001685;0,000000009349;0,000001138;-0,00001077
18;22,6;0,000004515;-0,000001615;-0,0000001695;-0,000000009315;-0,000001144;0,00001073
18;22,7;-0,000004499;0,000001609;0,0000001704;0,000000009282;0,00000115;-0,00001069
18;22,8;0,000004482;-0,000001603;-0,0000001712;-0,000000009248;-0,000001156;0,00001066
18;22,9;-0,000004466;0,000001597;0,000000172;0,000000009215;0,000001161;-0,00001062
18;23;0,00000445;-0,000001592;-0,0000001727;-0,000000009182;-0,000001166;0,00001058
18;23,1;-0,000004434;0,000001586;0,0000001734;0,00000000915;0,00000117;-0,00001054
18;23,2;0,000004419;-0,000001581;-0,0000001741;-0,000000009118;-0,000001174;0,00001051
18;23,3;-0,000004403;0,000001575;0,0000001746;0,000000009086;0,000001178;-0,00001047
18;23,4;0,000004388;-0,00000157;-0,0000001752;-0,000000009055;-0,000001182;0,00001044
18;23,5;-0,000004373;0,000001565;0,0000001757;0,000000009024;0,000001185;-0,0000104
18;23,6;0,000004358;-0,000001559;-0,0000001761;-0,000000008993;-0,000001188;0,00001037
18;23,7;-0,000004343;0,000001554;0,0000001765;0,000000008962;0,000001191;-0,00001033
18;23,8;0,000004328;-0,000001549;-0,0000001769;-0,000000008932;-0,000001193;0,0000103
18;23,9;-0,000004313;0,000001544;0,0000001772;0,000000008902;0,000001195;-0,00001026
18;24;0,000004299;-0,000001539;-0,0000001775;-0,000000008872;-0,000001197;0,00001023
18;24,1;-0,000004285;0,000001534;0,0000001777;0,000000008842;0,000001199;-0,00001019
18;24,2;0,00000427;-0,000001529;-0,000000178;-0,000000008812;-0,0000012;0,00001016
18;24,3;-0,000004256;0,000001524;0,0000001782;0,000000008783;0,000001201;-0,00001013
18;24,4;0,000004242;-0,000001519;-0,0000001783;-0,000000008754;-0,000001202;0,00001009
18;24,5;-0,000004228;0,000001514;0,0000001785;0,000000008725;0,000001203;-0,00001006
18;24,6;0,000004214;-0,000001509;-0,0000001786;-0,000000008696;-0,000001204;0,00001003
18;24,7;-0,000004201;0,000001504;0,0000001786;0,000000008668;0,000001204;-0,000009997
18;24,8;0,000004187;-0,000001499;-0,0000001787;-0,00000000864;-0,000001205;0,000009965
18;24,9;-0,000004174;0,000001494;0,0000001787;0,000000008611;0,000001205;-0,000009933
18;25;0,00000416;-0,00000149;-0,0000001787;-0,000000008583;-0,000001205;0,000009902
18;25,1;-0,000004147;0,000001485;0,0000001787;0,000000008556;0,000001205;-0,00000987
18;25,2;0,000004134;-0,00000148;-0,0000001787;-0,000000008528;-0,000001205;0,000009839
18;25,3;-0,000004121;0,000001476;0,0000001786;0,0000000085;0,000001204;-0,000009808
18;25,4;0,000004107;-0,000001471;-0,0000001786;-0,000000008473;-0,000001204;0,000009777
18;25,5;-0,000004094;0,000001466;0,0000001785;0,000000008446;0,000001203;-0,000009747
18;25,6;0,000004082;-0,000001462;-0,0000001784;-0,000000008419;-0,000001202;0,000009716
18;25,7;-0,000004069;0,000001457;0,0000001783;0,000000008392;0,000001201;-0,000009686
18;25,8;0,000004056;-0,000001453;-0,0000001781;-0,000000008365;-0,0000012;0,000009656
18;25,9;-0,000004043;0,000001448;0,000000178;0,000000008339;0,000001199;-0,000009626
18;26;0,000004031;-0,000001444;-0,0000001778;-0,000000008312;-0,000001198;0,000009596
18;26,1;-0,000004018;0,000001439;0,0000001776;0,000000008286;0,000001197;-0,000009567
18;26,2;0,000004006;-0,000001435;-0,0000001774;-0,00000000826;-0,000001196;0,000009537
18;26,3;-0,000003993;0,000001431;0,0000001772;0,000000008234;0,000001194;-0,000009508
18;26,4;0,000003981;-0,000001426;-0,000000177;-0,000000008208;-0,000001193;0,000009479
18;26,5;-0,000003969;0,000001422;0,0000001768;0,000000008182;0,000001191;-0,00000945
18;26,6;0,000003957;-0,000001417;-0,0000001765;-0,000000008157;-0,000001189;0,000009421
18;26,7;-0,000003945;0,000001413;0,0000001763;0,000000008131;0,000001188;-0,000009392
18;26,8;0,000003933;-0,000001409;-0,000000176;-0,000000008106;-0,000001186;0,000009364
18;26,9;-0,000003921;0,000001405;0,0000001757;0,000000008081;0,000001184;-0,000009335
18;27;0,000003909;-0,0000014;-0,0000001755;-0,000000008056;-0,000001182;0,000009307
18;27,1;-0,000003897;0,000001396;0,0000001752;0,000000008031;0,00000118;-0,000009279
18;27,2;0,000003885;-0,000001392;-0,0000001749;-0,000000008006;-0,000001178;0,000009251
18;27,3;-0,000003873;0,000001388;0,0000001746;0,000000007981;0,000001176;-0,000009223
18;27,4;0,000003861;-0,000001383;-0,0000001743;-0,000000007956;-0,000001174;0,000009195
18;27,5;-0,00000385;0,000001379;0,0000001739;0,000000007931;0,000001172;-0,000009168
18;27,6;0,000003838;-0,000001375;-0,0000001736;-0,000000007907;-0,00000117;0,00000914
18;27,7;-0,000003827;0,000001371;0,0000001733;0,000000007883;0,000001167;-0,000009113
18;27,8;0,000003815;-0,000001367;-0,000000173;-0,000000007858;-0,000001165;0,000009085
18;27,9;-0,000003804;0,000001363;0,0000001726;0,000000007834;0,000001163;-0,000009058
18;28;0,000003792;-0,000001359;-0,0000001723;-0,00000000781;-0,000001161;0,000009031
18;28,1;-0,000003781;0,000001355;0,0000001719;0,000000007786;0,000001158;-0,000009004
18;28,2;0,00000377;-0,000001351;-0,0000001716;-0,000000007762;-0,000001156;0,000008977
18;28,3;-0,000003758;0,000001347;0,0000001712;0,000000007738;0,000001153;-0,00000895
18;28,4;0,000003747;-0,000001343;-0,0000001708;-0,000000007715;-0,000001151;0,000008924
18;28,5;-0,000003736;0,000001339;0,0000001705;0,000000007691;0,000001148;-0,000008897
18;28,6;0,000003725;-0,000001335;-0,0000001701;-0,000000007667;-0,000001146;0,000008871
18;28,7;-0,000003714;0,000001331;0,0000001697;0,000000007644;0,000001143;-0,000008844
18;28,8;0,000003703;-0,000001327;-0,0000001693;-0,00000000762;-0,000001141;0,000008818
18;28,9;-0,000003692;0,000001323;0,000000169;0,000000007597;0,000001138;-0,000008792
18;29;0,000003681;-0,000001319;-0,0000001686;-0,000000007574;-0,000001136;0,000008766
18;29,1;-0,00000367;0,000001315;0,0000001682;0,000000007551;0,000001133;-0,00000874
18;29,2;0,000003659;-0,000001311;-0,0000001678;-0,000000007528;-0,00000113;0,000008714
18;29,3;-0,000003648;0,000001307;0,0000001674;0,000000007505;0,000001128;-0,000008689
18;29,4;0,000003637;-0,000001303;-0,000000167;-0,000000007482;-0,000001125;0,000008663
18;29,5;-0,000003626;0,0000013;0,0000001666;0,000000007459;0,000001122;-0,000008637
18;29,6;0,000003616;-0,000001296;-0,0000001662;-0,000000007436;-0,00000112;0,000008612
18;29,7;-0,000003605;0,000001292;0,0000001658;0,000000007414;0,000001117;-0,000008586
18;29,8;0,000003594;-0,000001288;-0,0000001654;-0,000000007391;-0,000001114;0,000008561
18;29,9;-0,000003584;0,000001284;0,000000165;0,000000007368;0,000001111;-0,000008536
18;30;0,000003573;-0,000001281;-0,0000001646;-0,000000007346;-0,000001109;0,000008511
18;30,1;-0,000003563;0,000001277;0,0000001642;0,000000007324;0,000001106;-0,000008486
18;30,2;0,000003552;-0,000001273;-0,0000001638;-0,000000007302;-0,000001103;0,000008461
18;30,3;-0,000003542;0,000001269;0,0000001634;0,00000000728;0,0000011;-0,000008436
18;30,4;0,000003531;-0,000001266;-0,000000163;-0,000000007258;-0,000001098;0,000008411
18;30,5;-0,000003521;0,000001262;0,0000001625;0,000000007236;0,000001095;-0,000008386
18;30,6;0,000003511;-0,000001258;-0,0000001621;-0,000000007214;-0,000001092;0,000008362
18;30,7;-0,0000035;0,000001254;0,0000001617;0,000000007192;0,000001089;-0,000008337
18;30,8;0,00000349;-0,000001251;-0,0000001613;-0,00000000717;-0,000001087;0,000008313
18;30,9;-0,00000348;0,000001247;0,0000001609;0,000000007148;0,000001084;-0,000008289
18;31;0,00000347;-0,000001243;-0,0000001605;-0,000000007126;-0,000001081;0,000008264
18;31,1;-0,000003459;0,00000124;0,0000001601;0,000000007105;0,000001078;-0,00000824
18;31,2;0,000003449;-0,000001236;-0,0000001597;-0,000000007083;-0,000001075;0,000008216
18;31,3;-0,000003439;0,000001233;0,0000001592;0,000000007062;0,000001073;-0,000008192
18;31,4;0,000003429;-0,000001229;-0,0000001588;-0,000000007041;-0,00000107;0,000008168
18;31,5;-0,000003419;0,000001225;0,0000001584;0,000000007019;0,000001067;-0,000008144
18;31,6;0,000003409;-0,000001222;-0,000000158;-0,000000006998;-0,000001064;0,00000812
18;31,7;-0,000003399;0,000001218;0,0000001576;0,000000006977;0,000001061;-0,000008096
18;31,8;0,000003389;-0,000001215;-0,0000001572;-0,000000006956;-0,000001058;0,000008073
18;31,9;-0,000003379;0,000001211;0,0000001567;0,000000006935;0,000001056;-0,000008049
18;32;0,000003369;-0,000001208;-0,0000001563;-0,000000006914;-0,000001053;0,000008026
18;32,1;-0,00000336;0,000001204;0,0000001559;0,000000006893;0,00000105;-0,000008002
18;32,2;0,00000335;-0,000001201;-0,0000001555;-0,000000006872;-0,000001047;0,000007979
18;32,3;-0,00000334;0,000001197;0,0000001551;0,000000006851;0,000001044;-0,000007956
18;32,4;0,00000333;-0,000001194;-0,0000001547;-0,000000006831;-0,000001042;0,000007932
18;32,5;-0,00000332;0,00000119;0,0000001542;0,00000000681;0,000001039;-0,000007909
18;32,6;0,000003311;-0,000001187;-0,0000001538;-0,000000006789;-0,000001036;0,000007886
18;32,7;-0,000003301;0,000001183;0,0000001534;0,000000006769;0,000001033;-0,000007863
18;32,8;0,000003292;-0,00000118;-0,000000153;-0,000000006748;-0,00000103;0,00000784
18;32,9;-0,000003282;0,000001176;0,0000001526;0,000000006728;0,000001028;-0,000007817
18;33;0,000003272;-0,000001173;-0,0000001522;-0,000000006708;-0,000001025;0,000007795
18;33,1;-0,000003263;0,000001169;0,0000001518;0,000000006688;0,000001022;-0,000007772
18;33,2;0,000003253;-0,000001166;-0,0000001514;-0,000000006667;-0,000001019;0,000007749
18;33,3;-0,000003244;0,000001163;0,0000001509;0,000000006647;0,000001017;-0,000007727
18;33,4;0,000003234;-0,000001159;-0,0000001505;-0,000000006627;-0,000001014;0,000007704
18;33,5;-0,000003225;0,000001156;0,0000001501;0,000000006607;0,000001011;-0,000007682
18;33,6;0,000003216;-0,000001152;-0,0000001497;-0,000000006587;-0,000001008;0,00000766
18;33,7;-0,000003206;0,000001149;0,0000001493;0,000000006567;0,000001006;-0,000007637
18;33,8;0,000003197;-0,000001146;-0,0000001489;-0,000000006548;-0,000001003;0,000007615
18;33,9;-0,000003188;0,000001142;0,0000001485;0,000000006528;0,000001;-0,000007593
18;34;0,000003178;-0,000001139;-0,0000001481;-0,000000006508;-0,0000009973;0,000007571
18;34,1;-0,000003169;0,000001136;0,0000001477;0,000000006489;0,0000009946;-0,000007549
18;34,2;0,00000316;-0,000001133;-0,0000001473;-0,000000006469;-0,0000009918;0,000007527
18;34,3;-0,000003151;0,000001129;0,0000001469;0,00000000645;0,0000009891;-0,000007505
18;34,4;0,000003142;-0,000001126;-0,0000001465;-0,00000000643;-0,0000009864;0,000007483
18;34,5;-0,000003132;0,000001123;0,0000001461;0,000000006411;0,0000009837;-0,000007461
18;34,6;0,000003123;-0,000001119;-0,0000001457;-0,000000006391;-0,000000981;0,00000744
18;34,7;-0,000003114;0,000001116;0,0000001453;0,000000006372;0,0000009783;-0,000007418
18;34,8;0,000003105;-0,000001113;-0,0000001449;-0,000000006353;-0,0000009756;0,000007397
18;34,9;-0,000003096;0,00000111;0,0000001445;0,000000006334;0,0000009729;-0,000007375
18;35;0,000003087;-0,000001106;-0,0000001441;-0,000000006315;-0,0000009702;0,000007354
18;35,1;-0,000003078;0,000001103;0,0000001437;0,000000006296;0,0000009675;-0,000007332
18;35,2;0,000003069;-0,0000011;-0,0000001433;-0,000000006277;-0,0000009648;0,000007311
18;35,3;-0,00000306;0,000001097;0,0000001429;0,000000006258;0,0000009622;-0,00000729
18;35,4;0,000003051;-0,000001094;-0,0000001425;-0,000000006239;-0,0000009595;0,000007269
18;35,5;-0,000003043;0,00000109;0,0000001421;0,00000000622;0,0000009568;-0,000007247
18;35,6;0,000003034;-0,000001087;-0,0000001417;-0,000000006201;-0,0000009542;0,000007226
18;35,7;-0,000003025;0,000001084;0,0000001413;0,000000006182;0,0000009516;-0,000007205
18;35,8;0,000003016;-0,000001081;-0,0000001409;-0,000000006164;-0,0000009489;0,000007185
18;35,9;-0,000003007;0,000001078;0,0000001405;0,000000006145;0,0000009463;-0,000007164
18;36;0,000002999;-0,000001075;-0,0000001401;-0,000000006127;-0,0000009437;0,000007143
18;36,1;-0,00000299;0,000001072;0,0000001397;0,000000006108;0,000000941;-0,000007122
18;36,2;0,000002981;-0,000001069;-0,0000001393;-0,00000000609;-0,0000009384;0,000007102
18;36,3;-0,000002973;0,000001065;0,000000139;0,000000006071;0,0000009358;-0,000007081
18;36,4;0,000002964;-0,000001062;-0,0000001386;-0,000000006053;-0,0000009332;0,00000706
18;36,5;-0,000002955;0,000001059;0,0000001382;0,000000006035;0,0000009306;-0,00000704
18;36,6;0,000002947;-0,000001056;-0,0000001378;-0,000000006017;-0,000000928;0,000007019
18;36,7;-0,000002938;0,000001053;0,0000001374;0,000000005999;0,0000009255;-0,000006999
18;36,8;0,00000293;-0,00000105;-0,000000137;-0,000000005981;-0,0000009229;0,000006979
18;36,9;-0,000002921;0,000001047;0,0000001367;0,000000005963;0,0000009203;-0,000006959
18;37;0,000002913;-0,000001044;-0,0000001363;-0,000000005945;-0,0000009178;0,000006938
18;37,1;-0,000002904;0,000001041;0,0000001359;0,000000005927;0,0000009152;-0,000006918
18;37,2;0,000002896;-0,000001038;-0,0000001355;-0,000000005909;-0,0000009127;0,000006898
18;37,3;-0,000002888;0,000001035;0,0000001352;0,000000005891;0,0000009101;-0,000006878
18;37,4;0,000002879;-0,000001032;-0,0000001348;-0,000000005874;-0,0000009076;0,000006858
18;37,5;-0,000002871;0,000001029;0,0000001344;0,000000005856;0,0000009051;-0,000006838
18;37,6;0,000002863;-0,000001026;-0,000000134;-0,000000005838;-0,0000009026;0,000006819
18;37,7;-0,000002854;0,000001023;0,0000001337;0,000000005821;0,0000009;-0,000006799
18;37,8;0,000002846;-0,00000102;-0,0000001333;-0,000000005803;-0,0000008975;0,000006779
18;37,9;-0,000002838;0,000001017;0,0000001329;0,000000005786;0,000000895;-0,00000676
18;38;0,00000283;-0,000001014;-0,0000001325;-0,000000005768;-0,0000008926;0,00000674
18;38,1;-0,000002821;0,000001011;0,0000001322;0,000000005751;0,0000008901;-0,00000672
18;38,2;0,000002813;-0,000001008;-0,0000001318;-0,000000005734;-0,0000008876;0,000006701
18;38,3;-0,000002805;0,000001005;0,0000001314;0,000000005716;0,0000008851;-0,000006682
18;38,4;0,000002797;-0,000001002;-0,0000001311;-0,000000005699;-0,0000008827;0,000006662
18;38,5;-0,000002789;0,0000009995;0,0000001307;0,000000005682;0,0000008802;-0,000006643
18;38,6;0,000002781;-0,0000009966;-0,0000001303;-0,000000005664;-0,0000008777;0,000006624
18;38,7;-0,000002773;0,0000009938;0,00000013;0,000000005647;0,0000008753;-0,000006605
18;38,8;0,000002765;-0,0000009909;-0,0000001296;-0,00000000563;-0,0000008729;0,000006585
18;38,9;-0,000002757;0,000000988;0,0000001293;0,000000005613;0,0000008704;-0,000006566
18;39;0,000002749;-0,0000009852;-0,0000001289;-0,000000005596;-0,000000868;0,000006547
18;39,1;-0,000002741;0,0000009823;0,0000001285;0,00000000558;0,0000008656;-0,000006528
18;39,2;0,000002733;-0,0000009795;-0,0000001282;-0,000000005563;-0,0000008632;0,000006509
18;39,3;-0,000002725;0,0000009766;0,0000001278;0,000000005546;0,0000008608;-0,000006491
18;39,4;0,000002717;-0,0000009738;-0,0000001275;-0,000000005529;-0,0000008584;0,000006472
18;39,5;-0,000002709;0,000000971;0,0000001271;0,000000005513;0,000000856;-0,000006453
18;39,6;0,000002701;-0,0000009682;-0,0000001268;-0,000000005496;-0,0000008536;0,000006434
18;39,7;-0,000002693;0,0000009654;0,0000001264;0,00000000548;0,0000008512;-0,000006416
18;39,8;0,000002686;-0,0000009626;-0,0000001261;-0,000000005463;-0,0000008489;0,000006397
18;39,9;-0,000002678;0,0000009598;0,0000001257;0,000000005447;0,0000008465;-0,000006379
18;40;0,00000267;-0,000000957;-0,0000001254;-0,00000000543;-0,0000008441;0,00000636
19;0;0;0;0;0;0;0
19;0,1;-0,0134;-0,1359;-0,0028;0,00001016;-0,019;0,906
19;0,2;-0,0149;-0,2196;-0,0032;0,00001418;-0,021;1,464
19;0,3;0,0076;-0,0498;0,0016;-0,0000005042;0,01;0,332
19;0,4;-0,0018;0,2542;-0,0002881;-0,000009888;-0,00192;-1,695
19;0,5;-0,0016;-0,3517;-0,0004503;0,00001503;-0,003001;2,345
19;0,6;0,0025;0,3371;0,0006503;-0,00001469;0,004333;-2,247
19;0,7;-0,0017;-0,2359;-0,000432;0,00001013;-0,002878;1,573
19;0,8;-0,0002339;0,092;-0,000009185;-0,000003464;-0,00006118;-0,613
19;0,9;0,0022;0,0483;0,0004669;-0,000003063;0,003111;-0,322
19;1;-0,0035;-0,1482;-0,0007789;0,000007684;-0,00519;0,988
19;1,1;0,0039;0,189;0,0008604;-0,000009494;0,005733;-1,26
19;1,2;-0,0032;-0,1714;-0,0007099;0,000008514;-0,00473;1,143
19;1,3;0,0018;0,1114;0,0003929;-0,000005512;0,002618;-0,743
19;1,4;-0,00009511;-0,0332;-0,00001028;0,000001649;-0,00006844;0,221
19;1,5;-0,0014;-0,0389;-0,000336;0,000001908;-0,002239;0,259
19;1,6;0,0025;0,0867;0,0005706;-0,000004294;0,003802;-0,578
19;1,7;-0,0029;-0,1024;-0,0006605;0,000005123;-0,004401;0,682
19;1,8;0,0027;0,0878;0,0006156;-0,000004493;0,004102;-0,585
19;1,9;-0,0021;-0,0527;-0,0004783;0,00000287;-0,003187;0,351
19;2;0,0013;0,0103;0,0003061;-0,0000008908;0,00204;-0,069
19;2,1;-0,0006255;0,0266;-0,0001537;-0,0000008374;-0,001024;-0,177
19;2,2;0,0002062;-0,0493;0,00005898;0,000001895;0,000393;0,329
19;2,3;-0,0001056;0,0547;-0,00003651;-0,000002123;-0,0002433;-0,365
19;2,4;0,0002882;-0,0446;0,0000782;0,000001617;0,0005211;0,297
19;2,5;-0,0006483;0,0247;-0,00016;-0,0000006499;-0,001066;-0,165
19;2,6;0,0011;-0,0022;0,0002515;-0,0000004344;0,001676;0,015
19;2,7;-0,0014;-0,0163;-0,0003253;0,000001325;-0,002168;0,109
19;2,8;0,0015;0,0267;0,0003637;-0,000001823;0,002424;-0,178
19;2,9;-0,0015;-0,0279;-0,0003618;0,000001871;-0,002411;0,186
19;3;0,0014;0,0212;0,0003261;-0,00000154;0,002173;-0,142
19;3,1;-0,0011;-0,0101;-0,0002707;0,00000099;-0,001804;0,067
19;3,2;0,0008885;-0,0018;0,0002123;-0,0000004058;0,001415;0,012
19;3,3;-0,0006826;0,011;-0,000165;-0,00000005437;-0,001099;-0,073
19;3,4;0,0005628;-0,0156;0,0001372;0,0000002963;0,0009142;0,104
19;3,5;-0,0005361;0,0153;-0,0001305;-0,0000003023;-0,0008696;-0,102
19;3,6;0,0005835;-0,0112;0,0001406;0,0000001211;0,000937;0,074
19;3,7;-0,0006699;0,0049;-0,0001596;0,0000001583;-0,001064;-0,033
19;3,8;0,0007571;0,0013;0,0001788;-0,000000438;0,001191;-0,008757
19;3,9;-0,000814;-0,0059;-0,0001911;0,0000006391;-0,001274;0,039
19;4;0,000824;0,0079;0,0001929;-0,0000007189;0,001285;-0,053
19;4,1;-0,0007863;-0,0074;-0,0001838;0,0000006756;-0,001225;0,049
19;4,2;0,0007132;0,0049;0,0001667;-0,0000005406;0,001111;-0,033
19;4,3;-0,0006243;-0,0015;-0,0001461;0,0000003636;-0,0009734;0,01
19;4,4;0,0005398;-0,0016;0,0001265;-0,0000001964;0,0008428;0,011
19;4,5;-0,0004751;0,0038;-0,0001114;0,00000007804;-0,0007424;-0,025
19;4,6;0,0004375;-0,0046;0,0001025;-0,0000000274;0,0006832;0,031
19;4,7;-0,0004261;0,0041;-0,00009961;0,00000004179;-0,0006638;-0,027
19;4,8;0,0004332;-0,0026;0,0001009;-0,0000001019;0,0006725;0,017
19;4,9;-0,000448;0,0007529;-0,000104;0,0000001804;-0,0006931;-0,005019
19;5;0,00046;0,0008967;0,0001065;-0,0000002501;0,0007096;-0,005978
19;5,1;-0,0004617;-0,002;-0,0001066;0,000000292;-0,0007105;0,013
19;5,2;0,0004499;0,0023;0,0001037;-0,0000002981;0,0006912;-0,015
19;5,3;-0,0004258;-0,0019;-0,00009806;0,0000002715;-0,0006534;0,012
19;5,4;0,0003939;0,001;0,00009064;-0,0000002238;0,0006039;-0,006814
19;5,5;-0,0003601;-0,00004348;-0,00008279;0,0000001698;-0,0005516;0,0002901
19;5,6;0,0003297;-0,0007855;0,00007573;-0,0000001234;0,0005046;0,005237
19;5,7;-0,0003064;0,0013;-0,00007028;0,00000009358;-0,0004683;-0,008483
19;5,8;0,0002914;-0,0014;0,0000667;-0,00000008355;0,0004445;0,009023
19;5,9;-0,0002834;0,0011;-0,00006476;0,00000009054;-0,0004315;-0,007232
19;6;0,00028;-0,0006051;0,00006384;-0,0000001079;0,0004254;0,004034
19;6,1;-0,0002779;0,00008196;-0,00006322;0,0000001275;-0,0004213;-0,0005462
19;6,2;0,0002744;0,0003376;0,00006228;-0,0000001423;0,000415;-0,002251
19;6,3;-0,0002676;-0,0005628;-0,00006062;0,000000148;-0,0004039;0,003752
19;6,4;0,0002573;0,0005721;0,00005815;-0,0000001434;0,0003874;-0,003814
19;6,5;-0,000244;-0,0004057;-0,00005502;0,0000001306;-0,0003666;0,002705
19;6,6;0,0002294;0,0001425;0,00005158;-0,0000001133;0,0003437;-0,0009502
19;6,7;-0,000215;0,0001279;-0,0000482;0,00000009587;-0,0003212;-0,0008525
19;6,8;0,0002022;-0,0003315;0,0000452;-0,00000008175;0,0003012;0,00221
19;6,9;-0,0001919;0,0004263;-0,00004275;0,00000007301;-0,0002848;-0,002842
19;7;0,0001841;-0,0004075;0,00004087;-0,00000006987;0,0002723;0,002717
19;7,1;-0,0001782;0,0003014;-0,00003944;0,00000007108;-0,0002628;-0,002009
19;7,2;0,0001735;-0,0001524;0,00003828;-0,00000007449;0,0002551;0,001016
19;7,3;-0,000169;0,000007814;-0,00003717;0,00000007784;-0,0002477;-0,00005196
19;7,4;0,000164;0,00009545;0,00003596;-0,00000007935;0,0002396;-0,0006364
19;7,5;-0,0001582;-0,0001386;-0,00003456;0,00000007812;-0,0002303;0,0009239
19;7,6;0,0001516;0,0001223;0,00003297;-0,00000007417;0,0002197;-0,0008158
19;7,7;-0,0001444;-0,00006321;-0,00003126;0,0000000683;-0,0002083;0,0004215
19;7,8;0,0001371;-0,00001423;0,00002954;-0,00000006169;0,0001968;0,00009474
19;7,9;-0,0001302;0,00008527;-0,0000279;0,00000005551;-0,0001859;-0,0005683
19;8;0,000124;-0,0001317;0,00002643;-0,00000005063;0,0001761;0,0008781
19;8,1;-0,0001186;0,0001455;-0,00002515;0,00000004743;-0,0001676;-0,00097
19;8,2;0,000114;-0,0001288;0,00002405;-0,00000004581;0,0001603;0,0008588
19;8,3;-0,00011;0,00009155;-0,00002309;0,00000004529;-0,0001539;-0,0006102
19;8,4;0,0001064;-0,00004716;0,00002221;-0,00000004521;0,000148;0,0003143
19;8,5;-0,0001028;0,000008435;-0,00002135;0,00000004496;-0,0001423;-0,00005615
19;8,6;0,00009911;0,00001581;0,00002047;-0,0000000441;0,0001364;-0,0001055
19;8,7;-0,00009528;-0,0000223;-0,00001956;0,00000004249;-0,0001303;0,0001487
19;8,8;0,00009132;0,0000131;0,00001862;-0,0000000402;0,0001241;-0,00008745
19;8,9;-0,00008733;0,000005955;-0,00001767;0,00000003752;-0,0001178;-0,00003962
19;9;0,00008345;-0,00002758;0,00001676;-0,0000000348;0,0001116;0,0001838
19;9,1;-0,00007979;0,00004521;-0,00001589;0,00000003234;-0,0001059;-0,0003013
19;9,2;0,00007643;-0,00005464;0,00001509;-0,00000003034;0,0001006;0,0003642
19;9,3;-0,00007337;0,00005467;-0,00001437;0,00000002886;-0,00009574;-0,0003644
19;9,4;0,00007059;-0,00004685;0,00001371;-0,00000002782;0,00009134;0,0003123
19;9,5;-0,00006802;0,00003452;-0,0000131;0,00000002705;-0,00008726;-0,0002301
19;9,6;0,00006558;-0,00002159;0,00001252;-0,00000002637;0,00008339;0,0001439
19;9,7;-0,00006319;0,00001138;-0,00001195;0,00000002561;-0,00007962;-0,00007582
19;9,8;0,00006083;-0,000005852;0,00001139;-0,00000002469;0,00007589;0,00003895
19;9,9;-0,00005848;0,000005348;-0,00001083;0,00000002357;-0,00007218;-0,00003559
19;10;0,00005615;-0,00000882;0,00001028;-0,0000000223;0,00006852;0,00005874
19;10,1;-0,00005387;0,00001437;-0,000009747;0,00000002099;-0,00006495;-0,00009576
19;10,2;0,00005169;-0,00001993;0,000009233;-0,00000001971;0,00006152;0,0001328
19;10,3;-0,00004962;0,00002383;-0,000008747;0,00000001856;-0,00005828;-0,0001588
19;10,4;0,00004769;-0,00002518;0,000008291;-0,00000001757;0,00005525;0,0001678
19;10,5;-0,00004588;0,00002394;-0,000007866;0,00000001675;-0,00005241;-0,0001595
19;10,6;0,00004419;-0,00002077;0,000007467;-0,00000001605;0,00004976;0,0001384
19;10,7;-0,00004258;0,00001674;-0,00000709;0,00000001543;-0,00004724;-0,0001115
19;10,8;0,00004104;-0,00001293;0,000006728;-0,00000001484;0,00004483;0,00008616
19;10,9;-0,00003955;0,00001017;-0,000006378;0,00000001422;-0,0000425;-0,00006774
19;11;0,0000381;-0,000008845;0,000006038;-0,00000001357;0,00004023;0,00005891
19;11,1;-0,00003668;0,000008898;-0,000005706;0,00000001289;-0,00003802;-0,00005927
19;11,2;0,0000353;-0,000009918;0,000005384;-0,00000001218;0,00003588;0,00006607
19;11,3;-0,00003398;0,00001132;-0,000005075;0,00000001149;-0,00003381;-0,00007545
19;11,4;0,00003271;-0,00001255;0,000004779;-0,00000001083;0,00003184;0,00008361
19;11,5;-0,0000315;0,00001319;-0,000004498;0,00000001023;-0,00002997;-0,00008787
19;11,6;0,00003036;-0,00001308;0,000004232;-0,000000009681;0,0000282;0,00008712
19;11,7;-0,00002927;0,00001228;-0,00000398;0,000000009192;-0,00002652;-0,00008185
19;11,8;0,00002824;-0,00001106;0,000003742;-0,000000008747;0,00002493;0,00007367
19;11,9;-0,00002726;0,00000971;-0,000003514;0,000000008329;-0,00002341;-0,00006469
19;12;0,00002632;-0,000008531;0,000003296;-0,000000007924;0,00002196;0,00005683
19;12,1;-0,00002541;0,000007716;-0,000003085;0,00000000752;-0,00002056;-0,0000514
19;12,2;0,00002452;-0,000007327;0,000002883;-0,000000007115;0,00001921;0,0000488
19;12,3;-0,00002367;0,000007304;-0,000002687;0,000000006712;-0,0000179;-0,00004865
19;12,4;0,00002285;-0,000007507;0,000002499;-0,000000006315;0,00001665;0,00005
19;12,5;-0,00002207;0,000007763;-0,000002319;0,000000005932;-0,00001545;-0,00005171
19;12,6;0,00002132;-0,000007924;0,000002147;-0,000000005569;0,0000143;0,00005279
19;12,7;-0,0000206;0,000007899;-0,000001983;0,00000000523;-0,00001321;-0,00005262
19;12,8;0,00001991;-0,000007664;0,000001827;-0,000000004916;0,00001217;0,00005106
19;12,9;-0,00001926;0,000007262;-0,000001679;0,000000004624;-0,00001119;-0,00004838
19;13;0,00001864;-0,000006772;0,000001538;-0,000000004349;0,00001024;0,00004511
19;13,1;-0,00001804;0,000006285;-0,000001403;0,000000004087;-0,000009344;-0,00004186
19;13,2;0,00001746;-0,000005875;0,000001273;-0,000000003834;0,000008481;0,00003913
19;13,3;-0,00001691;0,000005584;-0,000001149;0,000000003587;-0,000007654;-0,00003719
19;13,4;0,00001638;-0,000005416;0,00000103;-0,000000003345;0,000006859;0,00003607
19;13,5;-0,00001587;0,000005344;-0,0000009153;0,000000003109;-0,000006097;-0,00003559
19;13,6;0,00001538;-0,000005322;0,0000008057;-0,000000002882;0,000005367;0,00003545
19;13,7;-0,0000149;0,000005302;-0,0000007009;0,000000002664;-0,000004669;-0,00003531
19;13,8;0,00001445;-0,000005247;0,0000006009;-0,000000002457;0,000004002;0,00003494
19;13,9;-0,00001402;0,000005137;-0,0000005056;0,000000002261;-0,000003367;-0,00003421
19;14;0,00001361;-0,000004973;0,0000004148;-0,000000002077;0,000002762;0,00003312
19;14,1;-0,00001321;0,000004772;-0,0000003281;0,000000001903;-0,000002184;-0,00003178
19;14,2;0,00001283;-0,000004558;0,0000002454;-0,000000001738;0,000001633;0,00003035
19;14,3;-0,00001247;0,000004357;-0,0000001664;0,00000000158;-0,000001107;-0,00002901
19;14,4;0,00001212;-0,000004186;0,00000009084;-0,000000001428;0,0000006033;0,00002787
19;14,5;-0,00001178;0,000004053;-0,00000001851;0,00000000128;-0,0000001214;-0,00002698
19;14,6;0,00001146;-0,000003955;-0,00000005069;-0,000000001138;-0,0000003397;0,00002634
19;14,7;-0,00001115;0,000003883;0,0000001169;0,000000001001;0,0000007807;-0,00002586
19;14,8;0,00001085;-0,000003823;-0,0000001801;-0,0000000008697;-0,000001202;0,00002546
19;14,9;-0,00001057;0,000003761;0,0000002404;0,0000000007442;0,000001604;-0,00002504
19;15;0,00001029;-0,000003689;-0,000000298;-0,0000000006251;-0,000001988;0,00002456
19;15,1;-0,00001003;0,000003602;0,0000003528;0,0000000005115;0,000002353;-0,00002398
19;15,2;0,00000978;-0,000003503;-0,0000004051;-0,0000000004041;-0,000002701;0,00002332
19;15,3;-0,000009539;0,000003398;0,0000004549;0,0000000003021;0,000003033;-0,00002262
19;15,4;0,000009307;-0,000003293;-0,0000005025;-0,0000000002044;-0,00000335;0,00002193
19;15,5;-0,000009085;0,000003197;0,0000005478;0,0000000001109;0,000003652;-0,00002128
19;15,6;0,000008871;-0,000003111;-0,0000005911;-0,00000000002121;-0,00000394;0,00002071
19;15,7;-0,000008666;0,000003038;0,0000006323;-0,00000000006487;0,000004215;-0,00002023
19;15,8;0,000008468;-0,000002976;-0,0000006717;0,0000000001477;-0,000004478;0,00001981
19;15,9;-0,000008278;0,000002922;0,0000007093;-0,0000000002267;0,000004728;-0,00001945
19;16;0,000008096;-0,00000287;-0,000000745;0,0000000003021;-0,000004966;0,0000191
19;16,1;-0,000007921;0,000002818;0,0000007791;-0,0000000003747;0,000005193;-0,00001876
19;16,2;0,000007753;-0,000002764;-0,0000008115;0,0000000004433;-0,000005409;0,0000184
19;16,3;-0,000007591;0,000002707;0,0000008423;-0,0000000005083;0,000005615;-0,00001802
19;16,4;0,000007436;-0,000002649;-0,0000008717;0,0000000005704;-0,00000581;0,00001763
19;16,5;-0,000007287;0,00000259;0,0000008995;-0,0000000006294;0,000005996;-0,00001724
19;16,6;0,000007144;-0,000002534;-0,0000009261;0,000000000686;-0,000006173;0,00001686
19;16,7;-0,000007006;0,000002481;0,0000009513;-0,0000000007398;0,000006341;-0,00001651
19;16,8;0,000006874;-0,000002432;-0,0000009753;0,0000000007914;-0,0000065;0,00001619
19;16,9;-0,000006747;0,000002388;0,000000998;-0,0000000008409;0,000006652;-0,0000159
19;17;0,000006624;-0,000002348;-0,00000102;0,0000000008876;-0,000006796;0,00001563
19;17,1;-0,000006506;0,00000231;0,00000104;-0,0000000009321;0,000006933;-0,00001538
19;17,2;0,000006393;-0,000002274;-0,00000106;0,0000000009747;-0,000007063;0,00001513
19;17,3;-0,000006283;0,000002238;0,000001078;-0,000000001016;0,000007186;-0,00001489
19;17,4;0,000006178;-0,000002202;-0,000001096;0,000000001055;-0,000007303;0,00001465
19;17,5;-0,000006077;0,000002166;0,000001112;-0,000000001092;0,000007414;-0,00001441
19;17,6;0,00000598;-0,00000213;-0,000001128;0,000000001126;-0,000007518;0,00001418
19;17,7;-0,000005887;0,000002096;0,000001143;-0,000000001159;0,000007617;-0,00001395
19;17,8;0,000005796;-0,000002062;-0,000001157;0,000000001191;-0,00000771;0,00001372
19;17,9;-0,00000571;0,000002031;0,00000117;-0,000000001221;0,000007799;-0,00001351
19;18;0,000005626;-0,000002001;-0,000001183;0,000000001249;-0,000007882;0,00001332
19;18,1;-0,000005545;0,000001973;0,000001194;-0,000000001276;0,000007961;-0,00001313
19;18,2;0,000005467;-0,000001947;-0,000001206;0,000000001302;-0,000008035;0,00001295
19;18,3;-0,000005393;0,000001922;0,000001216;-0,000000001326;0,000008105;-0,00001279
19;18,4;0,00000532;-0,000001897;-0,000001226;0,00000000135;-0,000008171;0,00001262
19;18,5;-0,000005251;0,000001873;0,000001235;-0,000000001372;0,000008232;-0,00001246
19;18,6;0,000005183;-0,00000185;-0,000001244;0,000000001393;-0,00000829;0,00001231
19;18,7;-0,000005119;0,000001827;0,000001252;-0,000000001412;0,000008345;-0,00001215
19;18,8;0,000005056;-0,000001804;-0,00000126;0,000000001431;-0,000008395;0,000012
19;18,9;-0,000004996;0,000001783;0,000001267;-0,000000001449;0,000008443;-0,00001186
19;19;0,000004937;-0,000001762;-0,000001273;0,000000001467;-0,000008487;0,00001172
19;19,1;-0,000004881;0,000001742;0,00000128;-0,000000001483;0,000008528;-0,00001159
19;19,2;0,000004827;-0,000001723;-0,000001285;0,000000001498;-0,000008566;0,00001146
19;19,3;-0,000004774;0,000001704;0,000001291;-0,000000001511;0,000008602;-0,00001134
19;19,4;0,000004723;-0,000001687;-0,000001296;0,000000001524;-0,000008635;0,00001122
19;19,5;-0,000004674;0,00000167;0,0000013;-0,000000001537;0,000008665;-0,00001111
19;19,6;0,000004626;-0,000001653;-0,000001304;0,000000001549;-0,000008693;0,000011
19;19,7;-0,00000458;0,000001637;0,000001308;-0,00000000156;0,000008718;-0,00001089
19;19,8;0,000004536;-0,000001622;-0,000001312;0,000000001571;-0,000008741;0,00001079
19;19,9;-0,000004493;0,000001606;0,000001315;-0,00000000158;0,000008763;-0,00001068
19;20;0,000004451;-0,000001591;-0,000001318;0,000000001589;-0,000008782;0,00001059
19;20,1;-0,000004411;0,000001577;0,00000132;-0,000000001598;0,000008799;-0,00001049
19;20,2;0,000004372;-0,000001563;-0,000001322;0,000000001605;-0,000008814;0,0000104
19;20,3;-0,000004334;0,00000155;0,000001324;-0,000000001612;0,000008827;-0,00001031
19;20,4;0,000004297;-0,000001537;-0,000001326;0,000000001619;-0,000008839;0,00001022
19;20,5;-0,000004261;0,000001524;0,000001328;-0,000000001626;0,000008849;-0,00001014
19;20,6;0,000004227;-0,000001512;-0,000001329;0,000000001632;-0,000008858;0,00001006
19;20,7;-0,000004193;0,0000015;0,00000133;-0,000000001638;0,000008865;-0,00000998
19;20,8;0,00000416;-0,000001489;-0,000001331;0,000000001643;-0,00000887;0,000009904
19;20,9;-0,000004129;0,000001478;0,000001332;-0,000000001648;0,000008875;-0,000009829
19;21;0,000004098;-0,000001467;-0,000001332;0,000000001652;-0,000008877;0,000009757
19;21,1;-0,000004068;0,000001456;0,000001332;-0,000000001656;0,000008879;-0,000009686
19;21,2;0,000004039;-0,000001446;-0,000001332;0,00000000166;-0,00000888;0,000009618
19;21,3;-0,000004011;0,000001436;0,000001332;-0,000000001663;0,000008879;-0,000009551
19;21,4;0,000003983;-0,000001426;-0,000001332;0,000000001666;-0,000008877;0,000009486
19;21,5;-0,000003956;0,000001417;0,000001332;-0,000000001668;0,000008875;-0,000009423
19;21,6;0,00000393;-0,000001408;-0,000001331;0,00000000167;-0,000008871;0,000009362
19;21,7;-0,000003905;0,000001399;0,00000133;-0,000000001672;0,000008866;-0,000009302
19;21,8;0,00000388;-0,00000139;-0,00000133;0,000000001675;-0,000008861;0,000009244
19;21,9;-0,000003856;0,000001381;0,000001329;-0,000000001676;0,000008854;-0,000009187
19;22;0,000003832;-0,000001373;-0,000001327;0,000000001677;-0,000008847;0,000009132
19;22,1;-0,000003809;0,000001365;0,000001326;-0,000000001678;0,000008839;-0,000009077
19;22,2;0,000003787;-0,000001357;-0,000001325;0,000000001679;-0,00000883;0,000009024
19;22,3;-0,000003765;0,000001349;0,000001324;-0,00000000168;0,000008821;-0,000008973
19;22,4;0,000003743;-0,000001342;-0,000001322;0,00000000168;-0,000008811;0,000008922
19;22,5;-0,000003723;0,000001334;0,00000132;-0,00000000168;0,0000088;-0,000008873
19;22,6;0,000003702;-0,000001327;-0,000001319;0,00000000168;-0,000008788;0,000008824
19;22,7;-0,000003682;0,00000132;0,000001317;-0,000000001679;0,000008776;-0,000008777
19;22,8;0,000003662;-0,000001313;-0,000001315;0,000000001679;-0,000008764;0,000008731
19;22,9;-0,000003643;0,000001306;0,000001313;-0,000000001678;0,000008751;-0,000008686
19;23;0,000003624;-0,000001299;-0,000001311;0,000000001677;-0,000008737;0,000008641
19;23,1;-0,000003606;0,000001293;0,000001309;-0,000000001677;0,000008723;-0,000008598
19;23,2;0,000003588;-0,000001287;-0,000001307;0,000000001676;-0,000008708;0,000008555
19;23,3;-0,00000357;0,00000128;0,000001304;-0,000000001674;0,000008693;-0,000008514
19;23,4;0,000003553;-0,000001274;-0,000001302;0,000000001673;-0,000008678;0,000008473
19;23,5;-0,000003536;0,000001268;0,0000013;-0,000000001671;0,000008662;-0,000008432
19;23,6;0,000003519;-0,000001262;-0,000001297;0,00000000167;-0,000008646;0,000008393
19;23,7;-0,000003503;0,000001256;0,000001295;-0,000000001668;0,00000863;-0,000008354
19;23,8;0,000003487;-0,000001251;-0,000001292;0,000000001665;-0,000008613;0,000008316
19;23,9;-0,000003471;0,000001245;0,00000129;-0,000000001663;0,000008595;-0,000008279
19;24;0,000003455;-0,000001239;-0,000001287;0,000000001661;-0,000008578;0,000008242
19;24,1;-0,00000344;0,000001234;0,000001284;-0,000000001659;0,00000856;-0,000008206
19;24,2;0,000003425;-0,000001229;-0,000001282;0,000000001657;-0,000008542;0,00000817
19;24,3;-0,00000341;0,000001223;0,000001279;-0,000000001654;0,000008524;-0,000008135
19;24,4;0,000003396;-0,000001218;-0,000001276;0,000000001652;-0,000008505;0,0000081
19;24,5;-0,000003381;0,000001213;0,000001273;-0,000000001649;0,000008487;-0,000008066
19;24,6;0,000003367;-0,000001208;-0,000001271;0,000000001647;-0,000008468;0,000008033
19;24,7;-0,000003353;0,000001203;0,000001268;-0,000000001644;0,000008448;-0,000008
19;24,8;0,000003339;-0,000001198;-0,000001265;0,000000001641;-0,000008429;0,000007967
19;24,9;-0,000003326;0,000001193;0,000001262;-0,000000001639;0,000008409;-0,000007935
19;25;0,000003313;-0,000001189;-0,000001259;0,000000001636;-0,00000839;0,000007903
19;25,1;-0,000003299;0,000001184;0,000001256;-0,000000001633;0,00000837;-0,000007872
19;25,2;0,000003286;-0,000001179;-0,000001253;0,00000000163;-0,00000835;0,000007841
19;25,3;-0,000003273;0,000001175;0,00000125;-0,000000001628;0,000008329;-0,000007811
19;25,4;0,000003261;-0,00000117;-0,000001247;0,000000001624;-0,000008309;0,000007781
19;25,5;-0,000003248;0,000001166;0,000001244;-0,000000001621;0,000008289;-0,000007751
19;25,6;0,000003236;-0,000001161;-0,000001241;0,000000001618;-0,000008268;0,000007721
19;25,7;-0,000003224;0,000001157;0,000001238;-0,000000001615;0,000008247;-0,000007692
19;25,8;0,000003211;-0,000001152;-0,000001234;0,000000001612;-0,000008227;0,000007664
19;25,9;-0,000003199;0,000001148;0,000001231;-0,000000001608;0,000008206;-0,000007635
19;26;0,000003188;-0,000001144;-0,000001228;0,000000001605;-0,000008185;0,000007607
19;26,1;-0,000003176;0,00000114;0,000001225;-0,000000001602;0,000008164;-0,000007579
19;26,2;0,000003164;-0,000001136;-0,000001222;0,000000001599;-0,000008142;0,000007551
19;26,3;-0,000003153;0,000001132;0,000001219;-0,000000001595;0,000008121;-0,000007524
19;26,4;0,000003141;-0,000001127;-0,000001215;0,000000001591;-0,0000081;0,000007497
19;26,5;-0,00000313;0,000001123;0,000001212;-0,000000001587;0,000008079;-0,00000747
19;26,6;0,000003119;-0,000001119;-0,000001209;0,000000001584;-0,000008057;0,000007444
19;26,7;-0,000003108;0,000001116;0,000001206;-0,00000000158;0,000008036;-0,000007418
19;26,8;0,000003097;-0,000001112;-0,000001203;0,000000001577;-0,000008014;0,000007392
19;26,9;-0,000003086;0,000001108;0,000001199;-0,000000001573;0,000007993;-0,000007366
19;27;0,000003075;-0,000001104;-0,000001196;0,000000001569;-0,000007971;0,00000734
19;27,1;-0,000003065;0,0000011;0,000001193;-0,000000001565;0,00000795;-0,000007315
19;27,2;0,000003054;-0,000001096;-0,00000119;0,000000001561;-0,000007928;0,00000729
19;27,3;-0,000003044;0,000001092;0,000001186;-0,000000001558;0,000007907;-0,000007265
19;27,4;0,000003033;-0,000001089;-0,000001183;0,000000001554;-0,000007885;0,00000724
19;27,5;-0,000003023;0,000001085;0,00000118;-0,000000001551;0,000007863;-0,000007215
19;27,6;0,000003013;-0,000001081;-0,000001177;0,000000001547;-0,000007842;0,000007191
19;27,7;-0,000003002;0,000001078;0,000001173;-0,000000001543;0,00000782;-0,000007166
19;27,8;0,000002992;-0,000001074;-0,00000117;0,000000001539;-0,000007798;0,000007142
19;27,9;-0,000002982;0,000001071;0,000001167;-0,000000001536;0,000007777;-0,000007118
19;28;0,000002972;-0,000001067;-0,000001164;0,000000001532;-0,000007755;0,000007095
19;28,1;-0,000002962;0,000001063;0,00000116;-0,000000001528;0,000007733;-0,000007071
19;28,2;0,000002953;-0,00000106;-0,000001157;0,000000001525;-0,000007712;0,000007048
19;28,3;-0,000002943;0,000001056;0,000001154;-0,000000001521;0,00000769;-0,000007024
19;28,4;0,000002933;-0,000001053;-0,000001151;0,000000001517;-0,000007668;0,000007001
19;28,5;-0,000002923;0,000001049;0,000001147;-0,000000001513;0,000007647;-0,000006978
19;28,6;0,000002914;-0,000001046;-0,000001144;0,00000000151;-0,000007625;0,000006955
19;28,7;-0,000002904;0,000001043;0,000001141;-0,000000001506;0,000007603;-0,000006933
19;28,8;0,000002895;-0,000001039;-0,000001138;0,000000001502;-0,000007582;0,00000691
19;28,9;-0,000002885;0,000001036;0,000001134;-0,000000001498;0,00000756;-0,000006888
19;29;0,000002876;-0,000001032;-0,000001131;0,000000001495;-0,000007539;0,000006865
19;29,1;-0,000002867;0,000001029;0,000001128;-0,000000001491;0,000007517;-0,000006843
19;29,2;0,000002857;-0,000001026;-0,000001125;0,000000001487;-0,000007496;0,000006821
19;29,3;-0,000002848;0,000001023;0,000001122;-0,000000001484;0,000007474;-0,000006799
19;29,4;0,000002839;-0,000001019;-0,000001118;0,00000000148;-0,000007453;0,000006777
19;29,5;-0,00000283;0,000001016;0,000001115;-0,000000001476;0,000007432;-0,000006756
19;29,6;0,000002821;-0,000001013;-0,000001112;0,000000001472;-0,00000741;0,000006734
19;29,7;-0,000002812;0,000001009;0,000001109;-0,000000001469;0,000007389;-0,000006713
19;29,8;0,000002803;-0,000001006;-0,000001105;0,000000001465;-0,000007368;0,000006691
19;29,9;-0,000002794;0,000001003;0,000001102;-0,000000001461;0,000007346;-0,00000667
19;30;0,000002785;-0,0000009999;-0,000001099;0,000000001458;-0,000007325;0,000006649
19;30,1;-0,000002776;0,0000009967;0,000001096;-0,000000001454;0,000007304;-0,000006628
19;30,2;0,000002767;-0,0000009935;-0,000001093;0,00000000145;-0,000007283;0,000006607
19;30,3;-0,000002759;0,0000009904;0,00000109;-0,000000001446;0,000007262;-0,000006586
19;30,4;0,00000275;-0,0000009873;-0,000001086;0,000000001442;-0,000007241;0,000006565
19;30,5;-0,000002741;0,0000009842;0,000001083;-0,000000001438;0,00000722;-0,000006544
19;30,6;0,000002733;-0,0000009811;-0,00000108;0,000000001434;-0,000007199;0,000006524
19;30,7;-0,000002724;0,000000978;0,000001077;-0,00000000143;0,000007178;-0,000006503
19;30,8;0,000002715;-0,0000009749;-0,000001074;0,000000001427;-0,000007157;0,000006483
19;30,9;-0,000002707;0,0000009718;0,000001071;-0,000000001423;0,000007136;-0,000006462
19;31;0,000002698;-0,0000009688;-0,000001068;0,00000000142;-0,000007115;0,000006442
19;31,1;-0,00000269;0,0000009658;0,000001064;-0,000000001416;0,000007094;-0,000006422
19;31,2;0,000002682;-0,0000009627;-0,000001061;0,000000001413;-0,000007074;0,000006402
19;31,3;-0,000002673;0,0000009597;0,000001058;-0,000000001409;0,000007053;-0,000006382
19;31,4;0,000002665;-0,0000009567;-0,000001055;0,000000001405;-0,000007032;0,000006362
19;31,5;-0,000002657;0,0000009537;0,000001052;-0,000000001401;0,000007012;-0,000006342
19;31,6;0,000002648;-0,0000009508;-0,000001049;0,000000001398;-0,000006991;0,000006322
19;31,7;-0,00000264;0,0000009478;0,000001046;-0,000000001394;0,000006971;-0,000006302
19;31,8;0,000002632;-0,0000009449;-0,000001043;0,00000000139;-0,00000695;0,000006283
19;31,9;-0,000002624;0,0000009419;0,00000104;-0,000000001387;0,00000693;-0,000006263
19;32;0,000002615;-0,000000939;-0,000001037;0,000000001383;-0,000006909;0,000006244
19;32,1;-0,000002607;0,0000009361;0,000001034;-0,00000000138;0,000006889;-0,000006224
19;32,2;0,000002599;-0,0000009332;-0,000001031;0,000000001376;-0,000006869;0,000006205
19;32,3;-0,000002591;0,0000009303;0,000001028;-0,000000001372;0,000006849;-0,000006186
19;32,4;0,000002583;-0,0000009274;-0,000001025;0,000000001369;-0,000006829;0,000006167
19;32,5;-0,000002575;0,0000009245;0,000001022;-0,000000001365;0,000006809;-0,000006148
19;32,6;0,000002567;-0,0000009217;-0,000001019;0,000000001362;-0,000006788;0,000006129
19;32,7;-0,000002559;0,0000009188;0,000001016;-0,000000001358;0,000006768;-0,00000611
19;32,8;0,000002551;-0,000000916;-0,000001013;0,000000001354;-0,000006749;0,000006091
19;32,9;-0,000002543;0,0000009131;0,00000101;-0,000000001351;0,000006729;-0,000006072
19;33;0,000002535;-0,0000009103;-0,000001007;0,000000001347;-0,000006709;0,000006053
19;33,1;-0,000002528;0,0000009075;0,000001004;-0,000000001344;0,000006689;-0,000006034
19;33,2;0,00000252;-0,0000009047;-0,000001001;0,00000000134;-0,000006669;0,000006016
19;33,3;-0,000002512;0,0000009019;0,0000009978;-0,000000001336;0,00000665;-0,000005997
19;33,4;0,000002504;-0,0000008991;-0,0000009948;0,000000001333;-0,00000663;0,000005979
19;33,5;-0,000002497;0,0000008964;0,0000009919;-0,000000001329;0,00000661;-0,00000596
19;33,6;0,000002489;-0,0000008936;-0,000000989;0,000000001326;-0,000006591;0,000005942
19;33,7;-0,000002481;0,0000008908;0,0000009861;-0,000000001322;0,000006571;-0,000005924
19;33,8;0,000002474;-0,0000008881;-0,0000009831;0,000000001319;-0,000006552;0,000005905
19;33,9;-0,000002466;0,0000008854;0,0000009802;-0,000000001315;0,000006533;-0,000005887
19;34;0,000002458;-0,0000008826;-0,0000009773;0,000000001311;-0,000006513;0,000005869
19;34,1;-0,000002451;0,0000008799;0,0000009744;-0,000000001308;0,000006494;-0,000005851
19;34,2;0,000002443;-0,0000008772;-0,0000009716;0,000000001305;-0,000006475;0,000005833
19;34,3;-0,000002436;0,0000008745;0,0000009687;-0,000000001301;0,000006456;-0,000005815
19;34,4;0,000002428;-0,0000008718;-0,0000009658;0,000000001298;-0,000006437;0,000005797
19;34,5;-0,000002421;0,0000008691;0,000000963;-0,000000001295;0,000006418;-0,000005779
19;34,6;0,000002413;-0,0000008665;-0,0000009601;0,000000001291;-0,000006399;0,000005762
19;34,7;-0,000002406;0,0000008638;0,0000009573;-0,000000001288;0,00000638;-0,000005744
19;34,8;0,000002399;-0,0000008612;-0,0000009544;0,000000001284;-0,000006361;0,000005726
19;34,9;-0,000002391;0,0000008585;0,0000009516;-0,000000001281;0,000006342;-0,000005709
19;35;0,000002384;-0,0000008559;-0,0000009488;0,000000001277;-0,000006323;0,000005691
19;35,1;-0,000002376;0,0000008532;0,000000946;-0,000000001274;0,000006305;-0,000005674
19;35,2;0,000002369;-0,0000008506;-0,0000009432;0,000000001271;-0,000006286;0,000005656
19;35,3;-0,000002362;0,000000848;0,0000009404;-0,000000001267;0,000006267;-0,000005639
19;35,4;0,000002355;-0,0000008454;-0,0000009376;0,000000001264;-0,000006249;0,000005622
19;35,5;-0,000002347;0,0000008428;0,0000009348;-0,000000001261;0,00000623;-0,000005604
19;35,6;0,00000234;-0,0000008402;-0,0000009321;0,000000001257;-0,000006212;0,000005587
19;35,7;-0,000002333;0,0000008376;0,0000009293;-0,000000001254;0,000006193;-0,00000557
19;35,8;0,000002326;-0,0000008351;-0,0000009265;0,000000001251;-0,000006175;0,000005553
19;35,9;-0,000002319;0,0000008325;0,0000009238;-0,000000001248;0,000006157;-0,000005536
19;36;0,000002312;-0,00000083;-0,0000009211;0,000000001244;-0,000006138;0,000005519
19;36,1;-0,000002305;0,0000008274;0,0000009183;-0,000000001241;0,00000612;-0,000005502
19;36,2;0,000002297;-0,0000008249;-0,0000009156;0,000000001238;-0,000006102;0,000005485
19;36,3;-0,00000229;0,0000008223;0,0000009129;-0,000000001235;0,000006084;-0,000005468
19;36,4;0,000002283;-0,0000008198;-0,0000009102;0,000000001232;-0,000006066;0,000005452
19;36,5;-0,000002276;0,0000008173;0,0000009075;-0,000000001228;0,000006048;-0,000005435
19;36,6;0,000002269;-0,0000008148;-0,0000009048;0,000000001225;-0,00000603;0,000005418
19;36,7;-0,000002262;0,0000008123;0,0000009021;-0,000000001221;0,000006012;-0,000005402
19;36,8;0,000002256;-0,0000008098;-0,0000008994;0,000000001218;-0,000005994;0,000005385
19;36,9;-0,000002249;0,0000008073;0,0000008968;-0,000000001214;0,000005976;-0,000005369
19;37;0,000002242;-0,0000008049;-0,0000008941;0,000000001211;-0,000005959;0,000005352
19;37,1;-0,000002235;0,0000008024;0,0000008915;-0,000000001208;0,000005941;-0,000005336
19;37,2;0,000002228;-0,0000007999;-0,0000008888;0,000000001205;-0,000005923;0,000005319
19;37,3;-0,000002221;0,0000007975;0,0000008862;-0,000000001202;0,000005906;-0,000005303
19;37,4;0,000002214;-0,000000795;-0,0000008835;0,000000001198;-0,000005888;0,000005287
19;37,5;-0,000002208;0,0000007926;0,0000008809;-0,000000001195;0,000005871;-0,000005271
19;37,6;0,000002201;-0,0000007902;-0,0000008783;0,000000001192;-0,000005853;0,000005254
19;37,7;-0,000002194;0,0000007878;0,0000008757;-0,000000001188;0,000005836;-0,000005238
19;37,8;0,000002187;-0,0000007853;-0,0000008731;0,000000001185;-0,000005819;0,000005222
19;37,9;-0,000002181;0,0000007829;0,0000008705;-0,000000001182;0,000005801;-0,000005206
19;38;0,000002174;-0,0000007805;-0,0000008679;0,000000001179;-0,000005784;0,00000519
19;38,1;-0,000002167;0,0000007781;0,0000008653;-0,000000001176;0,000005767;-0,000005174
19;38,2;0,000002161;-0,0000007758;-0,0000008628;0,000000001173;-0,00000575;0,000005159
19;38,3;-0,000002154;0,0000007734;0,0000008602;-0,00000000117;0,000005733;-0,000005143
19;38,4;0,000002147;-0,000000771;-0,0000008577;0,000000001167;-0,000005716;0,000005127
19;38,5;-0,000002141;0,0000007686;0,0000008551;-0,000000001164;0,000005699;-0,000005111
19;38,6;0,000002134;-0,0000007663;-0,0000008526;0,000000001162;-0,000005682;0,000005096
19;38,7;-0,000002128;0,0000007639;0,00000085;-0,000000001158;0,000005665;-0,00000508
19;38,8;0,000002121;-0,0000007616;-0,0000008475;0,000000001155;-0,000005648;0,000005064
19;38,9;-0,000002115;0,0000007593;0,000000845;-0,000000001152;0,000005631;-0,000005049
19;39;0,000002108;-0,0000007569;-0,0000008425;0,000000001149;-0,000005615;0,000005033
19;39,1;-0,000002102;0,0000007546;0,00000084;-0,000000001146;0,000005598;-0,000005018
19;39,2;0,000002095;-0,0000007523;-0,0000008375;0,000000001143;-0,000005581;0,000005003
19;39,3;-0,000002089;0,00000075;0,000000835;-0,00000000114;0,000005565;-0,000004987
19;39,4;0,000002083;-0,0000007477;-0,0000008325;0,000000001137;-0,000005548;0,000004972
19;39,5;-0,000002076;0,0000007454;0,0000008301;-0,000000001134;0,000005532;-0,000004957
19;39,6;0,00000207;-0,0000007431;-0,0000008276;0,000000001131;-0,000005515;0,000004942
19;39,7;-0,000002063;0,0000007409;0,0000008251;-0,000000001128;0,000005499;-0,000004927
19;39,8;0,000002057;-0,0000007386;-0,0000008227;0,000000001125;-0,000005483;0,000004911
19;39,9;-0,000002051;0,0000007363;0,0000008202;-0,000000001122;0,000005466;-0,000004896
19;40;0,000002045;-0,0000007341;-0,0000008178;0,000000001119;-0,00000545;0,000004881
20;0;0;0;0;0;0;0
20;0,1;-0,0212;-0,1612;-0,0031;0,000003343;-0,02;1,074
20;0,2;-0,0238;-0,2674;-0,0034;0,000004807;-0,023;1,783
20;0,3;0,0118;-0,0716;0,0017;0,00000008477;0,011;0,478
20;0,4;-0,0025;0,3284;-0,000295;-0,000003791;-0,001967;-2,189
20;0,5;-0,0029;-0,4498;-0,0005052;0,000005597;-0,003368;2,999
20;0,6;0,0044;0,4293;0,0007199;-0,000005421;0,004799;-2,862
20;0,7;-0,0029;-0,2994;-0,0004797;0,000003718;-0,003197;1,996
20;0,8;-0,0002299;0,1155;-0,000002654;-0,000001258;-0,00001773;-0,77
20;0,9;0,0035;0,0634;0,0005025;-0,000001143;0,00335;-0,423
20;1;-0,0057;-0,1909;-0,0008434;0,000002842;-0,005622;1,272
20;1,1;0,0063;0,2431;0,0009328;-0,000003511;0,006218;-1,621
20;1,2;-0,0052;-0,221;-0,0007694;0,00000316;-0,005128;1,473
20;1,3;0,0029;0,1449;0,0004244;-0,000002068;0,002829;-0,966
20;1,4;-0,0001241;-0,0455;-0,000007707;0,0000006587;-0,00005137;0,303
20;1,5;-0,0024;-0,0461;-0,0003694;0,0000006419;-0,002462;0,308
20;1,6;0,0041;0,1072;0,0006251;-0,000001519;0,004166;-0,715
20;1,7;-0,0047;-0,1274;-0,0007231;0,00000183;-0,00482;0,849
20;1,8;0,0044;0,1092;0,0006743;-0,00000161;0,004495;-0,728
20;1,9;-0,0034;-0,0651;-0,0005249;0,00000103;-0,003499;0,434
20;2;0,0022;0,0118;0,0003375;-0,0000003196;0,00225;-0,079
20;2,1;-0,0011;0,0347;-0,0001716;-0,0000003005;-0,001144;-0,231
20;2,2;0,0003806;-0,0633;0,00006853;0,0000006775;0,0004568;0,422
20;2,3;-0,000217;0,0697;-0,0000441;-0,000000754;-0,000294;-0,465
20;2,4;0,0005188;-0,0567;0,00008953;0,0000005645;0,0005967;0,378
20;2,5;-0,0011;0,0312;-0,0001786;-0,0000002085;-0,001191;-0,208
20;2,6;0,0018;-0,0026;0,0002782;-0,0000001889;0,001855;0,017
20;2,7;-0,0023;-0,021;-0,0003585;0,0000005148;-0,00239;0,14
20;2,8;0,0026;0,0344;0,0004003;-0,0000006967;0,002668;-0,229
20;2,9;-0,0026;-0,0359;-0,000398;0,0000007137;-0,002653;0,239
20;3;0,0023;0,0274;0,0003589;-0,0000005925;0,002392;-0,183
20;3,1;-0,0019;-0,0133;-0,0002985;0,0000003907;-0,001989;0,088
20;3,2;0,0015;-0,0018;0,0002347;-0,0000001761;0,001564;0,012
20;3,3;-0,0012;0,0135;-0,0001829;0,000000006277;-0,001219;-0,09
20;3,4;0,0009591;-0,0194;0,0001525;0,00000008437;0,001016;0,13
20;3,5;-0,0009128;0,0191;-0,000145;-0,0000000893;-0,0009664;-0,128
20;3,6;0,0009883;-0,0139;0,0001558;0,00000002612;0,001039;0,092
20;3,7;-0,0011;0,006;-0,0001763;0,00000007284;-0,001175;-0,04
20;3,8;0,0013;0,0018;0,000197;-0,000000172;0,001313;-0,012
20;3,9;-0,0014;-0,0076;-0,0002103;0,0000002428;-0,001402;0,051
20;4;0,0014;0,0101;0,000212;-0,0000002696;0,001413;-0,067
20;4,1;-0,0013;-0,0094;-0,0002019;0,0000002518;-0,001346;0,063
20;4,2;0,0012;0,0062;0,0001832;-0,0000002009;0,001221;-0,041
20;4,3;-0,001;-0,0019;-0,0001606;0,000000135;-0,00107;0,013
20;4,4;0,0009004;-0,0022;0,0001391;-0,00000007286;0,0009274;0,014
20;4,5;-0,0007925;0,005;-0,0001226;0,00000002873;-0,0008172;-0,033
20;4,6;0,0007295;-0,006;0,0001128;-0,000000009422;0,000752;0,04
20;4,7;-0,0007095;0,0053;-0,0001095;0,00000001396;-0,0007301;-0,035
20;4,8;0,0007201;-0,0034;0,0001109;-0,00000003532;0,000739;0,023
20;4,9;-0,0007436;0,0011;-0,0001142;0,00000006345;-0,0007609;-0,007302
20;5;0,0007625;0,0009988;0,0001168;-0,00000008856;0,0007783;-0,006659
20;5,1;-0,0007644;-0,0023;-0,0001168;0,0000001036;-0,0007788;0,016
20;5,2;0,0007441;0,0027;0,0001136;-0,0000001057;0,0007573;-0,018
20;5,3;-0,0007038;-0,0022;-0,0001074;0,00000009606;-0,0007157;0,015
20;5,4;0,0006508;0,0012;0,00009922;-0,00000007871;0,0006614;-0,007886
20;5,5;-0,0005946;0,00005016;-0,00009061;0,00000005911;-0,000604;-0,0003341
20;5,6;0,0005441;-0,0011;0,00008287;-0,00000004225;0,0005524;0,007287
20;5,7;-0,0005053;0,0017;-0,00007688;0,00000003149;-0,0005125;-0,011
20;5,8;0,00048;-0,0018;0,00007294;-0,00000002791;0,0004862;0,012
20;5,9;-0,0004664;0,0014;-0,00007077;0,00000003052;-0,0004717;-0,009653
20;6;0,0004603;-0,0008319;0,00006972;-0,00000003689;0,0004648;0,005546
20;6,1;-0,0004564;0,0001617;-0,00006901;0,00000004407;-0,00046;-0,001078
20;6,2;0,0004501;0,0003765;0,00006794;-0,0000000495;0,0004529;-0,00251
20;6,3;-0,0004386;-0,0006674;-0,00006609;0,00000005159;-0,0004406;0,00445
20;6,4;0,0004211;0,0006837;0,00006336;-0,00000004995;0,0004223;-0,004558
20;6,5;-0,0003989;-0,0004764;-0,00005991;0,00000004528;-0,0003994;0,003176
20;6,6;0,0003745;0,0001457;0,00005613;-0,00000003897;0,0003741;-0,0009717
20;6,7;-0,0003504;0,0001946;-0,00005241;0,00000003259;-0,0003494;-0,001297
20;6,8;0,0003291;-0,0004507;0,00004911;-0,00000002741;0,0003273;0,003004
20;6,9;-0,0003117;0,0005691;-0,00004641;0,00000002419;-0,0003093;-0,003794
20;7;0,0002985;-0,0005437;0,00004433;-0,000000023;0,0002955;0,003625
20;7,1;-0,0002885;0,0004079;-0,00004274;0,00000002339;-0,0002849;-0,002719
20;7,2;0,0002804;-0,0002178;0,00004145;-0,00000002457;0,0002763;0,001452
20;7,3;-0,0002728;0,00003346;-0,00004021;0,00000002574;-0,000268;-0,0002229
20;7,4;0,0002643;0,00009833;0,00003886;-0,00000002623;0,0002591;-0,0006556
20;7,5;-0,0002545;-0,0001537;-0,00003731;0,00000002573;-0,0002487;0,001025
20;7,6;0,0002433;0,0001338;0,00003556;-0,00000002424;0,000237;-0,0008922
20;7,7;-0,0002312;-0,00005941;-0,00003368;0,00000002205;-0,0002245;0,0003962
20;7,8;0,000219;-0,0000382;0,00003178;-0,0000000196;0,0002118;0,0002546
20;7,9;-0,0002074;0,0001277;-0,00002998;0,0000000173;-0,0001998;-0,0008512
20;8;0,0001969;-0,000186;0,00002835;-0,00000001549;0,000189;0,00124
20;8,1;-0,0001879;0,0002028;-0,00002694;0,00000001429;-0,0001796;-0,001352
20;8,2;0,0001801;-0,0001809;0,00002572;-0,00000001367;0,0001715;0,001206
20;8,3;-0,0001734;0,0001329;-0,00002466;0,00000001344;-0,0001644;-0,0008862
20;8,4;0,0001672;-0,00007589;0,00002368;-0,00000001339;0,0001579;0,0005059
20;8,5;-0,0001611;0,00002602;-0,00002273;0,00000001327;-0,0001515;-0,0001734
20;8,6;0,000155;0,000005484;0,00002176;-0,00000001294;0,000145;-0,00003662
20;8,7;-0,0001485;-0,00001447;-0,00002075;0,00000001233;-0,0001383;0,0000965
20;8,8;0,0001419;0,000003542;0,00001971;-0,00000001148;0,0001314;-0,00002367
20;8,9;-0,0001352;0,00001991;-0,00001867;0,00000001048;-0,0001245;-0,0001327
20;9;0,0001287;-0,00004662;0,00001766;-0,000000009476;0,0001177;0,0003108
20;9,1;-0,0001225;0,00006829;-0,00001671;0,000000008566;-0,0001114;-0,0004553
20;9,2;0,0001169;-0,00007959;0,00001583;-0,000000007825;0,0001055;0,0005305
20;9,3;-0,0001117;0,00007898;-0,00001503;0,000000007274;-0,0001002;-0,0005265
20;9,4;0,0001071;-0,00006844;0,0000143;-0,000000006884;0,00009533;0,0004562
20;9,5;-0,0001028;0,00005221;-0,00001363;0,000000006595;-0,00009083;-0,000348
20;9,6;0,00009865;-0,00003524;0,00001299;-0,000000006338;0,00008656;0,0002349
20;9,7;-0,00009465;0,00002176;-0,00001236;0,000000006053;-0,0000824;-0,000145
20;9,8;0,00009068;-0,00001424;0,00001174;-0,000000005707;0,00007828;0,00009492
20;9,9;-0,00008674;0,00001313;-0,00001113;0,000000005292;-0,00007419;-0,00008752
20;10;0,00008284;-0,00001709;0,00001052;-0,000000004825;0,00007016;0,0001139
20;10,1;-0,00007903;0,00002372;-0,000009934;0,00000000434;-0,00006622;-0,0001581
20;10,2;0,00007538;-0,00003038;0,000009368;-0,00000000387;0,00006245;0,0002025
20;10,3;-0,00007192;0,00003496;-0,000008833;0,000000003445;-0,00005888;-0,0002331
20;10,4;0,00006869;-0,00003632;0,000008331;-0,000000003081;0,00005554;0,0002421
20;10,5;-0,00006567;0,00003441;-0,000007863;0,000000002775;-0,00005242;-0,0002294
20;10,6;0,00006283;-0,00003009;0,000007424;-0,000000002518;0,00004949;0,0002006
20;10,7;-0,00006015;0,00002468;-0,000007009;0,000000002288;-0,00004672;-0,0001645
20;10,8;0,00005758;-0,00001958;0,000006611;-0,000000002069;0,00004407;0,0001305
20;10,9;-0,00005509;0,00001581;-0,000006226;0,000000001843;-0,0000415;-0,0001054
20;11;0,00005267;-0,00001388;0,000005851;-0,000000001604;0,000039;0,0000925
20;11,1;-0,00005031;0,0000137;-0,000005487;0,000000001353;-0,00003657;-0,00009136
20;11,2;0,00004801;-0,00001477;0,000005133;-0,000000001096;0,00003422;0,00009847
20;11,3;-0,0000458;0,00001634;-0,000004793;0,0000000008434;-0,00003195;-0,0001089
20;11,4;0,00004369;-0,00001768;0,000004468;-0,0000000006036;0,00002978;0,0001179
20;11,5;-0,00004168;0,00001829;-0,000004159;0,000000000384;-0,00002773;-0,0001219
20;11,6;0,00003978;-0,00001796;0,000003868;-0,000000000187;0,00002578;0,0001197
20;11,7;-0,00003799;0,00001677;-0,000003592;0,00000000001095;-0,00002395;-0,0001118
20;11,8;0,00003628;-0,00001503;0,00000333;0,000000000149;0,0000222;0,0001002
20;11,9;-0,00003465;0,00001315;-0,000003081;-0,0000000002993;-0,00002054;-0,00008769
20;12;0,00003309;-0,00001149;0,000002841;0,0000000004448;0,00001894;0,00007663
20;12,1;-0,00003158;0,0000103;-0,000002611;-0,0000000005894;-0,00001741;-0,00006868
20;12,2;0,00003012;-0,000009656;0,000002389;0,0000000007337;0,00001593;0,00006438
20;12,3;-0,00002872;0,000009482;-0,000002175;-0,000000000877;-0,0000145;-0,00006322
20;12,4;0,00002737;-0,0000096;0,000001969;0,000000001017;0,00001313;0,000064
20;12,5;-0,00002607;0,000009791;-0,000001772;-0,000000001152;-0,00001182;-0,00006528
20;12,6;0,00002483;-0,000009868;0,000001584;0,00000000128;0,00001056;0,00006579
20;12,7;-0,00002365;0,000009712;-0,000001405;-0,000000001399;-0,000009372;-0,00006475
20;12,8;0,00002253;-0,000009298;0,000001235;0,000000001509;0,000008239;0,00006199
20;12,9;-0,00002146;0,000008675;-0,000001074;-0,00000000161;-0,000007161;-0,00005784
20;13;0,00002043;-0,000007947;0,0000009197;0,000000001704;0,000006134;0,00005299
20;13,1;-0,00001946;0,000007226;-0,0000007725;-0,000000001794;-0,000005153;-0,00004818
20;13,2;0,00001852;-0,000006609;0,0000006316;0,000000001881;0,000004214;0,00004407
20;13,3;-0,00001762;0,000006146;-0,0000004965;-0,000000001965;-0,000003313;-0,00004098
20;13,4;0,00001675;-0,000005844;0,0000003669;0,000000002047;0,000002449;0,00003897
20;13,5;-0,00001592;0,000005668;-0,0000002426;-0,000000002126;-0,000001621;-0,0000378
20;13,6;0,00001512;-0,00000556;0,0000001237;0,000000002202;0,0000008281;0,00003708
20;13,7;-0,00001435;0,000005458;-0,00000001013;-0,000000002275;-0,000000071;-0,0000364
20;13,8;0,00001362;-0,000005315;-0,00000009818;0,000000002343;-0,000000651;0,00003545
20;13,9;-0,00001292;0,000005106;0,0000002013;-0,000000002408;0,000001339;-0,00003405
20;14;0,00001226;-0,000004832;-0,0000002996;0,000000002469;-0,000001993;0,00003223
20;14,1;-0,00001162;0,000004514;0,0000003931;-0,000000002525;0,000002617;-0,00003011
20;14,2;0,00001101;-0,000004184;-0,0000004824;0,000000002578;-0,000003212;0,0000279
20;14,3;-0,00001043;0,000003871;0,0000005675;-0,000000002628;0,000003779;-0,00002582
20;14,4;0,000009869;-0,0000036;-0,0000006489;0,000000002676;-0,000004322;0,00002401
20;14,5;-0,000009333;0,00000338;0,0000007266;-0,000000002722;0,00000484;-0,00002255
20;14,6;0,000008819;-0,000003208;-0,0000008009;0,000000002766;-0,000005335;0,0000214
20;14,7;-0,000008326;0,000003071;0,0000008719;-0,000000002808;0,000005808;-0,00002048
20;14,8;0,000007854;-0,00000295;-0,0000009396;0,000000002849;-0,000006259;0,00001968
20;14,9;-0,000007403;0,00000283;0,000001004;-0,000000002887;0,000006689;-0,00001888
20;15;0,000006971;-0,000002698;-0,000001066;0,000000002922;-0,000007099;0,000018
20;15,1;-0,000006559;0,000002551;0,000001124;-0,000000002956;0,000007488;-0,00001702
20;15,2;0,000006164;-0,000002389;-0,00000118;0,000000002987;-0,000007859;0,00001594
20;15,3;-0,000005787;0,000002222;0,000001232;-0,000000003016;0,000008212;-0,00001483
20;15,4;0,000005426;-0,000002058;-0,000001283;0,000000003043;-0,000008547;0,00001373
20;15,5;-0,000005081;0,000001905;0,000001331;-0,00000000307;0,000008867;-0,00001271
20;15,6;0,000004751;-0,000001768;-0,000001376;0,000000003094;-0,000009171;0,0000118
20;15,7;-0,000004434;0,000001648;0,00000142;-0,000000003118;0,000009461;-0,000011
20;15,8;0,000004131;-0,000001544;-0,000001461;0,00000000314;-0,000009737;0,00001031
20;15,9;-0,00000384;0,00000145;0,000001501;-0,00000000316;0,000009999;-0,000009684
20;16;0,000003563;-0,000001362;-0,000001538;0,000000003179;-0,00001025;0,000009097
20;16,1;-0,000003297;0,000001275;0,000001573;-0,000000003198;0,00001048;-0,000008516
20;16,2;0,000003043;-0,000001186;-0,000001607;0,000000003215;-0,00001071;0,000007923
20;16,3;-0,0000028;0,000001095;0,000001639;-0,00000000323;0,00001092;-0,000007316
20;16,4;0,000002568;-0,000001003;-0,000001669;0,000000003244;-0,00001112;0,000006701
20;16,5;-0,000002346;0,0000009117;0,000001698;-0,000000003257;0,00001132;-0,000006093
20;16,6;0,000002134;-0,0000008242;-0,000001725;0,00000000327;-0,0000115;0,00000551
20;16,7;-0,000001931;0,0000007424;0,000001751;-0,000000003281;0,00001167;-0,000004965
20;16,8;0,000001737;-0,0000006673;-0,000001775;0,000000003291;-0,00001183;0,000004464
20;16,9;-0,000001551;0,0000005987;0,000001798;-0,000000003301;0,00001198;-0,000004007
20;17;0,000001374;-0,0000005357;-0,00000182;0,000000003309;-0,00001213;0,000003587
20;17,1;-0,000001204;0,0000004766;0,000001841;-0,000000003317;0,00001227;-0,000003194
20;17,2;0,000001042;-0,0000004202;-0,00000186;0,000000003323;-0,0000124;0,000002817
20;17,3;-0,0000008864;0,000000365;0,000001879;-0,00000000333;0,00001252;-0,00000245
20;17,4;0,0000007381;-0,0000003106;-0,000001896;0,000000003337;-0,00001263;0,000002087
20;17,5;-0,0000005965;0,000000257;0,000001912;-0,000000003342;0,00001274;-0,000001729
20;17,6;0,0000004612;-0,0000002044;-0,000001927;0,000000003346;-0,00001284;0,000001379
20;17,7;-0,000000332;0,0000001537;0,000001942;-0,000000003348;0,00001294;-0,00000104
20;17,8;0,0000002085;-0,0000001053;-0,000001955;0,000000003351;-0,00001303;0,0000007183
20;17,9;-0,00000009048;0,00000005984;0,000001968;-0,000000003353;0,00001311;-0,0000004151
20;18;-0,00000002223;-0,00000001732;-0,00000198;0,000000003354;-0,00001319;0,0000001316
20;18,1;0,0000001299;-0,00000002241;0,000001991;-0,000000003356;0,00001326;0,0000001332
20;18,2;-0,0000002327;0,00000005974;-0,000002001;0,000000003357;-0,00001333;-0,0000003821
20;18,3;0,0000003309;-0,00000009517;0,00000201;-0,000000003357;0,0000134;0,0000006183
20;18,4;-0,0000004246;0,0000001291;-0,000002019;0,000000003357;-0,00001346;-0,0000008448
20;18,5;0,000000514;-0,000000162;0,000002027;-0,000000003357;0,00001351;0,000001064
20;18,6;-0,0000005993;0,0000001938;-0,000002035;0,000000003356;-0,00001356;-0,000001276
20;18,7;0,0000006807;-0,0000002246;0,000002042;-0,000000003355;0,00001361;0,000001481
20;18,8;-0,0000007584;0,0000002543;-0,000002048;0,000000003353;-0,00001365;-0,000001679
20;18,9;0,0000008324;-0,0000002827;0,000002054;-0,000000003351;0,00001369;0,000001869
20;19;-0,000000903;0,0000003097;-0,00000206;0,00000000335;-0,00001372;-0,000002049
20;19,1;0,0000009704;-0,0000003352;0,000002064;-0,000000003348;0,00001376;0,000002219
20;19,2;-0,000001035;0,0000003593;-0,000002069;0,000000003344;-0,00001379;-0,000002379
20;19,3;0,000001096;-0,000000382;0,000002073;-0,00000000334;0,00001381;0,00000253
20;19,4;-0,000001154;0,0000004034;-0,000002076;0,000000003336;-0,00001383;-0,000002674
20;19,5;0,00000121;-0,0000004239;0,000002079;-0,000000003332;0,00001386;0,00000281
20;19,6;-0,000001262;0,0000004434;-0,000002082;0,000000003328;-0,00001387;-0,00000294
20;19,7;0,000001313;-0,0000004622;0,000002084;-0,000000003324;0,00001389;0,000003065
20;19,8;-0,000001361;0,0000004802;-0,000002086;0,00000000332;-0,0000139;-0,000003185
20;19,9;0,000001406;-0,0000004974;0,000002087;-0,000000003315;0,00001391;0,0000033
20;20;-0,00000145;0,0000005138;-0,000002089;0,000000003309;-0,00001392;-0,00000341
20;20,1;0,000001491;-0,0000005295;0,000002089;-0,000000003304;0,00001392;0,000003514
20;20,2;-0,00000153;0,0000005443;-0,00000209;0,000000003298;-0,00001393;-0,000003613
20;20,3;0,000001567;-0,0000005583;0,00000209;-0,000000003292;0,00001393;0,000003706
20;20,4;-0,000001603;0,0000005716;-0,00000209;0,000000003286;-0,00001393;-0,000003795
20;20,5;0,000001636;-0,0000005841;0,00000209;-0,00000000328;0,00001393;0,000003878
20;20,6;-0,000001668;0,000000596;-0,00000209;0,000000003274;-0,00001393;-0,000003957
20;20,7;0,000001698;-0,0000006072;0,000002089;-0,000000003267;0,00001392;0,000004032
20;20,8;-0,000001727;0,0000006179;-0,000002088;0,000000003261;-0,00001391;-0,000004104
20;20,9;0,000001754;-0,0000006281;0,000002087;-0,000000003255;0,00001391;0,000004172
20;21;-0,00000178;0,0000006378;-0,000002085;0,000000003249;-0,0000139;-0,000004236
20;21,1;0,000001804;-0,000000647;0,000002084;-0,000000003242;0,00001389;0,000004298
20;21,2;-0,000001827;0,0000006557;-0,000002082;0,000000003236;-0,00001387;-0,000004356
20;21,3;0,000001849;-0,0000006639;0,00000208;-0,000000003229;0,00001386;0,000004411
20;21,4;-0,000001869;0,0000006717;-0,000002078;0,000000003221;-0,00001385;-0,000004462
20;21,5;0,000001888;-0,000000679;0,000002075;-0,000000003213;0,00001383;0,000004511
20;21,6;-0,000001907;0,0000006859;-0,000002073;0,000000003206;-0,00001381;-0,000004557
20;21,7;0,000001924;-0,0000006923;0,00000207;-0,000000003199;0,0000138;0,0000046
20;21,8;-0,00000194;0,0000006984;-0,000002067;0,000000003193;-0,00001378;-0,000004641
20;21,9;0,000001955;-0,0000007041;0,000002065;-0,000000003185;0,00001376;0,000004679
20;22;-0,000001969;0,0000007095;-0,000002061;0,000000003178;-0,00001374;-0,000004715
20;22,1;0,000001983;-0,0000007146;0,000002058;-0,00000000317;0,00001372;0,000004749
20;22,2;-0,000001995;0,0000007193;-0,000002055;0,000000003162;-0,00001369;-0,00000478
20;22,3;0,000002007;-0,0000007238;0,000002052;-0,000000003155;0,00001367;0,00000481
20;22,4;-0,000002018;0,000000728;-0,000002048;0,000000003148;-0,00001365;-0,000004838
20;22,5;0,000002028;-0,0000007318;0,000002044;-0,000000003139;0,00001362;0,000004864
20;22,6;-0,000002038;0,0000007355;-0,000002041;0,000000003131;-0,0000136;-0,000004888
20;22,7;0,000002046;-0,0000007388;0,000002037;-0,000000003123;0,00001357;0,00000491
20;22,8;-0,000002054;0,0000007419;-0,000002033;0,000000003115;-0,00001355;-0,000004931
20;22,9;0,000002062;-0,0000007448;0,000002029;-0,000000003107;0,00001352;0,00000495
20;23;-0,000002069;0,0000007474;-0,000002025;0,000000003099;-0,0000135;-0,000004968
20;23,1;0,000002075;-0,0000007498;0,000002021;-0,000000003092;0,00001347;0,000004984
20;23,2;-0,000002081;0,0000007521;-0,000002017;0,000000003084;-0,00001344;-0,000004999
20;23,3;0,000002086;-0,0000007541;0,000002012;-0,000000003075;0,00001341;0,000005013
20;23,4;-0,000002091;0,000000756;-0,000002008;0,000000003066;-0,00001338;-0,000005025
20;23,5;0,000002095;-0,0000007576;0,000002004;-0,000000003058;0,00001335;0,000005036
20;23,6;-0,000002099;0,0000007592;-0,000001999;0,00000000305;-0,00001332;-0,000005046
20;23,7;0,000002102;-0,0000007605;0,000001995;-0,000000003042;0,00001329;0,000005055
20;23,8;-0,000002105;0,0000007617;-0,00000199;0,000000003033;-0,00001326;-0,000005063
20;23,9;0,000002108;-0,0000007627;0,000001986;-0,000000003024;0,00001323;0,00000507
20;24;-0,00000211;0,0000007636;-0,000001981;0,000000003016;-0,0000132;-0,000005076
20;24,1;0,000002112;-0,0000007643;0,000001976;-0,000000003008;0,00001317;0,000005081
20;24,2;-0,000002114;0,000000765;-0,000001972;0,000000003;-0,00001314;-0,000005085
20;24,3;0,000002115;-0,0000007655;0,000001967;-0,000000002991;0,00001311;0,000005089
20;24,4;-0,000002115;0,0000007658;-0,000001962;0,000000002983;-0,00001308;-0,000005091
20;24,5;0,000002116;-0,0000007661;0,000001957;-0,000000002974;0,00001304;0,000005093
20;24,6;-0,000002116;0,0000007663;-0,000001952;0,000000002966;-0,00001301;-0,000005094
20;24,7;0,000002116;-0,0000007663;0,000001947;-0,000000002957;0,00001298;0,000005095
20;24,8;-0,000002116;0,0000007663;-0,000001943;0,000000002949;-0,00001295;-0,000005094
20;24,9;0,000002115;-0,0000007661;0,000001938;-0,000000002941;0,00001291;0,000005093
20;25;-0,000002114;0,0000007659;-0,000001933;0,000000002932;-0,00001288;-0,000005092
20;25,1;0,000002113;-0,0000007656;0,000001928;-0,000000002924;0,00001285;0,00000509
20;25,2;-0,000002112;0,0000007652;-0,000001923;0,000000002916;-0,00001281;-0,000005087
20;25,3;0,000002111;-0,0000007647;0,000001918;-0,000000002908;0,00001278;0,000005084
20;25,4;-0,000002109;0,0000007641;-0,000001913;0,000000002899;-0,00001275;-0,00000508
20;25,5;0,000002107;-0,0000007635;0,000001907;-0,00000000289;0,00001271;0,000005076
20;25,6;-0,000002105;0,0000007628;-0,000001902;0,000000002882;-0,00001268;-0,000005072
20;25,7;0,000002103;-0,0000007621;0,000001897;-0,000000002873;0,00001264;0,000005067
20;25,8;-0,000002101;0,0000007612;-0,000001892;0,000000002865;-0,00001261;-0,000005061
20;25,9;0,000002098;-0,0000007604;0,000001887;-0,000000002857;0,00001258;0,000005055
20;26;-0,000002095;0,0000007594;-0,000001882;0,000000002849;-0,00001254;-0,000005049
20;26,1;0,000002092;-0,0000007584;0,000001877;-0,000000002841;0,00001251;0,000005043
20;26,2;-0,00000209;0,0000007574;-0,000001872;0,000000002833;-0,00001247;-0,000005036
20;26,3;0,000002086;-0,0000007563;0,000001867;-0,000000002824;0,00001244;0,000005028
20;26,4;-0,000002083;0,0000007552;-0,000001861;0,000000002816;-0,0000124;-0,000005021
20;26,5;0,00000208;-0,000000754;0,000001856;-0,000000002807;0,00001237;0,000005013
20;26,6;-0,000002076;0,0000007528;-0,000001851;0,000000002798;-0,00001234;-0,000005005
20;26,7;0,000002073;-0,0000007515;0,000001846;-0,00000000279;0,0000123;0,000004997
20;26,8;-0,000002069;0,0000007502;-0,000001841;0,000000002782;-0,00001227;-0,000004988
20;26,9;0,000002065;-0,0000007489;0,000001836;-0,000000002773;0,00001223;0,000004979
20;27;-0,000002062;0,0000007475;-0,00000183;0,000000002764;-0,0000122;-0,00000497
20;27,1;0,000002058;-0,0000007461;0,000001825;-0,000000002755;0,00001216;0,000004961
20;27,2;-0,000002054;0,0000007446;-0,00000182;0,000000002747;-0,00001213;-0,000004951
20;27,3;0,000002049;-0,0000007432;0,000001815;-0,000000002739;0,0000121;0,000004941
20;27,4;-0,000002045;0,0000007417;-0,00000181;0,000000002731;-0,00001206;-0,000004931
20;27,5;0,000002041;-0,0000007402;0,000001805;-0,000000002723;0,00001203;0,000004921
20;27,6;-0,000002037;0,0000007386;-0,000001799;0,000000002715;-0,00001199;-0,000004911
20;27,7;0,000002032;-0,0000007371;0,000001794;-0,000000002706;0,00001196;0,000004901
20;27,8;-0,000002028;0,0000007355;-0,000001789;0,000000002698;-0,00001192;-0,00000489
20;27,9;0,000002023;-0,0000007338;0,000001784;-0,00000000269;0,00001189;0,000004879
20;28;-0,000002019;0,0000007322;-0,000001779;0,000000002682;-0,00001185;-0,000004869
20;28,1;0,000002014;-0,0000007306;0,000001774;-0,000000002674;0,00001182;0,000004858
20;28,2;-0,00000201;0,0000007289;-0,000001769;0,000000002666;-0,00001179;-0,000004846
20;28,3;0,000002005;-0,0000007272;0,000001763;-0,000000002658;0,00001175;0,000004835
20;28,4;-0,000002;0,0000007255;-0,000001758;0,00000000265;-0,00001172;-0,000004824
20;28,5;0,000001995;-0,0000007238;0,000001753;-0,000000002642;0,00001168;0,000004812
20;28,6;-0,000001991;0,0000007221;-0,000001748;0,000000002634;-0,00001165;-0,000004801
20;28,7;0,000001986;-0,0000007203;0,000001743;-0,000000002626;0,00001162;0,000004789
20;28,8;-0,000001981;0,0000007185;-0,000001738;0,000000002618;-0,00001158;-0,000004778
20;28,9;0,000001976;-0,0000007168;0,000001733;-0,00000000261;0,00001155;0,000004766
20;29;-0,000001971;0,000000715;-0,000001728;0,000000002602;-0,00001151;-0,000004754
20;29,1;0,000001966;-0,0000007132;0,000001723;-0,000000002594;0,00001148;0,000004742
20;29,2;-0,000001961;0,0000007114;-0,000001718;0,000000002586;-0,00001145;-0,00000473
20;29,3;0,000001956;-0,0000007096;0,000001713;-0,000000002579;0,00001141;0,000004718
20;29,4;-0,000001951;0,0000007078;-0,000001708;0,000000002571;-0,00001138;-0,000004706
20;29,5;0,000001946;-0,0000007059;0,000001703;-0,000000002563;0,00001135;0,000004694
20;29,6;-0,000001941;0,0000007041;-0,000001698;0,000000002555;-0,00001131;-0,000004682
20;29,7;0,000001936;-0,0000007023;0,000001693;-0,000000002548;0,00001128;0,00000467
20;29,8;-0,000001931;0,0000007004;-0,000001688;0,00000000254;-0,00001125;-0,000004657
20;29,9;0,000001926;-0,0000006986;0,000001683;-0,000000002532;0,00001121;0,000004645
20;30;-0,00000192;0,0000006967;-0,000001678;0,000000002524;-0,00001118;-0,000004633
20;30,1;0,000001915;-0,0000006949;0,000001673;-0,000000002517;0,00001115;0,00000462
20;30,2;-0,00000191;0,000000693;-0,000001668;0,000000002509;-0,00001111;-0,000004608
20;30,3;0,000001905;-0,0000006911;0,000001663;-0,000000002501;0,00001108;0,000004595
20;30,4;-0,0000019;0,0000006893;-0,000001658;0,000000002493;-0,00001105;-0,000004583
20;30,5;0,000001895;-0,0000006874;0,000001653;-0,000000002485;0,00001102;0,000004571
20;30,6;-0,000001889;0,0000006855;-0,000001648;0,000000002477;-0,00001098;-0,000004558
20;30,7;0,000001884;-0,0000006836;0,000001643;-0,00000000247;0,00001095;0,000004546
20;30,8;-0,000001879;0,0000006817;-0,000001638;0,000000002462;-0,00001092;-0,000004533
20;30,9;0,000001874;-0,0000006799;0,000001633;-0,000000002455;0,00001088;0,000004521
20;31;-0,000001869;0,000000678;-0,000001628;0,000000002448;-0,00001085;-0,000004508
20;31,1;0,000001863;-0,0000006761;0,000001624;-0,00000000244;0,00001082;0,000004496
20;31,2;-0,000001858;0,0000006742;-0,000001619;0,000000002433;-0,00001079;-0,000004483
20;31,3;0,000001853;-0,0000006723;0,000001614;-0,000000002425;0,00001076;0,00000447
20;31,4;-0,000001848;0,0000006704;-0,000001609;0,000000002417;-0,00001072;-0,000004458
20;31,5;0,000001843;-0,0000006685;0,000001604;-0,00000000241;0,00001069;0,000004445
20;31,6;-0,000001837;0,0000006667;-0,0000016;0,000000002403;-0,00001066;-0,000004433
20;31,7;0,000001832;-0,0000006648;0,000001595;-0,000000002395;0,00001063;0,00000442
20;31,8;-0,000001827;0,0000006629;-0,00000159;0,000000002388;-0,0000106;-0,000004408
20;31,9;0,000001822;-0,000000661;0,000001585;-0,000000002381;0,00001056;0,000004395
20;32;-0,000001817;0,0000006591;-0,00000158;0,000000002373;-0,00001053;-0,000004383
20;32,1;0,000001811;-0,0000006572;0,000001576;-0,000000002366;0,0000105;0,00000437
20;32,2;-0,000001806;0,0000006554;-0,000001571;0,000000002359;-0,00001047;-0,000004358
20;32,3;0,000001801;-0,0000006535;0,000001566;-0,000000002352;0,00001044;0,000004345
20;32,4;-0,000001796;0,0000006516;-0,000001562;0,000000002345;-0,00001041;-0,000004333
20;32,5;0,000001791;-0,0000006497;0,000001557;-0,000000002338;0,00001038;0,00000432
20;32,6;-0,000001785;0,0000006479;-0,000001552;0,00000000233;-0,00001034;-0,000004308
20;32,7;0,00000178;-0,000000646;0,000001548;-0,000000002323;0,00001031;0,000004295
20;32,8;-0,000001775;0,0000006441;-0,000001543;0,000000002316;-0,00001028;-0,000004283
20;32,9;0,00000177;-0,0000006423;0,000001538;-0,000000002309;0,00001025;0,000004271
20;33;-0,000001765;0,0000006404;-0,000001534;0,000000002301;-0,00001022;-0,000004258
20;33,1;0,00000176;-0,0000006385;0,000001529;-0,000000002294;0,00001019;0,000004246
20;33,2;-0,000001755;0,0000006367;-0,000001525;0,000000002287;-0,00001016;-0,000004233
20;33,3;0,00000175;-0,0000006348;0,00000152;-0,00000000228;0,00001013;0,000004221
20;33,4;-0,000001744;0,000000633;-0,000001515;0,000000002273;-0,0000101;-0,000004209
20;33,5;0,000001739;-0,0000006311;0,000001511;-0,000000002266;0,00001007;0,000004197
20;33,6;-0,000001734;0,0000006293;-0,000001506;0,000000002259;-0,00001004;-0,000004184
20;33,7;0,000001729;-0,0000006274;0,000001502;-0,000000002252;0,00001001;0,000004172
20;33,8;-0,000001724;0,0000006256;-0,000001497;0,000000002245;-0,000009978;-0,00000416
20;33,9;0,000001719;-0,0000006238;0,000001493;-0,000000002238;0,000009948;0,000004148
20;34;-0,000001714;0,0000006219;-0,000001488;0,000000002231;-0,000009918;-0,000004135
20;34,1;0,000001709;-0,0000006201;0,000001484;-0,000000002224;0,000009888;0,000004123
20;34,2;-0,000001704;0,0000006183;-0,000001479;0,000000002217;-0,000009858;-0,000004111
20;34,3;0,000001699;-0,0000006165;0,000001475;-0,000000002211;0,000009829;0,000004099
20;34,4;-0,000001694;0,0000006147;-0,00000147;0,000000002204;-0,000009799;-0,000004087
20;34,5;0,000001689;-0,0000006128;0,000001466;-0,000000002197;0,000009769;0,000004075
20;34,6;-0,000001684;0,000000611;-0,000001462;0,00000000219;-0,00000974;-0,000004063
20;34,7;0,000001679;-0,0000006092;0,000001457;-0,000000002184;0,000009711;0,000004051
20;34,8;-0,000001674;0,0000006074;-0,000001453;0,000000002177;-0,000009681;-0,000004039
20;34,9;0,000001669;-0,0000006056;0,000001448;-0,00000000217;0,000009652;0,000004027
20;35;-0,000001664;0,0000006038;-0,000001444;0,000000002163;-0,000009623;-0,000004015
20;35,1;0,000001659;-0,0000006021;0,00000144;-0,000000002156;0,000009594;0,000004003
20;35,2;-0,000001654;0,0000006003;-0,000001435;0,00000000215;-0,000009565;-0,000003991
20;35,3;0,000001649;-0,0000005985;0,000001431;-0,000000002143;0,000009536;0,00000398
20;35,4;-0,000001644;0,0000005967;-0,000001427;0,000000002136;-0,000009508;-0,000003968
20;35,5;0,00000164;-0,0000005949;0,000001422;-0,00000000213;0,000009479;0,000003956
20;35,6;-0,000001635;0,0000005932;-0,000001418;0,000000002124;-0,00000945;-0,000003944
20;35,7;0,00000163;-0,0000005914;0,000001414;-0,000000002117;0,000009422;0,000003933
20;35,8;-0,000001625;0,0000005897;-0,00000141;0,000000002111;-0,000009393;-0,000003921
20;35,9;0,00000162;-0,0000005879;0,000001405;-0,000000002104;0,000009365;0,000003909
20;36;-0,000001615;0,0000005862;-0,000001401;0,000000002098;-0,000009337;-0,000003898
20;36,1;0,000001611;-0,0000005844;0,000001397;-0,000000002092;0,000009309;0,000003886
20;36,2;-0,000001606;0,0000005827;-0,000001393;0,000000002085;-0,00000928;-0,000003874
20;36,3;0,000001601;-0,0000005809;0,000001388;-0,000000002079;0,000009252;0,000003863
20;36,4;-0,000001596;0,0000005792;-0,000001384;0,000000002072;-0,000009224;-0,000003851
20;36,5;0,000001591;-0,0000005775;0,00000138;-0,000000002066;0,000009197;0,00000384
20;36,6;-0,000001587;0,0000005758;-0,000001376;0,000000002059;-0,000009169;-0,000003829
20;36,7;0,000001582;-0,000000574;0,000001372;-0,000000002053;0,000009141;0,000003817
20;36,8;-0,000001577;0,0000005723;-0,000001368;0,000000002046;-0,000009114;-0,000003806
20;36,9;0,000001573;-0,0000005706;0,000001363;-0,000000002039;0,000009086;0,000003794
20;37;-0,000001568;0,0000005689;-0,000001359;0,000000002033;-0,000009059;-0,000003783
20;37,1;0,000001563;-0,0000005672;0,000001355;-0,000000002026;0,000009031;0,000003772
20;37,2;-0,000001558;0,0000005655;-0,000001351;0,00000000202;-0,000009004;-0,00000376
20;37,3;0,000001554;-0,0000005638;0,000001347;-0,000000002014;0,000008977;0,000003749
20;37,4;-0,000001549;0,0000005622;-0,000001343;0,000000002008;-0,00000895;-0,000003738
20;37,5;0,000001545;-0,0000005605;0,000001339;-0,000000002001;0,000008922;0,000003727
20;37,6;-0,00000154;0,0000005588;-0,000001335;0,000000001995;-0,000008896;-0,000003716
20;37,7;0,000001535;-0,0000005571;0,000001331;-0,000000001988;0,000008869;0,000003705
20;37,8;-0,000001531;0,0000005555;-0,000001327;0,000000001982;-0,000008842;-0,000003694
20;37,9;0,000001526;-0,0000005538;0,000001323;-0,000000001976;0,000008815;0,000003682
20;38;-0,000001522;0,0000005521;-0,000001319;0,00000000197;-0,000008788;-0,000003671
20;38,1;0,000001517;-0,0000005505;0,000001315;-0,000000001964;0,000008762;0,00000366
20;38,2;-0,000001512;0,0000005488;-0,000001311;0,000000001958;-0,000008735;-0,00000365
20;38,3;0,000001508;-0,0000005472;0,000001307;-0,000000001952;0,000008709;0,000003639
20;38,4;-0,000001503;0,0000005456;-0,000001303;0,000000001946;-0,000008683;-0,000003628
20;38,5;0,000001499;-0,0000005439;0,000001299;-0,000000001941;0,000008656;0,000003617
20;38,6;-0,000001494;0,0000005423;-0,000001295;0,000000001935;-0,00000863;-0,000003606
20;38,7;0,00000149;-0,0000005407;0,000001291;-0,000000001929;0,000008604;0,000003595
20;38,8;-0,000001485;0,0000005391;-0,000001287;0,000000001923;-0,000008578;-0,000003584
20;38,9;0,000001481;-0,0000005374;0,000001283;-0,000000001917;0,000008552;0,000003574
20;39;-0,000001477;0,0000005358;-0,000001279;0,000000001911;-0,000008526;-0,000003563
20;39,1;0,000001472;-0,0000005342;0,000001276;-0,000000001905;0,0000085;0,000003552
20;39,2;-0,000001468;0,0000005326;-0,000001272;0,000000001899;-0,000008475;-0,000003542
20;39,3;0,000001463;-0,000000531;0,000001268;-0,000000001893;0,000008449;0,000003531
20;39,4;-0,000001459;0,0000005294;-0,000001264;0,000000001887;-0,000008423;-0,00000352
20;39,5;0,000001455;-0,0000005278;0,00000126;-0,000000001881;0,000008398;0,00000351
20;39,6;-0,00000145;0,0000005263;-0,000001256;0,000000001875;-0,000008373;-0,000003499
20;39,7;0,000001446;-0,0000005247;0,000001253;-0,000000001869;0,000008347;0,000003489
20;39,8;-0,000001442;0,0000005231;-0,000001249;0,000000001864;-0,000008322;-0,000003478
20;39,9;0,000001437;-0,0000005215;0,000001245;-0,000000001858;0,000008297;0,000003468
20;40;-0,000001433;0,00000052;-0,000001241;0,000000001852;-0,000008272;-0,000003458
21;0;0;0;0;0;0;0
21;0,1;-0,0134;0,1359;0,0028;-0,00001016;-0,019;0,906
21;0,2;-0,0149;0,2196;0,0032;-0,00001418;-0,021;1,464
21;0,3;0,0076;0,0498;-0,0016;0,0000005042;0,01;0,332
21;0,4;-0,0018;-0,2542;0,0002881;0,000009888;-0,00192;-1,695
21;0,5;-0,0016;0,3517;0,0004503;-0,00001503;-0,003001;2,345
21;0,6;0,0025;-0,3371;-0,0006503;0,00001469;0,004333;-2,247
21;0,7;-0,0017;0,2359;0,000432;-0,00001013;-0,002878;1,573
21;0,8;-0,0002339;-0,092;0,000009185;0,000003464;-0,00006118;-0,613
21;0,9;0,0022;-0,0483;-0,0004669;0,000003063;0,003111;-0,322
21;1;-0,0035;0,1482;0,0007789;-0,000007685;-0,00519;0,988
21;1,1;0,0039;-0,189;-0,0008604;0,000009494;0,005733;-1,26
21;1,2;-0,0032;0,1714;0,0007099;-0,000008514;-0,00473;1,143
21;1,3;0,0018;-0,1114;-0,0003929;0,000005512;0,002618;-0,743
21;1,4;-0,00009511;0,0332;0,00001028;-0,000001649;-0,00006844;0,221
21;1,5;-0,0014;0,0389;0,000336;-0,000001908;-0,002239;0,259
21;1,6;0,0025;-0,0867;-0,0005706;0,000004294;0,003802;-0,578
21;1,7;-0,0029;0,1024;0,0006605;-0,000005123;-0,004401;0,682
21;1,8;0,0027;-0,0878;-0,0006156;0,000004493;0,004102;-0,585
21;1,9;-0,0021;0,0527;0,0004783;-0,00000287;-0,003187;0,351
21;2;0,0013;-0,0103;-0,0003061;0,0000008908;0,00204;-0,069
21;2,1;-0,0006255;-0,0266;0,0001537;0,0000008375;-0,001024;-0,177
21;2,2;0,0002062;0,0493;-0,00005898;-0,000001895;0,000393;0,329
21;2,3;-0,0001056;-0,0547;0,00003651;0,000002123;-0,0002433;-0,365
21;2,4;0,0002882;0,0446;-0,0000782;-0,000001617;0,0005211;0,297
21;2,5;-0,0006483;-0,0247;0,00016;0,0000006499;-0,001066;-0,165
21;2,6;0,0011;0,0022;-0,0002515;0,0000004344;0,001676;0,015
21;2,7;-0,0014;0,0163;0,0003253;-0,000001325;-0,002168;0,109
21;2,8;0,0015;-0,0267;-0,0003637;0,000001823;0,002424;-0,178
21;2,9;-0,0015;0,0279;0,0003618;-0,000001871;-0,002411;0,186
21;3;0,0014;-0,0212;-0,0003261;0,00000154;0,002173;-0,142
21;3,1;-0,0011;0,0101;0,0002707;-0,00000099;-0,001804;0,067
21;3,2;0,0008885;0,0018;-0,0002123;0,0000004058;0,001415;0,012
21;3,3;-0,0006826;-0,011;0,000165;0,0000000544;-0,001099;-0,073
21;3,4;0,0005628;0,0156;-0,0001372;-0,0000002963;0,0009142;0,104
21;3,5;-0,0005361;-0,0153;0,0001305;0,0000003023;-0,0008696;-0,102
21;3,6;0,0005835;0,0112;-0,0001406;-0,0000001211;0,000937;0,074
21;3,7;-0,0006699;-0,0049;0,0001596;-0,0000001583;-0,001064;-0,033
21;3,8;0,0007571;-0,0013;-0,0001788;0,000000438;0,001191;-0,008757
21;3,9;-0,000814;0,0059;0,0001911;-0,0000006391;-0,001274;0,039
21;4;0,000824;-0,0079;-0,0001929;0,0000007189;0,001285;-0,053
21;4,1;-0,0007863;0,0074;0,0001838;-0,0000006756;-0,001225;0,049
21;4,2;0,0007132;-0,0049;-0,0001667;0,0000005405;0,001111;-0,033
21;4,3;-0,0006243;0,0015;0,0001461;-0,0000003636;-0,0009734;0,01
21;4,4;0,0005398;0,0016;-0,0001265;0,0000001964;0,0008428;0,011
21;4,5;-0,0004751;-0,0038;0,0001114;-0,00000007803;-0,0007424;-0,025
21;4,6;0,0004375;0,0046;-0,0001025;0,00000002739;0,0006832;0,031
21;4,7;-0,0004261;-0,0041;0,00009961;-0,00000004178;-0,0006638;-0,027
21;4,8;0,0004332;0,0026;-0,0001009;0,0000001019;0,0006725;0,017
21;4,9;-0,000448;-0,0007529;0,000104;-0,0000001803;-0,0006931;-0,005019
21;5;0,00046;-0,0008967;-0,0001065;0,0000002501;0,0007096;-0,005978
21;5,1;-0,0004617;0,002;0,0001066;-0,000000292;-0,0007105;0,013
21;5,2;0,0004499;-0,0023;-0,0001037;0,0000002981;0,0006912;-0,015
21;5,3;-0,0004258;0,0019;0,00009806;-0,0000002715;-0,0006534;0,012
21;5,4;0,0003939;-0,001;-0,00009064;0,0000002238;0,0006039;-0,006814
21;5,5;-0,0003601;0,00004348;0,00008279;-0,0000001698;-0,0005516;0,0002901
21;5,6;0,0003297;0,0007855;-0,00007573;0,0000001234;0,0005046;0,005237
21;5,7;-0,0003064;-0,0013;0,00007028;-0,00000009358;-0,0004683;-0,008483
21;5,8;0,0002914;0,0014;-0,0000667;0,00000008356;0,0004445;0,009023
21;5,9;-0,0002834;-0,0011;0,00006476;-0,00000009054;-0,0004315;-0,007232
21;6;0,00028;0,0006051;-0,00006384;0,0000001079;0,0004254;0,004034
21;6,1;-0,0002779;-0,00008196;0,00006322;-0,0000001275;-0,0004213;-0,0005462
21;6,2;0,0002744;-0,0003376;-0,00006228;0,0000001423;0,000415;-0,002251
21;6,3;-0,0002676;0,0005628;0,00006062;-0,000000148;-0,0004039;0,003752
21;6,4;0,0002573;-0,0005721;-0,00005815;0,0000001434;0,0003874;-0,003814
21;6,5;-0,000244;0,0004057;0,00005502;-0,0000001306;-0,0003666;0,002705
21;6,6;0,0002294;-0,0001425;-0,00005158;0,0000001133;0,0003437;-0,0009502
21;6,7;-0,000215;-0,0001279;0,0000482;-0,00000009587;-0,0003212;-0,0008525
21;6,8;0,0002022;0,0003315;-0,0000452;0,00000008175;0,0003012;0,00221
21;6,9;-0,0001919;-0,0004263;0,00004275;-0,00000007301;-0,0002848;-0,002842
21;7;0,0001841;0,0004075;-0,00004087;0,00000006987;0,0002723;0,002717
21;7,1;-0,0001782;-0,0003014;0,00003944;-0,00000007108;-0,0002628;-0,002009
21;7,2;0,0001735;0,0001524;-0,00003828;0,00000007449;0,0002551;0,001016
21;7,3;-0,000169;-0,000007814;0,00003717;-0,00000007784;-0,0002477;-0,00005196
21;7,4;0,000164;-0,00009545;-0,00003596;0,00000007935;0,0002396;-0,0006364
21;7,5;-0,0001582;0,0001386;0,00003456;-0,00000007812;-0,0002303;0,0009239
21;7,6;0,0001516;-0,0001223;-0,00003297;0,00000007417;0,0002197;-0,0008158
21;7,7;-0,0001444;0,00006321;0,00003126;-0,00000006831;-0,0002083;0,0004215
21;7,8;0,0001371;0,00001423;-0,00002954;0,00000006169;0,0001968;0,00009474
21;7,9;-0,0001302;-0,00008527;0,0000279;-0,00000005551;-0,0001859;-0,0005683
21;8;0,000124;0,0001317;-0,00002643;0,00000005063;0,0001761;0,0008781
21;8,1;-0,0001186;-0,0001455;0,00002515;-0,00000004743;-0,0001676;-0,00097
21;8,2;0,000114;0,0001288;-0,00002405;0,00000004582;0,0001603;0,0008588
21;8,3;-0,00011;-0,00009155;0,00002309;-0,00000004529;-0,0001539;-0,0006102
21;8,4;0,0001064;0,00004716;-0,00002221;0,00000004521;0,000148;0,0003143
21;8,5;-0,0001028;-0,000008435;0,00002135;-0,00000004496;-0,0001423;-0,00005615
21;8,6;0,00009911;-0,00001581;-0,00002047;0,00000004411;0,0001364;-0,0001055
21;8,7;-0,00009528;0,0000223;0,00001956;-0,00000004249;-0,0001303;0,0001487
21;8,8;0,00009132;-0,0000131;-0,00001862;0,0000000402;0,0001241;-0,00008745
21;8,9;-0,00008733;-0,000005955;0,00001767;-0,00000003753;-0,0001178;-0,00003962
21;9;0,00008345;0,00002758;-0,00001676;0,0000000348;0,0001116;0,0001838
21;9,1;-0,00007979;-0,00004521;0,00001589;-0,00000003234;-0,0001059;-0,0003013
21;9,2;0,00007643;0,00005464;-0,00001509;0,00000003034;0,0001006;0,0003642
21;9,3;-0,00007337;-0,00005467;0,00001437;-0,00000002886;-0,00009574;-0,0003644
21;9,4;0,00007059;0,00004685;-0,00001371;0,00000002782;0,00009134;0,0003123
21;9,5;-0,00006802;-0,00003452;0,0000131;-0,00000002705;-0,00008726;-0,0002301
21;9,6;0,00006558;0,00002159;-0,00001252;0,00000002637;0,00008339;0,0001439
21;9,7;-0,00006319;-0,00001138;0,00001195;-0,00000002562;-0,00007962;-0,00007582
21;9,8;0,00006083;0,000005852;-0,00001139;0,00000002469;0,00007589;0,00003895
21;9,9;-0,00005848;-0,000005348;0,00001083;-0,00000002357;-0,00007218;-0,00003559
21;10;0,00005615;0,00000882;-0,00001028;0,00000002231;0,00006852;0,00005874
21;10,1;-0,00005387;-0,00001437;0,000009747;-0,00000002099;-0,00006495;-0,00009576
21;10,2;0,00005169;0,00001993;-0,000009233;0,00000001972;0,00006152;0,0001328
21;10,3;-0,00004962;-0,00002383;0,000008747;-0,00000001857;-0,00005828;-0,0001588
21;10,4;0,00004769;0,00002518;-0,000008291;0,00000001758;0,00005525;0,0001678
21;10,5;-0,00004588;-0,00002394;0,000007866;-0,00000001675;-0,00005241;-0,0001595
21;10,6;0,00004419;0,00002077;-0,000007467;0,00000001606;0,00004976;0,0001384
21;10,7;-0,00004258;-0,00001674;0,00000709;-0,00000001544;-0,00004724;-0,0001115
21;10,8;0,00004104;0,00001293;-0,000006728;0,00000001484;0,00004483;0,00008616
21;10,9;-0,00003955;-0,00001017;0,000006378;-0,00000001423;-0,0000425;-0,00006774
21;11;0,0000381;0,000008845;-0,000006038;0,00000001358;0,00004023;0,00005891
21;11,1;-0,00003668;-0,000008898;0,000005706;-0,00000001289;-0,00003802;-0,00005927
21;11,2;0,0000353;0,000009918;-0,000005384;0,00000001219;0,00003588;0,00006607
21;11,3;-0,00003398;-0,00001132;0,000005075;-0,0000000115;-0,00003381;-0,00007545
21;11,4;0,00003271;0,00001255;-0,000004779;0,00000001084;0,00003184;0,00008361
21;11,5;-0,0000315;-0,00001319;0,000004498;-0,00000001023;-0,00002997;-0,00008787
21;11,6;0,00003036;0,00001308;-0,000004232;0,000000009687;0,0000282;0,00008712
21;11,7;-0,00002927;-0,00001228;0,00000398;-0,000000009198;-0,00002652;-0,00008185
21;11,8;0,00002824;0,00001106;-0,000003742;0,000000008752;0,00002493;0,00007367
21;11,9;-0,00002726;-0,00000971;0,000003514;-0,000000008335;-0,00002341;-0,00006469
21;12;0,00002632;0,000008531;-0,000003296;0,00000000793;0,00002196;0,00005683
21;12,1;-0,00002541;-0,000007716;0,000003085;-0,000000007527;-0,00002056;-0,0000514
21;12,2;0,00002452;0,000007327;-0,000002883;0,000000007123;0,00001921;0,0000488
21;12,3;-0,00002367;-0,000007304;0,000002687;-0,000000006719;-0,0000179;-0,00004865
21;12,4;0,00002285;0,000007507;-0,000002499;0,000000006321;0,00001665;0,00005
21;12,5;-0,00002207;-0,000007763;0,000002319;-0,000000005937;-0,00001545;-0,00005171
21;12,6;0,00002132;0,000007924;-0,000002147;0,000000005575;0,0000143;0,00005279
21;12,7;-0,0000206;-0,000007899;0,000001983;-0,000000005236;-0,00001321;-0,00005262
21;12,8;0,00001991;0,000007664;-0,000001827;0,000000004922;0,00001217;0,00005106
21;12,9;-0,00001926;-0,000007262;0,000001679;-0,00000000463;-0,00001119;-0,00004838
21;13;0,00001864;0,000006772;-0,000001538;0,000000004356;0,00001024;0,00004511
21;13,1;-0,00001804;-0,000006285;0,000001403;-0,000000004094;-0,000009344;-0,00004186
21;13,2;0,00001746;0,000005875;-0,000001273;0,00000000384;0,000008481;0,00003913
21;13,3;-0,00001691;-0,000005584;0,000001149;-0,000000003593;-0,000007654;-0,00003719
21;13,4;0,00001638;0,000005416;-0,00000103;0,000000003351;0,000006859;0,00003607
21;13,5;-0,00001587;-0,000005344;0,0000009153;-0,000000003115;-0,000006097;-0,00003559
21;13,6;0,00001538;0,000005322;-0,0000008057;0,000000002887;0,000005367;0,00003545
21;13,7;-0,0000149;-0,000005302;0,0000007009;-0,000000002668;-0,000004669;-0,00003531
21;13,8;0,00001445;0,000005247;-0,0000006009;0,000000002461;0,000004002;0,00003494
21;13,9;-0,00001402;-0,000005137;0,0000005056;-0,000000002266;-0,000003367;-0,00003421
21;14;0,00001361;0,000004973;-0,0000004148;0,000000002083;0,000002762;0,00003312
21;14,1;-0,00001321;-0,000004772;0,0000003281;-0,000000001909;-0,000002184;-0,00003178
21;14,2;0,00001283;0,000004558;-0,0000002454;0,000000001743;0,000001633;0,00003035
21;14,3;-0,00001247;-0,000004357;0,0000001664;-0,000000001585;-0,000001107;-0,00002901
21;14,4;0,00001212;0,000004186;-0,00000009084;0,000000001432;0,0000006033;0,00002787
21;14,5;-0,00001178;-0,000004053;0,00000001851;-0,000000001285;-0,0000001214;-0,00002698
21;14,6;0,00001146;0,000003955;0,00000005069;0,000000001142;-0,0000003397;0,00002634
21;14,7;-0,00001115;-0,000003883;-0,0000001169;-0,000000001005;0,0000007807;-0,00002586
21;14,8;0,00001085;0,000003823;0,0000001801;0,0000000008733;-0,000001202;0,00002546
21;14,9;-0,00001057;-0,000003761;-0,0000002404;-0,0000000007476;0,000001604;-0,00002504
21;15;0,00001029;0,000003689;0,000000298;0,000000000628;-0,000001988;0,00002456
21;15,1;-0,00001003;-0,000003602;-0,0000003528;-0,0000000005149;0,000002353;-0,00002398
21;15,2;0,00000978;0,000003503;0,0000004051;0,0000000004072;-0,000002701;0,00002332
21;15,3;-0,000009539;-0,000003398;-0,0000004549;-0,0000000003046;0,000003033;-0,00002262
21;15,4;0,000009307;0,000003293;0,0000005025;0,0000000002071;-0,00000335;0,00002193
21;15,5;-0,000009085;-0,000003197;-0,0000005478;-0,0000000001139;0,000003652;-0,00002128
21;15,6;0,000008871;0,000003111;0,0000005911;0,00000000002434;-0,00000394;0,00002071
21;15,7;-0,000008666;-0,000003038;-0,0000006323;0,00000000006162;0,000004215;-0,00002023
21;15,8;0,000008468;0,000002976;0,0000006717;-0,0000000001438;-0,000004478;0,00001981
21;15,9;-0,000008278;-0,000002922;-0,0000007093;0,000000000223;0,000004728;-0,00001945
21;16;0,000008096;0,00000287;0,000000745;-0,0000000002987;-0,000004966;0,0000191
21;16,1;-0,000007921;-0,000002818;-0,0000007791;0,0000000003702;0,000005193;-0,00001876
21;16,2;0,000007753;0,000002764;0,0000008115;-0,0000000004387;-0,000005409;0,0000184
21;16,3;-0,000007591;-0,000002707;-0,0000008423;0,0000000005042;0,000005615;-0,00001802
21;16,4;0,000007436;0,000002649;0,0000008717;-0,0000000005662;-0,00000581;0,00001763
21;16,5;-0,000007287;-0,00000259;-0,0000008995;0,0000000006254;0,000005996;-0,00001724
21;16,6;0,000007144;0,000002534;0,0000009261;-0,0000000006815;-0,000006173;0,00001686
21;16,7;-0,000007006;-0,000002481;-0,0000009513;0,0000000007353;0,000006341;-0,00001651
21;16,8;0,000006874;0,000002432;0,0000009753;-0,0000000007867;-0,0000065;0,00001619
21;16,9;-0,000006747;-0,000002388;-0,000000998;0,0000000008356;0,000006652;-0,0000159
21;17;0,000006624;0,000002348;0,00000102;-0,0000000008828;-0,000006796;0,00001563
21;17,1;-0,000006506;-0,00000231;-0,00000104;0,000000000928;0,000006933;-0,00001538
21;17,2;0,000006393;0,000002274;0,00000106;-0,0000000009709;-0,000007063;0,00001513
21;17,3;-0,000006283;-0,000002238;-0,000001078;0,000000001011;0,000007186;-0,00001489
21;17,4;0,000006178;0,000002202;0,000001096;-0,000000001049;-0,000007303;0,00001465
21;17,5;-0,000006077;-0,000002166;-0,000001112;0,000000001086;0,000007414;-0,00001441
21;17,6;0,00000598;0,00000213;0,000001128;-0,000000001121;-0,000007518;0,00001418
21;17,7;-0,000005887;-0,000002096;-0,000001143;0,000000001155;0,000007617;-0,00001395
21;17,8;0,000005796;0,000002062;0,000001157;-0,000000001186;-0,00000771;0,00001372
21;17,9;-0,00000571;-0,000002031;-0,00000117;0,000000001217;0,000007799;-0,00001351
21;18;0,000005626;0,000002001;0,000001183;-0,000000001246;-0,000007882;0,00001332
21;18,1;-0,000005545;-0,000001973;-0,000001194;0,000000001273;0,000007961;-0,00001313
21;18,2;0,000005467;0,000001947;0,000001206;-0,000000001299;-0,000008035;0,00001295
21;18,3;-0,000005393;-0,000001922;-0,000001216;0,000000001324;0,000008105;-0,00001279
21;18,4;0,00000532;0,000001897;0,000001226;-0,000000001347;-0,000008171;0,00001262
21;18,5;-0,000005251;-0,000001873;-0,000001235;0,000000001369;0,000008232;-0,00001246
21;18,6;0,000005183;0,00000185;0,000001244;-0,00000000139;-0,00000829;0,00001231
21;18,7;-0,000005119;-0,000001827;-0,000001252;0,00000000141;0,000008345;-0,00001215
21;18,8;0,000005056;0,000001804;0,00000126;-0,000000001428;-0,000008395;0,000012
21;18,9;-0,000004996;-0,000001783;-0,000001267;0,000000001446;0,000008443;-0,00001186
21;19;0,000004937;0,000001762;0,000001273;-0,000000001462;-0,000008487;0,00001172
21;19,1;-0,000004881;-0,000001742;-0,00000128;0,000000001478;0,000008528;-0,00001159
21;19,2;0,000004827;0,000001723;0,000001285;-0,000000001493;-0,000008566;0,00001146
21;19,3;-0,000004774;-0,000001704;-0,000001291;0,000000001508;0,000008602;-0,00001134
21;19,4;0,000004723;0,000001687;0,000001296;-0,000000001522;-0,000008635;0,00001122
21;19,5;-0,000004674;-0,00000167;-0,0000013;0,000000001534;0,000008665;-0,00001111
21;19,6;0,000004626;0,000001653;0,000001304;-0,000000001546;-0,000008693;0,000011
21;19,7;-0,00000458;-0,000001637;-0,000001308;0,000000001557;0,000008718;-0,00001089
21;19,8;0,000004536;0,000001622;0,000001312;-0,000000001567;-0,000008741;0,00001079
21;19,9;-0,000004493;-0,000001606;-0,000001315;0,000000001577;0,000008763;-0,00001068
21;20;0,000004451;0,000001591;0,000001318;-0,000000001587;-0,000008782;0,00001059
21;20,1;-0,000004411;-0,000001577;-0,00000132;0,000000001596;0,000008799;-0,00001049
21;20,2;0,000004372;0,000001563;0,000001322;-0,000000001604;-0,000008814;0,0000104
21;20,3;-0,000004334;-0,00000155;-0,000001324;0,000000001612;0,000008827;-0,00001031
21;20,4;0,000004297;0,000001537;0,000001326;-0,000000001619;-0,000008839;0,00001022
21;20,5;-0,000004261;-0,000001524;-0,000001328;0,000000001625;0,000008849;-0,00001014
21;20,6;0,000004227;0,000001512;0,000001329;-0,000000001631;-0,000008858;0,00001006
21;20,7;-0,000004193;-0,0000015;-0,00000133;0,000000001637;0,000008865;-0,00000998
21;20,8;0,00000416;0,000001489;0,000001331;-0,000000001642;-0,00000887;0,000009904
21;20,9;-0,000004129;-0,000001478;-0,000001332;0,000000001647;0,000008875;-0,000009829
21;21;0,000004098;0,000001467;0,000001332;-0,00000000165;-0,000008877;0,000009757
21;21,1;-0,000004068;-0,000001456;-0,000001332;0,000000001654;0,000008879;-0,000009686
21;21,2;0,000004039;0,000001446;0,000001332;-0,000000001658;-0,00000888;0,000009618
21;21,3;-0,000004011;-0,000001436;-0,000001332;0,000000001661;0,000008879;-0,000009551
21;21,4;0,000003983;0,000001426;0,000001332;-0,000000001664;-0,000008877;0,000009486
21;21,5;-0,000003956;-0,000001417;-0,000001332;0,000000001667;0,000008875;-0,000009423
21;21,6;0,00000393;0,000001408;0,000001331;-0,000000001669;-0,000008871;0,000009362
21;21,7;-0,000003905;-0,000001399;-0,00000133;0,000000001671;0,000008866;-0,000009302
21;21,8;0,00000388;0,00000139;0,00000133;-0,000000001672;-0,000008861;0,000009244
21;21,9;-0,000003856;-0,000001381;-0,000001329;0,000000001673;0,000008854;-0,000009187
21;22;0,000003832;0,000001373;0,000001327;-0,000000001674;-0,000008847;0,000009132
21;22,1;-0,000003809;-0,000001365;-0,000001326;0,000000001675;0,000008839;-0,000009077
21;22,2;0,000003787;0,000001357;0,000001325;-0,000000001676;-0,00000883;0,000009024
21;22,3;-0,000003765;-0,000001349;-0,000001324;0,000000001676;0,000008821;-0,000008973
21;22,4;0,000003743;0,000001342;0,000001322;-0,000000001676;-0,000008811;0,000008922
21;22,5;-0,000003723;-0,000001334;-0,00000132;0,000000001676;0,0000088;-0,000008873
21;22,6;0,000003702;0,000001327;0,000001319;-0,000000001676;-0,000008788;0,000008824
21;22,7;-0,000003682;-0,00000132;-0,000001317;0,000000001676;0,000008776;-0,000008777
21;22,8;0,000003662;0,000001313;0,000001315;-0,000000001676;-0,000008764;0,000008731
21;22,9;-0,000003643;-0,000001306;-0,000001313;0,000000001675;0,000008751;-0,000008686
21;23;0,000003624;0,000001299;0,000001311;-0,000000001674;-0,000008737;0,000008641
21;23,1;-0,000003606;-0,000001293;-0,000001309;0,000000001672;0,000008723;-0,000008598
21;23,2;0,000003588;0,000001287;0,000001307;-0,000000001671;-0,000008708;0,000008555
21;23,3;-0,00000357;-0,00000128;-0,000001304;0,00000000167;0,000008693;-0,000008514
21;23,4;0,000003553;0,000001274;0,000001302;-0,000000001669;-0,000008678;0,000008473
21;23,5;-0,000003536;-0,000001268;-0,0000013;0,000000001667;0,000008662;-0,000008432
21;23,6;0,000003519;0,000001262;0,000001297;-0,000000001666;-0,000008646;0,000008393
21;23,7;-0,000003503;-0,000001256;-0,000001295;0,000000001664;0,00000863;-0,000008354
21;23,8;0,000003487;0,000001251;0,000001292;-0,000000001662;-0,000008613;0,000008316
21;23,9;-0,000003471;-0,000001245;-0,00000129;0,00000000166;0,000008595;-0,000008279
21;24;0,000003455;0,000001239;0,000001287;-0,000000001658;-0,000008578;0,000008242
21;24,1;-0,00000344;-0,000001234;-0,000001284;0,000000001656;0,00000856;-0,000008206
21;24,2;0,000003425;0,000001229;0,000001282;-0,000000001653;-0,000008542;0,00000817
21;24,3;-0,00000341;-0,000001223;-0,000001279;0,000000001651;0,000008524;-0,000008135
21;24,4;0,000003396;0,000001218;0,000001276;-0,000000001649;-0,000008505;0,0000081
21;24,5;-0,000003381;-0,000001213;-0,000001273;0,000000001647;0,000008487;-0,000008066
21;24,6;0,000003367;0,000001208;0,000001271;-0,000000001644;-0,000008468;0,000008033
21;24,7;-0,000003353;-0,000001203;-0,000001268;0,000000001641;0,000008448;-0,000008
21;24,8;0,000003339;0,000001198;0,000001265;-0,000000001638;-0,000008429;0,000007967
21;24,9;-0,000003326;-0,000001193;-0,000001262;0,000000001635;0,000008409;-0,000007935
21;25;0,000003313;0,000001189;0,000001259;-0,000000001633;-0,00000839;0,000007903
21;25,1;-0,000003299;-0,000001184;-0,000001256;0,00000000163;0,00000837;-0,000007872
21;25,2;0,000003286;0,000001179;0,000001253;-0,000000001626;-0,00000835;0,000007841
21;25,3;-0,000003273;-0,000001175;-0,00000125;0,000000001623;0,000008329;-0,000007811
21;25,4;0,000003261;0,00000117;0,000001247;-0,00000000162;-0,000008309;0,000007781
21;25,5;-0,000003248;-0,000001166;-0,000001244;0,000000001617;0,000008289;-0,000007751
21;25,6;0,000003236;0,000001161;0,000001241;-0,000000001614;-0,000008268;0,000007721
21;25,7;-0,000003224;-0,000001157;-0,000001238;0,000000001611;0,000008247;-0,000007692
21;25,8;0,000003211;0,000001152;0,000001234;-0,000000001607;-0,000008227;0,000007664
21;25,9;-0,000003199;-0,000001148;-0,000001231;0,000000001604;0,000008206;-0,000007635
21;26;0,000003188;0,000001144;0,000001228;-0,0000000016;-0,000008185;0,000007607
21;26,1;-0,000003176;-0,00000114;-0,000001225;0,000000001596;0,000008164;-0,000007579
21;26,2;0,000003164;0,000001136;0,000001222;-0,000000001593;-0,000008142;0,000007551
21;26,3;-0,000003153;-0,000001132;-0,000001219;0,00000000159;0,000008121;-0,000007524
21;26,4;0,000003141;0,000001127;0,000001215;-0,000000001587;-0,0000081;0,000007497
21;26,5;-0,00000313;-0,000001123;-0,000001212;0,000000001584;0,000008079;-0,00000747
21;26,6;0,000003119;0,000001119;0,000001209;-0,00000000158;-0,000008057;0,000007444
21;26,7;-0,000003108;-0,000001116;-0,000001206;0,000000001577;0,000008036;-0,000007418
21;26,8;0,000003097;0,000001112;0,000001203;-0,000000001573;-0,000008014;0,000007392
21;26,9;-0,000003086;-0,000001108;-0,000001199;0,00000000157;0,000007993;-0,000007366
21;27;0,000003075;0,000001104;0,000001196;-0,000000001567;-0,000007971;0,00000734
21;27,1;-0,000003065;-0,0000011;-0,000001193;0,000000001563;0,00000795;-0,000007315
21;27,2;0,000003054;0,000001096;0,00000119;-0,00000000156;-0,000007928;0,00000729
21;27,3;-0,000003044;-0,000001092;-0,000001186;0,000000001556;0,000007907;-0,000007265
21;27,4;0,000003033;0,000001089;0,000001183;-0,000000001552;-0,000007885;0,00000724
21;27,5;-0,000003023;-0,000001085;-0,00000118;0,000000001548;0,000007863;-0,000007215
21;27,6;0,000003013;0,000001081;0,000001177;-0,000000001545;-0,000007842;0,000007191
21;27,7;-0,000003002;-0,000001078;-0,000001173;0,000000001542;0,00000782;-0,000007166
21;27,8;0,000002992;0,000001074;0,00000117;-0,000000001538;-0,000007798;0,000007142
21;27,9;-0,000002982;-0,000001071;-0,000001167;0,000000001534;0,000007777;-0,000007118
21;28;0,000002972;0,000001067;0,000001164;-0,00000000153;-0,000007755;0,000007095
21;28,1;-0,000002962;-0,000001063;-0,00000116;0,000000001526;0,000007733;-0,000007071
21;28,2;0,000002953;0,00000106;0,000001157;-0,000000001523;-0,000007712;0,000007048
21;28,3;-0,000002943;-0,000001056;-0,000001154;0,000000001519;0,00000769;-0,000007024
21;28,4;0,000002933;0,000001053;0,000001151;-0,000000001515;-0,000007668;0,000007001
21;28,5;-0,000002923;-0,000001049;-0,000001147;0,000000001512;0,000007647;-0,000006978
21;28,6;0,000002914;0,000001046;0,000001144;-0,000000001508;-0,000007625;0,000006955
21;28,7;-0,000002904;-0,000001043;-0,000001141;0,000000001504;0,000007603;-0,000006933
21;28,8;0,000002895;0,000001039;0,000001138;-0,0000000015;-0,000007582;0,00000691
21;28,9;-0,000002885;-0,000001036;-0,000001134;0,000000001496;0,00000756;-0,000006888
21;29;0,000002876;0,000001032;0,000001131;-0,000000001493;-0,000007539;0,000006865
21;29,1;-0,000002867;-0,000001029;-0,000001128;0,000000001489;0,000007517;-0,000006843
21;29,2;0,000002857;0,000001026;0,000001125;-0,000000001485;-0,000007496;0,000006821
21;29,3;-0,000002848;-0,000001023;-0,000001122;0,000000001481;0,000007474;-0,000006799
21;29,4;0,000002839;0,000001019;0,000001118;-0,000000001477;-0,000007453;0,000006777
21;29,5;-0,00000283;-0,000001016;-0,000001115;0,000000001474;0,000007432;-0,000006756
21;29,6;0,000002821;0,000001013;0,000001112;-0,00000000147;-0,00000741;0,000006734
21;29,7;-0,000002812;-0,000001009;-0,000001109;0,000000001466;0,000007389;-0,000006713
21;29,8;0,000002803;0,000001006;0,000001105;-0,000000001462;-0,000007368;0,000006691
21;29,9;-0,000002794;-0,000001003;-0,000001102;0,000000001458;0,000007346;-0,00000667
21;30;0,000002785;0,0000009999;0,000001099;-0,000000001455;-0,000007325;0,000006649
21;30,1;-0,000002776;-0,0000009967;-0,000001096;0,000000001451;0,000007304;-0,000006628
21;30,2;0,000002767;0,0000009935;0,000001093;-0,000000001447;-0,000007283;0,000006607
21;30,3;-0,000002759;-0,0000009904;-0,00000109;0,000000001444;0,000007262;-0,000006586
21;30,4;0,00000275;0,0000009873;0,000001086;-0,00000000144;-0,000007241;0,000006565
21;30,5;-0,000002741;-0,0000009842;-0,000001083;0,000000001437;0,00000722;-0,000006544
21;30,6;0,000002733;0,0000009811;0,00000108;-0,000000001433;-0,000007199;0,000006524
21;30,7;-0,000002724;-0,000000978;-0,000001077;0,000000001429;0,000007178;-0,000006503
21;30,8;0,000002715;0,0000009749;0,000001074;-0,000000001426;-0,000007157;0,000006483
21;30,9;-0,000002707;-0,0000009718;-0,000001071;0,000000001422;0,000007136;-0,000006462
21;31;0,000002698;0,0000009688;0,000001068;-0,000000001418;-0,000007115;0,000006442
21;31,1;-0,00000269;-0,0000009658;-0,000001064;0,000000001414;0,000007094;-0,000006422
21;31,2;0,000002682;0,0000009627;0,000001061;-0,00000000141;-0,000007074;0,000006402
21;31,3;-0,000002673;-0,0000009597;-0,000001058;0,000000001407;0,000007053;-0,000006382
21;31,4;0,000002665;0,0000009567;0,000001055;-0,000000001403;-0,000007032;0,000006362
21;31,5;-0,000002657;-0,0000009537;-0,000001052;0,000000001399;0,000007012;-0,000006342
21;31,6;0,000002648;0,0000009508;0,000001049;-0,000000001396;-0,000006991;0,000006322
21;31,7;-0,00000264;-0,0000009478;-0,000001046;0,000000001392;0,000006971;-0,000006302
21;31,8;0,000002632;0,0000009449;0,000001043;-0,000000001389;-0,00000695;0,000006283
21;31,9;-0,000002624;-0,0000009419;-0,00000104;0,000000001385;0,00000693;-0,000006263
21;32;0,000002615;0,000000939;0,000001037;-0,000000001381;-0,000006909;0,000006244
21;32,1;-0,000002607;-0,0000009361;-0,000001034;0,000000001377;0,000006889;-0,000006224
21;32,2;0,000002599;0,0000009332;0,000001031;-0,000000001374;-0,000006869;0,000006205
21;32,3;-0,000002591;-0,0000009303;-0,000001028;0,00000000137;0,000006849;-0,000006186
21;32,4;0,000002583;0,0000009274;0,000001025;-0,000000001366;-0,000006829;0,000006167
21;32,5;-0,000002575;-0,0000009245;-0,000001022;0,000000001363;0,000006809;-0,000006148
21;32,6;0,000002567;0,0000009217;0,000001019;-0,000000001359;-0,000006788;0,000006129
21;32,7;-0,000002559;-0,0000009188;-0,000001016;0,000000001356;0,000006768;-0,00000611
21;32,8;0,000002551;0,000000916;0,000001013;-0,000000001352;-0,000006749;0,000006091
21;32,9;-0,000002543;-0,0000009131;-0,00000101;0,000000001349;0,000006729;-0,000006072
21;33;0,000002535;0,0000009103;0,000001007;-0,000000001345;-0,000006709;0,000006053
21;33,1;-0,000002528;-0,0000009075;-0,000001004;0,000000001342;0,000006689;-0,000006034
21;33,2;0,00000252;0,0000009047;0,000001001;-0,000000001338;-0,000006669;0,000006016
21;33,3;-0,000002512;-0,0000009019;-0,0000009978;0,000000001335;0,00000665;-0,000005997
21;33,4;0,000002504;0,0000008991;0,0000009948;-0,000000001331;-0,00000663;0,000005979
21;33,5;-0,000002497;-0,0000008964;-0,0000009919;0,000000001328;0,00000661;-0,00000596
21;33,6;0,000002489;0,0000008936;0,000000989;-0,000000001324;-0,000006591;0,000005942
21;33,7;-0,000002481;-0,0000008908;-0,0000009861;0,00000000132;0,000006571;-0,000005924
21;33,8;0,000002474;0,0000008881;0,0000009831;-0,000000001317;-0,000006552;0,000005905
21;33,9;-0,000002466;-0,0000008854;-0,0000009802;0,000000001314;0,000006533;-0,000005887
21;34;0,000002458;0,0000008826;0,0000009773;-0,00000000131;-0,000006513;0,000005869
21;34,1;-0,000002451;-0,0000008799;-0,0000009744;0,000000001307;0,000006494;-0,000005851
21;34,2;0,000002443;0,0000008772;0,0000009716;-0,000000001303;-0,000006475;0,000005833
21;34,3;-0,000002436;-0,0000008745;-0,0000009687;0,0000000013;0,000006456;-0,000005815
21;34,4;0,000002428;0,0000008718;0,0000009658;-0,000000001296;-0,000006437;0,000005797
21;34,5;-0,000002421;-0,0000008691;-0,000000963;0,000000001293;0,000006418;-0,000005779
21;34,6;0,000002413;0,0000008665;0,0000009601;-0,000000001289;-0,000006399;0,000005762
21;34,7;-0,000002406;-0,0000008638;-0,0000009573;0,000000001286;0,00000638;-0,000005744
21;34,8;0,000002399;0,0000008612;0,0000009544;-0,000000001282;-0,000006361;0,000005726
21;34,9;-0,000002391;-0,0000008585;-0,0000009516;0,000000001279;0,000006342;-0,000005709
21;35;0,000002384;0,0000008559;0,0000009488;-0,000000001276;-0,000006323;0,000005691
21;35,1;-0,000002376;-0,0000008532;-0,000000946;0,000000001272;0,000006305;-0,000005674
21;35,2;0,000002369;0,0000008506;0,0000009432;-0,000000001269;-0,000006286;0,000005656
21;35,3;-0,000002362;-0,000000848;-0,0000009404;0,000000001266;0,000006267;-0,000005639
21;35,4;0,000002355;0,0000008454;0,0000009376;-0,000000001262;-0,000006249;0,000005622
21;35,5;-0,000002347;-0,0000008428;-0,0000009348;0,000000001259;0,00000623;-0,000005604
21;35,6;0,00000234;0,0000008402;0,0000009321;-0,000000001255;-0,000006212;0,000005587
21;35,7;-0,000002333;-0,0000008376;-0,0000009293;0,000000001252;0,000006193;-0,00000557
21;35,8;0,000002326;0,0000008351;0,0000009265;-0,000000001248;-0,000006175;0,000005553
21;35,9;-0,000002319;-0,0000008325;-0,0000009238;0,000000001245;0,000006157;-0,000005536
21;36;0,000002312;0,00000083;0,0000009211;-0,000000001242;-0,000006138;0,000005519
21;36,1;-0,000002305;-0,0000008274;-0,0000009183;0,000000001238;0,00000612;-0,000005502
21;36,2;0,000002297;0,0000008249;0,0000009156;-0,000000001235;-0,000006102;0,000005485
21;36,3;-0,00000229;-0,0000008223;-0,0000009129;0,000000001232;0,000006084;-0,000005468
21;36,4;0,000002283;0,0000008198;0,0000009102;-0,000000001228;-0,000006066;0,000005452
21;36,5;-0,000002276;-0,0000008173;-0,0000009075;0,000000001225;0,000006048;-0,000005435
21;36,6;0,000002269;0,0000008148;0,0000009048;-0,000000001222;-0,00000603;0,000005418
21;36,7;-0,000002262;-0,0000008123;-0,0000009021;0,000000001219;0,000006012;-0,000005402
21;36,8;0,000002256;0,0000008098;0,0000008994;-0,000000001216;-0,000005994;0,000005385
21;36,9;-0,000002249;-0,0000008073;-0,0000008968;0,000000001213;0,000005976;-0,000005369
21;37;0,000002242;0,0000008049;0,0000008941;-0,00000000121;-0,000005959;0,000005352
21;37,1;-0,000002235;-0,0000008024;-0,0000008915;0,000000001207;0,000005941;-0,000005336
21;37,2;0,000002228;0,0000007999;0,0000008888;-0,000000001204;-0,000005923;0,000005319
21;37,3;-0,000002221;-0,0000007975;-0,0000008862;0,0000000012;0,000005906;-0,000005303
21;37,4;0,000002214;0,000000795;0,0000008835;-0,000000001197;-0,000005888;0,000005287
21;37,5;-0,000002208;-0,0000007926;-0,0000008809;0,000000001194;0,000005871;-0,000005271
21;37,6;0,000002201;0,0000007902;0,0000008783;-0,000000001191;-0,000005853;0,000005254
21;37,7;-0,000002194;-0,0000007878;-0,0000008757;0,000000001188;0,000005836;-0,000005238
21;37,8;0,000002187;0,0000007853;0,0000008731;-0,000000001185;-0,000005819;0,000005222
21;37,9;-0,000002181;-0,0000007829;-0,0000008705;0,000000001182;0,000005801;-0,000005206
21;38;0,000002174;0,0000007805;0,0000008679;-0,000000001179;-0,000005784;0,00000519
21;38,1;-0,000002167;-0,0000007781;-0,0000008653;0,000000001175;0,000005767;-0,000005174
21;38,2;0,000002161;0,0000007758;0,0000008628;-0,000000001172;-0,00000575;0,000005159
21;38,3;-0,000002154;-0,0000007734;-0,0000008602;0,000000001169;0,000005733;-0,000005143
21;38,4;0,000002147;0,000000771;0,0000008577;-0,000000001166;-0,000005716;0,000005127
21;38,5;-0,000002141;-0,0000007686;-0,0000008551;0,000000001162;0,000005699;-0,000005111
21;38,6;0,000002134;0,0000007663;0,0000008526;-0,000000001159;-0,000005682;0,000005096
21;38,7;-0,000002128;-0,0000007639;-0,00000085;0,000000001156;0,000005665;-0,00000508
21;38,8;0,000002121;0,0000007616;0,0000008475;-0,000000001153;-0,000005648;0,000005064
21;38,9;-0,000002115;-0,0000007593;-0,000000845;0,00000000115;0,000005631;-0,000005049
21;39;0,000002108;0,0000007569;0,0000008425;-0,000000001147;-0,000005615;0,000005033
21;39,1;-0,000002102;-0,0000007546;-0,00000084;0,000000001144;0,000005598;-0,000005018
21;39,2;0,000002095;0,0000007523;0,0000008375;-0,000000001141;-0,000005581;0,000005003
21;39,3;-0,000002089;-0,00000075;-0,000000835;0,000000001138;0,000005565;-0,000004987
21;39,4;0,000002083;0,0000007477;0,0000008325;-0,000000001135;-0,000005548;0,000004972
21;39,5;-0,000002076;-0,0000007454;-0,0000008301;0,000000001132;0,000005532;-0,000004957
21;39,6;0,00000207;0,0000007431;0,0000008276;-0,000000001129;-0,000005515;0,000004942
21;39,7;-0,000002063;-0,0000007409;-0,0000008251;0,000000001126;0,000005499;-0,000004927
21;39,8;0,000002057;0,0000007386;0,0000008227;-0,000000001123;-0,000005483;0,000004911
21;39,9;-0,000002051;-0,0000007363;-0,0000008202;0,00000000112;0,000005466;-0,000004896
21;40;0,000002045;0,0000007341;0,0000008178;-0,000000001117;-0,00000545;0,000004881
22;0;0;0;0;0;0;0
22;0,1;-0,0212;0,1612;0,0031;-0,000003343;-0,02;1,074
22;0,2;-0,0238;0,2674;0,0034;-0,000004807;-0,023;1,783
22;0,3;0,0118;0,0716;-0,0017;-0,00000008477;0,011;0,478
22;0,4;-0,0025;-0,3284;0,000295;0,000003791;-0,001967;-2,189
22;0,5;-0,0029;0,4498;0,0005052;-0,000005597;-0,003368;2,999
22;0,6;0,0044;-0,4293;-0,0007199;0,000005421;0,004799;-2,862
22;0,7;-0,0029;0,2994;0,0004797;-0,000003718;-0,003197;1,996
22;0,8;-0,0002299;-0,1155;0,000002654;0,000001258;-0,00001773;-0,77
22;0,9;0,0035;-0,0634;-0,0005025;0,000001143;0,00335;-0,423
22;1;-0,0057;0,1909;0,0008434;-0,000002842;-0,005622;1,272
22;1,1;0,0063;-0,2431;-0,0009328;0,000003511;0,006218;-1,621
22;1,2;-0,0052;0,221;0,0007694;-0,00000316;-0,005128;1,473
22;1,3;0,0029;-0,1449;-0,0004244;0,000002068;0,002829;-0,966
22;1,4;-0,0001241;0,0455;0,000007707;-0,0000006587;-0,00005137;0,303
22;1,5;-0,0024;0,0461;0,0003694;-0,0000006418;-0,002462;0,308
22;1,6;0,0041;-0,1072;-0,0006251;0,000001519;0,004166;-0,715
22;1,7;-0,0047;0,1274;0,0007231;-0,00000183;-0,00482;0,849
22;1,8;0,0044;-0,1092;-0,0006743;0,00000161;0,004495;-0,728
22;1,9;-0,0034;0,0651;0,0005249;-0,00000103;-0,003499;0,434
22;2;0,0022;-0,0118;-0,0003375;0,0000003195;0,00225;-0,079
22;2,1;-0,0011;-0,0347;0,0001716;0,0000003005;-0,001144;-0,231
22;2,2;0,0003806;0,0633;-0,00006853;-0,0000006776;0,0004568;0,422
22;2,3;-0,000217;-0,0697;0,0000441;0,0000007541;-0,000294;-0,465
22;2,4;0,0005188;0,0567;-0,00008953;-0,0000005646;0,0005967;0,378
22;2,5;-0,0011;-0,0312;0,0001786;0,0000002085;-0,001191;-0,208
22;2,6;0,0018;0,0026;-0,0002782;0,0000001889;0,001855;0,017
22;2,7;-0,0023;0,021;0,0003585;-0,0000005148;-0,00239;0,14
22;2,8;0,0026;-0,0344;-0,0004003;0,0000006967;0,002668;-0,229
22;2,9;-0,0026;0,0359;0,000398;-0,0000007137;-0,002653;0,239
22;3;0,0023;-0,0274;-0,0003589;0,0000005925;0,002392;-0,183
22;3,1;-0,0019;0,0133;0,0002985;-0,0000003907;-0,001989;0,088
22;3,2;0,0015;0,0018;-0,0002347;0,0000001761;0,001564;0,012
22;3,3;-0,0012;-0,0135;0,0001829;-0,000000006233;-0,001219;-0,09
22;3,4;0,0009591;0,0194;-0,0001525;-0,00000008441;0,001016;0,13
22;3,5;-0,0009128;-0,0191;0,000145;0,00000008934;-0,0009664;-0,128
22;3,6;0,0009883;0,0139;-0,0001558;-0,00000002616;0,001039;0,092
22;3,7;-0,0011;-0,006;0,0001763;-0,0000000728;-0,001175;-0,04
22;3,8;0,0013;-0,0018;-0,000197;0,000000172;0,001313;-0,012
22;3,9;-0,0014;0,0076;0,0002103;-0,0000002427;-0,001402;0,051
22;4;0,0014;-0,0101;-0,000212;0,0000002696;0,001413;-0,067
22;4,1;-0,0013;0,0094;0,0002019;-0,0000002518;-0,001346;0,063
22;4,2;0,0012;-0,0062;-0,0001832;0,0000002009;0,001221;-0,041
22;4,3;-0,001;0,0019;0,0001606;-0,000000135;-0,00107;0,013
22;4,4;0,0009004;0,0022;-0,0001391;0,00000007285;0,0009274;0,014
22;4,5;-0,0007925;-0,005;0,0001226;-0,00000002871;-0,0008172;-0,033
22;4,6;0,0007295;0,006;-0,0001128;0,000000009405;0,000752;0,04
22;4,7;-0,0007095;-0,0053;0,0001095;-0,00000001395;-0,0007301;-0,035
22;4,8;0,0007201;0,0034;-0,0001109;0,00000003531;0,000739;0,023
22;4,9;-0,0007436;-0,0011;0,0001142;-0,00000006344;-0,0007609;-0,007302
22;5;0,0007625;-0,0009988;-0,0001168;0,00000008856;0,0007783;-0,006659
22;5,1;-0,0007644;0,0023;0,0001168;-0,0000001036;-0,0007788;0,016
22;5,2;0,0007441;-0,0027;-0,0001136;0,0000001057;0,0007573;-0,018
22;5,3;-0,0007038;0,0022;0,0001074;-0,00000009606;-0,0007157;0,015
22;5,4;0,0006508;-0,0012;-0,00009922;0,00000007871;0,0006614;-0,007886
22;5,5;-0,0005946;-0,00005016;0,00009061;-0,0000000591;-0,000604;-0,0003341
22;5,6;0,0005441;0,0011;-0,00008287;0,00000004225;0,0005524;0,007287
22;5,7;-0,0005053;-0,0017;0,00007688;-0,00000003149;-0,0005125;-0,011
22;5,8;0,00048;0,0018;-0,00007294;0,00000002791;0,0004862;0,012
22;5,9;-0,0004664;-0,0014;0,00007077;-0,00000003053;-0,0004717;-0,009653
22;6;0,0004603;0,0008319;-0,00006972;0,00000003689;0,0004648;0,005546
22;6,1;-0,0004564;-0,0001617;0,00006901;-0,00000004408;-0,00046;-0,001078
22;6,2;0,0004501;-0,0003765;-0,00006794;0,0000000495;0,0004529;-0,00251
22;6,3;-0,0004386;0,0006674;0,00006609;-0,00000005159;-0,0004406;0,00445
22;6,4;0,0004211;-0,0006837;-0,00006336;0,00000004995;0,0004223;-0,004558
22;6,5;-0,0003989;0,0004764;0,00005991;-0,00000004528;-0,0003994;0,003176
22;6,6;0,0003745;-0,0001457;-0,00005613;0,00000003898;0,0003741;-0,0009717
22;6,7;-0,0003504;-0,0001946;0,00005241;-0,00000003259;-0,0003494;-0,001297
22;6,8;0,0003291;0,0004507;-0,00004911;0,00000002742;0,0003273;0,003004
22;6,9;-0,0003117;-0,0005691;0,00004641;-0,00000002419;-0,0003093;-0,003794
22;7;0,0002985;0,0005437;-0,00004433;0,000000023;0,0002955;0,003625
22;7,1;-0,0002885;-0,0004079;0,00004274;-0,00000002339;-0,0002849;-0,002719
22;7,2;0,0002804;0,0002178;-0,00004145;0,00000002458;0,0002763;0,001452
22;7,3;-0,0002728;-0,00003346;0,00004021;-0,00000002574;-0,000268;-0,0002229
22;7,4;0,0002643;-0,00009833;-0,00003886;0,00000002623;0,0002591;-0,0006556
22;7,5;-0,0002545;0,0001537;0,00003731;-0,00000002573;-0,0002487;0,001025
22;7,6;0,0002433;-0,0001338;-0,00003556;0,00000002424;0,000237;-0,0008922
22;7,7;-0,0002312;0,00005941;0,00003368;-0,00000002206;-0,0002245;0,0003962
22;7,8;0,000219;0,0000382;-0,00003178;0,0000000196;0,0002118;0,0002546
22;7,9;-0,0002074;-0,0001277;0,00002998;-0,00000001731;-0,0001998;-0,0008512
22;8;0,0001969;0,000186;-0,00002835;0,00000001549;0,000189;0,00124
22;8,1;-0,0001879;-0,0002028;0,00002694;-0,00000001429;-0,0001796;-0,001352
22;8,2;0,0001801;0,0001809;-0,00002572;0,00000001367;0,0001715;0,001206
22;8,3;-0,0001734;-0,0001329;0,00002466;-0,00000001345;-0,0001644;-0,0008862
22;8,4;0,0001672;0,00007589;-0,00002368;0,00000001339;0,0001579;0,0005059
22;8,5;-0,0001611;-0,00002602;0,00002273;-0,00000001327;-0,0001515;-0,0001734
22;8,6;0,000155;-0,000005484;-0,00002176;0,00000001294;0,000145;-0,00003662
22;8,7;-0,0001485;0,00001447;0,00002075;-0,00000001233;-0,0001383;0,0000965
22;8,8;0,0001419;-0,000003542;-0,00001971;0,00000001148;0,0001314;-0,00002367
22;8,9;-0,0001352;-0,00001991;0,00001867;-0,00000001049;-0,0001245;-0,0001327
22;9;0,0001287;0,00004662;-0,00001766;0,000000009481;0,0001177;0,0003108
22;9,1;-0,0001225;-0,00006829;0,00001671;-0,000000008571;-0,0001114;-0,0004553
22;9,2;0,0001169;0,00007959;-0,00001583;0,000000007832;0,0001055;0,0005305
22;9,3;-0,0001117;-0,00007898;0,00001503;-0,000000007281;-0,0001002;-0,0005265
22;9,4;0,0001071;0,00006844;-0,0000143;0,000000006891;0,00009533;0,0004562
22;9,5;-0,0001028;-0,00005221;0,00001363;-0,000000006602;-0,00009083;-0,000348
22;9,6;0,00009865;0,00003524;-0,00001299;0,000000006345;0,00008656;0,0002349
22;9,7;-0,00009465;-0,00002176;0,00001236;-0,000000006062;-0,0000824;-0,000145
22;9,8;0,00009068;0,00001424;-0,00001174;0,000000005716;0,00007828;0,00009492
22;9,9;-0,00008674;-0,00001313;0,00001113;-0,000000005301;-0,00007419;-0,00008752
22;10;0,00008284;0,00001709;-0,00001052;0,000000004835;0,00007016;0,0001139
22;10,1;-0,00007903;-0,00002372;0,000009934;-0,000000004349;-0,00006622;-0,0001581
22;10,2;0,00007538;0,00003038;-0,000009368;0,000000003879;0,00006245;0,0002025
22;10,3;-0,00007192;-0,00003496;0,000008833;-0,000000003454;-0,00005888;-0,0002331
22;10,4;0,00006869;0,00003632;-0,000008331;0,00000000309;0,00005554;0,0002421
22;10,5;-0,00006567;-0,00003441;0,000007863;-0,000000002785;-0,00005242;-0,0002294
22;10,6;0,00006283;0,00003009;-0,000007424;0,000000002527;0,00004949;0,0002006
22;10,7;-0,00006015;-0,00002468;0,000007009;-0,000000002299;-0,00004672;-0,0001645
22;10,8;0,00005758;0,00001958;-0,000006611;0,00000000208;0,00004407;0,0001305
22;10,9;-0,00005509;-0,00001581;0,000006226;-0,000000001854;-0,0000415;-0,0001054
22;11;0,00005267;0,00001388;-0,000005851;0,000000001615;0,000039;0,0000925
22;11,1;-0,00005031;-0,0000137;0,000005487;-0,000000001364;-0,00003657;-0,00009136
22;11,2;0,00004801;0,00001477;-0,000005133;0,000000001107;0,00003422;0,00009847
22;11,3;-0,0000458;-0,00001634;0,000004793;-0,0000000008534;-0,00003195;-0,0001089
22;11,4;0,00004369;0,00001768;-0,000004468;0,0000000006136;0,00002978;0,0001179
22;11,5;-0,00004168;-0,00001829;0,000004159;-0,0000000003937;-0,00002773;-0,0001219
22;11,6;0,00003978;0,00001796;-0,000003868;0,000000000196;0,00002578;0,0001197
22;11,7;-0,00003799;-0,00001677;0,000003592;-0,00000000001902;-0,00002395;-0,0001118
22;11,8;0,00003628;0,00001503;-0,00000333;-0,0000000001415;0,0000222;0,0001002
22;11,9;-0,00003465;-0,00001315;0,000003081;0,0000000002911;-0,00002054;-0,00008769
22;12;0,00003309;0,00001149;-0,000002841;-0,0000000004356;0,00001894;0,00007663
22;12,1;-0,00003158;-0,0000103;0,000002611;0,0000000005786;-0,00001741;-0,00006868
22;12,2;0,00003012;0,000009656;-0,000002389;-0,0000000007223;0,00001593;0,00006438
22;12,3;-0,00002872;-0,000009482;0,000002175;0,000000000866;-0,0000145;-0,00006322
22;12,4;0,00002737;0,0000096;-0,000001969;-0,000000001007;0,00001313;0,000064
22;12,5;-0,00002607;-0,000009791;0,000001772;0,000000001143;-0,00001182;-0,00006528
22;12,6;0,00002483;0,000009868;-0,000001584;-0,000000001271;0,00001056;0,00006579
22;12,7;-0,00002365;-0,000009712;0,000001405;0,000000001389;-0,000009372;-0,00006475
22;12,8;0,00002253;0,000009298;-0,000001235;-0,000000001499;0,000008239;0,00006199
22;12,9;-0,00002146;-0,000008675;0,000001074;0,0000000016;-0,000007161;-0,00005784
22;13;0,00002043;0,000007947;-0,0000009197;-0,000000001694;0,000006134;0,00005299
22;13,1;-0,00001946;-0,000007226;0,0000007725;0,000000001784;-0,000005153;-0,00004818
22;13,2;0,00001852;0,000006609;-0,0000006316;-0,000000001871;0,000004214;0,00004407
22;13,3;-0,00001762;-0,000006146;0,0000004965;0,000000001955;-0,000003313;-0,00004098
22;13,4;0,00001675;0,000005844;-0,0000003669;-0,000000002037;0,000002449;0,00003897
22;13,5;-0,00001592;-0,000005668;0,0000002426;0,000000002117;-0,000001621;-0,0000378
22;13,6;0,00001512;0,00000556;-0,0000001237;-0,000000002194;0,0000008281;0,00003708
22;13,7;-0,00001435;-0,000005458;0,00000001013;0,000000002268;-0,000000071;-0,0000364
22;13,8;0,00001362;0,000005315;0,00000009818;-0,000000002336;-0,000000651;0,00003545
22;13,9;-0,00001292;-0,000005106;-0,0000002013;0,000000002401;0,000001339;-0,00003405
22;14;0,00001226;0,000004832;0,0000002996;-0,00000000246;-0,000001993;0,00003223
22;14,1;-0,00001162;-0,000004514;-0,0000003931;0,000000002516;0,000002617;-0,00003011
22;14,2;0,00001101;0,000004184;0,0000004824;-0,00000000257;-0,000003212;0,0000279
22;14,3;-0,00001043;-0,000003871;-0,0000005675;0,000000002621;0,000003779;-0,00002582
22;14,4;0,000009869;0,0000036;0,0000006489;-0,000000002669;-0,000004322;0,00002401
22;14,5;-0,000009333;-0,00000338;-0,0000007266;0,000000002716;0,00000484;-0,00002255
22;14,6;0,000008819;0,000003208;0,0000008009;-0,00000000276;-0,000005335;0,0000214
22;14,7;-0,000008326;-0,000003071;-0,0000008719;0,000000002803;0,000005808;-0,00002048
22;14,8;0,000007854;0,00000295;0,0000009396;-0,000000002843;-0,000006259;0,00001968
22;14,9;-0,000007403;-0,00000283;-0,000001004;0,000000002881;0,000006689;-0,00001888
22;15;0,000006971;0,000002698;0,000001066;-0,000000002917;-0,000007099;0,000018
22;15,1;-0,000006559;-0,000002551;-0,000001124;0,00000000295;0,000007488;-0,00001702
22;15,2;0,000006164;0,000002389;0,00000118;-0,000000002982;-0,000007859;0,00001594
22;15,3;-0,000005787;-0,000002222;-0,000001232;0,000000003012;0,000008212;-0,00001483
22;15,4;0,000005426;0,000002058;0,000001283;-0,000000003039;-0,000008547;0,00001373
22;15,5;-0,000005081;-0,000001905;-0,000001331;0,000000003065;0,000008867;-0,00001271
22;15,6;0,000004751;0,000001768;0,000001376;-0,000000003089;-0,000009171;0,0000118
22;15,7;-0,000004434;-0,000001648;-0,00000142;0,000000003112;0,000009461;-0,000011
22;15,8;0,000004131;0,000001544;0,000001461;-0,000000003134;-0,000009737;0,00001031
22;15,9;-0,00000384;-0,00000145;-0,000001501;0,000000003154;0,000009999;-0,000009684
22;16;0,000003563;0,000001362;0,000001538;-0,000000003174;-0,00001025;0,000009097
22;16,1;-0,000003297;-0,000001275;-0,000001573;0,000000003191;0,00001048;-0,000008516
22;16,2;0,000003043;0,000001186;0,000001607;-0,000000003208;-0,00001071;0,000007923
22;16,3;-0,0000028;-0,000001095;-0,000001639;0,000000003223;0,00001092;-0,000007316
22;16,4;0,000002568;0,000001003;0,000001669;-0,000000003237;-0,00001112;0,000006701
22;16,5;-0,000002346;-0,0000009117;-0,000001698;0,000000003251;0,00001132;-0,000006093
22;16,6;0,000002134;0,0000008242;0,000001725;-0,000000003262;-0,0000115;0,00000551
22;16,7;-0,000001931;-0,0000007424;-0,000001751;0,000000003274;0,00001167;-0,000004965
22;16,8;0,000001737;0,0000006673;0,000001775;-0,000000003284;-0,00001183;0,000004464
22;16,9;-0,000001551;-0,0000005987;-0,000001798;0,000000003293;0,00001198;-0,000004007
22;17;0,000001374;0,0000005356;0,00000182;-0,000000003302;-0,00001213;0,000003587
22;17,1;-0,000001204;-0,0000004766;-0,000001841;0,00000000331;0,00001227;-0,000003194
22;17,2;0,000001042;0,0000004202;0,00000186;-0,000000003318;-0,0000124;0,000002817
22;17,3;-0,0000008864;-0,000000365;-0,000001879;0,000000003323;0,00001252;-0,00000245
22;17,4;0,0000007381;0,0000003106;0,000001896;-0,000000003328;-0,00001263;0,000002087
22;17,5;-0,0000005965;-0,000000257;-0,000001912;0,000000003333;0,00001274;-0,000001729
22;17,6;0,0000004612;0,0000002044;0,000001927;-0,000000003337;-0,00001284;0,000001379
22;17,7;-0,000000332;-0,0000001537;-0,000001942;0,000000003341;0,00001294;-0,00000104
22;17,8;0,0000002085;0,0000001053;0,000001955;-0,000000003345;-0,00001303;0,0000007183
22;17,9;-0,00000009048;-0,00000005984;-0,000001968;0,000000003347;0,00001311;-0,0000004151
22;18;-0,00000002223;0,00000001733;0,00000198;-0,00000000335;-0,00001319;0,0000001316
22;18,1;0,0000001299;0,0000000224;-0,000001991;0,000000003351;0,00001326;0,0000001332
22;18,2;-0,0000002327;-0,00000005974;0,000002001;-0,000000003352;-0,00001333;-0,0000003821
22;18,3;0,0000003309;0,00000009517;-0,00000201;0,000000003353;0,0000134;0,0000006183
22;18,4;-0,0000004246;-0,0000001291;0,000002019;-0,000000003353;-0,00001346;-0,0000008448
22;18,5;0,000000514;0,000000162;-0,000002027;0,000000003352;0,00001351;0,000001064
22;18,6;-0,0000005993;-0,0000001938;0,000002035;-0,000000003351;-0,00001356;-0,000001276
22;18,7;0,0000006807;0,0000002246;-0,000002042;0,00000000335;0,00001361;0,000001481
22;18,8;-0,0000007584;-0,0000002543;0,000002048;-0,000000003348;-0,00001365;-0,000001679
22;18,9;0,0000008324;0,0000002827;-0,000002054;0,000000003346;0,00001369;0,000001869
22;19;-0,000000903;-0,0000003097;0,00000206;-0,000000003343;-0,00001372;-0,000002049
22;19,1;0,0000009704;0,0000003352;-0,000002064;0,000000003339;0,00001376;0,000002219
22;19,2;-0,000001035;-0,0000003593;0,000002069;-0,000000003337;-0,00001379;-0,000002379
22;19,3;0,000001096;0,000000382;-0,000002073;0,000000003335;0,00001381;0,00000253
22;19,4;-0,000001154;-0,0000004034;0,000002076;-0,000000003331;-0,00001383;-0,000002674
22;19,5;0,00000121;0,0000004239;-0,000002079;0,000000003327;0,00001386;0,00000281
22;19,6;-0,000001262;-0,0000004434;0,000002082;-0,000000003323;-0,00001387;-0,00000294
22;19,7;0,000001313;0,0000004622;-0,000002084;0,000000003319;0,00001389;0,000003065
22;19,8;-0,000001361;-0,0000004802;0,000002086;-0,000000003314;-0,0000139;-0,000003185
22;19,9;0,000001406;0,0000004974;-0,000002087;0,000000003309;0,00001391;0,0000033
22;20;-0,00000145;-0,0000005138;0,000002089;-0,000000003305;-0,00001392;-0,00000341
22;20,1;0,000001491;0,0000005295;-0,000002089;0,0000000033;0,00001392;0,000003514
22;20,2;-0,00000153;-0,0000005443;0,00000209;-0,000000003295;-0,00001393;-0,000003613
22;20,3;0,000001567;0,0000005583;-0,00000209;0,00000000329;0,00001393;0,000003706
22;20,4;-0,000001603;-0,0000005716;0,00000209;-0,000000003285;-0,00001393;-0,000003795
22;20,5;0,000001636;0,0000005841;-0,00000209;0,000000003278;0,00001393;0,000003878
22;20,6;-0,000001668;-0,000000596;0,00000209;-0,000000003272;-0,00001393;-0,000003957
22;20,7;0,000001698;0,0000006072;-0,000002089;0,000000003266;0,00001392;0,000004032
22;20,8;-0,000001727;-0,0000006179;0,000002088;-0,00000000326;-0,00001391;-0,000004104
22;20,9;0,000001754;0,0000006281;-0,000002087;0,000000003253;0,00001391;0,000004172
22;21;-0,00000178;-0,0000006378;0,000002085;-0,000000003246;-0,0000139;-0,000004236
22;21,1;0,000001804;0,000000647;-0,000002084;0,000000003239;0,00001389;0,000004298
22;21,2;-0,000001827;-0,0000006557;0,000002082;-0,000000003232;-0,00001387;-0,000004356
22;21,3;0,000001849;0,0000006639;-0,00000208;0,000000003225;0,00001386;0,000004411
22;21,4;-0,000001869;-0,0000006717;0,000002078;-0,000000003219;-0,00001385;-0,000004462
22;21,5;0,000001888;0,000000679;-0,000002075;0,000000003212;0,00001383;0,000004511
22;21,6;-0,000001907;-0,0000006859;0,000002073;-0,000000003205;-0,00001381;-0,000004557
22;21,7;0,000001924;0,0000006923;-0,00000207;0,000000003197;0,0000138;0,0000046
22;21,8;-0,00000194;-0,0000006984;0,000002067;-0,000000003188;-0,00001378;-0,000004641
22;21,9;0,000001955;0,0000007041;-0,000002064;0,000000003181;0,00001376;0,000004679
22;22;-0,000001969;-0,0000007095;0,000002061;-0,000000003173;-0,00001374;-0,000004715
22;22,1;0,000001983;0,0000007146;-0,000002058;0,000000003166;0,00001372;0,000004749
22;22,2;-0,000001995;-0,0000007193;0,000002055;-0,000000003158;-0,00001369;-0,00000478
22;22,3;0,000002007;0,0000007238;-0,000002052;0,000000003149;0,00001367;0,00000481
22;22,4;-0,000002018;-0,000000728;0,000002048;-0,000000003141;-0,00001365;-0,000004838
22;22,5;0,000002028;0,0000007318;-0,000002044;0,000000003134;0,00001362;0,000004864
22;22,6;-0,000002038;-0,0000007355;0,000002041;-0,000000003126;-0,0000136;-0,000004888
22;22,7;0,000002046;0,0000007388;-0,000002037;0,000000003118;0,00001357;0,00000491
22;22,8;-0,000002054;-0,0000007419;0,000002033;-0,00000000311;-0,00001355;-0,000004931
22;22,9;0,000002062;0,0000007448;-0,000002029;0,000000003102;0,00001352;0,00000495
22;23;-0,000002069;-0,0000007474;0,000002025;-0,000000003094;-0,0000135;-0,000004968
22;23,1;0,000002075;0,0000007498;-0,000002021;0,000000003085;0,00001347;0,000004984
22;23,2;-0,000002081;-0,0000007521;0,000002017;-0,000000003076;-0,00001344;-0,000004999
22;23,3;0,000002086;0,0000007541;-0,000002012;0,000000003069;0,00001341;0,000005013
22;23,4;-0,000002091;-0,000000756;0,000002008;-0,000000003061;-0,00001338;-0,000005025
22;23,5;0,000002095;0,0000007576;-0,000002004;0,000000003052;0,00001335;0,000005036
22;23,6;-0,000002099;-0,0000007592;0,000001999;-0,000000003044;-0,00001332;-0,000005046
22;23,7;0,000002102;0,0000007605;-0,000001995;0,000000003036;0,00001329;0,000005055
22;23,8;-0,000002105;-0,0000007617;0,00000199;-0,000000003028;-0,00001326;-0,000005063
22;23,9;0,000002108;0,0000007627;-0,000001986;0,00000000302;0,00001323;0,00000507
22;24;-0,00000211;-0,0000007636;0,000001981;-0,000000003011;-0,0000132;-0,000005076
22;24,1;0,000002112;0,0000007643;-0,000001976;0,000000003002;0,00001317;0,000005081
22;24,2;-0,000002114;-0,000000765;0,000001972;-0,000000002994;-0,00001314;-0,000005085
22;24,3;0,000002115;0,0000007655;-0,000001967;0,000000002986;0,00001311;0,000005089
22;24,4;-0,000002115;-0,0000007658;0,000001962;-0,000000002978;-0,00001308;-0,000005091
22;24,5;0,000002116;0,0000007661;-0,000001957;0,000000002969;0,00001304;0,000005093
22;24,6;-0,000002116;-0,0000007663;0,000001952;-0,000000002961;-0,00001301;-0,000005094
22;24,7;0,000002116;0,0000007663;-0,000001947;0,000000002952;0,00001298;0,000005095
22;24,8;-0,000002116;-0,0000007663;0,000001943;-0,000000002944;-0,00001295;-0,000005094
22;24,9;0,000002115;0,0000007661;-0,000001938;0,000000002935;0,00001291;0,000005093
22;25;-0,000002114;-0,0000007659;0,000001933;-0,000000002927;-0,00001288;-0,000005092
22;25,1;0,000002113;0,0000007656;-0,000001928;0,000000002919;0,00001285;0,00000509
22;25,2;-0,000002112;-0,0000007652;0,000001923;-0,00000000291;-0,00001281;-0,000005087
22;25,3;0,000002111;0,0000007647;-0,000001918;0,000000002901;0,00001278;0,000005084
22;25,4;-0,000002109;-0,0000007641;0,000001913;-0,000000002893;-0,00001275;-0,00000508
22;25,5;0,000002107;0,0000007635;-0,000001907;0,000000002885;0,00001271;0,000005076
22;25,6;-0,000002105;-0,0000007628;0,000001902;-0,000000002877;-0,00001268;-0,000005072
22;25,7;0,000002103;0,0000007621;-0,000001897;0,000000002868;0,00001264;0,000005067
22;25,8;-0,000002101;-0,0000007612;0,000001892;-0,000000002859;-0,00001261;-0,000005061
22;25,9;0,000002098;0,0000007604;-0,000001887;0,000000002851;0,00001258;0,000005055
22;26;-0,000002095;-0,0000007594;0,000001882;-0,000000002842;-0,00001254;-0,000005049
22;26,1;0,000002092;0,0000007584;-0,000001877;0,000000002833;0,00001251;0,000005043
22;26,2;-0,00000209;-0,0000007574;0,000001872;-0,000000002824;-0,00001247;-0,000005036
22;26,3;0,000002086;0,0000007563;-0,000001867;0,000000002816;0,00001244;0,000005028
22;26,4;-0,000002083;-0,0000007552;0,000001861;-0,000000002809;-0,0000124;-0,000005021
22;26,5;0,00000208;0,000000754;-0,000001856;0,000000002801;0,00001237;0,000005013
22;26,6;-0,000002076;-0,0000007528;0,000001851;-0,000000002792;-0,00001234;-0,000005005
22;26,7;0,000002073;0,0000007515;-0,000001846;0,000000002784;0,0000123;0,000004997
22;26,8;-0,000002069;-0,0000007502;0,000001841;-0,000000002776;-0,00001227;-0,000004988
22;26,9;0,000002065;0,0000007489;-0,000001836;0,000000002768;0,00001223;0,000004979
22;27;-0,000002062;-0,0000007475;0,00000183;-0,00000000276;-0,0000122;-0,00000497
22;27,1;0,000002058;0,0000007461;-0,000001825;0,000000002753;0,00001216;0,000004961
22;27,2;-0,000002054;-0,0000007446;0,00000182;-0,000000002744;-0,00001213;-0,000004951
22;27,3;0,000002049;0,0000007432;-0,000001815;0,000000002736;0,0000121;0,000004941
22;27,4;-0,000002045;-0,0000007417;0,00000181;-0,000000002728;-0,00001206;-0,000004931
22;27,5;0,000002041;0,0000007402;-0,000001805;0,000000002719;0,00001203;0,000004921
22;27,6;-0,000002037;-0,0000007386;0,000001799;-0,000000002711;-0,00001199;-0,000004911
22;27,7;0,000002032;0,0000007371;-0,000001794;0,000000002704;0,00001196;0,000004901
22;27,8;-0,000002028;-0,0000007355;0,000001789;-0,000000002695;-0,00001192;-0,00000489
22;27,9;0,000002023;0,0000007338;-0,000001784;0,000000002687;0,00001189;0,000004879
22;28;-0,000002019;-0,0000007322;0,000001779;-0,000000002679;-0,00001185;-0,000004869
22;28,1;0,000002014;0,0000007306;-0,000001774;0,000000002671;0,00001182;0,000004858
22;28,2;-0,00000201;-0,0000007289;0,000001769;-0,000000002663;-0,00001179;-0,000004846
22;28,3;0,000002005;0,0000007272;-0,000001763;0,000000002655;0,00001175;0,000004835
22;28,4;-0,000002;-0,0000007255;0,000001758;-0,000000002646;-0,00001172;-0,000004824
22;28,5;0,000001995;0,0000007238;-0,000001753;0,000000002638;0,00001168;0,000004812
22;28,6;-0,000001991;-0,0000007221;0,000001748;-0,000000002631;-0,00001165;-0,000004801
22;28,7;0,000001986;0,0000007203;-0,000001743;0,000000002623;0,00001162;0,000004789
22;28,8;-0,000001981;-0,0000007185;0,000001738;-0,000000002615;-0,00001158;-0,000004778
22;28,9;0,000001976;0,0000007168;-0,000001733;0,000000002607;0,00001155;0,000004766
22;29;-0,000001971;-0,000000715;0,000001728;-0,000000002598;-0,00001151;-0,000004754
22;29,1;0,000001966;0,0000007132;-0,000001723;0,000000002591;0,00001148;0,000004742
22;29,2;-0,000001961;-0,0000007114;0,000001718;-0,000000002583;-0,00001145;-0,00000473
22;29,3;0,000001956;0,0000007096;-0,000001713;0,000000002574;0,00001141;0,000004718
22;29,4;-0,000001951;-0,0000007078;0,000001708;-0,000000002567;-0,00001138;-0,000004706
22;29,5;0,000001946;0,0000007059;-0,000001703;0,000000002559;0,00001135;0,000004694
22;29,6;-0,000001941;-0,0000007041;0,000001698;-0,000000002551;-0,00001131;-0,000004682
22;29,7;0,000001936;0,0000007023;-0,000001693;0,000000002543;0,00001128;0,00000467
22;29,8;-0,000001931;-0,0000007004;0,000001688;-0,000000002535;-0,00001125;-0,000004657
22;29,9;0,000001926;0,0000006986;-0,000001683;0,000000002527;0,00001121;0,000004645
22;30;-0,00000192;-0,0000006967;0,000001678;-0,00000000252;-0,00001118;-0,000004633
22;30,1;0,000001915;0,0000006949;-0,000001673;0,000000002512;0,00001115;0,00000462
22;30,2;-0,00000191;-0,000000693;0,000001668;-0,000000002504;-0,00001111;-0,000004608
22;30,3;0,000001905;0,0000006911;-0,000001663;0,000000002497;0,00001108;0,000004595
22;30,4;-0,0000019;-0,0000006893;0,000001658;-0,00000000249;-0,00001105;-0,000004583
22;30,5;0,000001895;0,0000006874;-0,000001653;0,000000002482;0,00001102;0,000004571
22;30,6;-0,000001889;-0,0000006855;0,000001648;-0,000000002475;-0,00001098;-0,000004558
22;30,7;0,000001884;0,0000006836;-0,000001643;0,000000002467;0,00001095;0,000004546
22;30,8;-0,000001879;-0,0000006817;0,000001638;-0,00000000246;-0,00001092;-0,000004533
22;30,9;0,000001874;0,0000006799;-0,000001633;0,000000002452;0,00001088;0,000004521
22;31;-0,000001869;-0,000000678;0,000001628;-0,000000002444;-0,00001085;-0,000004508
22;31,1;0,000001863;0,0000006761;-0,000001624;0,000000002437;0,00001082;0,000004496
22;31,2;-0,000001858;-0,0000006742;0,000001619;-0,000000002429;-0,00001079;-0,000004483
22;31,3;0,000001853;0,0000006723;-0,000001614;0,000000002422;0,00001076;0,00000447
22;31,4;-0,000001848;-0,0000006704;0,000001609;-0,000000002415;-0,00001072;-0,000004458
22;31,5;0,000001843;0,0000006685;-0,000001604;0,000000002407;0,00001069;0,000004445
22;31,6;-0,000001837;-0,0000006667;0,0000016;-0,000000002399;-0,00001066;-0,000004433
22;31,7;0,000001832;0,0000006648;-0,000001595;0,000000002392;0,00001063;0,00000442
22;31,8;-0,000001827;-0,0000006629;0,00000159;-0,000000002385;-0,0000106;-0,000004408
22;31,9;0,000001822;0,000000661;-0,000001585;0,000000002378;0,00001056;0,000004395
22;32;-0,000001817;-0,0000006591;0,00000158;-0,00000000237;-0,00001053;-0,000004383
22;32,1;0,000001811;0,0000006572;-0,000001576;0,000000002363;0,0000105;0,00000437
22;32,2;-0,000001806;-0,0000006554;0,000001571;-0,000000002355;-0,00001047;-0,000004358
22;32,3;0,000001801;0,0000006535;-0,000001566;0,000000002348;0,00001044;0,000004345
22;32,4;-0,000001796;-0,0000006516;0,000001562;-0,000000002341;-0,00001041;-0,000004333
22;32,5;0,000001791;0,0000006497;-0,000001557;0,000000002333;0,00001038;0,00000432
22;32,6;-0,000001785;-0,0000006479;0,000001552;-0,000000002326;-0,00001034;-0,000004308
22;32,7;0,00000178;0,000000646;-0,000001548;0,000000002319;0,00001031;0,000004295
22;32,8;-0,000001775;-0,0000006441;0,000001543;-0,000000002312;-0,00001028;-0,000004283
22;32,9;0,00000177;0,0000006423;-0,000001538;0,000000002305;0,00001025;0,000004271
22;33;-0,000001765;-0,0000006404;0,000001534;-0,000000002298;-0,00001022;-0,000004258
22;33,1;0,00000176;0,0000006385;-0,000001529;0,000000002291;0,00001019;0,000004246
22;33,2;-0,000001755;-0,0000006367;0,000001524;-0,000000002284;-0,00001016;-0,000004233
22;33,3;0,00000175;0,0000006348;-0,00000152;0,000000002277;0,00001013;0,000004221
22;33,4;-0,000001744;-0,000000633;0,000001515;-0,00000000227;-0,0000101;-0,000004209
22;33,5;0,000001739;0,0000006311;-0,000001511;0,000000002263;0,00001007;0,000004197
22;33,6;-0,000001734;-0,0000006293;0,000001506;-0,000000002256;-0,00001004;-0,000004184
22;33,7;0,000001729;0,0000006274;-0,000001502;0,000000002249;0,00001001;0,000004172
22;33,8;-0,000001724;-0,0000006256;0,000001497;-0,000000002242;-0,000009978;-0,00000416
22;33,9;0,000001719;0,0000006238;-0,000001493;0,000000002236;0,000009948;0,000004148
22;34;-0,000001714;-0,0000006219;0,000001488;-0,000000002229;-0,000009918;-0,000004135
22;34,1;0,000001709;0,0000006201;-0,000001484;0,000000002222;0,000009888;0,000004123
22;34,2;-0,000001704;-0,0000006183;0,000001479;-0,000000002215;-0,000009858;-0,000004111
22;34,3;0,000001699;0,0000006165;-0,000001475;0,000000002208;0,000009829;0,000004099
22;34,4;-0,000001694;-0,0000006147;0,00000147;-0,000000002201;-0,000009799;-0,000004087
22;34,5;0,000001689;0,0000006128;-0,000001466;0,000000002194;0,000009769;0,000004075
22;34,6;-0,000001684;-0,000000611;0,000001462;-0,000000002187;-0,00000974;-0,000004063
22;34,7;0,000001679;0,0000006092;-0,000001457;0,00000000218;0,000009711;0,000004051
22;34,8;-0,000001674;-0,0000006074;0,000001453;-0,000000002173;-0,000009681;-0,000004039
22;34,9;0,000001669;0,0000006056;-0,000001448;0,000000002167;0,000009652;0,000004027
22;35;-0,000001664;-0,0000006038;0,000001444;-0,00000000216;-0,000009623;-0,000004015
22;35,1;0,000001659;0,0000006021;-0,00000144;0,000000002154;0,000009594;0,000004003
22;35,2;-0,000001654;-0,0000006003;0,000001435;-0,000000002147;-0,000009565;-0,000003991
22;35,3;0,000001649;0,0000005985;-0,000001431;0,000000002141;0,000009536;0,00000398
22;35,4;-0,000001644;-0,0000005967;0,000001427;-0,000000002134;-0,000009508;-0,000003968
22;35,5;0,00000164;0,0000005949;-0,000001422;0,000000002127;0,000009479;0,000003956
22;35,6;-0,000001635;-0,0000005932;0,000001418;-0,00000000212;-0,00000945;-0,000003944
22;35,7;0,00000163;0,0000005914;-0,000001414;0,000000002113;0,000009422;0,000003933
22;35,8;-0,000001625;-0,0000005897;0,00000141;-0,000000002107;-0,000009393;-0,000003921
22;35,9;0,00000162;0,0000005879;-0,000001405;0,0000000021;0,000009365;0,000003909
22;36;-0,000001615;-0,0000005862;0,000001401;-0,000000002094;-0,000009337;-0,000003898
22;36,1;0,000001611;0,0000005844;-0,000001397;0,000000002087;0,000009309;0,000003886
22;36,2;-0,000001606;-0,0000005827;0,000001393;-0,00000000208;-0,00000928;-0,000003874
22;36,3;0,000001601;0,0000005809;-0,000001388;0,000000002074;0,000009252;0,000003863
22;36,4;-0,000001596;-0,0000005792;0,000001384;-0,000000002067;-0,000009224;-0,000003851
22;36,5;0,000001591;0,0000005775;-0,00000138;0,000000002061;0,000009197;0,00000384
22;36,6;-0,000001587;-0,0000005758;0,000001376;-0,000000002055;-0,000009169;-0,000003829
22;36,7;0,000001582;0,000000574;-0,000001372;0,000000002049;0,000009141;0,000003817
22;36,8;-0,000001577;-0,0000005723;0,000001368;-0,000000002043;-0,000009114;-0,000003806
22;36,9;0,000001573;0,0000005706;-0,000001363;0,000000002037;0,000009086;0,000003794
22;37;-0,000001568;-0,0000005689;0,000001359;-0,000000002031;-0,000009059;-0,000003783
22;37,1;0,000001563;0,0000005672;-0,000001355;0,000000002025;0,000009031;0,000003772
22;37,2;-0,000001558;-0,0000005655;0,000001351;-0,000000002018;-0,000009004;-0,00000376
22;37,3;0,000001554;0,0000005638;-0,000001347;0,000000002012;0,000008977;0,000003749
22;37,4;-0,000001549;-0,0000005622;0,000001343;-0,000000002006;-0,00000895;-0,000003738
22;37,5;0,000001545;0,0000005605;-0,000001339;0,000000001999;0,000008922;0,000003727
22;37,6;-0,00000154;-0,0000005588;0,000001335;-0,000000001994;-0,000008896;-0,000003716
22;37,7;0,000001535;0,0000005571;-0,000001331;0,000000001988;0,000008869;0,000003705
22;37,8;-0,000001531;-0,0000005555;0,000001327;-0,000000001981;-0,000008842;-0,000003694
22;37,9;0,000001526;0,0000005538;-0,000001323;0,000000001975;0,000008815;0,000003682
22;38;-0,000001522;-0,0000005521;0,000001319;-0,000000001969;-0,000008788;-0,000003671
22;38,1;0,000001517;0,0000005505;-0,000001315;0,000000001963;0,000008762;0,00000366
22;38,2;-0,000001512;-0,0000005488;0,000001311;-0,000000001956;-0,000008735;-0,00000365
22;38,3;0,000001508;0,0000005472;-0,000001307;0,00000000195;0,000008709;0,000003639
22;38,4;-0,000001503;-0,0000005456;0,000001303;-0,000000001944;-0,000008683;-0,000003628
22;38,5;0,000001499;0,0000005439;-0,000001299;0,000000001938;0,000008656;0,000003617
22;38,6;-0,000001494;-0,0000005423;0,000001295;-0,000000001931;-0,00000863;-0,000003606
22;38,7;0,00000149;0,0000005407;-0,000001291;0,000000001925;0,000008604;0,000003595
22;38,8;-0,000001485;-0,0000005391;0,000001287;-0,000000001919;-0,000008578;-0,000003584
22;38,9;0,000001481;0,0000005374;-0,000001283;0,000000001913;0,000008552;0,000003574
22;39;-0,000001477;-0,0000005358;0,000001279;-0,000000001908;-0,000008526;-0,000003563
22;39,1;0,000001472;0,0000005342;-0,000001276;0,000000001902;0,0000085;0,000003552
22;39,2;-0,000001468;-0,0000005326;0,000001272;-0,000000001896;-0,000008475;-0,000003542
22;39,3;0,000001463;0,000000531;-0,000001268;0,00000000189;0,000008449;0,000003531
22;39,4;-0,000001459;-0,0000005294;0,000001264;-0,000000001884;-0,000008423;-0,00000352
22;39,5;0,000001455;0,0000005278;-0,00000126;0,000000001878;0,000008398;0,00000351
22;39,6;-0,00000145;-0,0000005263;0,000001256;-0,000000001873;-0,000008373;-0,000003499
22;39,7;0,000001446;0,0000005247;-0,000001253;0,000000001867;0,000008347;0,000003489
22;39,8;-0,000001442;-0,0000005231;0,000001249;-0,000000001861;-0,000008322;-0,000003478
22;39,9;0,000001437;0,0000005215;-0,000001245;0,000000001855;0,000008297;0,000003468
22;40;-0,000001433;-0,00000052;0,000001241;-0,00000000185;-0,000008272;-0,000003458
23;0;0;0;0;0;0;0
23;0,1;-0,0057;0,0848;0,002;-0,0000176;-0,013;0,565
23;0,2;-0,0064;0,1313;0,0022;-0,00002334;-0,015;0,875
23;0,3;0,0033;0,0205;-0,0011;0,000003083;0,007286;0,137
23;0,4;-0,0009843;-0,136;0,000231;0,00001238;-0,001537;-0,906
23;0,5;-0,0004176;0,1918;0,0002743;-0,00002024;-0,001827;1,279
23;0,6;0,0008541;-0,1852;-0,0004155;0,00002019;0,002768;-1,235
23;0,7;-0,0005397;0,1303;0,0002738;-0,00001403;-0,001824;0,869
23;0,8;-0,00018;-0,0514;0,00001896;0,000004778;-0,0001259;-0,342
23;0,9;0,0009408;-0,0257;-0,0003238;0,000004337;0,002156;-0,171
23;1;-0,0015;0,0806;0,0005314;-0,00001079;-0,003539;0,537
23;1,1;0,0016;-0,1029;-0,0005845;0,00001326;0,003893;-0,686
23;1,2;-0,0013;0,0929;0,0004821;-0,00001179;-0,00321;0,619
23;1,3;0,000727;-0,0594;-0,000268;0,000007469;0,001784;-0,396
23;1,4;-0,00004853;0,016;0,000009985;-0,000001941;-0,00006642;0,107
23;1,5;-0,000563;0,0239;0,0002233;-0,000003128;-0,001487;0,159
23;1,6;0,0009764;-0,0504;-0,0003812;0,000006509;0,002539;-0,336
23;1,7;-0,0011;0,0588;0,0004416;-0,000007652;-0,002941;0,392
23;1,8;0,0011;-0,0505;-0,0004112;0,000006704;0,002739;-0,337
23;1,9;-0,0008127;0,0308;0,0003186;-0,000004333;-0,002122;0,206
23;2;0,000509;-0,0071;-0,0002025;0,000001453;0,001349;-0,048
23;2,1;-0,0002399;-0,0136;0,00009975;0,000001066;-0,0006644;-0,091
23;2,2;0,00007196;0,0264;-0,00003583;-0,000002624;0,0002387;0,176
23;2,3;-0,00003095;-0,0296;0,00002056;0,000002991;-0,000137;-0,197
23;2,4;0,0001028;0,0241;-0,00004851;-0,000002303;0,0003231;0,161
23;2,5;-0,0002454;-0,0132;0,0001035;0,0000009492;-0,0006894;-0,088
23;2,6;0,0004054;0,0008989;-0,0001651;0,000000577;0,001099;0,005992
23;2,7;-0,0005347;0,0093;0,0002148;-0,000001833;-0,00143;0,062
23;2,8;0,0006024;-0,015;-0,0002407;0,000002532;0,001603;-0,1
23;2,9;-0,0005997;0,0156;0,0002395;-0,000002591;-0,001595;0,104
23;3;0,0005381;-0,0118;-0,0002156;0,000002115;0,001436;-0,079
23;3,1;-0,0004424;0,0056;0,0001785;-0,000001328;-0,001189;0,037
23;3,2;0,0003415;0,0009934;-0,0001394;0,0000004955;0,0009282;0,006622
23;3,3;-0,0002602;-0,0061;0,0001077;0,0000001576;-0,0007175;-0,041
23;3,4;0,0002132;0,0087;-0,00008922;-0,0000004971;0,0005942;0,058
23;3,5;-0,0002033;-0,0085;0,00008493;0,0000004982;-0,0005656;-0,057
23;3,6;0,0002229;0,0062;-0,00009194;-0,0000002311;0,0006123;0,041
23;3,7;-0,000258;-0,0027;0,0001049;-0,0000001768;-0,0006989;-0,018
23;3,8;0,0002934;-0,0007267;-0,000118;0,0000005849;0,0007862;-0,004845
23;3,9;-0,0003168;0,0033;0,0001265;-0,0000008803;-0,0008428;0,022
23;4;0,0003214;-0,0044;-0,0001279;0,000001002;0,0008517;-0,029
23;4,1;-0,000307;0,0041;0,0001219;-0,0000009469;-0,0008121;0,028
23;4,2;0,0002786;-0,0028;-0,0001106;0,0000007599;0,0007367;-0,018
23;4,3;-0,0002437;0,000905;0,00009688;-0,0000005123;-0,0006452;0,006034
23;4,4;0,0002106;0,0008574;-0,00008383;0,0000002778;0,0005583;0,005716
23;4,5;-0,0001853;-0,0021;0,00007382;-0,0000001124;-0,0004916;-0,014
23;4,6;0,0001708;0,0025;-0,00006796;0,00000004301;0,0004526;0,017
23;4,7;-0,0001667;-0,0022;0,0000661;-0,00000006593;-0,0004402;-0,015
23;4,8;0,0001699;0,0014;-0,00006708;0,0000001537;0,0004468;0,009223
23;4,9;-0,0001761;-0,0003616;0,00006926;-0,000000267;-0,0004612;-0,002411
23;5;0,0001812;-0,0005516;-0,000071;0,0000003676;0,0004729;-0,003678
23;5,1;-0,0001821;0,0011;0,00007118;-0,0000004279;-0,000474;0,007567
23;5,2;0,0001776;-0,0013;-0,00006929;0,0000004368;0,0004615;-0,008649
23;5,3;-0,0001683;0,0011;0,00006554;-0,0000003989;-0,0004365;0,007181
23;5,4;0,0001558;-0,0006068;-0,00006061;0,0000003305;0,0004036;-0,004045
23;5,5;-0,0001426;0,00005953;0,00005539;-0,0000002531;-0,0003688;0,000397
23;5,6;0,0001307;0,0004045;-0,00005069;0,0000001863;0,0003376;0,002697
23;5,7;-0,0001216;-0,0006786;0,00004708;-0,0000001435;-0,0003135;-0,004524
23;5,8;0,0001158;0,000727;-0,00004472;0,0000001288;0,0002978;0,004847
23;5,9;-0,0001128;-0,000581;0,00004346;-0,0000001386;-0,0002894;-0,003873
23;6;0,0001116;0,0003175;-0,00004289;0,0000001632;0,0002856;0,002116
23;6,1;-0,000111;-0,00002955;0,00004252;-0,0000001911;-0,0002832;-0,0001969
23;6,2;0,0001097;-0,0002013;-0,00004193;0,0000002122;0,0002792;-0,001342
23;6,3;-0,0001072;0,0003245;0,00004085;-0,0000002203;-0,0002721;0,002164
23;6,4;0,0001032;-0,0003283;-0,00003923;0,0000002139;0,0002612;-0,002189
23;6,5;-0,00009807;0,0002348;0,00003716;-0,0000001957;-0,0002475;0,001565
23;6,6;0,00009238;-0,00008786;-0,00003488;0,0000001712;0,0002323;-0,0005858
23;6,7;-0,0000868;-0,00006287;0,00003265;-0,0000001464;-0,0002174;-0,000419
23;6,8;0,00008186;0,0001763;-0,00003066;0,0000001265;0,0002042;0,001175
23;6,9;-0,00007788;-0,0002293;0,00002905;-0,0000001143;-0,0001934;-0,001528
23;7;0,00007488;0,000219;-0,00002782;0,0000001101;0,0001852;0,00146
23;7,1;-0,00007267;-0,0001602;0,00002689;-0,0000001122;-0,0001791;-0,001068
23;7,2;0,00007091;0,00007752;-0,00002614;0,0000001174;0,000174;0,0005167
23;7,3;-0,00006924;0,000002745;0,00002542;-0,0000001225;-0,0001693;0,00001839
23;7,4;0,00006737;-0,00006009;-0,00002463;0,000000125;0,000164;-0,0004007
23;7,5;-0,00006515;0,00008405;0,00002372;-0,0000001235;-0,0001579;0,0005604
23;7,6;0,00006261;-0,00007506;-0,00002267;0,0000001182;0,000151;-0,0005005
23;7,7;-0,00005984;0,00004224;0,00002155;-0,0000001101;-0,0001435;0,0002817
23;7,8;0,00005702;0,0000007756;-0,00002041;0,0000001009;0,0001359;0,000005091
23;7,9;-0,00005436;-0,00004027;0,00001933;-0,00000009227;-0,0001287;-0,0002684
23;8;0,00005196;0,00006615;-0,00001836;0,00000008552;0,0001223;0,0004409
23;8,1;-0,00004989;-0,00007393;0,00001752;-0,00000008115;-0,0001167;-0,0004928
23;8,2;0,00004814;0,00006482;-0,0000168;0,00000007902;0,0001119;0,000432
23;8,3;-0,00004662;-0,00004431;0,00001617;-0,00000007843;-0,0001077;-0,0002953
23;8,4;0,00004522;0,00001987;-0,0000156;0,00000007847;0,0001038;0,0001324
23;8,5;-0,00004386;0,000001393;0,00001503;-0,00000007824;-0,0001001;0,000009355
23;8,6;0,00004245;-0,00001461;-0,00001446;0,00000007714;0,00009625;-0,00009744
23;8,7;-0,00004098;0,00001795;0,00001386;-0,00000007493;-0,00009226;0,0001198
23;8,8;0,00003945;-0,00001259;-0,00001324;0,00000007176;0,00008814;-0,00008397
23;8,9;-0,00003791;0,000001738;0,00001261;-0,00000006801;-0,00008399;0,00001166
23;9;0,00003641;0,00001053;-0,00001201;0,0000000642;0,00007996;0,00007015
23;9,1;-0,000035;-0,00002059;0,00001144;-0,00000006075;-0,00007616;-0,0001372
23;9,2;0,0000337;0,00002608;-0,00001091;0,00000005796;0,00007265;0,0001738
23;9,3;-0,00003252;-0,00002636;0,00001043;-0,0000000559;-0,00006947;-0,0001757
23;9,4;0,00003145;0,00002226;-0,00001;0,00000005446;0,00006658;0,0001484
23;9,5;-0,00003046;-0,00001566;0,000009597;-0,00000005342;-0,0000639;-0,0001043
23;9,6;0,00002952;0,000008709;-0,000009215;0,00000005249;0,00006135;0,000058
23;9,7;-0,0000286;-0,000003257;0,000008842;-0,00000005146;-0,00005887;-0,00002165
23;9,8;0,00002769;0,0000003914;-0,000008473;0,00000005017;0,00005641;0,00000255
23;9,9;-0,00002677;-0,0000003045;0,000008106;-0,00000004861;-0,00005397;-0,000001971
23;10;0,00002587;0,000002414;-0,000007743;0,00000004684;0,00005155;0,00001603
23;10,1;-0,00002499;-0,000005667;0,000007389;-0,00000004499;-0,00004919;-0,00003772
23;10,2;0,00002414;0,000008913;-0,000007049;0,0000000432;0,00004692;0,00005937
23;10,3;-0,00002334;-0,00001123;0,000006727;-0,00000004158;-0,00004478;-0,0000748
23;10,4;0,00002259;0,00001212;-0,000006426;0,00000004019;0,00004277;0,00008073
23;10,5;-0,00002189;-0,00001156;0,000006144;-0,00000003903;-0,0000409;-0,00007702
23;10,6;0,00002123;0,00000993;-0,000005881;0,00000003806;0,00003914;0,00006615
23;10,7;-0,00002061;-0,000007811;0,000005631;-0,00000003719;-0,00003748;-0,00005202
23;10,8;0,00002001;0,000005809;-0,000005392;0,00000003636;0,00003589;0,00003868
23;10,9;-0,00001943;-0,000004382;0,00000516;-0,00000003549;-0,00003434;-0,00002916
23;11;0,00001886;0,000003748;-0,000004934;0,00000003457;0,00003284;0,00002493
23;11,1;-0,00001831;-0,000003873;0,000004714;-0,0000000336;-0,00003138;-0,00002577
23;11,2;0,00001777;0,000004531;-0,000004501;0,0000000326;0,00002995;0,00003016
23;11,3;-0,00001725;-0,000005399;0,000004295;-0,00000003161;-0,00002858;-0,00003594
23;11,4;0,00001675;0,000006161;-0,000004098;0,00000003067;0,00002727;0,00004103
23;11,5;-0,00001628;-0,000006596;0,000003911;-0,00000002981;-0,00002603;-0,00004392
23;11,6;0,00001583;0,000006611;-0,000003735;0,00000002903;0,00002485;0,00004402
23;11,7;-0,00001541;-0,000006245;0,000003567;-0,00000002833;-0,00002374;-0,00004159
23;11,8;0,000015;0,000005635;-0,000003408;0,00000002769;0,00002268;0,00003752
23;11,9;-0,00001462;-0,000004954;0,000003256;-0,00000002708;-0,00002167;-0,00003298
23;12;0,00001424;0,000004365;-0,000003111;0,00000002649;0,0000207;0,00002905
23;12,1;-0,00001389;-0,000003975;0,00000297;-0,00000002591;-0,00001976;-0,00002645
23;12,2;0,00001354;0,000003819;-0,000002835;0,00000002532;0,00001886;0,00002541
23;12,3;-0,0000132;-0,000003864;0,000002704;-0,00000002473;-0,00001799;-0,00002571
23;12,4;0,00001288;0,000004032;-0,000002578;0,00000002414;0,00001715;0,00002683
23;12,5;-0,00001256;-0,000004227;0,000002457;-0,00000002358;-0,00001634;-0,00002813
23;12,6;0,00001227;0,000004367;-0,000002342;0,00000002304;0,00001558;0,00002907
23;12,7;-0,00001198;-0,000004401;0,000002232;-0,00000002254;-0,00001484;-0,00002929
23;12,8;0,00001171;0,000004317;-0,000002127;0,00000002207;0,00001415;0,00002874
23;12,9;-0,00001145;-0,000004138;0,000002027;-0,00000002163;-0,00001348;-0,00002754
23;13;0,0000112;0,000003909;-0,000001932;0,00000002122;0,00001285;0,00002601
23;13,1;-0,00001096;-0,000003679;0,000001841;-0,00000002082;-0,00001224;-0,00002448
23;13,2;0,00001073;0,00000349;-0,000001753;0,00000002044;0,00001166;0,00002322
23;13,3;-0,0000105;-0,000003365;0,000001669;-0,00000002006;-0,0000111;-0,00002239
23;13,4;0,00001029;0,000003307;-0,000001589;0,00000001969;0,00001056;0,000022
23;13,5;-0,00001008;-0,0000033;0,000001511;-0,00000001933;-0,00001004;-0,00002195
23;13,6;0,000009884;0,000003319;-0,000001436;0,00000001898;0,000009547;0,00002209
23;13,7;-0,000009692;-0,000003339;0,000001365;-0,00000001864;-0,000009072;-0,00002221
23;13,8;0,000009508;0,000003337;-0,000001297;0,00000001831;0,000008618;0,0000222
23;13,9;-0,000009332;-0,000003303;0,000001232;-0,00000001801;-0,000008185;-0,00002198
23;14;0,000009163;0,000003238;-0,00000117;0,00000001772;0,000007771;0,00002154
23;14,1;-0,000009001;-0,000003151;0,00000111;-0,00000001744;-0,000007375;-0,00002097
23;14,2;0,000008845;0,000003056;-0,000001054;0,00000001717;0,000006997;0,00002033
23;14,3;-0,000008695;-0,000002967;0,0000009992;-0,00000001692;-0,000006635;-0,00001974
23;14,4;0,00000855;0,000002893;-0,0000009471;0,00000001667;0,000006288;0,00001924
23;14,5;-0,000008411;-0,00000284;0,0000008971;-0,00000001642;-0,000005955;-0,00001889
23;14,6;0,000008277;0,000002805;-0,0000008492;0,00000001619;0,000005636;0,00001866
23;14,7;-0,000008147;-0,000002783;0,0000008032;-0,00000001596;-0,00000533;-0,00001851
23;14,8;0,000008023;0,000002767;-0,0000007592;0,00000001574;0,000005037;0,00001841
23;14,9;-0,000007903;-0,000002749;0,000000717;-0,00000001553;-0,000004756;-0,00001829
23;15;0,000007787;0,000002725;-0,0000006768;0,00000001533;0,000004488;0,00001813
23;15,1;-0,000007676;-0,000002692;0,0000006383;-0,00000001513;-0,000004231;-0,0000179
23;15,2;0,000007569;0,000002651;-0,0000006014;0,00000001494;0,000003986;0,00001763
23;15,3;-0,000007466;-0,000002606;0,0000005662;-0,00000001476;-0,000003752;-0,00001733
23;15,4;0,000007366;0,000002561;-0,0000005325;0,00000001459;0,000003528;0,00001703
23;15,5;-0,000007271;-0,00000252;0,0000005003;-0,00000001442;-0,000003313;-0,00001676
23;15,6;0,000007178;0,000002484;-0,0000004694;0,00000001426;0,000003107;0,00001652
23;15,7;-0,000007089;-0,000002454;0,0000004398;-0,0000000141;-0,00000291;-0,00001632
23;15,8;0,000007003;0,00000243;-0,0000004115;0,00000001395;0,000002722;0,00001616
23;15,9;-0,000006919;-0,00000241;0,0000003844;-0,0000000138;-0,000002541;-0,00001602
23;16;0,000006839;0,00000239;-0,0000003584;0,00000001366;0,000002368;0,0000159
23;16,1;-0,000006762;-0,00000237;0,0000003336;-0,00000001352;-0,000002203;-0,00001576
23;16,2;0,000006687;0,000002349;-0,0000003098;0,00000001339;0,000002045;0,00001562
23;16,3;-0,000006614;-0,000002325;0,0000002871;-0,00000001326;-0,000001894;-0,00001546
23;16,4;0,000006545;0,0000023;-0,0000002654;0,00000001313;0,000001749;0,00001529
23;16,5;-0,000006477;-0,000002274;0,0000002447;-0,00000001301;-0,000001611;-0,00001512
23;16,6;0,000006412;0,000002249;-0,0000002248;0,0000000129;0,000001479;0,00001496
23;16,7;-0,000006349;-0,000002226;0,0000002058;-0,00000001278;-0,000001352;-0,0000148
23;16,8;0,000006288;0,000002205;-0,0000001876;0,00000001267;0,000001231;0,00001466
23;16,9;-0,000006229;-0,000002186;0,0000001702;-0,00000001257;-0,000001115;-0,00001454
23;17;0,000006171;0,000002169;-0,0000001536;0,00000001246;0,000001005;0,00001442
23;17,1;-0,000006116;-0,000002153;0,0000001377;-0,00000001236;-0,0000008987;-0,00001431
23;17,2;0,000006062;0,000002137;-0,0000001225;0,00000001226;0,0000007974;0,00001421
23;17,3;-0,00000601;-0,000002121;0,0000001079;-0,00000001217;-0,0000007006;-0,0000141
23;17,4;0,00000596;0,000002105;-0,00000009402;0,00000001208;0,000000608;0,00001399
23;17,5;-0,000005911;-0,000002088;0,00000008073;-0,00000001199;-0,0000005196;-0,00001389
23;17,6;0,000005863;0,000002072;-0,00000006803;0,0000000119;0,000000435;0,00001378
23;17,7;-0,000005817;-0,000002056;0,0000000559;-0,00000001182;-0,0000003543;-0,00001367
23;17,8;0,000005773;0,00000204;-0,0000000443;0,00000001174;0,0000002771;0,00001356
23;17,9;-0,000005729;-0,000002025;0,00000003321;-0,00000001166;-0,0000002033;-0,00001346
23;18;0,000005687;0,000002011;-0,00000002262;0,00000001158;0,0000001328;0,00001337
23;18,1;-0,000005646;-0,000001998;0,00000001249;-0,0000000115;-0,00000006541;-0,00001328
23;18,2;0,000005607;0,000001985;-0,00000000282;0,00000001143;0,000000001041;0,0000132
23;18,3;-0,000005568;-0,000001973;-0,000000006421;-0,00000001136;0,00000006045;-0,00001311
23;18,4;0,00000553;0,000001961;0,00000001525;0,00000001129;-0,0000001192;0,00001303
23;18,5;-0,000005494;-0,000001949;-0,00000002367;-0,00000001122;0,0000001752;-0,00001295
23;18,6;0,000005458;0,000001937;0,00000003172;0,00000001115;-0,0000002288;0,00001288
23;18,7;-0,000005423;-0,000001925;-0,0000000394;-0,00000001109;0,0000002799;-0,0000128
23;18,8;0,000005389;0,000001913;0,00000004672;0,00000001102;-0,0000003286;0,00001272
23;18,9;-0,000005356;-0,000001902;-0,00000005372;-0,00000001096;0,0000003752;-0,00001264
23;19;0,000005324;0,000001891;0,00000006039;0,0000000109;-0,0000004196;0,00001257
23;19,1;-0,000005293;-0,00000188;-0,00000006676;-0,00000001084;0,0000004619;-0,0000125
23;19,2;0,000005262;0,00000187;0,00000007284;0,00000001078;-0,0000005023;0,00001243
23;19,3;-0,000005232;-0,00000186;-0,00000007864;-0,00000001073;0,0000005409;-0,00001237
23;19,4;0,000005203;0,00000185;0,00000008416;0,00000001067;-0,0000005776;0,0000123
23;19,5;-0,000005175;-0,000001841;-0,00000008943;-0,00000001062;0,0000006127;-0,00001224
23;19,6;0,000005147;0,000001832;0,00000009445;0,00000001056;-0,0000006461;0,00001218
23;19,7;-0,00000512;-0,000001823;-0,00000009924;-0,00000001051;0,0000006779;-0,00001212
23;19,8;0,000005093;0,000001814;0,0000001038;0,00000001046;-0,0000007082;0,00001206
23;19,9;-0,000005067;-0,000001805;-0,0000001081;-0,00000001041;0,0000007371;-0,000012
23;20;0,000005041;0,000001796;0,0000001123;0,00000001036;-0,0000007645;0,00001194
23;20,1;-0,000005016;-0,000001787;-0,0000001162;-0,00000001031;0,0000007907;-0,00001188
23;20,2;0,000004992;0,000001779;0,0000001199;0,00000001026;-0,0000008156;0,00001182
23;20,3;-0,000004968;-0,000001771;-0,0000001235;-0,00000001022;0,0000008393;-0,00001177
23;20,4;0,000004944;0,000001763;0,0000001269;0,00000001017;-0,0000008618;0,00001172
23;20,5;-0,000004921;-0,000001755;-0,0000001301;-0,00000001013;0,0000008832;-0,00001166
23;20,6;0,000004899;0,000001747;0,0000001332;0,00000001008;-0,0000009035;0,00001161
23;20,7;-0,000004876;-0,00000174;-0,0000001361;-0,00000001004;0,0000009228;-0,00001156
23;20,8;0,000004855;0,000001732;0,0000001388;0,000000009995;-0,0000009412;0,00001151
23;20,9;-0,000004833;-0,000001725;-0,0000001415;-0,000000009953;0,0000009586;-0,00001146
23;21;0,000004812;0,000001718;0,000000144;0,000000009912;-0,0000009751;0,00001142
23;21,1;-0,000004791;-0,00000171;-0,0000001463;-0,000000009871;0,0000009907;-0,00001137
23;21,2;0,000004771;0,000001703;0,0000001485;0,00000000983;-0,000001006;0,00001132
23;21,3;-0,000004751;-0,000001696;-0,0000001507;-0,00000000979;0,00000102;-0,00001128
23;21,4;0,000004731;0,00000169;0,0000001527;0,000000009751;-0,000001033;0,00001123
23;21,5;-0,000004712;-0,000001683;-0,0000001546;-0,000000009712;0,000001045;-0,00001119
23;21,6;0,000004692;0,000001676;0,0000001564;0,000000009674;-0,000001057;0,00001114
23;21,7;-0,000004674;-0,00000167;-0,000000158;-0,000000009636;0,000001069;-0,0000111
23;21,8;0,000004655;0,000001663;0,0000001596;0,000000009599;-0,000001079;0,00001106
23;21,9;-0,000004637;-0,000001657;-0,0000001611;-0,000000009563;0,000001089;-0,00001101
23;22;0,000004619;0,000001651;0,0000001626;0,000000009526;-0,000001099;0,00001097
23;22,1;-0,000004601;-0,000001644;-0,0000001639;-0,00000000949;0,000001107;-0,00001093
23;22,2;0,000004583;0,000001638;0,0000001652;0,000000009455;-0,000001116;0,00001089
23;22,3;-0,000004566;-0,000001632;-0,0000001663;-0,00000000942;0,000001124;-0,00001085
23;22,4;0,000004549;0,000001626;0,0000001675;0,000000009385;-0,000001131;0,00001081
23;22,5;-0,000004532;-0,00000162;-0,0000001685;-0,000000009351;0,000001138;-0,00001077
23;22,6;0,000004515;0,000001615;0,0000001695;0,000000009317;-0,000001144;0,00001073
23;22,7;-0,000004499;-0,000001609;-0,0000001704;-0,000000009283;0,00000115;-0,00001069
23;22,8;0,000004482;0,000001603;0,0000001712;0,00000000925;-0,000001156;0,00001066
23;22,9;-0,000004466;-0,000001597;-0,000000172;-0,000000009217;0,000001161;-0,00001062
23;23;0,00000445;0,000001592;0,0000001727;0,000000009184;-0,000001166;0,00001058
23;23,1;-0,000004434;-0,000001586;-0,0000001734;-0,000000009152;0,00000117;-0,00001054
23;23,2;0,000004419;0,000001581;0,0000001741;0,00000000912;-0,000001174;0,00001051
23;23,3;-0,000004403;-0,000001575;-0,0000001746;-0,000000009088;0,000001178;-0,00001047
23;23,4;0,000004388;0,00000157;0,0000001752;0,000000009057;-0,000001182;0,00001044
23;23,5;-0,000004373;-0,000001565;-0,0000001757;-0,000000009026;0,000001185;-0,0000104
23;23,6;0,000004358;0,000001559;0,0000001761;0,000000008995;-0,000001188;0,00001037
23;23,7;-0,000004343;-0,000001554;-0,0000001765;-0,000000008964;0,000001191;-0,00001033
23;23,8;0,000004328;0,000001549;0,0000001769;0,000000008933;-0,000001193;0,0000103
23;23,9;-0,000004313;-0,000001544;-0,0000001772;-0,000000008903;0,000001195;-0,00001026
23;24;0,000004299;0,000001539;0,0000001775;0,000000008873;-0,000001197;0,00001023
23;24,1;-0,000004285;-0,000001534;-0,0000001777;-0,000000008844;0,000001199;-0,00001019
23;24,2;0,00000427;0,000001529;0,000000178;0,000000008814;-0,0000012;0,00001016
23;24,3;-0,000004256;-0,000001524;-0,0000001782;-0,000000008785;0,000001201;-0,00001013
23;24,4;0,000004242;0,000001519;0,0000001783;0,000000008756;-0,000001202;0,00001009
23;24,5;-0,000004228;-0,000001514;-0,0000001785;-0,000000008727;0,000001203;-0,00001006
23;24,6;0,000004214;0,000001509;0,0000001786;0,000000008698;-0,000001204;0,00001003
23;24,7;-0,000004201;-0,000001504;-0,0000001786;-0,00000000867;0,000001204;-0,000009997
23;24,8;0,000004187;0,000001499;0,0000001787;0,000000008641;-0,000001205;0,000009965
23;24,9;-0,000004174;-0,000001494;-0,0000001787;-0,000000008613;0,000001205;-0,000009933
23;25;0,00000416;0,00000149;0,0000001787;0,000000008585;-0,000001205;0,000009902
23;25,1;-0,000004147;-0,000001485;-0,0000001787;-0,000000008557;0,000001205;-0,00000987
23;25,2;0,000004134;0,00000148;0,0000001787;0,00000000853;-0,000001205;0,000009839
23;25,3;-0,000004121;-0,000001476;-0,0000001786;-0,000000008503;0,000001204;-0,000009808
23;25,4;0,000004107;0,000001471;0,0000001786;0,000000008475;-0,000001204;0,000009777
23;25,5;-0,000004094;-0,000001466;-0,0000001785;-0,000000008448;0,000001203;-0,000009747
23;25,6;0,000004082;0,000001462;0,0000001784;0,000000008421;-0,000001202;0,000009716
23;25,7;-0,000004069;-0,000001457;-0,0000001783;-0,000000008394;0,000001201;-0,000009686
23;25,8;0,000004056;0,000001453;0,0000001781;0,000000008368;-0,0000012;0,000009656
23;25,9;-0,000004043;-0,000001448;-0,000000178;-0,000000008341;0,000001199;-0,000009626
23;26;0,000004031;0,000001444;0,0000001778;0,000000008315;-0,000001198;0,000009596
23;26,1;-0,000004018;-0,000001439;-0,0000001776;-0,000000008289;0,000001197;-0,000009567
23;26,2;0,000004006;0,000001435;0,0000001774;0,000000008263;-0,000001196;0,000009537
23;26,3;-0,000003993;-0,000001431;-0,0000001772;-0,000000008236;0,000001194;-0,000009508
23;26,4;0,000003981;0,000001426;0,000000177;0,00000000821;-0,000001193;0,000009479
23;26,5;-0,000003969;-0,000001422;-0,0000001768;-0,000000008184;0,000001191;-0,00000945
23;26,6;0,000003957;0,000001417;0,0000001765;0,000000008159;-0,000001189;0,000009421
23;26,7;-0,000003945;-0,000001413;-0,0000001763;-0,000000008133;0,000001188;-0,000009392
23;26,8;0,000003933;0,000001409;0,000000176;0,000000008108;-0,000001186;0,000009364
23;26,9;-0,000003921;-0,000001405;-0,0000001757;-0,000000008082;0,000001184;-0,000009335
23;27;0,000003909;0,0000014;0,0000001755;0,000000008057;-0,000001182;0,000009307
23;27,1;-0,000003897;-0,000001396;-0,0000001752;-0,000000008032;0,00000118;-0,000009279
23;27,2;0,000003885;0,000001392;0,0000001749;0,000000008007;-0,000001178;0,000009251
23;27,3;-0,000003873;-0,000001388;-0,0000001746;-0,000000007982;0,000001176;-0,000009223
23;27,4;0,000003861;0,000001383;0,0000001743;0,000000007957;-0,000001174;0,000009195
23;27,5;-0,00000385;-0,000001379;-0,0000001739;-0,000000007933;0,000001172;-0,000009168
23;27,6;0,000003838;0,000001375;0,0000001736;0,000000007908;-0,00000117;0,00000914
23;27,7;-0,000003827;-0,000001371;-0,0000001733;-0,000000007884;0,000001167;-0,000009113
23;27,8;0,000003815;0,000001367;0,000000173;0,000000007859;-0,000001165;0,000009085
23;27,9;-0,000003804;-0,000001363;-0,0000001726;-0,000000007835;0,000001163;-0,000009058
23;28;0,000003792;0,000001359;0,0000001723;0,000000007811;-0,000001161;0,000009031
23;28,1;-0,000003781;-0,000001355;-0,0000001719;-0,000000007787;0,000001158;-0,000009004
23;28,2;0,00000377;0,000001351;0,0000001716;0,000000007763;-0,000001156;0,000008977
23;28,3;-0,000003758;-0,000001347;-0,0000001712;-0,000000007739;0,000001153;-0,00000895
23;28,4;0,000003747;0,000001343;0,0000001708;0,000000007716;-0,000001151;0,000008924
23;28,5;-0,000003736;-0,000001339;-0,0000001705;-0,000000007692;0,000001148;-0,000008897
23;28,6;0,000003725;0,000001335;0,0000001701;0,000000007668;-0,000001146;0,000008871
23;28,7;-0,000003714;-0,000001331;-0,0000001697;-0,000000007645;0,000001143;-0,000008844
23;28,8;0,000003703;0,000001327;0,0000001693;0,000000007621;-0,000001141;0,000008818
23;28,9;-0,000003692;-0,000001323;-0,000000169;-0,000000007598;0,000001138;-0,000008792
23;29;0,000003681;0,000001319;0,0000001686;0,000000007575;-0,000001136;0,000008766
23;29,1;-0,00000367;-0,000001315;-0,0000001682;-0,000000007552;0,000001133;-0,00000874
23;29,2;0,000003659;0,000001311;0,0000001678;0,000000007529;-0,00000113;0,000008714
23;29,3;-0,000003648;-0,000001307;-0,0000001674;-0,000000007506;0,000001128;-0,000008689
23;29,4;0,000003637;0,000001303;0,000000167;0,000000007483;-0,000001125;0,000008663
23;29,5;-0,000003626;-0,0000013;-0,0000001666;-0,00000000746;0,000001122;-0,000008637
23;29,6;0,000003616;0,000001296;0,0000001662;0,000000007438;-0,00000112;0,000008612
23;29,7;-0,000003605;-0,000001292;-0,0000001658;-0,000000007415;0,000001117;-0,000008586
23;29,8;0,000003594;0,000001288;0,0000001654;0,000000007393;-0,000001114;0,000008561
23;29,9;-0,000003584;-0,000001284;-0,000000165;-0,00000000737;0,000001111;-0,000008536
23;30;0,000003573;0,000001281;0,0000001646;0,000000007348;-0,000001109;0,000008511
23;30,1;-0,000003563;-0,000001277;-0,0000001642;-0,000000007325;0,000001106;-0,000008486
23;30,2;0,000003552;0,000001273;0,0000001638;0,000000007303;-0,000001103;0,000008461
23;30,3;-0,000003542;-0,000001269;-0,0000001634;-0,000000007281;0,0000011;-0,000008436
23;30,4;0,000003531;0,000001266;0,000000163;0,000000007259;-0,000001098;0,000008411
23;30,5;-0,000003521;-0,000001262;-0,0000001625;-0,000000007237;0,000001095;-0,000008386
23;30,6;0,000003511;0,000001258;0,0000001621;0,000000007215;-0,000001092;0,000008362
23;30,7;-0,0000035;-0,000001254;-0,0000001617;-0,000000007193;0,000001089;-0,000008337
23;30,8;0,00000349;0,000001251;0,0000001613;0,000000007171;-0,000001087;0,000008313
23;30,9;-0,00000348;-0,000001247;-0,0000001609;-0,000000007149;0,000001084;-0,000008289
23;31;0,00000347;0,000001243;0,0000001605;0,000000007128;-0,000001081;0,000008264
23;31,1;-0,000003459;-0,00000124;-0,0000001601;-0,000000007106;0,000001078;-0,00000824
23;31,2;0,000003449;0,000001236;0,0000001597;0,000000007085;-0,000001075;0,000008216
23;31,3;-0,000003439;-0,000001233;-0,0000001592;-0,000000007063;0,000001073;-0,000008192
23;31,4;0,000003429;0,000001229;0,0000001588;0,000000007042;-0,00000107;0,000008168
23;31,5;-0,000003419;-0,000001225;-0,0000001584;-0,00000000702;0,000001067;-0,000008144
23;31,6;0,000003409;0,000001222;0,000000158;0,000000006999;-0,000001064;0,00000812
23;31,7;-0,000003399;-0,000001218;-0,0000001576;-0,000000006978;0,000001061;-0,000008096
23;31,8;0,000003389;0,000001215;0,0000001572;0,000000006957;-0,000001058;0,000008073
23;31,9;-0,000003379;-0,000001211;-0,0000001567;-0,000000006936;0,000001056;-0,000008049
23;32;0,000003369;0,000001208;0,0000001563;0,000000006915;-0,000001053;0,000008026
23;32,1;-0,00000336;-0,000001204;-0,0000001559;-0,000000006894;0,00000105;-0,000008002
23;32,2;0,00000335;0,000001201;0,0000001555;0,000000006873;-0,000001047;0,000007979
23;32,3;-0,00000334;-0,000001197;-0,0000001551;-0,000000006852;0,000001044;-0,000007956
23;32,4;0,00000333;0,000001194;0,0000001547;0,000000006832;-0,000001042;0,000007932
23;32,5;-0,00000332;-0,00000119;-0,0000001542;-0,000000006811;0,000001039;-0,000007909
23;32,6;0,000003311;0,000001187;0,0000001538;0,000000006791;-0,000001036;0,000007886
23;32,7;-0,000003301;-0,000001183;-0,0000001534;-0,00000000677;0,000001033;-0,000007863
23;32,8;0,000003292;0,00000118;0,000000153;0,00000000675;-0,00000103;0,00000784
23;32,9;-0,000003282;-0,000001176;-0,0000001526;-0,000000006729;0,000001028;-0,000007817
23;33;0,000003272;0,000001173;0,0000001522;0,000000006709;-0,000001025;0,000007795
23;33,1;-0,000003263;-0,000001169;-0,0000001518;-0,000000006689;0,000001022;-0,000007772
23;33,2;0,000003253;0,000001166;0,0000001514;0,000000006668;-0,000001019;0,000007749
23;33,3;-0,000003244;-0,000001163;-0,0000001509;-0,000000006648;0,000001017;-0,000007727
23;33,4;0,000003234;0,000001159;0,0000001505;0,000000006628;-0,000001014;0,000007704
23;33,5;-0,000003225;-0,000001156;-0,0000001501;-0,000000006608;0,000001011;-0,000007682
23;33,6;0,000003216;0,000001152;0,0000001497;0,000000006588;-0,000001008;0,00000766
23;33,7;-0,000003206;-0,000001149;-0,0000001493;-0,000000006568;0,000001006;-0,000007637
23;33,8;0,000003197;0,000001146;0,0000001489;0,000000006549;-0,000001003;0,000007615
23;33,9;-0,000003188;-0,000001142;-0,0000001485;-0,000000006529;0,000001;-0,000007593
23;34;0,000003178;0,000001139;0,0000001481;0,000000006509;-0,0000009973;0,000007571
23;34,1;-0,000003169;-0,000001136;-0,0000001477;-0,000000006489;0,0000009946;-0,000007549
23;34,2;0,00000316;0,000001133;0,0000001473;0,00000000647;-0,0000009918;0,000007527
23;34,3;-0,000003151;-0,000001129;-0,0000001469;-0,00000000645;0,0000009891;-0,000007505
23;34,4;0,000003142;0,000001126;0,0000001465;0,000000006431;-0,0000009864;0,000007483
23;34,5;-0,000003132;-0,000001123;-0,0000001461;-0,000000006412;0,0000009837;-0,000007461
23;34,6;0,000003123;0,000001119;0,0000001457;0,000000006392;-0,000000981;0,00000744
23;34,7;-0,000003114;-0,000001116;-0,0000001453;-0,000000006373;0,0000009783;-0,000007418
23;34,8;0,000003105;0,000001113;0,0000001449;0,000000006354;-0,0000009756;0,000007397
23;34,9;-0,000003096;-0,00000111;-0,0000001445;-0,000000006335;0,0000009729;-0,000007375
23;35;0,000003087;0,000001106;0,0000001441;0,000000006316;-0,0000009702;0,000007354
23;35,1;-0,000003078;-0,000001103;-0,0000001437;-0,000000006297;0,0000009675;-0,000007332
23;35,2;0,000003069;0,0000011;0,0000001433;0,000000006278;-0,0000009648;0,000007311
23;35,3;-0,00000306;-0,000001097;-0,0000001429;-0,000000006259;0,0000009622;-0,00000729
23;35,4;0,000003051;0,000001094;0,0000001425;0,00000000624;-0,0000009595;0,000007269
23;35,5;-0,000003043;-0,00000109;-0,0000001421;-0,000000006221;0,0000009568;-0,000007247
23;35,6;0,000003034;0,000001087;0,0000001417;0,000000006202;-0,0000009542;0,000007226
23;35,7;-0,000003025;-0,000001084;-0,0000001413;-0,000000006184;0,0000009516;-0,000007205
23;35,8;0,000003016;0,000001081;0,0000001409;0,000000006165;-0,0000009489;0,000007185
23;35,9;-0,000003007;-0,000001078;-0,0000001405;-0,000000006147;0,0000009463;-0,000007164
23;36;0,000002999;0,000001075;0,0000001401;0,000000006128;-0,0000009437;0,000007143
23;36,1;-0,00000299;-0,000001072;-0,0000001397;-0,00000000611;0,000000941;-0,000007122
23;36,2;0,000002981;0,000001069;0,0000001393;0,000000006091;-0,0000009384;0,000007102
23;36,3;-0,000002973;-0,000001065;-0,000000139;-0,000000006073;0,0000009358;-0,000007081
23;36,4;0,000002964;0,000001062;0,0000001386;0,000000006055;-0,0000009332;0,00000706
23;36,5;-0,000002955;-0,000001059;-0,0000001382;-0,000000006037;0,0000009306;-0,00000704
23;36,6;0,000002947;0,000001056;0,0000001378;0,000000006018;-0,000000928;0,000007019
23;36,7;-0,000002938;-0,000001053;-0,0000001374;-0,000000006;0,0000009255;-0,000006999
23;36,8;0,00000293;0,00000105;0,000000137;0,000000005982;-0,0000009229;0,000006979
23;36,9;-0,000002921;-0,000001047;-0,0000001367;-0,000000005964;0,0000009203;-0,000006959
23;37;0,000002913;0,000001044;0,0000001363;0,000000005946;-0,0000009178;0,000006938
23;37,1;-0,000002904;-0,000001041;-0,0000001359;-0,000000005928;0,0000009152;-0,000006918
23;37,2;0,000002896;0,000001038;0,0000001355;0,00000000591;-0,0000009127;0,000006898
23;37,3;-0,000002888;-0,000001035;-0,0000001352;-0,000000005892;0,0000009101;-0,000006878
23;37,4;0,000002879;0,000001032;0,0000001348;0,000000005874;-0,0000009076;0,000006858
23;37,5;-0,000002871;-0,000001029;-0,0000001344;-0,000000005857;0,0000009051;-0,000006838
23;37,6;0,000002863;0,000001026;0,000000134;0,000000005839;-0,0000009026;0,000006819
23;37,7;-0,000002854;-0,000001023;-0,0000001337;-0,000000005821;0,0000009;-0,000006799
23;37,8;0,000002846;0,00000102;0,0000001333;0,000000005804;-0,0000008975;0,000006779
23;37,9;-0,000002838;-0,000001017;-0,0000001329;-0,000000005786;0,000000895;-0,00000676
23;38;0,00000283;0,000001014;0,0000001325;0,000000005769;-0,0000008926;0,00000674
23;38,1;-0,000002821;-0,000001011;-0,0000001322;-0,000000005751;0,0000008901;-0,00000672
23;38,2;0,000002813;0,000001008;0,0000001318;0,000000005734;-0,0000008876;0,000006701
23;38,3;-0,000002805;-0,000001005;-0,0000001314;-0,000000005717;0,0000008851;-0,000006682
23;38,4;0,000002797;0,000001002;0,0000001311;0,0000000057;-0,0000008827;0,000006662
23;38,5;-0,000002789;-0,0000009995;-0,0000001307;-0,000000005683;0,0000008802;-0,000006643
23;38,6;0,000002781;0,0000009966;0,0000001303;0,000000005666;-0,0000008777;0,000006624
23;38,7;-0,000002773;-0,0000009938;-0,00000013;-0,000000005649;0,0000008753;-0,000006605
23;38,8;0,000002765;0,0000009909;0,0000001296;0,000000005632;-0,0000008729;0,000006585
23;38,9;-0,000002757;-0,000000988;-0,0000001293;-0,000000005615;0,0000008704;-0,000006566
23;39;0,000002749;0,0000009852;0,0000001289;0,000000005598;-0,000000868;0,000006547
23;39,1;-0,000002741;-0,0000009823;-0,0000001285;-0,000000005581;0,0000008656;-0,000006528
23;39,2;0,000002733;0,0000009795;0,0000001282;0,000000005564;-0,0000008632;0,000006509
23;39,3;-0,000002725;-0,0000009766;-0,0000001278;-0,000000005547;0,0000008608;-0,000006491
23;39,4;0,000002717;0,0000009738;0,0000001275;0,00000000553;-0,0000008584;0,000006472
23;39,5;-0,000002709;-0,000000971;-0,0000001271;-0,000000005514;0,000000856;-0,000006453
23;39,6;0,000002701;0,0000009682;0,0000001268;0,000000005497;-0,0000008536;0,000006434
23;39,7;-0,000002693;-0,0000009654;-0,0000001264;-0,00000000548;0,0000008512;-0,000006416
23;39,8;0,000002686;0,0000009626;0,0000001261;0,000000005464;-0,0000008489;0,000006397
23;39,9;-0,000002678;-0,0000009598;-0,0000001257;-0,000000005447;0,0000008465;-0,000006379
23;40;0,00000267;0,000000957;0,0000001254;0,000000005431;-0,0000008441;0,00000636
24;0;0;0;0;0;0;0
24;0,1;-0,00000000000000005679;0;0;0;0;0
24;0,2;-0,0000000000000001123;0;0;0;0;0
24;0,3;-0,0000000000000001123;0;0;0;0;0
24;0,4;-0,0000000000000001123;0;0;0;0;0
24;0,5;-0,0000000000000001123;0;0;0;0;0
24;0,6;-0,0000000000000001123;0;0;0;0;0
24;0,7;-0,0000000000000001123;0;0;0;0;0
24;0,8;-0,0000000000000001123;0;0;0;0;0
24;0,9;-0,0000000000000001123;0;0;0;0;0
24;1;-0,0000000000000001123;0;0;0;0;0
24;1,1;-0,0000000000000001123;0;0;0;0;0
24;1,2;-0,0000000000000001123;0;0;0;0;0
24;1,3;-0,0000000000000001123;0;0;0;0;0
24;1,4;-0,0000000000000001123;0;0;0;0;0
24;1,5;-0,0000000000000001123;0;0;0;0;0
24;1,6;-0,0000000000000001123;0;0;0;0;0
24;1,7;-0,0000000000000001123;0;0;0;0;0
24;1,8;-0,0000000000000001123;0;0;0;0;0
24;1,9;-0,0000000000000001123;0;0;0;0;0
24;2;-0,0000000000000001123;0;0;0;0;0
24;2,1;-0,0000000000000001123;0;0;0;0;0
24;2,2;-0,0000000000000001123;0;0;0;0;0
24;2,3;-0,0000000000000001123;0;0;0;0;0
24;2,4;-0,0000000000000001123;0;0;0;0;0
24;2,5;-0,0000000000000001123;0;0;0;0;0
24;2,6;-0,0000000000000001123;0;0;0;0;0
24;2,7;-0,0000000000000001123;0;0;0;0;0
24;2,8;-0,0000000000000001123;0;0;0;0;0
24;2,9;-0,0000000000000001123;0;0;0;0;0
24;3;-0,0000000000000001123;0;0;0;0;0
24;3,1;-0,0000000000000001123;0;0;0;0;0
24;3,2;-0,0000000000000001123;0;0;0;0;0
24;3,3;-0,0000000000000001123;0;0;0;0;0
24;3,4;-0,0000000000000001123;0;0;0;0;0
24;3,5;-0,0000000000000001123;0;0;0;0;0
24;3,6;-0,0000000000000001123;0;0;0;0;0
24;3,7;-0,0000000000000001123;0;0;0;0;0
24;3,8;-0,0000000000000001123;0;0;0;0;0
24;3,9;-0,0000000000000001123;0;0;0;0;0
24;4;-0,0000000000000001123;0;0;0;0;0
24;4,1;-0,0000000000000001123;0;0;0;0;0
24;4,2;-0,0000000000000001123;0;0;0;0;0
24;4,3;-0,0000000000000001123;0;0;0;0;0
24;4,4;-0,0000000000000001123;0;0;0;0;0
24;4,5;-0,0000000000000001123;0;0;0;0;0
24;4,6;-0,0000000000000001123;0;0;0;0;0
24;4,7;-0,0000000000000001123;0;0;0;0;0
24;4,8;-0,0000000000000001123;0;0;0;0;0
24;4,9;-0,0000000000000001123;0;0;0;0;0
24;5;-0,0000000000000001123;0;0;0;0;0
24;5,1;-0,0000000000000001123;0;0;0;0;0
24;5,2;-0,0000000000000001123;0;0;0;0;0
24;5,3;-0,0000000000000001123;0;0;0;0;0
24;5,4;-0,0000000000000001123;0;0;0;0;0
24;5,5;-0,0000000000000001123;0;0;0;0;0
24;5,6;-0,0000000000000001123;0;0;0;0;0
24;5,7;-0,0000000000000001123;0;0;0;0;0
24;5,8;-0,0000000000000001123;0;0;0;0;0
24;5,9;-0,0000000000000001123;0;0;0;0;0
24;6;-0,0000000000000001123;0;0;0;0;0
24;6,1;-0,0000000000000001123;0;0;0;0;0
24;6,2;-0,0000000000000001123;0;0;0;0;0
24;6,3;-0,0000000000000001123;0;0;0;0;0
24;6,4;-0,0000000000000001123;0;0;0;0;0
24;6,5;-0,0000000000000001123;0;0;0;0;0
24;6,6;-0,0000000000000001123;0;0;0;0;0
24;6,7;-0,0000000000000001123;0;0;0;0;0
24;6,8;-0,0000000000000001123;0;0;0;0;0
24;6,9;-0,0000000000000001123;0;0;0;0;0
24;7;-0,0000000000000001123;0;0;0;0;0
24;7,1;-0,0000000000000001123;0;0;0;0;0
24;7,2;-0,0000000000000001123;0;0;0;0;0
24;7,3;-0,0000000000000001123;0;0;0;0;0
24;7,4;-0,0000000000000001123;0;0;0;0;0
24;7,5;-0,0000000000000001123;0;0;0;0;0
24;7,6;-0,0000000000000001123;0;0;0;0;0
24;7,7;-0,0000000000000001123;0;0;0;0;0
24;7,8;-0,0000000000000001123;0;0;0;0;0
24;7,9;-0,0000000000000001123;0;0;0;0;0
24;8;-0,0000000000000001123;0;0;0;0;0
24;8,1;-0,0000000000000001123;0;0;0;0;0
24;8,2;-0,0000000000000001123;0;0;0;0;0
24;8,3;-0,0000000000000001123;0;0;0;0;0
24;8,4;-0,0000000000000001123;0;0;0;0;0
24;8,5;-0,0000000000000001123;0;0;0;0;0
24;8,6;-0,0000000000000001123;0;0;0;0;0
24;8,7;-0,0000000000000001123;0;0;0;0;0
24;8,8;-0,0000000000000001123;0;0;0;0;0
24;8,9;-0,0000000000000001123;0;0;0;0;0
24;9;-0,0000000000000001123;0;0;0;0;0
24;9,1;-0,0000000000000001123;0;0;0;0;0
24;9,2;-0,0000000000000001123;0;0;0;0;0
24;9,3;-0,0000000000000001123;0;0;0;0;0
24;9,4;-0,0000000000000001123;0;0;0;0;0
24;9,5;-0,0000000000000001123;0;0;0;0;0
24;9,6;-0,0000000000000001123;0;0;0;0;0
24;9,7;-0,0000000000000001123;0;0;0;0;0
24;9,8;-0,0000000000000001123;0;0;0;0;0
24;9,9;-0,0000000000000001123;0;0;0;0;0
24;10;-0,0000000000000001123;0;0;0;0;0
24;10,1;-0,0000000000000001123;0;0;0;0;0
24;10,2;-0,0000000000000001123;0;0;0;0;0
24;10,3;-0,0000000000000001123;0;0;0;0;0
24;10,4;-0,0000000000000001123;0;0;0;0;0
24;10,5;-0,0000000000000001123;0;0;0;0;0
24;10,6;-0,0000000000000001123;0;0;0;0;0
24;10,7;-0,0000000000000001123;0;0;0;0;0
24;10,8;-0,0000000000000001123;0;0;0;0;0
24;10,9;-0,0000000000000001123;0;0;0;0;0
24;11;-0,0000000000000001123;0;0;0;0;0
24;11,1;-0,0000000000000001123;0;0;0;0;0
24;11,2;-0,0000000000000001123;0;0;0;0;0
24;11,3;-0,0000000000000001123;0;0;0;0;0
24;11,4;-0,0000000000000001123;0;0;0;0;0
24;11,5;-0,0000000000000001123;0;0;0;0;0
24;11,6;-0,0000000000000001123;0;0;0;0;0
24;11,7;-0,0000000000000001123;0;0;0;0;0
24;11,8;-0,0000000000000001123;0;0;0;0;0
24;11,9;-0,0000000000000001123;0;0;0;0;0
24;12;-0,0000000000000001123;0;0;0;0;0
24;12,1;-0,0000000000000001123;0;0;0;0;0
24;12,2;-0,0000000000000001123;0;0;0;0;0
24;12,3;-0,0000000000000001123;0;0;0;0;0
24;12,4;-0,0000000000000001123;0;0;0;0;0
24;12,5;-0,0000000000000001123;0;0;0;0;0
24;12,6;-0,0000000000000001123;0;0;0;0;0
24;12,7;-0,0000000000000001123;0;0;0;0;0
24;12,8;-0,0000000000000001123;0;0;0;0;0
24;12,9;-0,0000000000000001123;0;0;0;0;0
24;13;-0,0000000000000001123;0;0;0;0;0
24;13,1;-0,0000000000000001123;0;0;0;0;0
24;13,2;-0,0000000000000001123;0;0;0;0;0
24;13,3;-0,0000000000000001123;0;0;0;0;0
24;13,4;-0,0000000000000001123;0;0;0;0;0
24;13,5;-0,0000000000000001123;0;0;0;0;0
24;13,6;-0,0000000000000001123;0;0;0;0;0
24;13,7;-0,0000000000000001123;0;0;0;0;0
24;13,8;-0,0000000000000001123;0;0;0;0;0
24;13,9;-0,0000000000000001123;0;0;0;0;0
24;14;-0,0000000000000001123;0;0;0;0;0
24;14,1;-0,0000000000000001123;0;0;0;0;0
24;14,2;-0,0000000000000001123;0;0;0;0;0
24;14,3;-0,0000000000000001123;0;0;0;0;0
24;14,4;-0,0000000000000001123;0;0;0;0;0
24;14,5;-0,0000000000000001123;0;0;0;0;0
24;14,6;-0,0000000000000001123;0;0;0;0;0
24;14,7;-0,0000000000000001123;0;0;0;0;0
24;14,8;-0,0000000000000001123;0;0;0;0;0
24;14,9;-0,0000000000000001123;0;0;0;0;0
24;15;-0,0000000000000001123;0;0;0;0;0
24;15,1;-0,0000000000000001123;0;0;0;0;0
24;15,2;-0,0000000000000001123;0;0;0;0;0
24;15,3;-0,0000000000000001123;0;0;0;0;0
24;15,4;-0,0000000000000001123;0;0;0;0;0
24;15,5;-0,0000000000000001123;0;0;0;0;0
24;15,6;-0,0000000000000001123;0;0;0;0;0
24;15,7;-0,0000000000000001123;0;0;0;0;0
24;15,8;-0,0000000000000001123;0;0;0;0;0
24;15,9;-0,0000000000000001123;0;0;0;0;0
24;16;-0,0000000000000001123;0;0;0;0;0
24;16,1;-0,0000000000000001123;0;0;0;0;0
24;16,2;-0,0000000000000001123;0;0;0;0;0
24;16,3;-0,0000000000000001123;0;0;0;0;0
24;16,4;-0,0000000000000001123;0;0;0;0;0
24;16,5;-0,0000000000000001123;0;0;0;0;0
24;16,6;-0,0000000000000001123;0;0;0;0;0
24;16,7;-0,0000000000000001123;0;0;0;0;0
24;16,8;-0,0000000000000001123;0;0;0;0;0
24;16,9;-0,0000000000000001123;0;0;0;0;0
24;17;-0,0000000000000001123;0;0;0;0;0
24;17,1;-0,0000000000000001123;0;0;0;0;0
24;17,2;-0,0000000000000001123;0;0;0;0;0
24;17,3;-0,0000000000000001123;0;0;0;0;0
24;17,4;-0,0000000000000001123;0;0;0;0;0
24;17,5;-0,0000000000000001123;0;0;0;0;0
24;17,6;-0,0000000000000001123;0;0;0;0;0
24;17,7;-0,0000000000000001123;0;0;0;0;0
24;17,8;-0,0000000000000001123;0;0;0;0;0
24;17,9;-0,0000000000000001123;0;0;0;0;0
24;18;-0,0000000000000001123;0;0;0;0;0
24;18,1;-0,0000000000000001123;0;0;0;0;0
24;18,2;-0,0000000000000001123;0;0;0;0;0
24;18,3;-0,0000000000000001123;0;0;0;0;0
24;18,4;-0,0000000000000001123;0;0;0;0;0
24;18,5;-0,0000000000000001123;0;0;0;0;0
24;18,6;-0,0000000000000001123;0;0;0;0;0
24;18,7;-0,0000000000000001123;0;0;0;0;0
24;18,8;-0,0000000000000001123;0;0;0;0;0
24;18,9;-0,0000000000000001123;0;0;0;0;0
24;19;-0,0000000000000001123;0;0;0;0;0
24;19,1;-0,0000000000000001123;0;0;0;0;0
24;19,2;-0,0000000000000001123;0;0;0;0;0
24;19,3;-0,0000000000000001123;0;0;0;0;0
24;19,4;-0,0000000000000001123;0;0;0;0;0
24;19,5;-0,0000000000000001123;0;0;0;0;0
24;19,6;-0,0000000000000001123;0;0;0;0;0
24;19,7;-0,0000000000000001123;0;0;0;0;0
24;19,8;-0,0000000000000001123;0;0;0;0;0
24;19,9;-0,0000000000000001123;0;0;0;0;0
24;20;-0,0000000000000001123;0;0;0;0;0
24;20,1;-0,0000000000000001123;0;0;0;0;0
24;20,2;-0,0000000000000001123;0;0;0;0;0
24;20,3;-0,0000000000000001123;0;0;0;0;0
24;20,4;-0,0000000000000001123;0;0;0;0;0
24;20,5;-0,0000000000000001123;0;0;0;0;0
24;20,6;-0,0000000000000001123;0;0;0;0;0
24;20,7;-0,0000000000000001123;0;0;0;0;0
24;20,8;-0,0000000000000001123;0;0;0;0;0
24;20,9;-0,0000000000000001123;0;0;0;0;0
24;21;-0,0000000000000001123;0;0;0;0;0
24;21,1;-0,0000000000000001123;0;0;0;0;0
24;21,2;-0,0000000000000001123;0;0;0;0;0
24;21,3;-0,0000000000000001123;0;0;0;0;0
24;21,4;-0,0000000000000001123;0;0;0;0;0
24;21,5;-0,0000000000000001123;0;0;0;0;0
24;21,6;-0,0000000000000001123;0;0;0;0;0
24;21,7;-0,0000000000000001123;0;0;0;0;0
24;21,8;-0,0000000000000001123;0;0;0;0;0
24;21,9;-0,0000000000000001123;0;0;0;0;0
24;22;-0,0000000000000001123;0;0;0;0;0
24;22,1;-0,0000000000000001123;0;0;0;0;0
24;22,2;-0,0000000000000001123;0;0;0;0;0
24;22,3;-0,0000000000000001123;0;0;0;0;0
24;22,4;-0,0000000000000001123;0;0;0;0;0
24;22,5;-0,0000000000000001123;0;0;0;0;0
24;22,6;-0,0000000000000001123;0;0;0;0;0
24;22,7;-0,0000000000000001123;0;0;0;0;0
24;22,8;-0,0000000000000001123;0;0;0;0;0
24;22,9;-0,0000000000000001123;0;0;0;0;0
24;23;-0,0000000000000001123;0;0;0;0;0
24;23,1;-0,0000000000000001123;0;0;0;0;0
24;23,2;-0,0000000000000001123;0;0;0;0;0
24;23,3;-0,0000000000000001123;0;0;0;0;0
24;23,4;-0,0000000000000001123;0;0;0;0;0
24;23,5;-0,0000000000000001123;0;0;0;0;0
24;23,6;-0,0000000000000001123;0;0;0;0;0
24;23,7;-0,0000000000000001123;0;0;0;0;0
24;23,8;-0,0000000000000001123;0;0;0;0;0
24;23,9;-0,0000000000000001123;0;0;0;0;0
24;24;-0,0000000000000001123;0;0;0;0;0
24;24,1;-0,0000000000000001123;0;0;0;0;0
24;24,2;-0,0000000000000001123;0;0;0;0;0
24;24,3;-0,0000000000000001123;0;0;0;0;0
24;24,4;-0,0000000000000001123;0;0;0;0;0
24;24,5;-0,0000000000000001123;0;0;0;0;0
24;24,6;-0,0000000000000001123;0;0;0;0;0
24;24,7;-0,0000000000000001123;0;0;0;0;0
24;24,8;-0,0000000000000001123;0;0;0;0;0
24;24,9;-0,0000000000000001123;0;0;0;0;0
24;25;-0,0000000000000001123;0;0;0;0;0
24;25,1;-0,0000000000000001123;0;0;0;0;0
24;25,2;-0,0000000000000001123;0;0;0;0;0
24;25,3;-0,0000000000000001123;0;0;0;0;0
24;25,4;-0,0000000000000001123;0;0;0;0;0
24;25,5;-0,0000000000000001123;0;0;0;0;0
24;25,6;-0,0000000000000001123;0;0;0;0;0
24;25,7;-0,0000000000000001123;0;0;0;0;0
24;25,8;-0,0000000000000001123;0;0;0;0;0
24;25,9;-0,0000000000000001123;0;0;0;0;0
24;26;-0,0000000000000001123;0;0;0;0;0
24;26,1;-0,0000000000000001123;0;0;0;0;0
24;26,2;-0,0000000000000001123;0;0;0;0;0
24;26,3;-0,0000000000000001123;0;0;0;0;0
24;26,4;-0,0000000000000001123;0;0;0;0;0
24;26,5;-0,0000000000000001123;0;0;0;0;0
24;26,6;-0,0000000000000001123;0;0;0;0;0
24;26,7;-0,0000000000000001123;0;0;0;0;0
24;26,8;-0,0000000000000001123;0;0;0;0;0
24;26,9;-0,0000000000000001123;0;0;0;0;0
24;27;-0,0000000000000001123;0;0;0;0;0
24;27,1;-0,0000000000000001123;0;0;0;0;0
24;27,2;-0,0000000000000001123;0;0;0;0;0
24;27,3;-0,0000000000000001123;0;0;0;0;0
24;27,4;-0,0000000000000001123;0;0;0;0;0
24;27,5;-0,0000000000000001123;0;0;0;0;0
24;27,6;-0,0000000000000001123;0;0;0;0;0
24;27,7;-0,0000000000000001123;0;0;0;0;0
24;27,8;-0,0000000000000001123;0;0;0;0;0
24;27,9;-0,0000000000000001123;0;0;0;0;0
24;28;-0,0000000000000001123;0;0;0;0;0
24;28,1;-0,0000000000000001123;0;0;0;0;0
24;28,2;-0,0000000000000001123;0;0;0;0;0
24;28,3;-0,0000000000000001123;0;0;0;0;0
24;28,4;-0,0000000000000001123;0;0;0;0;0
24;28,5;-0,0000000000000001123;0;0;0;0;0
24;28,6;-0,0000000000000001123;0;0;0;0;0
24;28,7;-0,0000000000000001123;0;0;0;0;0
24;28,8;-0,0000000000000001123;0;0;0;0;0
24;28,9;-0,0000000000000001123;0;0;0;0;0
24;29;-0,0000000000000001123;0;0;0;0;0
24;29,1;-0,0000000000000001123;0;0;0;0;0
24;29,2;-0,0000000000000001123;0;0;0;0;0
24;29,3;-0,0000000000000001123;0;0;0;0;0
24;29,4;-0,0000000000000001123;0;0;0;0;0
24;29,5;-0,0000000000000001123;0;0;0;0;0
24;29,6;-0,0000000000000001123;0;0;0;0;0
24;29,7;-0,0000000000000001123;0;0;0;0;0
24;29,8;-0,0000000000000001123;0;0;0;0;0
24;29,9;-0,0000000000000001123;0;0;0;0;0
24;30;-0,0000000000000001123;0;0;0;0;0
24;30,1;-0,0000000000000001123;0;0;0;0;0
24;30,2;-0,0000000000000001123;0;0;0;0;0
24;30,3;-0,0000000000000001123;0;0;0;0;0
24;30,4;-0,0000000000000001123;0;0;0;0;0
24;30,5;-0,0000000000000001123;0;0;0;0;0
24;30,6;-0,0000000000000001123;0;0;0;0;0
24;30,7;-0,0000000000000001123;0;0;0;0;0
24;30,8;-0,0000000000000001123;0;0;0;0;0
24;30,9;-0,0000000000000001123;0;0;0;0;0
24;31;-0,0000000000000001123;0;0;0;0;0
24;31,1;-0,0000000000000001123;0;0;0;0;0
24;31,2;-0,0000000000000001123;0;0;0;0;0
24;31,3;-0,0000000000000001123;0;0;0;0;0
24;31,4;-0,0000000000000001123;0;0;0;0;0
24;31,5;-0,0000000000000001123;0;0;0;0;0
24;31,6;-0,0000000000000001123;0;0;0;0;0
24;31,7;-0,0000000000000001123;0;0;0;0;0
24;31,8;-0,0000000000000001123;0;0;0;0;0
24;31,9;-0,0000000000000001123;0;0;0;0;0
24;32;-0,0000000000000001123;0;0;0;0;0
24;32,1;-0,0000000000000001123;0;0;0;0;0
24;32,2;-0,0000000000000001123;0;0;0;0;0
24;32,3;-0,0000000000000001123;0;0;0;0;0
24;32,4;-0,0000000000000001123;0;0;0;0;0
24;32,5;-0,0000000000000001123;0;0;0;0;0
24;32,6;-0,0000000000000001123;0;0;0;0;0
24;32,7;-0,0000000000000001123;0;0;0;0;0
24;32,8;-0,0000000000000001123;0;0;0;0;0
24;32,9;-0,0000000000000001123;0;0;0;0;0
24;33;-0,0000000000000001123;0;0;0;0;0
24;33,1;-0,0000000000000001123;0;0;0;0;0
24;33,2;-0,0000000000000001123;0;0;0;0;0
24;33,3;-0,0000000000000001123;0;0;0;0;0
24;33,4;-0,0000000000000001123;0;0;0;0;0
24;33,5;-0,0000000000000001123;0;0;0;0;0
24;33,6;-0,0000000000000001123;0;0;0;0;0
24;33,7;-0,0000000000000001123;0;0;0;0;0
24;33,8;-0,0000000000000001123;0;0;0;0;0
24;33,9;-0,0000000000000001123;0;0;0;0;0
24;34;-0,0000000000000001123;0;0;0;0;0
24;34,1;-0,0000000000000001123;0;0;0;0;0
24;34,2;-0,0000000000000001123;0;0;0;0;0
24;34,3;-0,0000000000000001123;0;0;0;0;0
24;34,4;-0,0000000000000001123;0;0;0;0;0
24;34,5;-0,0000000000000001123;0;0;0;0;0
24;34,6;-0,0000000000000001123;0;0;0;0;0
24;34,7;-0,0000000000000001123;0;0;0;0;0
24;34,8;-0,0000000000000001123;0;0;0;0;0
24;34,9;-0,0000000000000001123;0;0;0;0;0
24;35;-0,0000000000000001123;0;0;0;0;0
24;35,1;-0,0000000000000001123;0;0;0;0;0
24;35,2;-0,0000000000000001123;0;0;0;0;0
24;35,3;-0,0000000000000001123;0;0;0;0;0
24;35,4;-0,0000000000000001123;0;0;0;0;0
24;35,5;-0,0000000000000001123;0;0;0;0;0
24;35,6;-0,0000000000000001123;0;0;0;0;0
24;35,7;-0,0000000000000001123;0;0;0;0;0
24;35,8;-0,0000000000000001123;0;0;0;0;0
24;35,9;-0,0000000000000001123;0;0;0;0;0
24;36;-0,0000000000000001123;0;0;0;0;0
24;36,1;-0,0000000000000001123;0;0;0;0;0
24;36,2;-0,0000000000000001123;0;0;0;0;0
24;36,3;-0,0000000000000001123;0;0;0;0;0
24;36,4;-0,0000000000000001123;0;0;0;0;0
24;36,5;-0,0000000000000001123;0;0;0;0;0
24;36,6;-0,0000000000000001123;0;0;0;0;0
24;36,7;-0,0000000000000001123;0;0;0;0;0
24;36,8;-0,0000000000000001123;0;0;0;0;0
24;36,9;-0,0000000000000001123;0;0;0;0;0
24;37;-0,0000000000000001123;0;0;0;0;0
24;37,1;-0,0000000000000001123;0;0;0;0;0
24;37,2;-0,0000000000000001123;0;0;0;0;0
24;37,3;-0,0000000000000001123;0;0;0;0;0
24;37,4;-0,0000000000000001123;0;0;0;0;0
24;37,5;-0,0000000000000001123;0;0;0;0;0
24;37,6;-0,0000000000000001123;0;0;0;0;0
24;37,7;-0,0000000000000001123;0;0;0;0;0
24;37,8;-0,0000000000000001123;0;0;0;0;0
24;37,9;-0,0000000000000001123;0;0;0;0;0
24;38;-0,0000000000000001123;0;0;0;0;0
24;38,1;-0,0000000000000001123;0;0;0;0;0
24;38,2;-0,0000000000000001123;0;0;0;0;0
24;38,3;-0,0000000000000001123;0;0;0;0;0
24;38,4;-0,0000000000000001123;0;0;0;0;0
24;38,5;-0,0000000000000001123;0;0;0;0;0
24;38,6;-0,0000000000000001123;0;0;0;0;0
24;38,7;-0,0000000000000001123;0;0;0;0;0
24;38,8;-0,0000000000000001123;0;0;0;0;0
24;38,9;-0,0000000000000001123;0;0;0;0;0
24;39;-0,0000000000000001123;0;0;0;0;0
24;39,1;-0,0000000000000001123;0;0;0;0;0
24;39,2;-0,0000000000000001123;0;0;0;0;0
24;39,3;-0,0000000000000001123;0;0;0;0;0
24;39,4;-0,0000000000000001123;0;0;0;0;0
24;39,5;-0,0000000000000001123;0;0;0;0;0
24;39,6;-0,0000000000000001123;0;0;0;0;0
24;39,7;-0,0000000000000001123;0;0;0;0;0
24;39,8;-0,0000000000000001123;0;0;0;0;0
24;39,9;-0,0000000000000001123;0;0;0;0;0
24;40;-0,0000000000000001123;0;0;0;0;0
25;0;0;0;0;0;0;0
25;0,1;-0,00000000000000005679;0;0;0;0;0
25;0,2;-0,0000000000000001123;0;0;0;0;0
25;0,3;-0,0000000000000001123;0;0;0;0;0
25;0,4;-0,0000000000000001123;0;0;0;0;0
25;0,5;-0,0000000000000001123;0;0;0;0;0
25;0,6;-0,0000000000000001123;0;0;0;0;0
25;0,7;-0,0000000000000001123;0;0;0;0;0
25;0,8;-0,0000000000000001123;0;0;0;0;0
25;0,9;-0,0000000000000001123;0;0;0;0;0
25;1;-0,0000000000000001123;0;0;0;0;0
25;1,1;-0,0000000000000001123;0;0;0;0;0
25;1,2;-0,0000000000000001123;0;0;0;0;0
25;1,3;-0,0000000000000001123;0;0;0;0;0
25;1,4;-0,0000000000000001123;0;0;0;0;0
25;1,5;-0,0000000000000001123;0;0;0;0;0
25;1,6;-0,0000000000000001123;0;0;0;0;0
25;1,7;-0,0000000000000001123;0;0;0;0;0
25;1,8;-0,0000000000000001123;0;0;0;0;0
25;1,9;-0,0000000000000001123;0;0;0;0;0
25;2;-0,0000000000000001123;0;0;0;0;0
25;2,1;-0,0000000000000001123;0;0;0;0;0
25;2,2;-0,0000000000000001123;0;0;0;0;0
25;2,3;-0,0000000000000001123;0;0;0;0;0
25;2,4;-0,0000000000000001123;0;0;0;0;0
25;2,5;-0,0000000000000001123;0;0;0;0;0
25;2,6;-0,0000000000000001123;0;0;0;0;0
25;2,7;-0,0000000000000001123;0;0;0;0;0
25;2,8;-0,0000000000000001123;0;0;0;0;0
25;2,9;-0,0000000000000001123;0;0;0;0;0
25;3;-0,0000000000000001123;0;0;0;0;0
25;3,1;-0,0000000000000001123;0;0;0;0;0
25;3,2;-0,0000000000000001123;0;0;0;0;0
25;3,3;-0,0000000000000001123;0;0;0;0;0
25;3,4;-0,0000000000000001123;0;0;0;0;0
25;3,5;-0,0000000000000001123;0;0;0;0;0
25;3,6;-0,0000000000000001123;0;0;0;0;0
25;3,7;-0,0000000000000001123;0;0;0;0;0
25;3,8;-0,0000000000000001123;0;0;0;0;0
25;3,9;-0,0000000000000001123;0;0;0;0;0
25;4;-0,0000000000000001123;0;0;0;0;0
25;4,1;-0,0000000000000001123;0;0;0;0;0
25;4,2;-0,0000000000000001123;0;0;0;0;0
25;4,3;-0,0000000000000001123;0;0;0;0;0
25;4,4;-0,0000000000000001123;0;0;0;0;0
25;4,5;-0,0000000000000001123;0;0;0;0;0
25;4,6;-0,0000000000000001123;0;0;0;0;0
25;4,7;-0,0000000000000001123;0;0;0;0;0
25;4,8;-0,0000000000000001123;0;0;0;0;0
25;4,9;-0,0000000000000001123;0;0;0;0;0
25;5;-0,0000000000000001123;0;0;0;0;0
25;5,1;-0,0000000000000001123;0;0;0;0;0
25;5,2;-0,0000000000000001123;0;0;0;0;0
25;5,3;-0,0000000000000001123;0;0;0;0;0
25;5,4;-0,0000000000000001123;0;0;0;0;0
25;5,5;-0,0000000000000001123;0;0;0;0;0
25;5,6;-0,0000000000000001123;0;0;0;0;0
25;5,7;-0,0000000000000001123;0;0;0;0;0
25;5,8;-0,0000000000000001123;0;0;0;0;0
25;5,9;-0,0000000000000001123;0;0;0;0;0
25;6;-0,0000000000000001123;0;0;0;0;0
25;6,1;-0,0000000000000001123;0;0;0;0;0
25;6,2;-0,0000000000000001123;0;0;0;0;0
25;6,3;-0,0000000000000001123;0;0;0;0;0
25;6,4;-0,0000000000000001123;0;0;0;0;0
25;6,5;-0,0000000000000001123;0;0;0;0;0
25;6,6;-0,0000000000000001123;0;0;0;0;0
25;6,7;-0,0000000000000001123;0;0;0;0;0
25;6,8;-0,0000000000000001123;0;0;0;0;0
25;6,9;-0,0000000000000001123;0;0;0;0;0
25;7;-0,0000000000000001123;0;0;0;0;0
25;7,1;-0,0000000000000001123;0;0;0;0;0
25;7,2;-0,0000000000000001123;0;0;0;0;0
25;7,3;-0,0000000000000001123;0;0;0;0;0
25;7,4;-0,0000000000000001123;0;0;0;0;0
25;7,5;-0,0000000000000001123;0;0;0;0;0
25;7,6;-0,0000000000000001123;0;0;0;0;0
25;7,7;-0,0000000000000001123;0;0;0;0;0
25;7,8;-0,0000000000000001123;0;0;0;0;0
25;7,9;-0,0000000000000001123;0;0;0;0;0
25;8;-0,0000000000000001123;0;0;0;0;0
25;8,1;-0,0000000000000001123;0;0;0;0;0
25;8,2;-0,0000000000000001123;0;0;0;0;0
25;8,3;-0,0000000000000001123;0;0;0;0;0
25;8,4;-0,0000000000000001123;0;0;0;0;0
25;8,5;-0,0000000000000001123;0;0;0;0;0
25;8,6;-0,0000000000000001123;0;0;0;0;0
25;8,7;-0,0000000000000001123;0;0;0;0;0
25;8,8;-0,0000000000000001123;0;0;0;0;0
25;8,9;-0,0000000000000001123;0;0;0;0;0
25;9;-0,0000000000000001123;0;0;0;0;0
25;9,1;-0,0000000000000001123;0;0;0;0;0
25;9,2;-0,0000000000000001123;0;0;0;0;0
25;9,3;-0,0000000000000001123;0;0;0;0;0
25;9,4;-0,0000000000000001123;0;0;0;0;0
25;9,5;-0,0000000000000001123;0;0;0;0;0
25;9,6;-0,0000000000000001123;0;0;0;0;0
25;9,7;-0,0000000000000001123;0;0;0;0;0
25;9,8;-0,0000000000000001123;0;0;0;0;0
25;9,9;-0,0000000000000001123;0;0;0;0;0
25;10;-0,0000000000000001123;0;0;0;0;0
25;10,1;-0,0000000000000001123;0;0;0;0;0
25;10,2;-0,0000000000000001123;0;0;0;0;0
25;10,3;-0,0000000000000001123;0;0;0;0;0
25;10,4;-0,0000000000000001123;0;0;0;0;0
25;10,5;-0,0000000000000001123;0;0;0;0;0
25;10,6;-0,0000000000000001123;0;0;0;0;0
25;10,7;-0,0000000000000001123;0;0;0;0;0
25;10,8;-0,0000000000000001123;0;0;0;0;0
25;10,9;-0,0000000000000001123;0;0;0;0;0
25;11;-0,0000000000000001123;0;0;0;0;0
25;11,1;-0,0000000000000001123;0;0;0;0;0
25;11,2;-0,0000000000000001123;0;0;0;0;0
25;11,3;-0,0000000000000001123;0;0;0;0;0
25;11,4;-0,0000000000000001123;0;0;0;0;0
25;11,5;-0,0000000000000001123;0;0;0;0;0
25;11,6;-0,0000000000000001123;0;0;0;0;0
25;11,7;-0,0000000000000001123;0;0;0;0;0
25;11,8;-0,0000000000000001123;0;0;0;0;0
25;11,9;-0,0000000000000001123;0;0;0;0;0
25;12;-0,0000000000000001123;0;0;0;0;0
25;12,1;-0,0000000000000001123;0;0;0;0;0
25;12,2;-0,0000000000000001123;0;0;0;0;0
25;12,3;-0,0000000000000001123;0;0;0;0;0
25;12,4;-0,0000000000000001123;0;0;0;0;0
25;12,5;-0,0000000000000001123;0;0;0;0;0
25;12,6;-0,0000000000000001123;0;0;0;0;0
25;12,7;-0,0000000000000001123;0;0;0;0;0
25;12,8;-0,0000000000000001123;0;0;0;0;0
25;12,9;-0,0000000000000001123;0;0;0;0;0
25;13;-0,0000000000000001123;0;0;0;0;0
25;13,1;-0,0000000000000001123;0;0;0;0;0
25;13,2;-0,0000000000000001123;0;0;0;0;0
25;13,3;-0,0000000000000001123;0;0;0;0;0
25;13,4;-0,0000000000000001123;0;0;0;0;0
25;13,5;-0,0000000000000001123;0;0;0;0;0
25;13,6;-0,0000000000000001123;0;0;0;0;0
25;13,7;-0,0000000000000001123;0;0;0;0;0
25;13,8;-0,0000000000000001123;0;0;0;0;0
25;13,9;-0,0000000000000001123;0;0;0;0;0
25;14;-0,0000000000000001123;0;0;0;0;0
25;14,1;-0,0000000000000001123;0;0;0;0;0
25;14,2;-0,0000000000000001123;0;0;0;0;0
25;14,3;-0,0000000000000001123;0;0;0;0;0
25;14,4;-0,0000000000000001123;0;0;0;0;0
25;14,5;-0,0000000000000001123;0;0;0;0;0
25;14,6;-0,0000000000000001123;0;0;0;0;0
25;14,7;-0,0000000000000001123;0;0;0;0;0
25;14,8;-0,0000000000000001123;0;0;0;0;0
25;14,9;-0,0000000000000001123;0;0;0;0;0
25;15;-0,0000000000000001123;0;0;0;0;0
25;15,1;-0,0000000000000001123;0;0;0;0;0
25;15,2;-0,0000000000000001123;0;0;0;0;0
25;15,3;-0,0000000000000001123;0;0;0;0;0
25;15,4;-0,0000000000000001123;0;0;0;0;0
25;15,5;-0,0000000000000001123;0;0;0;0;0
25;15,6;-0,0000000000000001123;0;0;0;0;0
25;15,7;-0,0000000000000001123;0;0;0;0;0
25;15,8;-0,0000000000000001123;0;0;0;0;0
25;15,9;-0,0000000000000001123;0;0;0;0;0
25;16;-0,0000000000000001123;0;0;0;0;0
25;16,1;-0,0000000000000001123;0;0;0;0;0
25;16,2;-0,0000000000000001123;0;0;0;0;0
25;16,3;-0,0000000000000001123;0;0;0;0;0
25;16,4;-0,0000000000000001123;0;0;0;0;0
25;16,5;-0,0000000000000001123;0;0;0;0;0
25;16,6;-0,0000000000000001123;0;0;0;0;0
25;16,7;-0,0000000000000001123;0;0;0;0;0
25;16,8;-0,0000000000000001123;0;0;0;0;0
25;16,9;-0,0000000000000001123;0;0;0;0;0
25;17;-0,0000000000000001123;0;0;0;0;0
25;17,1;-0,0000000000000001123;0;0;0;0;0
25;17,2;-0,0000000000000001123;0;0;0;0;0
25;17,3;-0,0000000000000001123;0;0;0;0;0
25;17,4;-0,0000000000000001123;0;0;0;0;0
25;17,5;-0,0000000000000001123;0;0;0;0;0
25;17,6;-0,0000000000000001123;0;0;0;0;0
25;17,7;-0,0000000000000001123;0;0;0;0;0
25;17,8;-0,0000000000000001123;0;0;0;0;0
25;17,9;-0,0000000000000001123;0;0;0;0;0
25;18;-0,0000000000000001123;0;0;0;0;0
25;18,1;-0,0000000000000001123;0;0;0;0;0
25;18,2;-0,0000000000000001123;0;0;0;0;0
25;18,3;-0,0000000000000001123;0;0;0;0;0
25;18,4;-0,0000000000000001123;0;0;0;0;0
25;18,5;-0,0000000000000001123;0;0;0;0;0
25;18,6;-0,0000000000000001123;0;0;0;0;0
25;18,7;-0,0000000000000001123;0;0;0;0;0
25;18,8;-0,0000000000000001123;0;0;0;0;0
25;18,9;-0,0000000000000001123;0;0;0;0;0
25;19;-0,0000000000000001123;0;0;0;0;0
25;19,1;-0,0000000000000001123;0;0;0;0;0
25;19,2;-0,0000000000000001123;0;0;0;0;0
25;19,3;-0,0000000000000001123;0;0;0;0;0
25;19,4;-0,0000000000000001123;0;0;0;0;0
25;19,5;-0,0000000000000001123;0;0;0;0;0
25;19,6;-0,0000000000000001123;0;0;0;0;0
25;19,7;-0,0000000000000001123;0;0;0;0;0
25;19,8;-0,0000000000000001123;0;0;0;0;0
25;19,9;-0,0000000000000001123;0;0;0;0;0
25;20;-0,0000000000000001123;0;0;0;0;0
25;20,1;-0,0000000000000001123;0;0;0;0;0
25;20,2;-0,0000000000000001123;0;0;0;0;0
25;20,3;-0,0000000000000001123;0;0;0;0;0
25;20,4;-0,0000000000000001123;0;0;0;0;0
25;20,5;-0,0000000000000001123;0;0;0;0;0
25;20,6;-0,0000000000000001123;0;0;0;0;0
25;20,7;-0,0000000000000001123;0;0;0;0;0
25;20,8;-0,0000000000000001123;0;0;0;0;0
25;20,9;-0,0000000000000001123;0;0;0;0;0
25;21;-0,0000000000000001123;0;0;0;0;0
25;21,1;-0,0000000000000001123;0;0;0;0;0
25;21,2;-0,0000000000000001123;0;0;0;0;0
25;21,3;-0,0000000000000001123;0;0;0;0;0
25;21,4;-0,0000000000000001123;0;0;0;0;0
25;21,5;-0,0000000000000001123;0;0;0;0;0
25;21,6;-0,0000000000000001123;0;0;0;0;0
25;21,7;-0,0000000000000001123;0;0;0;0;0
25;21,8;-0,0000000000000001123;0;0;0;0;0
25;21,9;-0,0000000000000001123;0;0;0;0;0
25;22;-0,0000000000000001123;0;0;0;0;0
25;22,1;-0,0000000000000001123;0;0;0;0;0
25;22,2;-0,0000000000000001123;0;0;0;0;0
25;22,3;-0,0000000000000001123;0;0;0;0;0
25;22,4;-0,0000000000000001123;0;0;0;0;0
25;22,5;-0,0000000000000001123;0;0;0;0;0
25;22,6;-0,0000000000000001123;0;0;0;0;0
25;22,7;-0,0000000000000001123;0;0;0;0;0
25;22,8;-0,0000000000000001123;0;0;0;0;0
25;22,9;-0,0000000000000001123;0;0;0;0;0
25;23;-0,0000000000000001123;0;0;0;0;0
25;23,1;-0,0000000000000001123;0;0;0;0;0
25;23,2;-0,0000000000000001123;0;0;0;0;0
25;23,3;-0,0000000000000001123;0;0;0;0;0
25;23,4;-0,0000000000000001123;0;0;0;0;0
25;23,5;-0,0000000000000001123;0;0;0;0;0
25;23,6;-0,0000000000000001123;0;0;0;0;0
25;23,7;-0,0000000000000001123;0;0;0;0;0
25;23,8;-0,0000000000000001123;0;0;0;0;0
25;23,9;-0,0000000000000001123;0;0;0;0;0
25;24;-0,0000000000000001123;0;0;0;0;0
25;24,1;-0,0000000000000001123;0;0;0;0;0
25;24,2;-0,0000000000000001123;0;0;0;0;0
25;24,3;-0,0000000000000001123;0;0;0;0;0
25;24,4;-0,0000000000000001123;0;0;0;0;0
25;24,5;-0,0000000000000001123;0;0;0;0;0
25;24,6;-0,0000000000000001123;0;0;0;0;0
25;24,7;-0,0000000000000001123;0;0;0;0;0
25;24,8;-0,0000000000000001123;0;0;0;0;0
25;24,9;-0,0000000000000001123;0;0;0;0;0
25;25;-0,0000000000000001123;0;0;0;0;0
25;25,1;-0,0000000000000001123;0;0;0;0;0
25;25,2;-0,0000000000000001123;0;0;0;0;0
25;25,3;-0,0000000000000001123;0;0;0;0;0
25;25,4;-0,0000000000000001123;0;0;0;0;0
25;25,5;-0,0000000000000001123;0;0;0;0;0
25;25,6;-0,0000000000000001123;0;0;0;0;0
25;25,7;-0,0000000000000001123;0;0;0;0;0
25;25,8;-0,0000000000000001123;0;0;0;0;0
25;25,9;-0,0000000000000001123;0;0;0;0;0
25;26;-0,0000000000000001123;0;0;0;0;0
25;26,1;-0,0000000000000001123;0;0;0;0;0
25;26,2;-0,0000000000000001123;0;0;0;0;0
25;26,3;-0,0000000000000001123;0;0;0;0;0
25;26,4;-0,0000000000000001123;0;0;0;0;0
25;26,5;-0,0000000000000001123;0;0;0;0;0
25;26,6;-0,0000000000000001123;0;0;0;0;0
25;26,7;-0,0000000000000001123;0;0;0;0;0
25;26,8;-0,0000000000000001123;0;0;0;0;0
25;26,9;-0,0000000000000001123;0;0;0;0;0
25;27;-0,0000000000000001123;0;0;0;0;0
25;27,1;-0,0000000000000001123;0;0;0;0;0
25;27,2;-0,0000000000000001123;0;0;0;0;0
25;27,3;-0,0000000000000001123;0;0;0;0;0
25;27,4;-0,0000000000000001123;0;0;0;0;0
25;27,5;-0,0000000000000001123;0;0;0;0;0
25;27,6;-0,0000000000000001123;0;0;0;0;0
25;27,7;-0,0000000000000001123;0;0;0;0;0
25;27,8;-0,0000000000000001123;0;0;0;0;0
25;27,9;-0,0000000000000001123;0;0;0;0;0
25;28;-0,0000000000000001123;0;0;0;0;0
25;28,1;-0,0000000000000001123;0;0;0;0;0
25;28,2;-0,0000000000000001123;0;0;0;0;0
25;28,3;-0,0000000000000001123;0;0;0;0;0
25;28,4;-0,0000000000000001123;0;0;0;0;0
25;28,5;-0,0000000000000001123;0;0;0;0;0
25;28,6;-0,0000000000000001123;0;0;0;0;0
25;28,7;-0,0000000000000001123;0;0;0;0;0
25;28,8;-0,0000000000000001123;0;0;0;0;0
25;28,9;-0,0000000000000001123;0;0;0;0;0
25;29;-0,0000000000000001123;0;0;0;0;0
25;29,1;-0,0000000000000001123;0;0;0;0;0
25;29,2;-0,0000000000000001123;0;0;0;0;0
25;29,3;-0,0000000000000001123;0;0;0;0;0
25;29,4;-0,0000000000000001123;0;0;0;0;0
25;29,5;-0,0000000000000001123;0;0;0;0;0
25;29,6;-0,0000000000000001123;0;0;0;0;0
25;29,7;-0,0000000000000001123;0;0;0;0;0
25;29,8;-0,0000000000000001123;0;0;0;0;0
25;29,9;-0,0000000000000001123;0;0;0;0;0
25;30;-0,0000000000000001123;0;0;0;0;0
25;30,1;-0,0000000000000001123;0;0;0;0;0
25;30,2;-0,0000000000000001123;0;0;0;0;0
25;30,3;-0,0000000000000001123;0;0;0;0;0
25;30,4;-0,0000000000000001123;0;0;0;0;0
25;30,5;-0,0000000000000001123;0;0;0;0;0
25;30,6;-0,0000000000000001123;0;0;0;0;0
25;30,7;-0,0000000000000001123;0;0;0;0;0
25;30,8;-0,0000000000000001123;0;0;0;0;0
25;30,9;-0,0000000000000001123;0;0;0;0;0
25;31;-0,0000000000000001123;0;0;0;0;0
25;31,1;-0,0000000000000001123;0;0;0;0;0
25;31,2;-0,0000000000000001123;0;0;0;0;0
25;31,3;-0,0000000000000001123;0;0;0;0;0
25;31,4;-0,0000000000000001123;0;0;0;0;0
25;31,5;-0,0000000000000001123;0;0;0;0;0
25;31,6;-0,0000000000000001123;0;0;0;0;0
25;31,7;-0,0000000000000001123;0;0;0;0;0
25;31,8;-0,0000000000000001123;0;0;0;0;0
25;31,9;-0,0000000000000001123;0;0;0;0;0
25;32;-0,0000000000000001123;0;0;0;0;0
25;32,1;-0,0000000000000001123;0;0;0;0;0
25;32,2;-0,0000000000000001123;0;0;0;0;0
25;32,3;-0,0000000000000001123;0;0;0;0;0
25;32,4;-0,0000000000000001123;0;0;0;0;0
25;32,5;-0,0000000000000001123;0;0;0;0;0
25;32,6;-0,0000000000000001123;0;0;0;0;0
25;32,7;-0,0000000000000001123;0;0;0;0;0
25;32,8;-0,0000000000000001123;0;0;0;0;0
25;32,9;-0,0000000000000001123;0;0;0;0;0
25;33;-0,0000000000000001123;0;0;0;0;0
25;33,1;-0,0000000000000001123;0;0;0;0;0
25;33,2;-0,0000000000000001123;0;0;0;0;0
25;33,3;-0,0000000000000001123;0;0;0;0;0
25;33,4;-0,0000000000000001123;0;0;0;0;0
25;33,5;-0,0000000000000001123;0;0;0;0;0
25;33,6;-0,0000000000000001123;0;0;0;0;0
25;33,7;-0,0000000000000001123;0;0;0;0;0
25;33,8;-0,0000000000000001123;0;0;0;0;0
25;33,9;-0,0000000000000001123;0;0;0;0;0
25;34;-0,0000000000000001123;0;0;0;0;0
25;34,1;-0,0000000000000001123;0;0;0;0;0
25;34,2;-0,0000000000000001123;0;0;0;0;0
25;34,3;-0,0000000000000001123;0;0;0;0;0
25;34,4;-0,0000000000000001123;0;0;0;0;0
25;34,5;-0,0000000000000001123;0;0;0;0;0
25;34,6;-0,0000000000000001123;0;0;0;0;0
25;34,7;-0,0000000000000001123;0;0;0;0;0
25;34,8;-0,0000000000000001123;0;0;0;0;0
25;34,9;-0,0000000000000001123;0;0;0;0;0
25;35;-0,0000000000000001123;0;0;0;0;0
25;35,1;-0,0000000000000001123;0;0;0;0;0
25;35,2;-0,0000000000000001123;0;0;0;0;0
25;35,3;-0,0000000000000001123;0;0;0;0;0
25;35,4;-0,0000000000000001123;0;0;0;0;0
25;35,5;-0,0000000000000001123;0;0;0;0;0
25;35,6;-0,0000000000000001123;0;0;0;0;0
25;35,7;-0,0000000000000001123;0;0;0;0;0
25;35,8;-0,0000000000000001123;0;0;0;0;0
25;35,9;-0,0000000000000001123;0;0;0;0;0
25;36;-0,0000000000000001123;0;0;0;0;0
25;36,1;-0,0000000000000001123;0;0;0;0;0
25;36,2;-0,0000000000000001123;0;0;0;0;0
25;36,3;-0,0000000000000001123;0;0;0;0;0
25;36,4;-0,0000000000000001123;0;0;0;0;0
25;36,5;-0,0000000000000001123;0;0;0;0;0
25;36,6;-0,0000000000000001123;0;0;0;0;0
25;36,7;-0,0000000000000001123;0;0;0;0;0
25;36,8;-0,0000000000000001123;0;0;0;0;0
25;36,9;-0,0000000000000001123;0;0;0;0;0
25;37;-0,0000000000000001123;0;0;0;0;0
25;37,1;-0,0000000000000001123;0;0;0;0;0
25;37,2;-0,0000000000000001123;0;0;0;0;0
25;37,3;-0,0000000000000001123;0;0;0;0;0
25;37,4;-0,0000000000000001123;0;0;0;0;0
25;37,5;-0,0000000000000001123;0;0;0;0;0
25;37,6;-0,0000000000000001123;0;0;0;0;0
25;37,7;-0,0000000000000001123;0;0;0;0;0
25;37,8;-0,0000000000000001123;0;0;0;0;0
25;37,9;-0,0000000000000001123;0;0;0;0;0
25;38;-0,0000000000000001123;0;0;0;0;0
25;38,1;-0,0000000000000001123;0;0;0;0;0
25;38,2;-0,0000000000000001123;0;0;0;0;0
25;38,3;-0,0000000000000001123;0;0;0;0;0
25;38,4;-0,0000000000000001123;0;0;0;0;0
25;38,5;-0,0000000000000001123;0;0;0;0;0
25;38,6;-0,0000000000000001123;0;0;0;0;0
25;38,7;-0,0000000000000001123;0;0;0;0;0
25;38,8;-0,0000000000000001123;0;0;0;0;0
25;38,9;-0,0000000000000001123;0;0;0;0;0
25;39;-0,0000000000000001123;0;0;0;0;0
25;39,1;-0,0000000000000001123;0;0;0;0;0
25;39,2;-0,0000000000000001123;0;0;0;0;0
25;39,3;-0,0000000000000001123;0;0;0;0;0
25;39,4;-0,0000000000000001123;0;0;0;0;0
25;39,5;-0,0000000000000001123;0;0;0;0;0
25;39,6;-0,0000000000000001123;0;0;0;0;0
25;39,7;-0,0000000000000001123;0;0;0;0;0
25;39,8;-0,0000000000000001123;0;0;0;0;0
25;39,9;-0,0000000000000001123;0;0;0;0;0
25;40;-0,0000000000000001123;0;0;0;0;0
26;0;0;0;0;0;0;0
26;0,1;-0,1188;0,0848;0,002;-0,00001762;-0,013;0,565
26;0,2;-0,1814;0,1313;0,0022;-0,00002337;-0,015;0,875
26;0,3;-0,024;0,0205;-0,0011;0,000003077;0,007282;0,137
26;0,4;0,1803;-0,136;0,0002327;0,00001242;-0,001554;-0,906
26;0,5;-0,2562;0,1918;0,0002699;-0,0000203;-0,001801;1,279
26;0,6;0,2478;-0,1852;-0,0004107;0,00002024;0,002741;-1,235
26;0,7;-0,1743;0,1303;0,0002706;-0,00001406;-0,001805;0,869
26;0,8;0,0683;-0,0514;0,00001977;0,000004792;-0,0001322;-0,342
26;0,9;0,0352;-0,0257;-0,0003222;0,000004344;0,00215;-0,171
26;1;-0,1089;0,0806;0,0005281;-0,00001081;-0,003525;0,537
26;1,1;0,1388;-0,1029;-0,0005806;0,00001329;0,003875;-0,686
26;1,2;-0,1251;0,0929;0,0004787;-0,00001182;-0,003195;0,619
26;1,3;0,08;-0,0594;-0,0002659;0,000007486;0,001775;-0,396
26;1,4;-0,0214;0,016;0,000009549;-0,000001946;-0,00006384;0,107
26;1,5;-0,0324;0,0239;0,0002222;-0,000003134;-0,001483;0,159
26;1,6;0,0681;-0,0504;-0,0003791;0,000006522;0,00253;-0,336
26;1,7;-0,0796;0,0588;0,0004392;-0,000007668;-0,002931;0,392
26;1,8;0,0684;-0,0505;-0,000409;0,000006717;0,00273;-0,337
26;1,9;-0,0419;0,0308;0,0003171;-0,000004341;-0,002116;0,206
26;2;0,01;-0,0071;-0,0002018;0,000001455;0,001347;-0,048
26;2,1;0,0179;-0,0136;0,00009978;0,00000107;-0,0006658;-0,091
26;2,2;-0,0352;0,0264;-0,00003631;-0,000002631;0,0002422;0,176
26;2,3;0,0394;-0,0296;0,00002114;0,000002999;-0,0001409;-0,197
26;2,4;-0,0321;0,0241;-0,00004889;-0,000002309;0,0003262;0,161
26;2,5;0,0174;-0,0132;0,0001035;0,0000009529;-0,0006907;-0,088
26;2,6;-0,0007931;0,0008989;-0,0001646;0,0000005768;0,001099;0,005992
26;2,7;-0,0129;0,0093;0,000214;-0,000001835;-0,001428;0,062
26;2,8;0,0206;-0,015;-0,0002397;0,000002536;0,0016;-0,1
26;2,9;-0,0214;0,0156;0,0002385;-0,000002596;-0,001592;0,104
26;3;0,0163;-0,0118;-0,0002147;0,000002118;0,001433;-0,079
26;3,1;-0,0079;0,0056;0,0001779;-0,00000133;-0,001187;0,037
26;3,2;-0,0009829;0,0009934;-0,000139;0,0000004953;0,0009275;0,006622
26;3,3;0,0079;-0,0061;0,0001075;0,0000001592;-0,0007177;-0,041
26;3,4;-0,0114;0,0087;-0,00008915;-0,0000004994;0,0005949;0,058
26;3,5;0,0112;-0,0085;0,00008487;0,0000005005;-0,0005663;-0,057
26;3,6;-0,0081;0,0062;-0,00009181;-0,0000002327;0,0006127;0,041
26;3,7;0,0034;-0,0027;0,0001047;-0,0000001761;-0,0006986;-0,018
26;3,8;0,0013;-0,0007267;-0,0001177;0,0000005852;0,0007854;-0,004845
26;3,9;-0,0047;0,0033;0,0001261;-0,0000008813;-0,0008416;0,022
26;4;0,0062;-0,0044;-0,0001274;0,000001003;0,0008503;-0,029
26;4,1;-0,0058;0,0041;0,0001215;-0,0000009481;-0,0008109;0,028
26;4,2;0,004;-0,0028;-0,0001102;0,0000007607;0,0007357;-0,018
26;4,3;-0,0015;0,000905;0,00009658;-0,0000005126;-0,0006445;0,006034
26;4,4;-0,0009325;0,0008574;-0,00008361;0,0000002776;0,000558;0,005716
26;4,5;0,0026;-0,0021;0,00007365;-0,0000001118;-0,0004915;-0,014
26;4,6;-0,0032;0,0025;-0,00006782;0,00000004236;0,0004526;0,017
26;4,7;0,0028;-0,0022;0,00006596;-0,00000006536;-0,0004401;-0,015
26;4,8;-0,0017;0,0014;-0,00006692;0,0000001533;0,0004466;0,009223
26;4,9;0,000306;-0,0003616;0,00006906;-0,000000267;-0,0004609;-0,002411
26;5;0,0009168;-0,0005516;-0,00007078;0,0000003677;0,0004724;-0,003678
26;5,1;-0,0017;0,0011;0,00007094;-0,0000004283;-0,0004734;0,007567
26;5,2;0,0019;-0,0013;-0,00006906;0,0000004372;0,0004609;-0,008649
26;5,3;-0,0016;0,0011;0,00006533;-0,0000003992;-0,000436;0,007181
26;5,4;0,0009649;-0,0006068;-0,00006042;0,0000003307;0,0004032;-0,004045
26;5,5;-0,000222;0,00005953;0,00005522;-0,0000002531;-0,0003685;0,000397
26;5,6;-0,0004086;0,0004045;-0,00005055;0,0000001862;0,0003373;0,002697
26;5,7;0,0007831;-0,0006786;0,00004695;-0,0000001433;-0,0003133;-0,004524
26;5,8;-0,0008535;0,000727;-0,0000446;0,0000001287;0,0002977;0,004847
26;5,9;0,0006618;-0,000581;0,00004334;-0,0000001384;-0,0002892;-0,003873
26;6;-0,0003116;0,0003175;-0,00004276;0,0000001631;0,0002854;0,002116
26;6,1;-0,0000716;-0,00002955;0,00004239;-0,0000001911;-0,0002829;-0,0001969
26;6,2;0,0003781;-0,0002013;-0,0000418;0,0000002123;0,0002789;-0,001342
26;6,3;-0,0005399;0,0003245;0,00004072;-0,0000002204;-0,0002718;0,002164
26;6,4;0,000541;-0,0003283;-0,0000391;0,000000214;0,0002609;-0,002189
26;6,5;-0,0004112;0,0002348;0,00003704;-0,0000001958;-0,0002472;0,001565
26;6,6;0,0002096;-0,00008786;-0,00003477;0,0000001712;0,0002321;-0,0005858
26;6,7;-0,000003006;-0,00006287;0,00003255;-0,0000001464;-0,0002172;-0,000419
26;6,8;-0,0001532;0,0001763;-0,00003057;0,0000001265;0,000204;0,001175
26;6,9;0,0002278;-0,0002293;0,00002896;-0,0000001143;-0,0001933;-0,001528
26;7;-0,0002171;0,000219;-0,00002773;0,0000001101;0,0001851;0,00146
26;7,1;0,0001409;-0,0001602;0,00002681;-0,0000001122;-0,0001789;-0,001068
26;7,2;-0,00003242;0,00007752;-0,00002605;0,0000001174;0,0001739;0,0005167
26;7,3;-0,00007293;0,000002745;0,00002534;-0,0000001225;-0,0001691;0,00001839
26;7,4;0,0001475;-0,00006009;-0,00002455;0,000000125;0,0001639;-0,0004007
26;7,5;-0,0001773;0,00008405;0,00002364;-0,0000001236;-0,0001578;0,0005604
26;7,6;0,0001627;-0,00007506;-0,0000226;0,0000001182;0,0001508;-0,0005005
26;7,7;-0,0001162;0,00004224;0,00002148;-0,0000001101;-0,0001434;0,0002817
26;7,8;0,00005602;0,0000007756;-0,00002035;0,0000001009;0,0001358;0,000005091
26;7,9;-0,0000006971;-0,00004027;0,00001927;-0,00000009227;-0,0001286;-0,0002684
26;8;-0,00003621;0,00006615;-0,0000183;0,00000008551;0,0001222;0,0004409
26;8,1;0,00004865;-0,00007393;0,00001746;-0,00000008114;-0,0001166;-0,0004928
26;8,2;-0,00003826;0,00006482;-0,00001675;0,00000007901;0,0001118;0,000432
26;8,3;0,00001243;-0,00004431;0,00001612;-0,00000007843;-0,0001076;-0,0002953
26;8,4;0,00001875;0,00001987;-0,00001554;0,00000007847;0,0001037;0,0001324
26;8,5;-0,00004574;0,000001393;0,00001498;-0,00000007825;-0,00009999;0,000009355
26;8,6;0,00006195;-0,00001461;-0,00001441;0,00000007715;0,00009615;-0,00009744
26;8,7;-0,00006494;0,00001795;0,00001381;-0,00000007494;-0,00009216;0,0001198
26;8,8;0,00005626;-0,00001259;-0,00001319;0,00000007177;0,00008804;-0,00008397
26;8,9;-0,00004026;0,000001738;0,00001257;-0,00000006802;-0,0000839;0,00001166
26;9;0,0000224;0,00001053;-0,00001197;0,0000000642;0,00007987;0,00007015
26;9,1;-0,000007577;-0,00002059;0,0000114;-0,00000006075;-0,00007607;-0,0001372
26;9,2;-0,000001054;0,00002608;-0,00001087;0,00000005796;0,00007258;0,0001738
26;9,3;0,000002599;-0,00002636;0,0000104;-0,0000000559;-0,0000694;-0,0001757
26;9,4;0,000001788;0,00002226;-0,000009963;0,00000005446;0,00006651;0,0001484
26;9,5;-0,000009605;-0,00001566;0,000009561;-0,00000005342;-0,00006383;-0,0001043
26;9,6;0,00001793;0,000008709;-0,00000918;0,0000000525;0,00006128;0,000058
26;9,7;-0,00002428;-0,000003257;0,000008808;-0,00000005146;-0,0000588;-0,00002165
26;9,8;0,00002719;0,0000003914;-0,00000844;0,00000005017;0,00005634;0,00000255
26;9,9;-0,00002639;-0,0000003045;0,000008074;-0,00000004861;-0,0000539;-0,000001971
26;10;0,00002268;0,000002414;-0,000007712;0,00000004684;0,00005148;0,00001603
26;10,1;-0,00001746;-0,000005667;0,000007358;-0,00000004499;-0,00004913;-0,00003772
26;10,2;0,00001228;0,000008913;-0,000007019;0,0000000432;0,00004686;0,00005937
26;10,3;-0,00000839;-0,00001123;0,000006699;-0,00000004158;-0,00004472;-0,0000748
26;10,4;0,000006453;0,00001212;-0,000006398;0,00000004019;0,00004272;0,00008073
26;10,5;-0,000006494;-0,00001156;0,000006118;-0,00000003903;-0,00004085;-0,00007702
26;10,6;0,000008011;0,00000993;-0,000005855;0,00000003806;0,00003909;0,00006615
26;10,7;-0,00001021;-0,000007811;0,000005606;-0,00000003719;-0,00003743;-0,00005202
26;10,8;0,00001228;0,000005809;-0,000005367;0,00000003636;0,00003584;0,00003868
26;10,9;-0,00001361;-0,000004382;0,000005136;-0,0000000355;-0,0000343;-0,00002916
26;11;0,00001388;0,000003748;-0,000004911;0,00000003458;0,00003279;0,00002493
26;11,1;-0,00001316;-0,000003873;0,000004692;-0,0000000336;-0,00003133;-0,00002577
26;11,2;0,00001175;0,000004531;-0,000004479;0,00000003261;0,00002991;0,00003016
26;11,3;-0,00001007;-0,000005399;0,000004274;-0,00000003162;-0,00002854;-0,00003594
26;11,4;0,000008559;0,000006161;-0,000004078;0,00000003068;0,00002723;0,00004103
26;11,5;-0,000007506;-0,000006596;0,000003891;-0,00000002981;-0,00002599;-0,00004392
26;11,6;0,000007038;0,000006611;-0,000003715;0,00000002903;0,00002481;0,00004402
26;11,7;-0,0000071;-0,000006245;0,000003548;-0,00000002833;-0,0000237;-0,00004159
26;11,8;0,00000751;0,000005635;-0,00000339;0,00000002769;0,00002264;0,00003752
26;11,9;-0,000008031;-0,000004954;0,000003238;-0,00000002708;-0,00002163;-0,00003298
26;12;0,000008444;0,000004365;-0,000003093;0,00000002649;0,00002066;0,00002905
26;12,1;-0,000008604;-0,000003975;0,000002953;-0,00000002591;-0,00001973;-0,00002645
26;12,2;0,000008465;0,000003819;-0,000002818;0,00000002532;0,00001883;0,00002541
26;12,3;-0,000008068;-0,000003864;0,000002687;-0,00000002473;-0,00001795;-0,00002571
26;12,4;0,00000752;0,000004032;-0,000002562;0,00000002414;0,00001712;0,00002683
26;12,5;-0,000006948;-0,000004227;0,000002441;-0,00000002358;-0,00001631;-0,00002813
26;12,6;0,000006462;0,000004367;-0,000002326;0,00000002304;0,00001555;0,00002907
26;12,7;-0,00000613;-0,000004401;0,000002217;-0,00000002254;-0,00001481;-0,00002929
26;12,8;0,000005969;0,000004317;-0,000002112;0,00000002207;0,00001412;0,00002874
26;12,9;-0,000005947;-0,000004138;0,000002013;-0,00000002164;-0,00001345;-0,00002754
26;13;0,000006003;0,000003909;-0,000001918;0,00000002122;0,00001282;0,00002601
26;13,1;-0,00000607;-0,000003679;0,000001827;-0,00000002083;-0,00001221;-0,00002448
26;13,2;0,000006091;0,00000349;-0,00000174;0,00000002044;0,00001163;0,00002322
26;13,3;-0,000006035;-0,000003365;0,000001656;-0,00000002006;-0,00001107;-0,00002239
26;13,4;0,000005898;0,000003307;-0,000001575;0,00000001969;0,00001053;0,000022
26;13,5;-0,0000057;-0,0000033;0,000001498;-0,00000001933;-0,00001002;-0,00002195
26;13,6;0,000005475;0,000003319;-0,000001424;0,00000001898;0,000009521;0,00002209
26;13,7;-0,000005258;-0,000003339;0,000001353;-0,00000001864;-0,000009047;-0,00002221
26;13,8;0,000005077;0,000003337;-0,000001285;0,00000001832;0,000008594;0,0000222
26;13,9;-0,000004945;-0,000003303;0,00000122;-0,00000001801;-0,000008161;-0,00002198
26;14;0,000004863;0,000003238;-0,000001158;0,00000001772;0,000007747;0,00002154
26;14,1;-0,000004816;-0,000003151;0,000001099;-0,00000001744;-0,000007352;-0,00002097
26;14,2;0,000004787;0,000003056;-0,000001042;0,00000001717;0,000006974;0,00002033
26;14,3;-0,000004756;-0,000002967;0,0000009879;-0,00000001692;-0,000006612;-0,00001974
26;14,4;0,00000471;0,000002893;-0,000000936;0,00000001667;0,000006266;0,00001924
26;14,5;-0,000004642;-0,00000284;0,0000008861;-0,00000001643;-0,000005933;-0,00001889
26;14,6;0,000004554;0,000002805;-0,0000008383;0,00000001619;0,000005614;0,00001866
26;14,7;-0,000004453;-0,000002783;0,0000007925;-0,00000001596;-0,000005308;-0,00001851
26;14,8;0,00000435;0,000002767;-0,0000007487;0,00000001574;0,000005016;0,00001841
26;14,9;-0,000004253;-0,000002749;0,0000007067;-0,00000001553;-0,000004735;-0,00001829
26;15;0,00000417;0,000002725;-0,0000006665;0,00000001533;0,000004467;0,00001813
26;15,1;-0,000004103;-0,000002692;0,0000006281;-0,00000001513;-0,000004211;-0,0000179
26;15,2;0,00000405;0,000002651;-0,0000005915;0,00000001495;0,000003966;0,00001763
26;15,3;-0,000004007;-0,000002606;0,0000005564;-0,00000001477;-0,000003732;-0,00001733
26;15,4;0,000003968;0,000002561;-0,0000005228;0,00000001459;0,000003508;0,00001703
26;15,5;-0,000003927;-0,00000252;0,0000004907;-0,00000001442;-0,000003294;-0,00001676
26;15,6;0,000003883;0,000002484;-0,0000004599;0,00000001426;0,000003088;0,00001652
26;15,7;-0,000003833;-0,000002454;0,0000004304;-0,0000000141;-0,000002891;-0,00001632
26;15,8;0,000003778;0,00000243;-0,0000004022;0,00000001395;0,000002703;0,00001616
26;15,9;-0,000003723;-0,00000241;0,0000003752;-0,0000000138;-0,000002523;-0,00001602
26;16;0,000003668;0,00000239;-0,0000003493;0,00000001366;0,00000235;0,0000159
26;16,1;-0,000003617;-0,00000237;0,0000003246;-0,00000001352;-0,000002185;-0,00001576
26;16,2;0,000003571;0,000002349;-0,0000003009;0,00000001339;0,000002027;0,00001562
26;16,3;-0,00000353;-0,000002325;0,0000002783;-0,00000001326;-0,000001876;-0,00001546
26;16,4;0,000003494;0,0000023;-0,0000002567;0,00000001313;0,000001732;0,00001529
26;16,5;-0,00000346;-0,000002274;0,000000236;-0,00000001301;-0,000001593;-0,00001512
26;16,6;0,000003428;0,000002249;-0,0000002162;0,0000000129;0,000001461;0,00001496
26;16,7;-0,000003396;-0,000002226;0,0000001973;-0,00000001278;-0,000001335;-0,0000148
26;16,8;0,000003363;0,000002205;-0,0000001792;0,00000001267;0,000001214;0,00001466
26;16,9;-0,000003329;-0,000002186;0,0000001619;-0,00000001257;-0,000001099;-0,00001454
26;17;0,000003295;0,000002169;-0,0000001453;0,00000001246;0,000000988;0,00001442
26;17,1;-0,000003261;-0,000002153;0,0000001294;-0,00000001236;-0,0000008822;-0,00001431
26;17,2;0,000003228;0,000002137;-0,0000001143;0,00000001227;0,000000781;0,00001421
26;17,3;-0,000003197;-0,000002121;0,00000009981;-0,00000001217;-0,0000006843;-0,0000141
26;17,4;0,000003168;0,000002105;-0,00000008597;0,00000001208;0,0000005919;0,00001399
26;17,5;-0,000003141;-0,000002088;0,00000007274;-0,00000001199;-0,0000005036;-0,00001389
26;17,6;0,000003116;0,000002072;-0,0000000601;0,0000000119;0,0000004192;0,00001378
26;17,7;-0,000003091;-0,000002056;0,00000004802;-0,00000001182;-0,0000003385;-0,00001367
26;17,8;0,000003068;0,00000204;-0,00000003648;0,00000001174;0,0000002614;0,00001356
26;17,9;-0,000003044;-0,000002025;0,00000002545;-0,00000001166;-0,0000001878;-0,00001346
26;18;0,000003021;0,000002011;-0,0000000149;0,00000001158;0,0000001174;0,00001337
26;18,1;-0,000002998;-0,000001998;0,000000004829;-0,0000000115;-0,00000005008;-0,00001328
26;18,2;0,000002975;0,000001985;0,000000004794;0,00000001143;-0,0000000142;0,0000132
26;18,3;-0,000002952;-0,000001973;-0,00000001399;-0,00000001136;0,00000007559;-0,00001311
26;18,4;0,000002931;0,000001961;0,00000002276;0,00000001129;-0,0000001342;0,00001303
26;18,5;-0,00000291;-0,000001949;-0,00000003114;-0,00000001122;0,0000001902;-0,00001295
26;18,6;0,00000289;0,000001937;0,00000003914;0,00000001115;-0,0000002436;0,00001288
26;18,7;-0,000002871;-0,000001925;-0,00000004678;-0,00000001109;0,0000002946;-0,0000128
26;18,8;0,000002853;0,000001913;0,00000005407;0,00000001102;-0,0000003433;0,00001272
26;18,9;-0,000002835;-0,000001902;-0,00000006102;-0,00000001096;0,0000003898;-0,00001264
26;19;0,000002817;0,000001891;0,00000006765;0,0000000109;-0,0000004341;0,00001257
26;19,1;-0,0000028;-0,00000188;-0,00000007398;-0,00000001084;0,0000004764;-0,0000125
26;19,2;0,000002783;0,00000187;0,00000008002;0,00000001078;-0,0000005167;0,00001243
26;19,3;-0,000002766;-0,00000186;-0,00000008578;-0,00000001073;0,0000005552;-0,00001237
26;19,4;0,00000275;0,00000185;0,00000009127;0,00000001067;-0,0000005919;0,0000123
26;19,5;-0,000002734;-0,000001841;-0,0000000965;-0,00000001062;0,0000006268;-0,00001224
26;19,6;0,000002719;0,000001832;0,0000001015;0,00000001056;-0,0000006602;0,00001218
26;19,7;-0,000002704;-0,000001823;-0,0000001062;-0,00000001051;0,0000006919;-0,00001212
26;19,8;0,000002689;0,000001814;0,0000001108;0,00000001046;-0,0000007221;0,00001206
26;19,9;-0,000002675;-0,000001805;-0,0000001151;-0,00000001041;0,0000007509;-0,000012
26;20;0,000002661;0,000001796;0,0000001192;0,00000001036;-0,0000007784;0,00001194
26;20,1;-0,000002647;-0,000001787;-0,0000001231;-0,00000001031;0,0000008044;-0,00001188
26;20,2;0,000002634;0,000001779;0,0000001268;0,00000001026;-0,0000008293;0,00001182
26;20,3;-0,000002621;-0,000001771;-0,0000001303;-0,00000001022;0,0000008529;-0,00001177
26;20,4;0,000002608;0,000001763;0,0000001337;0,00000001017;-0,0000008753;0,00001172
26;20,5;-0,000002595;-0,000001755;-0,0000001369;-0,00000001013;0,0000008967;-0,00001166
26;20,6;0,000002583;0,000001747;0,0000001399;0,00000001008;-0,0000009169;0,00001161
26;20,7;-0,00000257;-0,00000174;-0,0000001428;-0,00000001004;0,0000009362;-0,00001156
26;20,8;0,000002559;0,000001732;0,0000001455;0,000000009996;-0,0000009545;0,00001151
26;20,9;-0,000002547;-0,000001725;-0,0000001481;-0,000000009954;0,0000009718;-0,00001146
26;21;0,000002535;0,000001718;0,0000001506;0,000000009913;-0,0000009883;0,00001142
26;21,1;-0,000002524;-0,00000171;-0,0000001529;-0,000000009872;0,000001004;-0,00001137
26;21,2;0,000002513;0,000001703;0,0000001551;0,000000009831;-0,000001019;0,00001132
26;21,3;-0,000002502;-0,000001696;-0,0000001572;-0,000000009791;0,000001033;-0,00001128
26;21,4;0,000002492;0,00000169;0,0000001592;0,000000009752;-0,000001046;0,00001123
26;21,5;-0,000002481;-0,000001683;-0,000000161;-0,000000009713;0,000001058;-0,00001119
26;21,6;0,000002471;0,000001676;0,0000001628;0,000000009675;-0,00000107;0,00001114
26;21,7;-0,00000246;-0,00000167;-0,0000001645;-0,000000009637;0,000001081;-0,0000111
26;21,8;0,00000245;0,000001663;0,000000166;0,0000000096;-0,000001092;0,00001106
26;21,9;-0,000002441;-0,000001657;-0,0000001675;-0,000000009564;0,000001102;-0,00001101
26;22;0,000002431;0,000001651;0,0000001689;0,000000009527;-0,000001111;0,00001097
26;22,1;-0,000002421;-0,000001644;-0,0000001702;-0,000000009491;0,00000112;-0,00001093
26;22,2;0,000002412;0,000001638;0,0000001715;0,000000009456;-0,000001128;0,00001089
26;22,3;-0,000002402;-0,000001632;-0,0000001726;-0,000000009421;0,000001136;-0,00001085
26;22,4;0,000002393;0,000001626;0,0000001737;0,000000009386;-0,000001143;0,00001081
26;22,5;-0,000002384;-0,00000162;-0,0000001747;-0,000000009352;0,00000115;-0,00001077
26;22,6;0,000002375;0,000001615;0,0000001757;0,000000009318;-0,000001157;0,00001073
26;22,7;-0,000002366;-0,000001609;-0,0000001766;-0,000000009284;0,000001163;-0,00001069
26;22,8;0,000002357;0,000001603;0,0000001774;0,000000009251;-0,000001168;0,00001066
26;22,9;-0,000002349;-0,000001597;-0,0000001781;-0,000000009218;0,000001173;-0,00001062
26;23;0,00000234;0,000001592;0,0000001789;0,000000009185;-0,000001178;0,00001058
26;23,1;-0,000002332;-0,000001586;-0,0000001795;-0,000000009153;0,000001183;-0,00001054
26;23,2;0,000002323;0,000001581;0,0000001801;0,000000009121;-0,000001187;0,00001051
26;23,3;-0,000002315;-0,000001575;-0,0000001807;-0,000000009089;0,00000119;-0,00001047
26;23,4;0,000002307;0,00000157;0,0000001812;0,000000009058;-0,000001194;0,00001044
26;23,5;-0,000002299;-0,000001565;-0,0000001817;-0,000000009027;0,000001197;-0,0000104
26;23,6;0,000002291;0,000001559;0,0000001821;0,000000008996;-0,0000012;0,00001037
26;23,7;-0,000002283;-0,000001554;-0,0000001825;-0,000000008965;0,000001203;-0,00001033
26;23,8;0,000002275;0,000001549;0,0000001828;0,000000008934;-0,000001205;0,0000103
26;23,9;-0,000002267;-0,000001544;-0,0000001831;-0,000000008904;0,000001207;-0,00001026
26;24;0,00000226;0,000001539;0,0000001834;0,000000008874;-0,000001209;0,00001023
26;24,1;-0,000002252;-0,000001534;-0,0000001836;-0,000000008845;0,00000121;-0,00001019
26;24,2;0,000002244;0,000001529;0,0000001838;0,000000008815;-0,000001212;0,00001016
26;24,3;-0,000002237;-0,000001524;-0,000000184;-0,000000008786;0,000001213;-0,00001013
26;24,4;0,000002229;0,000001519;0,0000001841;0,000000008757;-0,000001214;0,00001009
26;24,5;-0,000002222;-0,000001514;-0,0000001843;-0,000000008728;0,000001215;-0,00001006
26;24,6;0,000002215;0,000001509;0,0000001844;0,000000008699;-0,000001216;0,00001003
26;24,7;-0,000002207;-0,000001504;-0,0000001844;-0,00000000867;0,000001216;-0,000009997
26;24,8;0,0000022;0,000001499;0,0000001844;0,000000008642;-0,000001216;0,000009965
26;24,9;-0,000002193;-0,000001494;-0,0000001845;-0,000000008614;0,000001216;-0,000009933
26;25;0,000002186;0,00000149;0,0000001845;0,000000008586;-0,000001216;0,000009902
26;25,1;-0,000002179;-0,000001485;-0,0000001844;-0,000000008558;0,000001216;-0,00000987
26;25,2;0,000002172;0,00000148;0,0000001844;0,000000008531;-0,000001216;0,000009839
26;25,3;-0,000002165;-0,000001476;-0,0000001843;-0,000000008504;0,000001215;-0,000009808
26;25,4;0,000002158;0,000001471;0,0000001842;0,000000008476;-0,000001215;0,000009777
26;25,5;-0,000002151;-0,000001466;-0,0000001841;-0,000000008449;0,000001214;-0,000009747
26;25,6;0,000002144;0,000001462;0,000000184;0,000000008422;-0,000001213;0,000009716
26;25,7;-0,000002137;-0,000001457;-0,0000001838;-0,000000008395;0,000001213;-0,000009686
26;25,8;0,000002131;0,000001453;0,0000001837;0,000000008368;-0,000001212;0,000009656
26;25,9;-0,000002124;-0,000001448;-0,0000001835;-0,000000008342;0,00000121;-0,000009626
26;26;0,000002117;0,000001444;0,0000001833;0,000000008316;-0,000001209;0,000009596
26;26,1;-0,000002111;-0,000001439;-0,0000001831;-0,00000000829;0,000001208;-0,000009567
26;26,2;0,000002104;0,000001435;0,0000001829;0,000000008263;-0,000001207;0,000009537
26;26,3;-0,000002098;-0,000001431;-0,0000001827;-0,000000008237;0,000001205;-0,000009508
26;26,4;0,000002091;0,000001426;0,0000001825;0,000000008211;-0,000001204;0,000009479
26;26,5;-0,000002085;-0,000001422;-0,0000001822;-0,000000008185;0,000001202;-0,00000945
26;26,6;0,000002078;0,000001417;0,0000001819;0,00000000816;-0,0000012;0,000009421
26;26,7;-0,000002072;-0,000001413;-0,0000001817;-0,000000008134;0,000001199;-0,000009392
26;26,8;0,000002065;0,000001409;0,0000001814;0,000000008109;-0,000001197;0,000009364
26;26,9;-0,000002059;-0,000001405;-0,0000001811;-0,000000008083;0,000001195;-0,000009335
26;27;0,000002053;0,0000014;0,0000001808;0,000000008058;-0,000001193;0,000009307
26;27,1;-0,000002047;-0,000001396;-0,0000001805;-0,000000008033;0,000001191;-0,000009279
26;27,2;0,00000204;0,000001392;0,0000001802;0,000000008008;-0,000001189;0,000009251
26;27,3;-0,000002034;-0,000001388;-0,0000001799;-0,000000007983;0,000001187;-0,000009223
26;27,4;0,000002028;0,000001383;0,0000001796;0,000000007958;-0,000001185;0,000009195
26;27,5;-0,000002022;-0,000001379;-0,0000001792;-0,000000007934;0,000001182;-0,000009168
26;27,6;0,000002016;0,000001375;0,0000001789;0,000000007909;-0,00000118;0,00000914
26;27,7;-0,00000201;-0,000001371;-0,0000001785;-0,000000007884;0,000001178;-0,000009113
26;27,8;0,000002004;0,000001367;0,0000001782;0,00000000786;-0,000001176;0,000009085
26;27,9;-0,000001997;-0,000001363;-0,0000001778;-0,000000007836;0,000001173;-0,000009058
26;28;0,000001991;0,000001359;0,0000001775;0,000000007812;-0,000001171;0,000009031
26;28,1;-0,000001985;-0,000001355;-0,0000001771;-0,000000007788;0,000001169;-0,000009004
26;28,2;0,00000198;0,000001351;0,0000001767;0,000000007764;-0,000001166;0,000008977
26;28,3;-0,000001974;-0,000001347;-0,0000001763;-0,00000000774;0,000001164;-0,00000895
26;28,4;0,000001968;0,000001343;0,000000176;0,000000007716;-0,000001161;0,000008924
26;28,5;-0,000001962;-0,000001339;-0,0000001756;-0,000000007693;0,000001159;-0,000008897
26;28,6;0,000001956;0,000001335;0,0000001752;0,000000007669;-0,000001156;0,000008871
26;28,7;-0,00000195;-0,000001331;-0,0000001748;-0,000000007646;0,000001153;-0,000008844
26;28,8;0,000001944;0,000001327;0,0000001744;0,000000007622;-0,000001151;0,000008818
26;28,9;-0,000001939;-0,000001323;-0,000000174;-0,000000007599;0,000001148;-0,000008792
26;29;0,000001933;0,000001319;0,0000001736;0,000000007576;-0,000001146;0,000008766
26;29,1;-0,000001927;-0,000001315;-0,0000001732;-0,000000007553;0,000001143;-0,00000874
26;29,2;0,000001921;0,000001311;0,0000001728;0,00000000753;-0,00000114;0,000008714
26;29,3;-0,000001916;-0,000001307;-0,0000001724;-0,000000007507;0,000001138;-0,000008689
26;29,4;0,00000191;0,000001303;0,000000172;0,000000007484;-0,000001135;0,000008663
26;29,5;-0,000001904;-0,0000013;-0,0000001716;-0,000000007461;0,000001132;-0,000008637
26;29,6;0,000001899;0,000001296;0,0000001712;0,000000007438;-0,00000113;0,000008612
26;29,7;-0,000001893;-0,000001292;-0,0000001707;-0,000000007416;0,000001127;-0,000008586
26;29,8;0,000001887;0,000001288;0,0000001703;0,000000007393;-0,000001124;0,000008561
26;29,9;-0,000001882;-0,000001284;-0,0000001699;-0,000000007371;0,000001121;-0,000008536
26;30;0,000001876;0,000001281;0,0000001695;0,000000007348;-0,000001118;0,000008511
26;30,1;-0,000001871;-0,000001277;-0,0000001691;-0,000000007326;0,000001116;-0,000008486
26;30,2;0,000001865;0,000001273;0,0000001686;0,000000007304;-0,000001113;0,000008461
26;30,3;-0,00000186;-0,000001269;-0,0000001682;-0,000000007282;0,00000111;-0,000008436
26;30,4;0,000001854;0,000001266;0,0000001678;0,000000007259;-0,000001107;0,000008411
26;30,5;-0,000001849;-0,000001262;-0,0000001674;-0,000000007237;0,000001105;-0,000008386
26;30,6;0,000001843;0,000001258;0,0000001669;0,000000007215;-0,000001102;0,000008362
26;30,7;-0,000001838;-0,000001254;-0,0000001665;-0,000000007193;0,000001099;-0,000008337
26;30,8;0,000001833;0,000001251;0,0000001661;0,000000007172;-0,000001096;0,000008313
26;30,9;-0,000001827;-0,000001247;-0,0000001657;-0,00000000715;0,000001093;-0,000008289
26;31;0,000001822;0,000001243;0,0000001652;0,000000007128;-0,00000109;0,000008264
26;31,1;-0,000001816;-0,00000124;-0,0000001648;-0,000000007107;0,000001088;-0,00000824
26;31,2;0,000001811;0,000001236;0,0000001644;0,000000007085;-0,000001085;0,000008216
26;31,3;-0,000001806;-0,000001233;-0,0000001639;-0,000000007064;0,000001082;-0,000008192
26;31,4;0,000001801;0,000001229;0,0000001635;0,000000007042;-0,000001079;0,000008168
26;31,5;-0,000001795;-0,000001225;-0,0000001631;-0,000000007021;0,000001076;-0,000008144
26;31,6;0,00000179;0,000001222;0,0000001626;0,000000007;-0,000001073;0,00000812
26;31,7;-0,000001785;-0,000001218;-0,0000001622;-0,000000006979;0,000001071;-0,000008096
26;31,8;0,00000178;0,000001215;0,0000001618;0,000000006958;-0,000001068;0,000008073
26;31,9;-0,000001774;-0,000001211;-0,0000001614;-0,000000006937;0,000001065;-0,000008049
26;32;0,000001769;0,000001208;0,0000001609;0,000000006916;-0,000001062;0,000008026
26;32,1;-0,000001764;-0,000001204;-0,0000001605;-0,000000006895;0,000001059;-0,000008002
26;32,2;0,000001759;0,000001201;0,0000001601;0,000000006874;-0,000001056;0,000007979
26;32,3;-0,000001754;-0,000001197;-0,0000001596;-0,000000006853;0,000001054;-0,000007956
26;32,4;0,000001749;0,000001194;0,0000001592;0,000000006833;-0,000001051;0,000007932
26;32,5;-0,000001743;-0,00000119;-0,0000001588;-0,000000006812;0,000001048;-0,000007909
26;32,6;0,000001738;0,000001187;0,0000001583;0,000000006791;-0,000001045;0,000007886
26;32,7;-0,000001733;-0,000001183;-0,0000001579;-0,000000006771;0,000001042;-0,000007863
26;32,8;0,000001728;0,00000118;0,0000001575;0,00000000675;-0,000001039;0,00000784
26;32,9;-0,000001723;-0,000001176;-0,0000001571;-0,00000000673;0,000001037;-0,000007817
26;33;0,000001718;0,000001173;0,0000001566;0,00000000671;-0,000001034;0,000007795
26;33,1;-0,000001713;-0,000001169;-0,0000001562;-0,000000006689;0,000001031;-0,000007772
26;33,2;0,000001708;0,000001166;0,0000001558;0,000000006669;-0,000001028;0,000007749
26;33,3;-0,000001703;-0,000001163;-0,0000001554;-0,000000006649;0,000001025;-0,000007727
26;33,4;0,000001698;0,000001159;0,0000001549;0,000000006629;-0,000001023;0,000007704
26;33,5;-0,000001693;-0,000001156;-0,0000001545;-0,000000006609;0,00000102;-0,000007682
26;33,6;0,000001688;0,000001152;0,0000001541;0,000000006589;-0,000001017;0,00000766
26;33,7;-0,000001683;-0,000001149;-0,0000001537;-0,000000006569;0,000001014;-0,000007637
26;33,8;0,000001679;0,000001146;0,0000001533;0,000000006549;-0,000001012;0,000007615
26;33,9;-0,000001674;-0,000001142;-0,0000001528;-0,000000006529;0,000001009;-0,000007593
26;34;0,000001669;0,000001139;0,0000001524;0,00000000651;-0,000001006;0,000007571
26;34,1;-0,000001664;-0,000001136;-0,000000152;-0,00000000649;0,000001003;-0,000007549
26;34,2;0,000001659;0,000001133;0,0000001516;0,000000006471;-0,000001;0,000007527
26;34,3;-0,000001654;-0,000001129;-0,0000001512;-0,000000006451;0,0000009977;-0,000007505
26;34,4;0,00000165;0,000001126;0,0000001507;0,000000006432;-0,000000995;0,000007483
26;34,5;-0,000001645;-0,000001123;-0,0000001503;-0,000000006412;0,0000009922;-0,000007461
26;34,6;0,00000164;0,000001119;0,0000001499;0,000000006393;-0,0000009895;0,00000744
26;34,7;-0,000001635;-0,000001116;-0,0000001495;-0,000000006374;0,0000009868;-0,000007418
26;34,8;0,00000163;0,000001113;0,0000001491;0,000000006355;-0,000000984;0,000007397
26;34,9;-0,000001626;-0,00000111;-0,0000001487;-0,000000006335;0,0000009813;-0,000007375
26;35;0,000001621;0,000001106;0,0000001483;0,000000006316;-0,0000009786;0,000007354
26;35,1;-0,000001616;-0,000001103;-0,0000001479;-0,000000006297;0,0000009759;-0,000007332
26;35,2;0,000001612;0,0000011;0,0000001474;0,000000006278;-0,0000009732;0,000007311
26;35,3;-0,000001607;-0,000001097;-0,000000147;-0,000000006259;0,0000009705;-0,00000729
26;35,4;0,000001602;0,000001094;0,0000001466;0,00000000624;-0,0000009678;0,000007269
26;35,5;-0,000001598;-0,00000109;-0,0000001462;-0,000000006222;0,0000009651;-0,000007247
26;35,6;0,000001593;0,000001087;0,0000001458;0,000000006203;-0,0000009625;0,000007226
26;35,7;-0,000001588;-0,000001084;-0,0000001454;-0,000000006184;0,0000009598;-0,000007205
26;35,8;0,000001584;0,000001081;0,000000145;0,000000006166;-0,0000009571;0,000007185
26;35,9;-0,000001579;-0,000001078;-0,0000001446;-0,000000006147;0,0000009545;-0,000007164
26;36;0,000001575;0,000001075;0,0000001442;0,000000006129;-0,0000009518;0,000007143
26;36,1;-0,00000157;-0,000001072;-0,0000001438;-0,00000000611;0,0000009492;-0,000007122
26;36,2;0,000001565;0,000001069;0,0000001434;0,000000006092;-0,0000009466;0,000007102
26;36,3;-0,000001561;-0,000001065;-0,000000143;-0,000000006074;0,0000009439;-0,000007081
26;36,4;0,000001556;0,000001062;0,0000001426;0,000000006055;-0,0000009413;0,00000706
26;36,5;-0,000001552;-0,000001059;-0,0000001422;-0,000000006037;0,0000009387;-0,00000704
26;36,6;0,000001547;0,000001056;0,0000001418;0,000000006019;-0,0000009361;0,000007019
26;36,7;-0,000001543;-0,000001053;-0,0000001414;-0,000000006001;0,0000009335;-0,000006999
26;36,8;0,000001538;0,00000105;0,000000141;0,000000005982;-0,0000009309;0,000006979
26;36,9;-0,000001534;-0,000001047;-0,0000001406;-0,000000005964;0,0000009283;-0,000006959
26;37;0,000001529;0,000001044;0,0000001402;0,000000005946;-0,0000009257;0,000006938
26;37,1;-0,000001525;-0,000001041;-0,0000001398;-0,000000005928;0,0000009231;-0,000006918
26;37,2;0,000001521;0,000001038;0,0000001395;0,00000000591;-0,0000009206;0,000006898
26;37,3;-0,000001516;-0,000001035;-0,0000001391;-0,000000005893;0,000000918;-0,000006878
26;37,4;0,000001512;0,000001032;0,0000001387;0,000000005875;-0,0000009154;0,000006858
26;37,5;-0,000001507;-0,000001029;-0,0000001383;-0,000000005857;0,0000009129;-0,000006838
26;37,6;0,000001503;0,000001026;0,0000001379;0,000000005839;-0,0000009103;0,000006819
26;37,7;-0,000001499;-0,000001023;-0,0000001375;-0,000000005822;0,0000009078;-0,000006799
26;37,8;0,000001494;0,00000102;0,0000001371;0,000000005804;-0,0000009053;0,000006779
26;37,9;-0,00000149;-0,000001017;-0,0000001368;-0,000000005787;0,0000009028;-0,00000676
26;38;0,000001486;0,000001014;0,0000001364;0,000000005769;-0,0000009002;0,00000674
26;38,1;-0,000001481;-0,000001011;-0,000000136;-0,000000005752;0,0000008977;-0,00000672
26;38,2;0,000001477;0,000001008;0,0000001356;0,000000005735;-0,0000008952;0,000006701
26;38,3;-0,000001473;-0,000001005;-0,0000001352;-0,000000005717;0,0000008927;-0,000006682
26;38,4;0,000001469;0,000001002;0,0000001349;0,0000000057;-0,0000008903;0,000006662
26;38,5;-0,000001464;-0,0000009995;-0,0000001345;-0,000000005683;0,0000008878;-0,000006643
26;38,6;0,00000146;0,0000009966;0,0000001341;0,000000005666;-0,0000008853;0,000006624
26;38,7;-0,000001456;-0,0000009938;-0,0000001337;-0,000000005649;0,0000008828;-0,000006605
26;38,8;0,000001452;0,0000009909;0,0000001334;0,000000005632;-0,0000008804;0,000006585
26;38,9;-0,000001447;-0,000000988;-0,000000133;-0,000000005615;0,0000008779;-0,000006566
26;39;0,000001443;0,0000009852;0,0000001326;0,000000005598;-0,0000008755;0,000006547
26;39,1;-0,000001439;-0,0000009823;-0,0000001323;-0,000000005581;0,000000873;-0,000006528
26;39,2;0,000001435;0,0000009795;0,0000001319;0,000000005564;-0,0000008706;0,000006509
26;39,3;-0,000001431;-0,0000009766;-0,0000001315;-0,000000005548;0,0000008682;-0,000006491
26;39,4;0,000001427;0,0000009738;0,0000001312;0,000000005531;-0,0000008658;0,000006472
26;39,5;-0,000001423;-0,000000971;-0,0000001308;-0,000000005514;0,0000008633;-0,000006453
26;39,6;0,000001418;0,0000009682;0,0000001304;0,000000005498;-0,0000008609;0,000006434
26;39,7;-0,000001414;-0,0000009654;-0,0000001301;-0,000000005481;0,0000008585;-0,000006416
26;39,8;0,00000141;0,0000009626;0,0000001297;0,000000005465;-0,0000008561;0,000006397
26;39,9;-0,000001406;-0,0000009598;-0,0000001293;-0,000000005448;0,0000008538;-0,000006379
26;40;0,000001402;0,000000957;0,000000129;0,000000005432;-0,0000008514;0,00000636
27;0;0;0;0;0;0;0
27;0,1;-0,1945;0,1359;0,0028;-0,00001017;-0,019;0,906
27;0,2;-0,3078;0,2196;0,0032;-0,0000142;-0,021;1,464
27;0,3;-0,0589;0,0498;-0,0016;0,0000004972;0,01;0,332
27;0,4;0,3371;-0,2542;0,0002898;0,000009916;-0,001933;-1,695
27;0,5;-0,4705;0,3517;0,0004468;-0,00001506;-0,002981;2,345
27;0,6;0,452;-0,3371;-0,0006467;0,00001473;0,004314;-2,247
27;0,7;-0,3162;0,2359;0,0004295;-0,00001016;-0,002865;1,573
27;0,8;0,1224;-0,092;0,000009872;0,000003474;-0,00006579;-0,613
27;0,9;0,0666;-0,0483;-0,0004658;0,000003069;0,003107;-0,322
27;1;-0,2011;0,1482;0,0007766;-0,000007701;-0,00518;0,988
27;1,1;0,2559;-0,189;-0,0008576;0,000009514;0,00572;-1,26
27;1,2;-0,2318;0,1714;0,0007075;-0,000008533;-0,004719;1,143
27;1,3;0,1503;-0,1114;-0,0003914;0,000005525;0,002611;-0,743
27;1,4;-0,0443;0,0332;0,000009921;-0,000001653;-0,00006625;0,221
27;1,5;-0,0533;0,0389;0,0003353;-0,000001911;-0,002236;0,259
27;1,6;0,1181;-0,0867;-0,0005692;0,000004303;0,003797;-0,578
27;1,7;-0,1393;0,1024;0,0006588;-0,000005133;-0,004394;0,682
27;1,8;0,1197;-0,0878;-0,0006141;0,000004501;0,004096;-0,585
27;1,9;-0,0723;0,0527;0,0004772;-0,000002875;-0,003183;0,351
27;2;0,0151;-0,0103;-0,0003056;0,0000008915;0,002039;-0,069
27;2,1;0,0348;-0,0266;0,0001537;0,0000008405;-0,001025;-0,177
27;2,2;-0,0656;0,0493;-0,00005931;-0,0000019;0,0003956;0,329
27;2,3;0,0728;-0,0547;0,00003691;0,000002129;-0,0002461;-0,365
27;2,4;-0,0591;0,0446;-0,00007846;-0,000001622;0,0005232;0,297
27;2,5;0,0323;-0,0247;0,00016;0,0000006525;-0,001067;-0,165
27;2,6;-0,0019;0,0022;-0,0002512;0,0000004342;0,001675;0,015
27;2,7;-0,0231;0,0163;0,0003247;-0,000001327;-0,002166;0,109
27;2,8;0,0372;-0,0267;-0,000363;0,000001826;0,002421;-0,178
27;2,9;-0,0387;0,0279;0,0003611;-0,000001874;-0,002408;0,186
27;3;0,0297;-0,0212;-0,0003254;0,000001542;0,002171;-0,142
27;3,1;-0,0146;0,0101;0,0002702;-0,0000009912;-0,001802;0,067
27;3,2;-0,0015;0,0018;-0,000212;0,0000004057;0,001414;0,012
27;3,3;0,014;-0,011;0,0001648;0,00000005543;-0,0011;-0,073
27;3,4;-0,0203;0,0156;-0,0001371;-0,0000002978;0,0009146;0,104
27;3,5;0,0199;-0,0153;0,0001304;0,0000003038;-0,00087;-0,102
27;3,6;-0,0143;0,0112;-0,0001405;-0,0000001222;0,0009372;0,074
27;3,7;0,0059;-0,0049;0,0001594;-0,0000001579;-0,001063;-0,033
27;3,8;0,0025;-0,0013;-0,0001785;0,0000004382;0,001191;-0,008757
27;3,9;-0,0087;0,0059;0,0001908;-0,0000006398;-0,001273;0,039
27;4;0,0114;-0,0079;-0,0001925;0,0000007198;0,001284;-0,053
27;4,1;-0,0106;0,0074;0,0001835;-0,0000006764;-0,001224;0,049
27;4,2;0,0073;-0,0049;-0,0001664;0,0000005411;0,00111;-0,033
27;4,3;-0,0027;0,0015;0,0001459;-0,0000003638;-0,0009729;0,01
27;4,4;-0,0016;0,0016;-0,0001263;0,0000001962;0,0008425;0,011
27;4,5;0,0046;-0,0038;0,0001113;-0,00000007764;-0,0007423;-0,025
27;4,6;-0,0057;0,0046;-0,0001024;0,00000002691;0,0006832;0,031
27;4,7;0,005;-0,0041;0,00009951;-0,00000004135;-0,0006637;-0,027
27;4,8;-0,003;0,0026;-0,0001008;0,0000001017;0,0006724;0,017
27;4,9;0,0005558;-0,0007529;0,0001039;-0,0000001803;-0,0006929;-0,005019
27;5;0,0017;-0,0008967;-0,0001063;0,0000002502;0,0007093;-0,005978
27;5,1;-0,0031;0,002;0,0001065;-0,0000002922;-0,0007101;0,013
27;5,2;0,0035;-0,0023;-0,0001036;0,0000002983;0,0006908;-0,015
27;5,3;-0,0029;0,0019;0,00009791;-0,0000002717;-0,000653;0,012
27;5,4;0,0018;-0,001;-0,0000905;0,0000002239;0,0006036;-0,006814
27;5,5;-0,0004182;0,00004348;0,00008267;-0,0000001698;-0,0005514;0,0002901
27;5,6;-0,0007175;0,0007855;-0,00007563;0,0000001233;0,0005044;0,005237
27;5,7;0,0014;-0,0013;0,00007019;-0,00000009345;-0,0004682;-0,008483
27;5,8;-0,0015;0,0014;-0,00006662;0,00000008342;0,0004444;0,009023
27;5,9;0,0012;-0,0011;0,00006467;-0,00000009044;-0,0004314;-0,007232
27;6;-0,0005266;0,0006051;-0,00006375;0,0000001078;0,0004252;0,004034
27;6,1;-0,0001687;-0,00008196;0,00006314;-0,0000001275;-0,0004211;-0,0005462
27;6,2;0,0007246;-0,0003376;-0,00006219;0,0000001423;0,0004148;-0,002251
27;6,3;-0,001;0,0005628;0,00006053;-0,000000148;-0,0004038;0,003752
27;6,4;0,001;-0,0005721;-0,00005806;0,0000001435;0,0003873;-0,003814
27;6,5;-0,000785;0,0004057;0,00005494;-0,0000001307;-0,0003664;0,002705
27;6,6;0,0004194;-0,0001425;-0,0000515;0,0000001134;0,0003435;-0,0009502
27;6,7;-0,00004451;-0,0001279;0,00004813;-0,00000009586;-0,000321;-0,0008525
27;6,8;-0,0002397;0,0003315;-0,00004514;0,00000008173;0,0003011;0,00221
27;6,9;0,0003764;-0,0004263;0,00004269;-0,00000007297;-0,0002847;-0,002842
27;7;-0,0003592;0,0004075;-0,00004081;0,00000006984;0,0002722;0,002717
27;7,1;0,0002236;-0,0003014;0,00003939;-0,00000007105;-0,0002627;-0,002009
27;7,2;-0,00002967;0,0001524;-0,00003822;0,00000007448;0,000255;0,001016
27;7,3;-0,0001586;-0,000007814;0,00003712;-0,00000007785;-0,0002476;-0,00005196
27;7,4;0,0002913;-0,00009545;-0,0000359;0,00000007937;0,0002395;-0,0006364
27;7,5;-0,000343;0,0001386;0,00003451;-0,00000007814;-0,0002302;0,0009239
27;7,6;0,0003148;-0,0001223;-0,00003292;0,00000007419;0,0002196;-0,0008158
27;7,7;-0,0002287;0,00006321;0,00003122;-0,00000006832;-0,0002082;0,0004215
27;7,8;0,0001182;0,00001423;-0,0000295;0,00000006169;0,0001968;0,00009474
27;7,9;-0,00001654;-0,00008527;0,00002787;-0,0000000555;-0,0001859;-0,0005683
27;8;-0,00005162;0,0001317;-0,00002639;0,00000005062;0,000176;0,0008781
27;8,1;0,00007539;-0,0001455;0,00002511;-0,00000004742;-0,0001675;-0,00097
27;8,2;-0,00005772;0,0001288;-0,00002402;0,0000000458;0,0001602;0,0008588
27;8,3;0,00001201;-0,00009155;0,00002306;-0,00000004529;-0,0001538;-0,0006102
27;8,4;0,00004352;0,00004716;-0,00002218;0,00000004521;0,0001479;0,0003143
27;8,5;-0,00009157;-0,000008435;0,00002132;-0,00000004496;-0,0001422;-0,00005615
27;8,6;0,0001202;-0,00001581;-0,00002044;0,00000004411;0,0001363;-0,0001055
27;8,7;-0,000125;0,0000223;0,00001953;-0,0000000425;-0,0001303;0,0001487
27;8,8;0,0001088;-0,0000131;-0,00001859;0,00000004021;0,000124;-0,00008745
27;8,9;-0,00007943;-0,000005955;0,00001765;-0,00000003753;-0,0001177;-0,00003962
27;9;0,00004672;0,00002758;-0,00001673;0,0000000348;0,0001116;0,0001838
27;9,1;-0,00001955;-0,00004521;0,00001587;-0,00000003234;-0,0001058;-0,0003013
27;9,2;0,000003606;0,00005464;-0,00001507;0,00000003034;0,0001005;0,0003642
27;9,3;-0,0000005057;-0,00005467;0,00001435;-0,00000002886;-0,0000957;-0,0003644
27;9,4;0,000008153;0,00004685;-0,00001369;0,00000002782;0,0000913;0,0003123
27;9,5;-0,00002202;-0,00003452;0,00001308;-0,00000002705;-0,00008723;-0,0002301
27;9,6;0,00003681;0,00002159;-0,0000125;0,00000002637;0,00008336;0,0001439
27;9,7;-0,00004804;-0,00001138;0,00001193;-0,00000002562;-0,00007959;-0,00007582
27;9,8;0,00005305;0,000005852;-0,00001137;0,00000002469;0,00007586;0,00003895
27;9,9;-0,00005137;-0,000005348;0,00001082;-0,00000002357;-0,00007215;-0,00003559
27;10;0,00004441;0,00000882;-0,00001027;0,00000002231;0,00006849;0,00005874
27;10,1;-0,00003473;-0,00001437;0,000009733;-0,00000002099;-0,00006492;-0,00009576
27;10,2;0,00002513;0,00001993;-0,000009219;0,00000001972;0,0000615;0,0001328
27;10,3;-0,00001787;-0,00002383;0,000008734;-0,00000001857;-0,00005826;-0,0001588
27;10,4;0,00001414;0,00002518;-0,000008279;0,00000001758;0,00005522;0,0001678
27;10,5;-0,00001399;-0,00002394;0,000007854;-0,00000001675;-0,00005239;-0,0001595
27;10,6;0,00001651;0,00002077;-0,000007456;0,00000001606;0,00004973;0,0001384
27;10,7;-0,00002028;-0,00001674;0,000007079;-0,00000001544;-0,00004722;-0,0001115
27;10,8;0,00002382;0,00001293;-0,000006718;0,00000001484;0,00004481;0,00008616
27;10,9;-0,00002601;-0,00001017;0,000006369;-0,00000001423;-0,00004248;-0,00006774
27;11;0,00002633;0,000008845;-0,000006028;0,00000001358;0,00004021;0,00005891
27;11,1;-0,00002484;-0,000008898;0,000005697;-0,00000001289;-0,000038;-0,00005927
27;11,2;0,0000221;0,000009918;-0,000005376;0,00000001219;0,00003586;0,00006607
27;11,3;-0,0000189;-0,00001132;0,000005067;-0,0000000115;-0,0000338;-0,00007545
27;11,4;0,00001599;0,00001255;-0,000004771;0,00000001084;0,00003183;0,00008361
27;11,5;-0,00001393;-0,00001319;0,000004491;-0,00000001023;-0,00002995;-0,00008787
27;11,6;0,00001294;0,00001308;-0,000004225;0,000000009686;0,00002818;0,00008712
27;11,7;-0,00001291;-0,00001228;0,000003974;-0,000000009197;-0,00002651;-0,00008185
27;11,8;0,00001352;0,00001106;-0,000003736;0,000000008752;0,00002492;0,00007367
27;11,9;-0,00001433;-0,00000971;0,000003508;-0,000000008335;-0,0000234;-0,00006469
27;12;0,00001496;0,000008531;-0,00000329;0,00000000793;0,00002195;0,00005683
27;12,1;-0,00001513;-0,000007716;0,00000308;-0,000000007527;-0,00002055;-0,0000514
27;12,2;0,00001477;0,000007327;-0,000002878;0,000000007123;0,0000192;0,0000488
27;12,3;-0,00001395;-0,000007304;0,000002683;-0,000000006719;-0,00001789;-0,00004865
27;12,4;0,00001286;0,000007507;-0,000002495;0,000000006321;0,00001664;0,00005
27;12,5;-0,00001173;-0,000007763;0,000002315;-0,000000005937;-0,00001544;-0,00005171
27;12,6;0,00001077;0,000007924;-0,000002143;0,000000005575;0,0000143;0,00005279
27;12,7;-0,00001008;-0,000007899;0,000001979;-0,000000005236;-0,0000132;-0,00005262
27;12,8;0,000009709;0,000007664;-0,000001824;0,000000004922;0,00001217;0,00005106
27;12,9;-0,000009592;-0,000007262;0,000001676;-0,00000000463;-0,00001118;-0,00004838
27;13;0,000009621;0,000006772;-0,000001535;0,000000004356;0,00001024;0,00004511
27;13,1;-0,000009673;-0,000006285;0,0000014;-0,000000004094;-0,000009338;-0,00004186
27;13,2;0,000009645;0,000005875;-0,000001271;0,00000000384;0,000008476;0,00003913
27;13,3;-0,00000948;-0,000005584;0,000001146;-0,000000003593;-0,000007649;-0,00003719
27;13,4;0,000009172;0,000005416;-0,000001027;0,000000003351;0,000006855;0,00003607
27;13,5;-0,000008757;-0,000005344;0,0000009131;-0,000000003115;-0,000006093;-0,00003559
27;13,6;0,000008294;0,000005322;-0,0000008037;0,000000002887;0,000005363;0,00003545
27;13,7;-0,000007849;-0,000005302;0,0000006991;-0,000000002668;-0,000004665;-0,00003531
27;13,8;0,000007471;0,000005247;-0,0000005993;0,000000002462;0,000003999;0,00003494
27;13,9;-0,000007185;-0,000005137;0,0000005041;-0,000000002266;-0,000003364;-0,00003421
27;14;0,00000699;0,000004973;-0,0000004133;0,000000002083;0,000002759;0,00003312
27;14,1;-0,000006863;-0,000004772;0,0000003268;-0,000000001909;-0,000002182;-0,00003178
27;14,2;0,000006769;0,000004558;-0,0000002443;0,000000001743;0,000001631;0,00003035
27;14,3;-0,000006674;-0,000004357;0,0000001653;-0,000000001585;-0,000001105;-0,00002901
27;14,4;0,000006552;0,000004186;-0,00000008988;0,000000001432;0,0000006014;0,00002787
27;14,5;-0,000006394;-0,000004053;0,00000001765;-0,000000001285;-0,0000001197;-0,00002698
27;14,6;0,000006201;0,000003955;0,00000005146;0,000000001142;-0,0000003413;0,00002634
27;14,7;-0,000005986;-0,000003883;-0,0000001175;-0,000000001005;0,0000007821;-0,00002586
27;14,8;0,000005769;0,000003823;0,0000001807;0,0000000008734;-0,000001203;0,00002546
27;14,9;-0,000005566;-0,000003761;-0,0000002409;-0,0000000007477;0,000001605;-0,00002504
27;15;0,000005389;0,000003689;0,0000002984;0,0000000006281;-0,000001988;0,00002456
27;15,1;-0,000005242;-0,000003602;-0,0000003532;-0,000000000515;0,000002354;-0,00002398
27;15,2;0,000005122;0,000003503;0,0000004054;0,0000000004073;-0,000002702;0,00002332
27;15,3;-0,000005021;-0,000003398;-0,0000004551;-0,0000000003047;0,000003034;-0,00002262
27;15,4;0,000004928;0,000003293;0,0000005026;0,0000000002072;-0,00000335;0,00002193
27;15,5;-0,000004835;-0,000003197;-0,0000005479;-0,000000000114;0,000003652;-0,00002128
27;15,6;0,000004735;0,000003111;0,0000005911;0,00000000002447;-0,00000394;0,00002071
27;15,7;-0,000004626;-0,000003038;-0,0000006323;0,00000000006149;0,000004215;-0,00002023
27;15,8;0,000004512;0,000002976;0,0000006716;-0,0000000001437;-0,000004478;0,00001981
27;15,9;-0,000004395;-0,000002922;-0,0000007091;0,0000000002228;0,000004728;-0,00001945
27;16;0,000004281;0,00000287;0,0000007448;-0,0000000002986;-0,000004966;0,0000191
27;16,1;-0,000004175;-0,000002818;-0,0000007788;0,0000000003701;0,000005193;-0,00001876
27;16,2;0,000004079;0,000002764;0,0000008112;-0,0000000004386;-0,000005409;0,0000184
27;16,3;-0,000003993;-0,000002707;-0,000000842;0,0000000005041;0,000005614;-0,00001802
27;16,4;0,000003916;0,000002649;0,0000008712;-0,0000000005661;-0,000005809;0,00001763
27;16,5;-0,000003845;-0,00000259;-0,0000008991;0,0000000006252;0,000005995;-0,00001724
27;16,6;0,000003777;0,000002534;0,0000009256;-0,0000000006814;-0,000006172;0,00001686
27;16,7;-0,00000371;-0,000002481;-0,0000009508;0,0000000007352;0,00000634;-0,00001651
27;16,8;0,000003642;0,000002432;0,0000009747;-0,0000000007866;-0,000006499;0,00001619
27;16,9;-0,000003573;-0,000002388;-0,0000009974;0,0000000008354;0,000006651;-0,0000159
27;17;0,000003504;0,000002348;0,000001019;-0,0000000008826;-0,000006795;0,00001563
27;17,1;-0,000003436;-0,00000231;-0,00000104;0,0000000009278;0,000006932;-0,00001538
27;17,2;0,000003372;0,000002274;0,000001059;-0,0000000009707;-0,000007062;0,00001513
27;17,3;-0,00000331;-0,000002238;-0,000001078;0,000000001011;0,000007185;-0,00001489
27;17,4;0,000003253;0,000002202;0,000001095;-0,000000001049;-0,000007302;0,00001465
27;17,5;-0,0000032;-0,000002166;-0,000001112;0,000000001086;0,000007412;-0,00001441
27;17,6;0,00000315;0,00000213;0,000001127;-0,000000001121;-0,000007517;0,00001418
27;17,7;-0,000003103;-0,000002096;-0,000001142;0,000000001155;0,000007615;-0,00001395
27;17,8;0,000003057;0,000002062;0,000001156;-0,000000001186;-0,000007709;0,00001372
27;17,9;-0,000003012;-0,000002031;-0,000001169;0,000000001216;0,000007797;-0,00001351
27;18;0,000002968;0,000002001;0,000001182;-0,000000001246;-0,000007881;0,00001332
27;18,1;-0,000002924;-0,000001973;-0,000001194;0,000000001273;0,000007959;-0,00001313
27;18,2;0,000002882;0,000001947;0,000001205;-0,000000001299;-0,000008033;0,00001295
27;18,3;-0,00000284;-0,000001922;-0,000001215;0,000000001323;0,000008103;-0,00001279
27;18,4;0,000002801;0,000001897;0,000001225;-0,000000001347;-0,000008169;0,00001262
27;18,5;-0,000002763;-0,000001873;-0,000001234;0,000000001369;0,000008231;-0,00001246
27;18,6;0,000002727;0,00000185;0,000001243;-0,00000000139;-0,000008288;0,00001231
27;18,7;-0,000002693;-0,000001827;-0,000001251;0,00000000141;0,000008343;-0,00001215
27;18,8;0,00000266;0,000001804;0,000001259;-0,000000001428;-0,000008393;0,000012
27;18,9;-0,000002629;-0,000001783;-0,000001266;0,000000001446;0,000008441;-0,00001186
27;19;0,000002598;0,000001762;0,000001272;-0,000000001462;-0,000008485;0,00001172
27;19,1;-0,000002569;-0,000001742;-0,000001279;0,000000001477;0,000008526;-0,00001159
27;19,2;0,00000254;0,000001723;0,000001284;-0,000000001493;-0,000008564;0,00001146
27;19,3;-0,000002511;-0,000001704;-0,00000129;0,000000001508;0,0000086;-0,00001134
27;19,4;0,000002484;0,000001687;0,000001295;-0,000000001521;-0,000008633;0,00001122
27;19,5;-0,000002457;-0,00000167;-0,000001299;0,000000001534;0,000008663;-0,00001111
27;19,6;0,000002432;0,000001653;0,000001303;-0,000000001546;-0,000008691;0,000011
27;19,7;-0,000002407;-0,000001637;-0,000001307;0,000000001557;0,000008716;-0,00001089
27;19,8;0,000002384;0,000001622;0,000001311;-0,000000001567;-0,000008739;0,00001079
27;19,9;-0,000002361;-0,000001606;-0,000001314;0,000000001577;0,00000876;-0,00001068
27;20;0,000002339;0,000001591;0,000001317;-0,000000001587;-0,000008779;0,00001059
27;20,1;-0,000002318;-0,000001577;-0,000001319;0,000000001596;0,000008797;-0,00001049
27;20,2;0,000002297;0,000001563;0,000001321;-0,000000001604;-0,000008812;0,0000104
27;20,3;-0,000002277;-0,00000155;-0,000001323;0,000000001612;0,000008825;-0,00001031
27;20,4;0,000002257;0,000001537;0,000001325;-0,000000001619;-0,000008837;0,00001022
27;20,5;-0,000002238;-0,000001524;-0,000001327;0,000000001625;0,000008847;-0,00001014
27;20,6;0,00000222;0,000001512;0,000001328;-0,000000001631;-0,000008855;0,00001006
27;20,7;-0,000002202;-0,0000015;-0,000001329;0,000000001637;0,000008862;-0,00000998
27;20,8;0,000002184;0,000001489;0,00000133;-0,000000001642;-0,000008868;0,000009904
27;20,9;-0,000002168;-0,000001478;-0,00000133;0,000000001646;0,000008872;-0,000009829
27;21;0,000002151;0,000001467;0,000001331;-0,00000000165;-0,000008875;0,000009757
27;21,1;-0,000002135;-0,000001456;-0,000001331;0,000000001654;0,000008877;-0,000009686
27;21,2;0,00000212;0,000001446;0,000001331;-0,000000001657;-0,000008877;0,000009618
27;21,3;-0,000002105;-0,000001436;-0,000001331;0,000000001661;0,000008877;-0,000009551
27;21,4;0,000002091;0,000001426;0,000001331;-0,000000001664;-0,000008875;0,000009486
27;21,5;-0,000002076;-0,000001417;-0,00000133;0,000000001667;0,000008872;-0,000009423
27;21,6;0,000002062;0,000001408;0,00000133;-0,000000001669;-0,000008869;0,000009362
27;21,7;-0,000002049;-0,000001399;-0,000001329;0,000000001671;0,000008864;-0,000009302
27;21,8;0,000002036;0,00000139;0,000001328;-0,000000001672;-0,000008858;0,000009244
27;21,9;-0,000002023;-0,000001381;-0,000001327;0,000000001673;0,000008852;-0,000009187
27;22;0,00000201;0,000001373;0,000001326;-0,000000001674;-0,000008845;0,000009132
27;22,1;-0,000001998;-0,000001365;-0,000001325;0,000000001675;0,000008837;-0,000009077
27;22,2;0,000001986;0,000001357;0,000001324;-0,000000001676;-0,000008828;0,000009024
27;22,3;-0,000001975;-0,000001349;-0,000001322;0,000000001676;0,000008818;-0,000008973
27;22,4;0,000001963;0,000001342;0,000001321;-0,000000001676;-0,000008808;0,000008922
27;22,5;-0,000001952;-0,000001334;-0,000001319;0,000000001676;0,000008797;-0,000008873
27;22,6;0,000001942;0,000001327;0,000001317;-0,000000001676;-0,000008786;0,000008824
27;22,7;-0,000001931;-0,00000132;-0,000001316;0,000000001676;0,000008774;-0,000008777
27;22,8;0,000001921;0,000001313;0,000001314;-0,000000001676;-0,000008761;0,000008731
27;22,9;-0,00000191;-0,000001306;-0,000001312;0,000000001675;0,000008748;-0,000008686
27;23;0,000001901;0,000001299;0,00000131;-0,000000001674;-0,000008735;0,000008641
27;23,1;-0,000001891;-0,000001293;-0,000001308;0,000000001672;0,000008721;-0,000008598
27;23,2;0,000001881;0,000001287;0,000001306;-0,000000001671;-0,000008706;0,000008555
27;23,3;-0,000001872;-0,00000128;-0,000001303;0,00000000167;0,000008691;-0,000008514
27;23,4;0,000001863;0,000001274;0,000001301;-0,000000001669;-0,000008676;0,000008473
27;23,5;-0,000001854;-0,000001268;-0,000001299;0,000000001667;0,00000866;-0,000008432
27;23,6;0,000001845;0,000001262;0,000001296;-0,000000001665;-0,000008644;0,000008393
27;23,7;-0,000001836;-0,000001256;-0,000001294;0,000000001664;0,000008627;-0,000008354
27;23,8;0,000001828;0,000001251;0,000001291;-0,000000001662;-0,00000861;0,000008316
27;23,9;-0,000001819;-0,000001245;-0,000001289;0,00000000166;0,000008593;-0,000008279
27;24;0,000001811;0,000001239;0,000001286;-0,000000001658;-0,000008576;0,000008242
27;24,1;-0,000001803;-0,000001234;-0,000001283;0,000000001655;0,000008558;-0,000008206
27;24,2;0,000001795;0,000001229;0,000001281;-0,000000001653;-0,00000854;0,00000817
27;24,3;-0,000001787;-0,000001223;-0,000001278;0,000000001651;0,000008522;-0,000008135
27;24,4;0,00000178;0,000001218;0,000001275;-0,000000001649;-0,000008503;0,0000081
27;24,5;-0,000001772;-0,000001213;-0,000001272;0,000000001646;0,000008484;-0,000008066
27;24,6;0,000001765;0,000001208;0,000001269;-0,000000001644;-0,000008465;0,000008033
27;24,7;-0,000001757;-0,000001203;-0,000001267;0,000000001641;0,000008446;-0,000008
27;24,8;0,00000175;0,000001198;0,000001264;-0,000000001638;-0,000008427;0,000007967
27;24,9;-0,000001743;-0,000001193;-0,000001261;0,000000001635;0,000008407;-0,000007935
27;25;0,000001736;0,000001189;0,000001258;-0,000000001632;-0,000008387;0,000007903
27;25,1;-0,000001729;-0,000001184;-0,000001255;0,000000001629;0,000008368;-0,000007872
27;25,2;0,000001722;0,000001179;0,000001252;-0,000000001626;-0,000008347;0,000007841
27;25,3;-0,000001715;-0,000001175;-0,000001249;0,000000001623;0,000008327;-0,000007811
27;25,4;0,000001709;0,00000117;0,000001246;-0,00000000162;-0,000008307;0,000007781
27;25,5;-0,000001702;-0,000001166;-0,000001243;0,000000001617;0,000008286;-0,000007751
27;25,6;0,000001696;0,000001161;0,000001239;-0,000000001614;-0,000008266;0,000007721
27;25,7;-0,000001689;-0,000001157;-0,000001236;0,00000000161;0,000008245;-0,000007692
27;25,8;0,000001683;0,000001152;0,000001233;-0,000000001607;-0,000008224;0,000007664
27;25,9;-0,000001676;-0,000001148;-0,00000123;0,000000001603;0,000008204;-0,000007635
27;26;0,00000167;0,000001144;0,000001227;-0,0000000016;-0,000008183;0,000007607
27;26,1;-0,000001664;-0,00000114;-0,000001224;0,000000001596;0,000008161;-0,000007579
27;26,2;0,000001658;0,000001136;0,000001221;-0,000000001593;-0,00000814;0,000007551
27;26,3;-0,000001652;-0,000001132;-0,000001217;0,00000000159;0,000008119;-0,000007524
27;26,4;0,000001646;0,000001127;0,000001214;-0,000000001587;-0,000008098;0,000007497
27;26,5;-0,00000164;-0,000001123;-0,000001211;0,000000001584;0,000008077;-0,00000747
27;26,6;0,000001634;0,000001119;0,000001208;-0,00000000158;-0,000008055;0,000007444
27;26,7;-0,000001628;-0,000001116;-0,000001205;0,000000001576;0,000008034;-0,000007418
27;26,8;0,000001623;0,000001112;0,000001201;-0,000000001573;-0,000008012;0,000007392
27;26,9;-0,000001617;-0,000001108;-0,000001198;0,00000000157;0,000007991;-0,000007366
27;27;0,000001611;0,000001104;0,000001195;-0,000000001567;-0,000007969;0,00000734
27;27,1;-0,000001606;-0,0000011;-0,000001192;0,000000001563;0,000007948;-0,000007315
27;27,2;0,0000016;0,000001096;0,000001189;-0,00000000156;-0,000007926;0,00000729
27;27,3;-0,000001594;-0,000001092;-0,000001185;0,000000001556;0,000007905;-0,000007265
27;27,4;0,000001589;0,000001089;0,000001182;-0,000000001552;-0,000007883;0,00000724
27;27,5;-0,000001584;-0,000001085;-0,000001179;0,000000001548;0,000007861;-0,000007215
27;27,6;0,000001578;0,000001081;0,000001176;-0,000000001545;-0,00000784;0,000007191
27;27,7;-0,000001573;-0,000001078;-0,000001172;0,000000001542;0,000007818;-0,000007166
27;27,8;0,000001568;0,000001074;0,000001169;-0,000000001537;-0,000007796;0,000007142
27;27,9;-0,000001562;-0,000001071;-0,000001166;0,000000001533;0,000007775;-0,000007118
27;28;0,000001557;0,000001067;0,000001163;-0,00000000153;-0,000007753;0,000007095
27;28,1;-0,000001552;-0,000001063;-0,000001159;0,000000001526;0,000007731;-0,000007071
27;28,2;0,000001547;0,00000106;0,000001156;-0,000000001523;-0,00000771;0,000007048
27;28,3;-0,000001542;-0,000001056;-0,000001153;0,000000001519;0,000007688;-0,000007024
27;28,4;0,000001536;0,000001053;0,00000115;-0,000000001515;-0,000007666;0,000007001
27;28,5;-0,000001531;-0,000001049;-0,000001146;0,000000001511;0,000007645;-0,000006978
27;28,6;0,000001526;0,000001046;0,000001143;-0,000000001508;-0,000007623;0,000006955
27;28,7;-0,000001521;-0,000001043;-0,00000114;0,000000001504;0,000007601;-0,000006933
27;28,8;0,000001516;0,000001039;0,000001137;-0,0000000015;-0,00000758;0,00000691
27;28,9;-0,000001511;-0,000001036;-0,000001133;0,000000001496;0,000007558;-0,000006888
27;29;0,000001507;0,000001032;0,00000113;-0,000000001492;-0,000007537;0,000006865
27;29,1;-0,000001502;-0,000001029;-0,000001127;0,000000001489;0,000007515;-0,000006843
27;29,2;0,000001497;0,000001026;0,000001124;-0,000000001485;-0,000007494;0,000006821
27;29,3;-0,000001492;-0,000001023;-0,00000112;0,000000001481;0,000007472;-0,000006799
27;29,4;0,000001487;0,000001019;0,000001117;-0,000000001477;-0,000007451;0,000006777
27;29,5;-0,000001482;-0,000001016;-0,000001114;0,000000001474;0,00000743;-0,000006756
27;29,6;0,000001478;0,000001013;0,000001111;-0,00000000147;-0,000007408;0,000006734
27;29,7;-0,000001473;-0,000001009;-0,000001108;0,000000001466;0,000007387;-0,000006713
27;29,8;0,000001468;0,000001006;0,000001104;-0,000000001462;-0,000007366;0,000006691
27;29,9;-0,000001463;-0,000001003;-0,000001101;0,000000001458;0,000007344;-0,00000667
27;30;0,000001459;0,0000009999;0,000001098;-0,000000001455;-0,000007323;0,000006649
27;30,1;-0,000001454;-0,0000009967;-0,000001095;0,000000001451;0,000007302;-0,000006628
27;30,2;0,00000145;0,0000009935;0,000001092;-0,000000001447;-0,000007281;0,000006607
27;30,3;-0,000001445;-0,0000009904;-0,000001089;0,000000001444;0,00000726;-0,000006586
27;30,4;0,00000144;0,0000009873;0,000001085;-0,00000000144;-0,000007239;0,000006565
27;30,5;-0,000001436;-0,0000009842;-0,000001082;0,000000001436;0,000007218;-0,000006544
27;30,6;0,000001431;0,0000009811;0,000001079;-0,000000001433;-0,000007197;0,000006524
27;30,7;-0,000001427;-0,000000978;-0,000001076;0,000000001429;0,000007176;-0,000006503
27;30,8;0,000001422;0,0000009749;0,000001073;-0,000000001425;-0,000007155;0,000006483
27;30,9;-0,000001418;-0,0000009718;-0,00000107;0,000000001421;0,000007134;-0,000006462
27;31;0,000001413;0,0000009688;0,000001067;-0,000000001418;-0,000007113;0,000006442
27;31,1;-0,000001409;-0,0000009658;-0,000001064;0,000000001414;0,000007092;-0,000006422
27;31,2;0,000001405;0,0000009627;0,00000106;-0,00000000141;-0,000007072;0,000006402
27;31,3;-0,0000014;-0,0000009597;-0,000001057;0,000000001407;0,000007051;-0,000006382
27;31,4;0,000001396;0,0000009567;0,000001054;-0,000000001403;-0,00000703;0,000006362
27;31,5;-0,000001391;-0,0000009537;-0,000001051;0,000000001399;0,00000701;-0,000006342
27;31,6;0,000001387;0,0000009508;0,000001048;-0,000000001396;-0,000006989;0,000006322
27;31,7;-0,000001383;-0,0000009478;-0,000001045;0,000000001392;0,000006969;-0,000006302
27;31,8;0,000001378;0,0000009449;0,000001042;-0,000000001388;-0,000006948;0,000006283
27;31,9;-0,000001374;-0,0000009419;-0,000001039;0,000000001385;0,000006928;-0,000006263
27;32;0,00000137;0,000000939;0,000001036;-0,000000001381;-0,000006908;0,000006244
27;32,1;-0,000001366;-0,0000009361;-0,000001033;0,000000001377;0,000006887;-0,000006224
27;32,2;0,000001361;0,0000009332;0,00000103;-0,000000001374;-0,000006867;0,000006205
27;32,3;-0,000001357;-0,0000009303;-0,000001027;0,00000000137;0,000006847;-0,000006186
27;32,4;0,000001353;0,0000009274;0,000001024;-0,000000001366;-0,000006827;0,000006167
27;32,5;-0,000001349;-0,0000009245;-0,000001021;0,000000001362;0,000006807;-0,000006148
27;32,6;0,000001345;0,0000009217;0,000001018;-0,000000001359;-0,000006787;0,000006129
27;32,7;-0,00000134;-0,0000009188;-0,000001015;0,000000001355;0,000006767;-0,00000611
27;32,8;0,000001336;0,000000916;0,000001012;-0,000000001352;-0,000006747;0,000006091
27;32,9;-0,000001332;-0,0000009131;-0,000001009;0,000000001348;0,000006727;-0,000006072
27;33;0,000001328;0,0000009103;0,000001006;-0,000000001345;-0,000006707;0,000006053
27;33,1;-0,000001324;-0,0000009075;-0,000001003;0,000000001341;0,000006687;-0,000006034
27;33,2;0,00000132;0,0000009047;0,0000009998;-0,000000001338;-0,000006668;0,000006016
27;33,3;-0,000001316;-0,0000009019;-0,0000009969;0,000000001335;0,000006648;-0,000005997
27;33,4;0,000001312;0,0000008991;0,0000009939;-0,000000001331;-0,000006628;0,000005979
27;33,5;-0,000001308;-0,0000008964;-0,000000991;0,000000001328;0,000006609;-0,00000596
27;33,6;0,000001304;0,0000008936;0,0000009881;-0,000000001324;-0,000006589;0,000005942
27;33,7;-0,0000013;-0,0000008908;-0,0000009851;0,00000000132;0,00000657;-0,000005924
27;33,8;0,000001296;0,0000008881;0,0000009822;-0,000000001317;-0,00000655;0,000005905
27;33,9;-0,000001292;-0,0000008854;-0,0000009793;0,000000001314;0,000006531;-0,000005887
27;34;0,000001288;0,0000008826;0,0000009764;-0,00000000131;-0,000006512;0,000005869
27;34,1;-0,000001284;-0,0000008799;-0,0000009735;0,000000001307;0,000006492;-0,000005851
27;34,2;0,00000128;0,0000008772;0,0000009707;-0,000000001303;-0,000006473;0,000005833
27;34,3;-0,000001276;-0,0000008745;-0,0000009678;0,0000000013;0,000006454;-0,000005815
27;34,4;0,000001272;0,0000008718;0,0000009649;-0,000000001296;-0,000006435;0,000005797
27;34,5;-0,000001268;-0,0000008691;-0,0000009621;0,000000001293;0,000006416;-0,000005779
27;34,6;0,000001264;0,0000008665;0,0000009592;-0,000000001289;-0,000006397;0,000005762
27;34,7;-0,00000126;-0,0000008638;-0,0000009564;0,000000001286;0,000006378;-0,000005744
27;34,8;0,000001256;0,0000008612;0,0000009536;-0,000000001282;-0,000006359;0,000005726
27;34,9;-0,000001252;-0,0000008585;-0,0000009507;0,000000001279;0,00000634;-0,000005709
27;35;0,000001248;0,0000008559;0,0000009479;-0,000000001276;-0,000006322;0,000005691
27;35,1;-0,000001245;-0,0000008532;-0,0000009451;0,000000001272;0,000006303;-0,000005674
27;35,2;0,000001241;0,0000008506;0,0000009423;-0,000000001269;-0,000006284;0,000005656
27;35,3;-0,000001237;-0,000000848;-0,0000009395;0,000000001266;0,000006266;-0,000005639
27;35,4;0,000001233;0,0000008454;0,0000009367;-0,000000001262;-0,000006247;0,000005622
27;35,5;-0,000001229;-0,0000008428;-0,000000934;0,000000001259;0,000006228;-0,000005604
27;35,6;0,000001226;0,0000008402;0,0000009312;-0,000000001255;-0,00000621;0,000005587
27;35,7;-0,000001222;-0,0000008376;-0,0000009284;0,000000001252;0,000006192;-0,00000557
27;35,8;0,000001218;0,0000008351;0,0000009257;-0,000000001248;-0,000006173;0,000005553
27;35,9;-0,000001214;-0,0000008325;-0,0000009229;0,000000001245;0,000006155;-0,000005536
27;36;0,000001211;0,00000083;0,0000009202;-0,000000001242;-0,000006137;0,000005519
27;36,1;-0,000001207;-0,0000008274;-0,0000009175;0,000000001238;0,000006119;-0,000005502
27;36,2;0,000001203;0,0000008249;0,0000009148;-0,000000001235;-0,0000061;0,000005485
27;36,3;-0,0000012;-0,0000008223;-0,000000912;0,000000001232;0,000006082;-0,000005468
27;36,4;0,000001196;0,0000008198;0,0000009093;-0,000000001228;-0,000006064;0,000005452
27;36,5;-0,000001192;-0,0000008173;-0,0000009066;0,000000001225;0,000006046;-0,000005435
27;36,6;0,000001189;0,0000008148;0,0000009039;-0,000000001222;-0,000006028;0,000005418
27;36,7;-0,000001185;-0,0000008123;-0,0000009013;0,000000001219;0,00000601;-0,000005402
27;36,8;0,000001181;0,0000008098;0,0000008986;-0,000000001216;-0,000005993;0,000005385
27;36,9;-0,000001178;-0,0000008073;-0,0000008959;0,000000001213;0,000005975;-0,000005369
27;37;0,000001174;0,0000008049;0,0000008933;-0,00000000121;-0,000005957;0,000005352
27;37,1;-0,00000117;-0,0000008024;-0,0000008906;0,000000001207;0,000005939;-0,000005336
27;37,2;0,000001167;0,0000007999;0,000000888;-0,000000001204;-0,000005922;0,000005319
27;37,3;-0,000001163;-0,0000007975;-0,0000008853;0,0000000012;0,000005904;-0,000005303
27;37,4;0,00000116;0,000000795;0,0000008827;-0,000000001197;-0,000005887;0,000005287
27;37,5;-0,000001156;-0,0000007926;-0,0000008801;0,000000001194;0,000005869;-0,000005271
27;37,6;0,000001153;0,0000007902;0,0000008775;-0,000000001191;-0,000005852;0,000005254
27;37,7;-0,000001149;-0,0000007878;-0,0000008749;0,000000001188;0,000005834;-0,000005238
27;37,8;0,000001146;0,0000007853;0,0000008723;-0,000000001185;-0,000005817;0,000005222
27;37,9;-0,000001142;-0,0000007829;-0,0000008697;0,000000001182;0,0000058;-0,000005206
27;38;0,000001139;0,0000007805;0,0000008671;-0,000000001178;-0,000005783;0,00000519
27;38,1;-0,000001135;-0,0000007781;-0,0000008645;0,000000001175;0,000005765;-0,000005174
27;38,2;0,000001132;0,0000007758;0,000000862;-0,000000001172;-0,000005748;0,000005159
27;38,3;-0,000001128;-0,0000007734;-0,0000008594;0,000000001169;0,000005731;-0,000005143
27;38,4;0,000001125;0,000000771;0,0000008569;-0,000000001166;-0,000005714;0,000005127
27;38,5;-0,000001121;-0,0000007686;-0,0000008543;0,000000001162;0,000005697;-0,000005111
27;38,6;0,000001118;0,0000007663;0,0000008518;-0,000000001159;-0,00000568;0,000005096
27;38,7;-0,000001114;-0,0000007639;-0,0000008492;0,000000001156;0,000005664;-0,00000508
27;38,8;0,000001111;0,0000007616;0,0000008467;-0,000000001153;-0,000005647;0,000005064
27;38,9;-0,000001108;-0,0000007593;-0,0000008442;0,00000000115;0,00000563;-0,000005049
27;39;0,000001104;0,0000007569;0,0000008417;-0,000000001147;-0,000005613;0,000005033
27;39,1;-0,000001101;-0,0000007546;-0,0000008392;0,000000001144;0,000005597;-0,000005018
27;39,2;0,000001097;0,0000007523;0,0000008367;-0,000000001141;-0,00000558;0,000005003
27;39,3;-0,000001094;-0,00000075;-0,0000008342;0,000000001138;0,000005563;-0,000004987
27;39,4;0,000001091;0,0000007477;0,0000008317;-0,000000001135;-0,000005547;0,000004972
27;39,5;-0,000001087;-0,0000007454;-0,0000008293;0,000000001132;0,00000553;-0,000004957
27;39,6;0,000001084;0,0000007431;0,0000008268;-0,000000001129;-0,000005514;0,000004942
27;39,7;-0,000001081;-0,0000007409;-0,0000008244;0,000000001126;0,000005498;-0,000004927
27;39,8;0,000001077;0,0000007386;0,0000008219;-0,000000001123;-0,000005481;0,000004911
27;39,9;-0,000001074;-0,0000007363;-0,0000008195;0,00000000112;0,000005465;-0,000004896
27;40;0,000001071;0,0000007341;0,000000817;-0,000000001117;-0,000005449;0,000004881
28;0;0;0;0;0;0;0
28;0,1;-0,2361;0,1612;0,0031;-0,000003347;-0,02;1,074
28;0,2;-0,3804;0,2674;0,0034;-0,000004814;-0,023;1,783
28;0,3;-0,0837;0,0716;-0,0017;-0,00000008771;0,011;0,478
28;0,4;0,4353;-0,3284;0,0002958;0,000003802;-0,001972;-2,189
28;0,5;-0,6027;0,4498;0,0005039;-0,000005611;-0,00336;2,999
28;0,6;0,5769;-0,4293;-0,0007186;0,000005434;0,004791;-2,862
28;0,7;-0,4021;0,2994;0,0004788;-0,000003727;-0,003193;1,996
28;0,8;0,1537;-0,1155;0,00000292;0,000001261;-0,00001941;-0,77
28;0,9;0,0881;-0,0634;-0,0005021;0,000001145;0,003348;-0,423
28;1;-0,2602;0,1909;0,0008425;-0,000002848;-0,005618;1,272
28;1,1;0,3305;-0,2431;-0,0009318;0,000003519;0,006213;-1,621
28;1,2;-0,2999;0,221;0,0007685;-0,000003167;-0,005124;1,473
28;1,3;0,196;-0,1449;-0,0004238;0,000002073;0,002826;-0,966
28;1,4;-0,0608;0,0455;0,000007569;-0,0000006604;-0,00005049;0,303
28;1,5;-0,0639;0,0461;0,0003692;-0,0000006429;-0,002462;0,308
28;1,6;0,147;-0,1072;-0,0006246;0,000001521;0,004164;-0,715
28;1,7;-0,1746;0,1274;0,0007225;-0,000001833;-0,004817;0,849
28;1,8;0,1501;-0,1092;-0,0006737;0,000001613;0,004492;-0,728
28;1,9;-0,0902;0,0651;0,0005245;-0,000001032;-0,003497;0,434
28;2;0,0179;-0,0118;-0,0003373;0,0000003197;0,002249;-0,079
28;2,1;0,0452;-0,0347;0,0001716;0,0000003017;-0,001144;-0,231
28;2,2;-0,084;0,0633;-0,00006865;-0,0000006795;0,0004577;0,422
28;2,3;0,0928;-0,0697;0,00004424;0,0000007562;-0,000295;-0,465
28;2,4;-0,075;0,0567;-0,00008961;-0,0000005663;0,0005975;0,378
28;2,5;0,0405;-0,0312;0,0001786;0,0000002094;-0,001191;-0,208
28;2,6;-0,0017;0,0026;-0,0002781;0,0000001888;0,001854;0,017
28;2,7;-0,0303;0,021;0,0003583;-0,0000005155;-0,002389;0,14
28;2,8;0,0484;-0,0344;-0,0004;0,0000006978;0,002667;-0,229
28;2,9;-0,0504;0,0359;0,0003977;-0,0000007148;-0,002652;0,239
28;3;0,0389;-0,0274;-0,0003587;0,0000005934;0,002392;-0,183
28;3,1;-0,0196;0,0133;0,0002983;-0,0000003912;-0,001989;0,088
28;3,2;-0,0008507;0,0018;-0,0002345;0,0000001761;0,001564;0,012
28;3,3;0,0168;-0,0135;0,0001829;-0,000000005897;-0,001219;-0,09
28;3,4;-0,0249;0,0194;-0,0001524;-0,00000008493;0,001016;0,13
28;3,5;0,0246;-0,0191;0,000145;0,00000008986;-0,0009665;-0,128
28;3,6;-0,0175;0,0139;-0,0001558;-0,00000002653;0,001039;0,092
28;3,7;0,0069;-0,006;0,0001762;-0,00000007266;-0,001175;-0,04
28;3,8;0,0037;-0,0018;-0,0001969;0,0000001721;0,001313;-0,012
28;3,9;-0,0115;0,0076;0,0002102;-0,000000243;-0,001401;0,051
28;4;0,0149;-0,0101;-0,0002119;0,0000002699;0,001413;-0,067
28;4,1;-0,0138;0,0094;0,0002018;-0,0000002521;-0,001346;0,063
28;4,2;0,0095;-0,0062;-0,0001831;0,0000002011;0,001221;-0,041
28;4,3;-0,0036;0,0019;0,0001605;-0,0000001351;-0,00107;0,013
28;4,4;-0,002;0,0022;-0,0001391;0,00000007278;0,0009273;0,014
28;4,5;0,0058;-0,005;0,0001225;-0,00000002856;-0,0008171;-0,033
28;4,6;-0,0072;0,006;-0,0001128;0,000000009223;0,000752;0,04
28;4,7;0,0064;-0,0053;0,0001095;-0,00000001379;-0,0007301;-0,035
28;4,8;-0,0039;0,0034;-0,0001108;0,0000000352;0,000739;0,023
28;4,9;0,0007168;-0,0011;0,0001141;-0,00000006341;-0,0007608;-0,007302
28;5;0,0021;-0,0009988;-0,0001167;0,00000008858;0,0007782;-0,006659
28;5,1;-0,0039;0,0023;0,0001168;-0,0000001037;-0,0007787;0,016
28;5,2;0,0044;-0,0027;-0,0001136;0,0000001058;0,0007571;-0,018
28;5,3;-0,0037;0,0022;0,0001073;-0,00000009612;-0,0007155;0,015
28;5,4;0,0022;-0,0012;-0,00009918;0,00000007874;0,0006613;-0,007886
28;5,5;-0,0005278;-0,00005016;0,00009057;-0,0000000591;-0,0006039;-0,0003341
28;5,6;-0,0009133;0,0011;-0,00008284;0,00000004222;0,0005523;0,007287
28;5,7;0,0018;-0,0017;0,00007685;-0,00000003144;-0,0005124;-0,011
28;5,8;-0,0019;0,0018;-0,00007291;0,00000002786;0,0004862;0,012
28;5,9;0,0015;-0,0014;0,00007074;-0,00000003048;-0,0004717;-0,009653
28;6;-0,0006488;0,0008319;-0,00006969;0,00000003687;0,0004647;0,005546
28;6,1;-0,0002409;-0,0001617;0,00006898;-0,00000004407;-0,0004599;-0,001078
28;6,2;0,0009522;-0,0003765;-0,00006791;0,00000004952;0,0004528;-0,00251
28;6,3;-0,0013;0,0006674;0,00006606;-0,00000005161;-0,0004405;0,00445
28;6,4;0,0013;-0,0006837;-0,00006333;0,00000004997;0,0004222;-0,004558
28;6,5;-0,001;0,0004764;0,00005988;-0,0000000453;-0,0003993;0,003176
28;6,6;0,0005688;-0,0001457;-0,0000561;0,00000003898;0,0003741;-0,0009717
28;6,7;-0,00009096;-0,0001946;0,00005239;-0,00000003258;-0,0003493;-0,001297
28;6,8;-0,0002718;0,0004507;-0,00004909;0,0000000274;0,0003273;0,003004
28;6,9;0,0004471;-0,0005691;0,00004639;-0,00000002417;-0,0003093;-0,003794
28;7;-0,0004265;0,0005437;-0,00004431;0,00000002299;0,0002954;0,003625
28;7,1;0,0002552;-0,0004079;0,00004273;-0,00000002338;-0,0002849;-0,002719
28;7,2;-0,000009896;0,0002178;-0,00004143;0,00000002457;0,0002762;0,001452
28;7,3;-0,0002282;-0,00003346;0,00004019;-0,00000002574;-0,000268;-0,0002229
28;7,4;0,0003955;-0,00009833;-0,00003885;0,00000002624;0,000259;-0,0006556
28;7,5;-0,0004595;0,0001537;0,0000373;-0,00000002573;-0,0002487;0,001025
28;7,6;0,0004217;-0,0001338;-0,00003555;0,00000002425;0,000237;-0,0008922
28;7,7;-0,0003104;0,00005941;0,00003366;-0,00000002206;-0,0002245;0,0003962
28;7,8;0,0001681;0,0000382;-0,00003177;0,0000000196;0,0002118;0,0002546
28;7,9;-0,00003714;-0,0001277;0,00002997;-0,0000000173;-0,0001998;-0,0008512
28;8;-0,00005103;0,000186;-0,00002834;0,00000001549;0,000189;0,00124
28;8,1;0,00008251;-0,0002028;0,00002693;-0,00000001429;-0,0001795;-0,001352
28;8,2;-0,00006109;0,0001809;-0,00002571;0,00000001366;0,0001715;0,001206
28;8,3;0,000003831;-0,0001329;0,00002465;-0,00000001344;-0,0001644;-0,0008862
28;8,4;0,00006604;0,00007589;-0,00002367;0,00000001339;0,0001579;0,0005059
28;8,5;-0,0001265;-0,00002602;0,00002272;-0,00000001327;-0,0001515;-0,0001734
28;8,6;0,0001623;-0,000005484;-0,00002175;0,00000001294;0,000145;-0,00003662
28;8,7;-0,0001678;0,00001447;0,00002074;-0,00000001233;-0,0001383;0,0000965
28;8,8;0,0001466;-0,000003542;-0,00001971;0,00000001148;0,0001314;-0,00002367
28;8,9;-0,0001086;-0,00001991;0,00001867;-0,00000001049;-0,0001245;-0,0001327
28;9;0,00006652;0,00004662;-0,00001766;0,00000000948;0,0001177;0,0003108
28;9,1;-0,00003148;-0,00006829;0,0000167;-0,000000008569;-0,0001114;-0,0004553
28;9,2;0,00001078;0,00007959;-0,00001582;0,000000007829;0,0001055;0,0005305
28;9,3;-0,000006456;-0,00007898;0,00001503;-0,000000007278;-0,0001002;-0,0005265
28;9,4;0,00001584;0,00006844;-0,0000143;0,000000006888;0,00009532;0,0004562
28;9,5;-0,00003316;-0,00005221;0,00001362;-0,000000006601;-0,00009082;-0,000348
28;9,6;0,00005167;0,00003524;-0,00001298;0,000000006344;0,00008655;0,0002349
28;9,7;-0,00006565;-0,00002176;0,00001236;-0,000000006061;-0,00008239;-0,000145
28;9,8;0,00007171;0,00001424;-0,00001174;0,000000005715;0,00007827;0,00009492
28;9,9;-0,00006924;-0,00001313;0,00001113;-0,0000000053;-0,00007419;-0,00008752
28;10;0,00006006;0,00001709;-0,00001052;0,000000004834;0,00007015;0,0001139
28;10,1;-0,00004741;-0,00002372;0,000009931;-0,000000004348;-0,00006622;-0,0001581
28;10,2;0,00003488;0,00003038;-0,000009365;0,000000003878;0,00006244;0,0002025
28;10,3;-0,00002532;-0,00003496;0,00000883;-0,000000003453;-0,00005887;-0,0002331
28;10,4;0,00002027;0,00003632;-0,000008329;0,000000003089;0,00005553;0,0002421
28;10,5;-0,00001979;-0,00003441;0,000007861;-0,000000002784;-0,00005241;-0,0002294
28;10,6;0,00002272;0,00003009;-0,000007422;0,000000002526;0,00004949;0,0002006
28;10,7;-0,00002725;-0,00002468;0,000007007;-0,000000002298;-0,00004672;-0,0001645
28;10,8;0,00003149;0,00001958;-0,000006609;0,000000002079;0,00004406;0,0001305
28;10,9;-0,00003402;-0,00001581;0,000006224;-0,000000001853;-0,0000415;-0,0001054
28;11;0,00003417;0,00001388;-0,00000585;0,000000001615;0,000039;0,0000925
28;11,1;-0,00003204;-0,0000137;0,000005485;-0,000000001364;-0,00003657;-0,00009136
28;11,2;0,00002832;0,00001477;-0,000005132;0,000000001106;0,00003422;0,00009847
28;11,3;-0,00002402;-0,00001634;0,000004792;-0,0000000008529;-0,00003195;-0,0001089
28;11,4;0,00002012;0,00001768;-0,000004467;0,000000000613;0,00002978;0,0001179
28;11,5;-0,0000173;-0,00001829;0,000004159;-0,0000000003931;-0,00002773;-0,0001219
28;11,6;0,00001584;0,00001796;-0,000003868;0,0000000001954;0,00002578;0,0001197
28;11,7;-0,00001563;-0,00001677;0,000003592;-0,00000000001845;-0,00002395;-0,0001118
28;11,8;0,00001624;0,00001503;-0,00000333;-0,000000000142;0,0000222;0,0001002
28;11,9;-0,00001711;-0,00001315;0,000003081;0,0000000002916;-0,00002054;-0,00008769
28;12;0,00001776;0,00001149;-0,000002841;-0,000000000436;0,00001894;0,00007663
28;12,1;-0,00001784;-0,0000103;0,000002611;0,0000000005789;-0,00001741;-0,00006868
28;12,2;0,00001725;0,000009656;-0,000002389;-0,0000000007227;0,00001593;0,00006438
28;12,3;-0,00001608;-0,000009482;0,000002175;0,0000000008664;-0,0000145;-0,00006322
28;12,4;0,00001457;0,0000096;-0,00000197;-0,000000001008;0,00001313;0,000064
28;12,5;-0,00001301;-0,000009791;0,000001773;0,000000001144;-0,00001182;-0,00006528
28;12,6;0,00001167;0,000009868;-0,000001585;-0,000000001271;0,00001057;0,00006579
28;12,7;-0,0000107;-0,000009712;0,000001406;0,000000001389;-0,000009374;-0,00006475
28;12,8;0,00001013;0,000009298;-0,000001236;-0,000000001499;0,000008241;0,00006199
28;12,9;-0,000009886;-0,000008675;0,000001075;0,0000000016;-0,000007163;-0,00005784
28;13;0,000009835;0,000007947;-0,0000009208;-0,000000001695;0,000006136;0,00005299
28;13,1;-0,000009817;-0,000007226;0,0000007737;0,000000001785;-0,000005155;-0,00004818
28;13,2;0,000009702;0,000006609;-0,0000006328;-0,000000001871;0,000004216;0,00004407
28;13,3;-0,000009417;-0,000006146;0,0000004978;0,000000001955;-0,000003316;-0,00004098
28;13,4;0,000008952;0,000005844;-0,0000003682;-0,000000002038;0,000002452;0,00003897
28;13,5;-0,000008354;-0,000005668;0,000000244;0,000000002118;-0,000001624;-0,0000378
28;13,6;0,000007699;0,00000556;-0,0000001252;-0,000000002195;0,0000008311;0,00003708
28;13,7;-0,00000707;-0,000005458;0,00000001163;0,000000002268;-0,00000007403;-0,0000364
28;13,8;0,00000653;0,000005315;0,00000009664;-0,000000002337;-0,0000006478;0,00003545
28;13,9;-0,00000611;-0,000005106;-0,0000001998;0,000000002401;0,000001335;-0,00003405
28;14;0,000005808;0,000004832;0,0000002979;-0,00000000246;-0,00000199;0,00003223
28;14,1;-0,000005596;-0,000004514;-0,0000003915;0,000000002517;0,000002614;-0,00003011
28;14,2;0,000005428;0,000004184;0,0000004806;-0,00000000257;-0,000003208;0,0000279
28;14,3;-0,000005261;-0,000003871;-0,0000005658;0,000000002621;0,000003776;-0,00002582
28;14,4;0,000005063;0,0000036;0,0000006471;-0,000000002669;-0,000004318;0,00002401
28;14,5;-0,000004821;-0,00000338;-0,0000007248;0,000000002716;0,000004836;-0,00002255
28;14,6;0,000004536;0,000003208;0,0000007991;-0,000000002761;-0,000005331;0,0000214
28;14,7;-0,000004227;-0,000003071;-0,00000087;0,000000002803;0,000005804;-0,00002048
28;14,8;0,000003915;0,00000295;0,0000009377;-0,000000002843;-0,000006256;0,00001968
28;14,9;-0,000003624;-0,00000283;-0,000001002;0,000000002881;0,000006686;-0,00001888
28;15;0,000003368;0,000002698;0,000001064;-0,000000002918;-0,000007095;0,000018
28;15,1;-0,000003152;-0,000002551;-0,000001122;0,000000002951;0,000007484;-0,00001702
28;15,2;0,000002973;0,000002389;0,000001178;-0,000000002982;-0,000007855;0,00001594
28;15,3;-0,000002818;-0,000002222;-0,00000123;0,000000003012;0,000008208;-0,00001483
28;15,4;0,000002677;0,000002058;0,000001281;-0,000000003039;-0,000008543;0,00001373
28;15,5;-0,000002536;-0,000001905;-0,000001329;0,000000003065;0,000008863;-0,00001271
28;15,6;0,000002388;0,000001768;0,000001374;-0,000000003089;-0,000009167;0,0000118
28;15,7;-0,00000223;-0,000001648;-0,000001418;0,000000003112;0,000009457;-0,000011
28;15,8;0,000002066;0,000001544;0,000001459;-0,000000003134;-0,000009732;0,00001031
28;15,9;-0,0000019;-0,00000145;-0,000001498;0,000000003155;0,000009995;-0,000009684
28;16;0,00000174;0,000001362;0,000001536;-0,000000003174;-0,00001024;0,000009097
28;16,1;-0,000001591;-0,000001275;-0,000001571;0,000000003191;0,00001048;-0,000008516
28;16,2;0,000001455;0,000001186;0,000001605;-0,000000003208;-0,0000107;0,000007923
28;16,3;-0,000001334;-0,000001095;-0,000001637;0,000000003223;0,00001092;-0,000007316
28;16,4;0,000001225;0,000001003;0,000001667;-0,000000003237;-0,00001112;0,000006701
28;16,5;-0,000001125;-0,0000009117;-0,000001696;0,000000003251;0,00001131;-0,000006093
28;16,6;0,000001029;0,0000008242;0,000001723;-0,000000003262;-0,00001149;0,00000551
28;16,7;-0,000000935;-0,0000007424;-0,000001749;0,000000003274;0,00001166;-0,000004965
28;16,8;0,000000841;0,0000006673;0,000001773;-0,000000003284;-0,00001183;0,000004464
28;16,9;-0,0000007467;-0,0000005987;-0,000001796;0,000000003293;0,00001198;-0,000004007
28;17;0,0000006532;0,0000005356;0,000001818;-0,000000003302;-0,00001213;0,000003587
28;17,1;-0,000000562;-0,0000004766;-0,000001839;0,00000000331;0,00001226;-0,000003194
28;17,2;0,0000004749;0,0000004202;0,000001858;-0,000000003318;-0,00001239;0,000002817
28;17,3;-0,0000003933;-0,000000365;-0,000001876;0,000000003323;0,00001251;-0,00000245
28;17,4;0,0000003176;0,0000003106;0,000001894;-0,000000003328;-0,00001263;0,000002087
28;17,5;-0,0000002475;-0,000000257;-0,00000191;0,000000003333;0,00001274;-0,000001729
28;17,6;0,0000001822;0,0000002044;0,000001925;-0,000000003337;-0,00001284;0,000001379
28;17,7;-0,0000001206;-0,0000001537;-0,000001939;0,000000003342;0,00001294;-0,00000104
28;17,8;0,00000006159;0,0000001053;0,000001953;-0,000000003345;-0,00001302;0,0000007183
28;17,9;-0,000000004247;-0,00000005984;-0,000001965;0,000000003347;0,00001311;-0,0000004151
28;18;-0,00000005177;0,00000001733;0,000001977;-0,00000000335;-0,00001319;0,0000001316
28;18,1;0,0000001065;0,0000000224;-0,000001988;0,000000003352;0,00001326;0,0000001332
28;18,2;-0,0000001595;-0,00000005974;0,000001999;-0,000000003352;-0,00001333;-0,0000003821
28;18,3;0,0000002104;0,00000009517;-0,000002008;0,000000003353;0,00001339;0,0000006183
28;18,4;-0,0000002588;-0,0000001291;0,000002017;-0,000000003353;-0,00001345;-0,0000008448
28;18,5;0,0000003045;0,000000162;-0,000002025;0,000000003352;0,00001351;0,000001064
28;18,6;-0,0000003474;-0,0000001938;0,000002033;-0,000000003351;-0,00001356;-0,000001276
28;18,7;0,0000003877;0,0000002246;-0,00000204;0,00000000335;0,0000136;0,000001481
28;18,8;-0,0000004257;-0,0000002543;0,000002046;-0,000000003348;-0,00001365;-0,000001679
28;18,9;0,0000004619;0,0000002827;-0,000002052;0,000000003346;0,00001368;0,000001869
28;19;-0,0000004965;-0,0000003097;0,000002057;-0,000000003343;-0,00001372;-0,000002049
28;19,1;0,0000005299;0,0000003352;-0,000002062;0,000000003339;0,00001375;0,000002219
28;19,2;-0,000000562;-0,0000003593;0,000002066;-0,000000003337;-0,00001378;-0,000002379
28;19,3;0,0000005929;0,000000382;-0,00000207;0,000000003335;0,00001381;0,00000253
28;19,4;-0,0000006225;-0,0000004034;0,000002074;-0,000000003332;-0,00001383;-0,000002674
28;19,5;0,0000006508;0,0000004239;-0,000002077;0,000000003328;0,00001385;0,00000281
28;19,6;-0,0000006776;-0,0000004434;0,000002079;-0,000000003324;-0,00001387;-0,00000294
28;19,7;0,0000007029;0,0000004622;-0,000002082;0,000000003319;0,00001388;0,000003065
28;19,8;-0,0000007269;-0,0000004802;0,000002084;-0,000000003314;-0,0000139;-0,000003185
28;19,9;0,0000007494;0,0000004974;-0,000002085;0,00000000331;0,00001391;0,0000033
28;20;-0,0000007708;-0,0000005138;0,000002086;-0,000000003305;-0,00001391;-0,00000341
28;20,1;0,0000007912;0,0000005295;-0,000002087;0,0000000033;0,00001392;0,000003514
28;20,2;-0,0000008106;-0,0000005443;0,000002088;-0,000000003295;-0,00001392;-0,000003613
28;20,3;0,0000008291;0,0000005583;-0,000002088;0,00000000329;0,00001393;0,000003706
28;20,4;-0,0000008467;-0,0000005716;0,000002088;-0,000000003285;-0,00001393;-0,000003795
28;20,5;0,0000008636;0,0000005841;-0,000002088;0,000000003278;0,00001392;0,000003878
28;20,6;-0,0000008796;-0,000000596;0,000002087;-0,000000003272;-0,00001392;-0,000003957
28;20,7;0,0000008948;0,0000006072;-0,000002087;0,000000003266;0,00001392;0,000004032
28;20,8;-0,0000009091;-0,0000006179;0,000002086;-0,00000000326;-0,00001391;-0,000004104
28;20,9;0,0000009227;0,0000006281;-0,000002084;0,000000003253;0,0000139;0,000004172
28;21;-0,0000009354;-0,0000006378;0,000002083;-0,000000003246;-0,00001389;-0,000004236
28;21,1;0,0000009474;0,000000647;-0,000002081;0,000000003239;0,00001388;0,000004298
28;21,2;-0,0000009588;-0,0000006557;0,00000208;-0,000000003232;-0,00001387;-0,000004356
28;21,3;0,0000009695;0,0000006639;-0,000002078;0,000000003225;0,00001386;0,000004411
28;21,4;-0,0000009797;-0,0000006717;0,000002075;-0,000000003219;-0,00001384;-0,000004462
28;21,5;0,0000009892;0,000000679;-0,000002073;0,000000003212;0,00001383;0,000004511
28;21,6;-0,0000009983;-0,0000006859;0,000002071;-0,000000003205;-0,00001381;-0,000004557
28;21,7;0,000001007;0,0000006923;-0,000002068;0,000000003197;0,00001379;0,0000046
28;21,8;-0,000001015;-0,0000006984;0,000002065;-0,000000003188;-0,00001377;-0,000004641
28;21,9;0,000001022;0,0000007041;-0,000002062;0,000000003181;0,00001375;0,000004679
28;22;-0,00000103;-0,0000007095;0,000002059;-0,000000003173;-0,00001373;-0,000004715
28;22,1;0,000001036;0,0000007146;-0,000002056;0,000000003166;0,00001371;0,000004749
28;22,2;-0,000001042;-0,0000007193;0,000002053;-0,000000003158;-0,00001369;-0,00000478
28;22,3;0,000001048;0,0000007238;-0,000002049;0,000000003149;0,00001367;0,00000481
28;22,4;-0,000001053;-0,000000728;0,000002046;-0,000000003141;-0,00001364;-0,000004838
28;22,5;0,000001058;0,0000007318;-0,000002042;0,000000003134;0,00001362;0,000004864
28;22,6;-0,000001063;-0,0000007355;0,000002039;-0,000000003126;-0,0000136;-0,000004888
28;22,7;0,000001067;0,0000007388;-0,000002035;0,000000003118;0,00001357;0,00000491
28;22,8;-0,000001071;-0,0000007419;0,000002031;-0,00000000311;-0,00001354;-0,000004931
28;22,9;0,000001075;0,0000007448;-0,000002027;0,000000003102;0,00001352;0,00000495
28;23;-0,000001078;-0,0000007474;0,000002023;-0,000000003094;-0,00001349;-0,000004968
28;23,1;0,000001081;0,0000007498;-0,000002019;0,000000003085;0,00001346;0,000004984
28;23,2;-0,000001084;-0,0000007521;0,000002015;-0,000000003076;-0,00001344;-0,000004999
28;23,3;0,000001087;0,0000007541;-0,00000201;0,000000003069;0,00001341;0,000005013
28;23,4;-0,000001089;-0,000000756;0,000002006;-0,000000003061;-0,00001338;-0,000005025
28;23,5;0,000001091;0,0000007576;-0,000002002;0,000000003052;0,00001335;0,000005036
28;23,6;-0,000001093;-0,0000007592;0,000001997;-0,000000003044;-0,00001332;-0,000005046
28;23,7;0,000001094;0,0000007605;-0,000001993;0,000000003036;0,00001329;0,000005055
28;23,8;-0,000001096;-0,0000007617;0,000001988;-0,000000003028;-0,00001326;-0,000005063
28;23,9;0,000001097;0,0000007627;-0,000001984;0,00000000302;0,00001323;0,00000507
28;24;-0,000001098;-0,0000007636;0,000001979;-0,000000003011;-0,0000132;-0,000005076
28;24,1;0,000001099;0,0000007643;-0,000001974;0,000000003002;0,00001317;0,000005081
28;24,2;-0,000001099;-0,000000765;0,00000197;-0,000000002994;-0,00001314;-0,000005085
28;24,3;0,0000011;0,0000007655;-0,000001965;0,000000002986;0,0000131;0,000005089
28;24,4;-0,0000011;-0,0000007658;0,00000196;-0,000000002978;-0,00001307;-0,000005091
28;24,5;0,0000011;0,0000007661;-0,000001955;0,000000002969;0,00001304;0,000005093
28;24,6;-0,0000011;-0,0000007663;0,00000195;-0,000000002961;-0,00001301;-0,000005094
28;24,7;0,0000011;0,0000007663;-0,000001945;0,000000002952;0,00001297;0,000005095
28;24,8;-0,0000011;-0,0000007663;0,000001941;-0,000000002944;-0,00001294;-0,000005094
28;24,9;0,000001099;0,0000007661;-0,000001936;0,000000002935;0,00001291;0,000005093
28;25;-0,000001099;-0,0000007659;0,000001931;-0,000000002927;-0,00001288;-0,000005092
28;25,1;0,000001098;0,0000007656;-0,000001926;0,000000002919;0,00001284;0,00000509
28;25,2;-0,000001098;-0,0000007652;0,000001921;-0,00000000291;-0,00001281;-0,000005087
28;25,3;0,000001097;0,0000007647;-0,000001916;0,000000002901;0,00001278;0,000005084
28;25,4;-0,000001096;-0,0000007641;0,000001911;-0,000000002893;-0,00001274;-0,00000508
28;25,5;0,000001095;0,0000007635;-0,000001906;0,000000002885;0,00001271;0,000005076
28;25,6;-0,000001094;-0,0000007628;0,0000019;-0,000000002877;-0,00001267;-0,000005072
28;25,7;0,000001092;0,0000007621;-0,000001895;0,000000002868;0,00001264;0,000005067
28;25,8;-0,000001091;-0,0000007612;0,00000189;-0,000000002859;-0,00001261;-0,000005061
28;25,9;0,00000109;0,0000007604;-0,000001885;0,000000002851;0,00001257;0,000005055
28;26;-0,000001088;-0,0000007594;0,00000188;-0,000000002842;-0,00001254;-0,000005049
28;26,1;0,000001087;0,0000007584;-0,000001875;0,000000002833;0,0000125;0,000005043
28;26,2;-0,000001085;-0,0000007574;0,00000187;-0,000000002824;-0,00001247;-0,000005036
28;26,3;0,000001083;0,0000007563;-0,000001865;0,000000002816;0,00001244;0,000005028
28;26,4;-0,000001082;-0,0000007552;0,000001859;-0,000000002809;-0,0000124;-0,000005021
28;26,5;0,00000108;0,000000754;-0,000001854;0,000000002801;0,00001237;0,000005013
28;26,6;-0,000001078;-0,0000007528;0,000001849;-0,000000002792;-0,00001233;-0,000005005
28;26,7;0,000001076;0,0000007515;-0,000001844;0,000000002784;0,0000123;0,000004997
28;26,8;-0,000001074;-0,0000007502;0,000001839;-0,000000002776;-0,00001226;-0,000004988
28;26,9;0,000001072;0,0000007489;-0,000001834;0,000000002768;0,00001223;0,000004979
28;27;-0,00000107;-0,0000007475;0,000001829;-0,000000002761;-0,00001219;-0,00000497
28;27,1;0,000001068;0,0000007461;-0,000001823;0,000000002753;0,00001216;0,000004961
28;27,2;-0,000001066;-0,0000007446;0,000001818;-0,000000002745;-0,00001213;-0,000004951
28;27,3;0,000001064;0,0000007432;-0,000001813;0,000000002736;0,00001209;0,000004941
28;27,4;-0,000001062;-0,0000007417;0,000001808;-0,000000002728;-0,00001206;-0,000004931
28;27,5;0,000001059;0,0000007402;-0,000001803;0,000000002719;0,00001202;0,000004921
28;27,6;-0,000001057;-0,0000007386;0,000001798;-0,000000002711;-0,00001199;-0,000004911
28;27,7;0,000001055;0,0000007371;-0,000001792;0,000000002704;0,00001195;0,000004901
28;27,8;-0,000001052;-0,0000007355;0,000001787;-0,000000002695;-0,00001192;-0,00000489
28;27,9;0,00000105;0,0000007338;-0,000001782;0,000000002687;0,00001189;0,000004879
28;28;-0,000001048;-0,0000007322;0,000001777;-0,000000002679;-0,00001185;-0,000004869
28;28,1;0,000001045;0,0000007306;-0,000001772;0,000000002671;0,00001182;0,000004858
28;28,2;-0,000001043;-0,0000007289;0,000001767;-0,000000002663;-0,00001178;-0,000004846
28;28,3;0,00000104;0,0000007272;-0,000001762;0,000000002655;0,00001175;0,000004835
28;28,4;-0,000001038;-0,0000007255;0,000001757;-0,000000002646;-0,00001171;-0,000004824
28;28,5;0,000001035;0,0000007238;-0,000001751;0,000000002639;0,00001168;0,000004812
28;28,6;-0,000001033;-0,0000007221;0,000001746;-0,000000002631;-0,00001165;-0,000004801
28;28,7;0,00000103;0,0000007203;-0,000001741;0,000000002623;0,00001161;0,000004789
28;28,8;-0,000001028;-0,0000007185;0,000001736;-0,000000002615;-0,00001158;-0,000004778
28;28,9;0,000001025;0,0000007168;-0,000001731;0,000000002607;0,00001154;0,000004766
28;29;-0,000001023;-0,000000715;0,000001726;-0,000000002599;-0,00001151;-0,000004754
28;29,1;0,00000102;0,0000007132;-0,000001721;0,000000002591;0,00001148;0,000004742
28;29,2;-0,000001018;-0,0000007114;0,000001716;-0,000000002583;-0,00001144;-0,00000473
28;29,3;0,000001015;0,0000007096;-0,000001711;0,000000002574;0,00001141;0,000004718
28;29,4;-0,000001012;-0,0000007078;0,000001706;-0,000000002567;-0,00001138;-0,000004706
28;29,5;0,00000101;0,0000007059;-0,000001701;0,000000002559;0,00001134;0,000004694
28;29,6;-0,000001007;-0,0000007041;0,000001696;-0,000000002551;-0,00001131;-0,000004682
28;29,7;0,000001004;0,0000007023;-0,000001691;0,000000002543;0,00001128;0,00000467
28;29,8;-0,000001002;-0,0000007004;0,000001686;-0,000000002535;-0,00001124;-0,000004657
28;29,9;0,000000999;0,0000006986;-0,000001681;0,000000002527;0,00001121;0,000004645
28;30;-0,0000009963;-0,0000006967;0,000001676;-0,00000000252;-0,00001118;-0,000004633
28;30,1;0,0000009937;0,0000006949;-0,000001671;0,000000002512;0,00001114;0,00000462
28;30,2;-0,000000991;-0,000000693;0,000001666;-0,000000002505;-0,00001111;-0,000004608
28;30,3;0,0000009883;0,0000006911;-0,000001661;0,000000002497;0,00001108;0,000004595
28;30,4;-0,0000009856;-0,0000006893;0,000001656;-0,00000000249;-0,00001104;-0,000004583
28;30,5;0,0000009829;0,0000006874;-0,000001651;0,000000002482;0,00001101;0,000004571
28;30,6;-0,0000009802;-0,0000006855;0,000001646;-0,000000002475;-0,00001098;-0,000004558
28;30,7;0,0000009775;0,0000006836;-0,000001641;0,000000002468;0,00001095;0,000004546
28;30,8;-0,0000009748;-0,0000006817;0,000001637;-0,00000000246;-0,00001091;-0,000004533
28;30,9;0,0000009721;0,0000006799;-0,000001632;0,000000002452;0,00001088;0,000004521
28;31;-0,0000009694;-0,000000678;0,000001627;-0,000000002444;-0,00001085;-0,000004508
28;31,1;0,0000009667;0,0000006761;-0,000001622;0,000000002437;0,00001082;0,000004496
28;31,2;-0,0000009639;-0,0000006742;0,000001617;-0,000000002429;-0,00001078;-0,000004483
28;31,3;0,0000009612;0,0000006723;-0,000001612;0,000000002422;0,00001075;0,00000447
28;31,4;-0,0000009585;-0,0000006704;0,000001607;-0,000000002415;-0,00001072;-0,000004458
28;31,5;0,0000009558;0,0000006685;-0,000001603;0,000000002407;0,00001069;0,000004445
28;31,6;-0,0000009531;-0,0000006667;0,000001598;-0,000000002399;-0,00001066;-0,000004433
28;31,7;0,0000009504;0,0000006648;-0,000001593;0,000000002392;0,00001062;0,00000442
28;31,8;-0,0000009477;-0,0000006629;0,000001588;-0,000000002385;-0,00001059;-0,000004408
28;31,9;0,000000945;0,000000661;-0,000001584;0,000000002378;0,00001056;0,000004395
28;32;-0,0000009423;-0,0000006591;0,000001579;-0,00000000237;-0,00001053;-0,000004383
28;32,1;0,0000009396;0,0000006572;-0,000001574;0,000000002363;0,0000105;0,00000437
28;32,2;-0,0000009369;-0,0000006554;0,000001569;-0,000000002355;-0,00001047;-0,000004358
28;32,3;0,0000009342;0,0000006535;-0,000001565;0,000000002348;0,00001044;0,000004345
28;32,4;-0,0000009315;-0,0000006516;0,00000156;-0,000000002341;-0,0000104;-0,000004333
28;32,5;0,0000009288;0,0000006497;-0,000001555;0,000000002333;0,00001037;0,00000432
28;32,6;-0,0000009261;-0,0000006479;0,000001551;-0,000000002326;-0,00001034;-0,000004308
28;32,7;0,0000009235;0,000000646;-0,000001546;0,000000002319;0,00001031;0,000004295
28;32,8;-0,0000009208;-0,0000006441;0,000001541;-0,000000002312;-0,00001028;-0,000004283
28;32,9;0,0000009181;0,0000006423;-0,000001537;0,000000002305;0,00001025;0,000004271
28;33;-0,0000009154;-0,0000006404;0,000001532;-0,000000002298;-0,00001022;-0,000004258
28;33,1;0,0000009128;0,0000006385;-0,000001528;0,000000002291;0,00001019;0,000004246
28;33,2;-0,0000009101;-0,0000006367;0,000001523;-0,000000002284;-0,00001016;-0,000004233
28;33,3;0,0000009075;0,0000006348;-0,000001518;0,000000002277;0,00001013;0,000004221
28;33,4;-0,0000009048;-0,000000633;0,000001514;-0,00000000227;-0,0000101;-0,000004209
28;33,5;0,0000009022;0,0000006311;-0,000001509;0,000000002263;0,00001007;0,000004197
28;33,6;-0,0000008995;-0,0000006293;0,000001505;-0,000000002256;-0,00001004;-0,000004184
28;33,7;0,0000008969;0,0000006274;-0,0000015;0,000000002249;0,00001;0,000004172
28;33,8;-0,0000008943;-0,0000006256;0,000001496;-0,000000002242;-0,000009975;-0,00000416
28;33,9;0,0000008916;0,0000006238;-0,000001491;0,000000002236;0,000009945;0,000004148
28;34;-0,000000889;-0,0000006219;0,000001487;-0,000000002229;-0,000009915;-0,000004135
28;34,1;0,0000008864;0,0000006201;-0,000001482;0,000000002222;0,000009885;0,000004123
28;34,2;-0,0000008838;-0,0000006183;0,000001478;-0,000000002215;-0,000009855;-0,000004111
28;34,3;0,0000008812;0,0000006165;-0,000001473;0,000000002208;0,000009826;0,000004099
28;34,4;-0,0000008786;-0,0000006147;0,000001469;-0,000000002201;-0,000009796;-0,000004087
28;34,5;0,000000876;0,0000006128;-0,000001464;0,000000002194;0,000009766;0,000004075
28;34,6;-0,0000008734;-0,000000611;0,00000146;-0,000000002187;-0,000009737;-0,000004063
28;34,7;0,0000008708;0,0000006092;-0,000001456;0,00000000218;0,000009708;0,000004051
28;34,8;-0,0000008682;-0,0000006074;0,000001451;-0,000000002174;-0,000009678;-0,000004039
28;34,9;0,0000008657;0,0000006056;-0,000001447;0,000000002167;0,000009649;0,000004027
28;35;-0,0000008631;-0,0000006038;0,000001443;-0,00000000216;-0,00000962;-0,000004015
28;35,1;0,0000008606;0,0000006021;-0,000001438;0,000000002154;0,000009591;0,000004003
28;35,2;-0,000000858;-0,0000006003;0,000001434;-0,000000002147;-0,000009562;-0,000003991
28;35,3;0,0000008555;0,0000005985;-0,00000143;0,000000002141;0,000009533;0,00000398
28;35,4;-0,0000008529;-0,0000005967;0,000001425;-0,000000002134;-0,000009505;-0,000003968
28;35,5;0,0000008504;0,0000005949;-0,000001421;0,000000002127;0,000009476;0,000003956
28;35,6;-0,0000008479;-0,0000005932;0,000001417;-0,00000000212;-0,000009447;-0,000003944
28;35,7;0,0000008453;0,0000005914;-0,000001412;0,000000002113;0,000009419;0,000003933
28;35,8;-0,0000008428;-0,0000005897;0,000001408;-0,000000002107;-0,00000939;-0,000003921
28;35,9;0,0000008403;0,0000005879;-0,000001404;0,0000000021;0,000009362;0,000003909
28;36;-0,0000008378;-0,0000005862;0,0000014;-0,000000002094;-0,000009334;-0,000003898
28;36,1;0,0000008353;0,0000005844;-0,000001395;0,000000002087;0,000009306;0,000003886
28;36,2;-0,0000008328;-0,0000005827;0,000001391;-0,000000002081;-0,000009278;-0,000003874
28;36,3;0,0000008304;0,0000005809;-0,000001387;0,000000002074;0,00000925;0,000003863
28;36,4;-0,0000008279;-0,0000005792;0,000001383;-0,000000002067;-0,000009222;-0,000003851
28;36,5;0,0000008254;0,0000005775;-0,000001379;0,000000002061;0,000009194;0,00000384
28;36,6;-0,0000008229;-0,0000005758;0,000001374;-0,000000002055;-0,000009166;-0,000003829
28;36,7;0,0000008205;0,000000574;-0,00000137;0,000000002049;0,000009138;0,000003817
28;36,8;-0,000000818;-0,0000005723;0,000001366;-0,000000002043;-0,000009111;-0,000003806
28;36,9;0,0000008156;0,0000005706;-0,000001362;0,000000002037;0,000009083;0,000003794
28;37;-0,0000008132;-0,0000005689;0,000001358;-0,000000002031;-0,000009056;-0,000003783
28;37,1;0,0000008107;0,0000005672;-0,000001354;0,000000002025;0,000009028;0,000003772
28;37,2;-0,0000008083;-0,0000005655;0,00000135;-0,000000002018;-0,000009001;-0,00000376
28;37,3;0,0000008059;0,0000005638;-0,000001346;0,000000002012;0,000008974;0,000003749
28;37,4;-0,0000008035;-0,0000005622;0,000001342;-0,000000002006;-0,000008947;-0,000003738
28;37,5;0,0000008011;0,0000005605;-0,000001337;0,000000002;0,00000892;0,000003727
28;37,6;-0,0000007987;-0,0000005588;0,000001333;-0,000000001994;-0,000008893;-0,000003716
28;37,7;0,0000007963;0,0000005571;-0,000001329;0,000000001988;0,000008866;0,000003705
28;37,8;-0,0000007939;-0,0000005555;0,000001325;-0,000000001982;-0,000008839;-0,000003694
28;37,9;0,0000007915;0,0000005538;-0,000001321;0,000000001975;0,000008812;0,000003682
28;38;-0,0000007892;-0,0000005521;0,000001317;-0,000000001969;-0,000008786;-0,000003671
28;38,1;0,0000007868;0,0000005505;-0,000001313;0,000000001963;0,000008759;0,00000366
28;38,2;-0,0000007844;-0,0000005488;0,000001309;-0,000000001957;-0,000008733;-0,00000365
28;38,3;0,0000007821;0,0000005472;-0,000001305;0,00000000195;0,000008706;0,000003639
28;38,4;-0,0000007798;-0,0000005456;0,000001302;-0,000000001944;-0,00000868;-0,000003628
28;38,5;0,0000007774;0,0000005439;-0,000001298;0,000000001938;0,000008654;0,000003617
28;38,6;-0,0000007751;-0,0000005423;0,000001294;-0,000000001931;-0,000008628;-0,000003606
28;38,7;0,0000007728;0,0000005407;-0,00000129;0,000000001925;0,000008602;0,000003595
28;38,8;-0,0000007704;-0,0000005391;0,000001286;-0,000000001919;-0,000008575;-0,000003584
28;38,9;0,0000007681;0,0000005374;-0,000001282;0,000000001914;0,00000855;0,000003574
28;39;-0,0000007658;-0,0000005358;0,000001278;-0,000000001908;-0,000008524;-0,000003563
28;39,1;0,0000007635;0,0000005342;-0,000001274;0,000000001902;0,000008498;0,000003552
28;39,2;-0,0000007612;-0,0000005326;0,00000127;-0,000000001896;-0,000008472;-0,000003542
28;39,3;0,000000759;0,000000531;-0,000001267;0,00000000189;0,000008447;0,000003531
28;39,4;-0,0000007567;-0,0000005294;0,000001263;-0,000000001884;-0,000008421;-0,00000352
28;39,5;0,0000007544;0,0000005278;-0,000001259;0,000000001878;0,000008395;0,00000351
28;39,6;-0,0000007522;-0,0000005263;0,000001255;-0,000000001873;-0,00000837;-0,000003499
28;39,7;0,0000007499;0,0000005247;-0,000001251;0,000000001867;0,000008345;0,000003489
28;39,8;-0,0000007476;-0,0000005231;0,000001247;-0,000000001861;-0,000008319;-0,000003478
28;39,9;0,0000007454;0,0000005215;-0,000001244;0,000000001855;0,000008294;0,000003468
28;40;-0,0000007432;-0,00000052;0,00000124;-0,00000000185;-0,000008269;-0,000003458
29;0;0;0;0;0;0;0
29;0,1;-0,00000000000000005679;0;0;0;0;0
29;0,2;-0,0000000000000001123;0;0;0;0;0
29;0,3;-0,0000000000000001123;0;0;0;0;0
29;0,4;-0,0000000000000001123;0;0;0;0;0
29;0,5;-0,0000000000000001123;0;0;0;0;0
29;0,6;-0,0000000000000001123;0;0;0;0;0
29;0,7;-0,0000000000000001123;0;0;0;0;0
29;0,8;-0,0000000000000001123;0;0;0;0;0
29;0,9;-0,0000000000000001123;0;0;0;0;0
29;1;-0,0000000000000001123;0;0;0;0;0
29;1,1;-0,0000000000000001123;0;0;0;0;0
29;1,2;-0,0000000000000001123;0;0;0;0;0
29;1,3;-0,0000000000000001123;0;0;0;0;0
29;1,4;-0,0000000000000001123;0;0;0;0;0
29;1,5;-0,0000000000000001123;0;0;0;0;0
29;1,6;-0,0000000000000001123;0;0;0;0;0
29;1,7;-0,0000000000000001123;0;0;0;0;0
29;1,8;-0,0000000000000001123;0;0;0;0;0
29;1,9;-0,0000000000000001123;0;0;0;0;0
29;2;-0,0000000000000001123;0;0;0;0;0
29;2,1;-0,0000000000000001123;0;0;0;0;0
29;2,2;-0,0000000000000001123;0;0;0;0;0
29;2,3;-0,0000000000000001123;0;0;0;0;0
29;2,4;-0,0000000000000001123;0;0;0;0;0
29;2,5;-0,0000000000000001123;0;0;0;0;0
29;2,6;-0,0000000000000001123;0;0;0;0;0
29;2,7;-0,0000000000000001123;0;0;0;0;0
29;2,8;-0,0000000000000001123;0;0;0;0;0
29;2,9;-0,0000000000000001123;0;0;0;0;0
29;3;-0,0000000000000001123;0;0;0;0;0
29;3,1;-0,0000000000000001123;0;0;0;0;0
29;3,2;-0,0000000000000001123;0;0;0;0;0
29;3,3;-0,0000000000000001123;0;0;0;0;0
29;3,4;-0,0000000000000001123;0;0;0;0;0
29;3,5;-0,0000000000000001123;0;0;0;0;0
29;3,6;-0,0000000000000001123;0;0;0;0;0
29;3,7;-0,0000000000000001123;0;0;0;0;0
29;3,8;-0,0000000000000001123;0;0;0;0;0
29;3,9;-0,0000000000000001123;0;0;0;0;0
29;4;-0,0000000000000001123;0;0;0;0;0
29;4,1;-0,0000000000000001123;0;0;0;0;0
29;4,2;-0,0000000000000001123;0;0;0;0;0
29;4,3;-0,0000000000000001123;0;0;0;0;0
29;4,4;-0,0000000000000001123;0;0;0;0;0
29;4,5;-0,0000000000000001123;0;0;0;0;0
29;4,6;-0,0000000000000001123;0;0;0;0;0
29;4,7;-0,0000000000000001123;0;0;0;0;0
29;4,8;-0,0000000000000001123;0;0;0;0;0
29;4,9;-0,0000000000000001123;0;0;0;0;0
29;5;-0,0000000000000001123;0;0;0;0;0
29;5,1;-0,0000000000000001123;0;0;0;0;0
29;5,2;-0,0000000000000001123;0;0;0;0;0
29;5,3;-0,0000000000000001123;0;0;0;0;0
29;5,4;-0,0000000000000001123;0;0;0;0;0
29;5,5;-0,0000000000000001123;0;0;0;0;0
29;5,6;-0,0000000000000001123;0;0;0;0;0
29;5,7;-0,0000000000000001123;0;0;0;0;0
29;5,8;-0,0000000000000001123;0;0;0;0;0
29;5,9;-0,0000000000000001123;0;0;0;0;0
29;6;-0,0000000000000001123;0;0;0;0;0
29;6,1;-0,0000000000000001123;0;0;0;0;0
29;6,2;-0,0000000000000001123;0;0;0;0;0
29;6,3;-0,0000000000000001123;0;0;0;0;0
29;6,4;-0,0000000000000001123;0;0;0;0;0
29;6,5;-0,0000000000000001123;0;0;0;0;0
29;6,6;-0,0000000000000001123;0;0;0;0;0
29;6,7;-0,0000000000000001123;0;0;0;0;0
29;6,8;-0,0000000000000001123;0;0;0;0;0
29;6,9;-0,0000000000000001123;0;0;0;0;0
29;7;-0,0000000000000001123;0;0;0;0;0
29;7,1;-0,0000000000000001123;0;0;0;0;0
29;7,2;-0,0000000000000001123;0;0;0;0;0
29;7,3;-0,0000000000000001123;0;0;0;0;0
29;7,4;-0,0000000000000001123;0;0;0;0;0
29;7,5;-0,0000000000000001123;0;0;0;0;0
29;7,6;-0,0000000000000001123;0;0;0;0;0
29;7,7;-0,0000000000000001123;0;0;0;0;0
29;7,8;-0,0000000000000001123;0;0;0;0;0
29;7,9;-0,0000000000000001123;0;0;0;0;0
29;8;-0,0000000000000001123;0;0;0;0;0
29;8,1;-0,0000000000000001123;0;0;0;0;0
29;8,2;-0,0000000000000001123;0;0;0;0;0
29;8,3;-0,0000000000000001123;0;0;0;0;0
29;8,4;-0,0000000000000001123;0;0;0;0;0
29;8,5;-0,0000000000000001123;0;0;0;0;0
29;8,6;-0,0000000000000001123;0;0;0;0;0
29;8,7;-0,0000000000000001123;0;0;0;0;0
29;8,8;-0,0000000000000001123;0;0;0;0;0
29;8,9;-0,0000000000000001123;0;0;0;0;0
29;9;-0,0000000000000001123;0;0;0;0;0
29;9,1;-0,0000000000000001123;0;0;0;0;0
29;9,2;-0,0000000000000001123;0;0;0;0;0
29;9,3;-0,0000000000000001123;0;0;0;0;0
29;9,4;-0,0000000000000001123;0;0;0;0;0
29;9,5;-0,0000000000000001123;0;0;0;0;0
29;9,6;-0,0000000000000001123;0;0;0;0;0
29;9,7;-0,0000000000000001123;0;0;0;0;0
29;9,8;-0,0000000000000001123;0;0;0;0;0
29;9,9;-0,0000000000000001123;0;0;0;0;0
29;10;-0,0000000000000001123;0;0;0;0;0
29;10,1;-0,0000000000000001123;0;0;0;0;0
29;10,2;-0,0000000000000001123;0;0;0;0;0
29;10,3;-0,0000000000000001123;0;0;0;0;0
29;10,4;-0,0000000000000001123;0;0;0;0;0
29;10,5;-0,0000000000000001123;0;0;0;0;0
29;10,6;-0,0000000000000001123;0;0;0;0;0
29;10,7;-0,0000000000000001123;0;0;0;0;0
29;10,8;-0,0000000000000001123;0;0;0;0;0
29;10,9;-0,0000000000000001123;0;0;0;0;0
29;11;-0,0000000000000001123;0;0;0;0;0
29;11,1;-0,0000000000000001123;0;0;0;0;0
29;11,2;-0,0000000000000001123;0;0;0;0;0
29;11,3;-0,0000000000000001123;0;0;0;0;0
29;11,4;-0,0000000000000001123;0;0;0;0;0
29;11,5;-0,0000000000000001123;0;0;0;0;0
29;11,6;-0,0000000000000001123;0;0;0;0;0
29;11,7;-0,0000000000000001123;0;0;0;0;0
29;11,8;-0,0000000000000001123;0;0;0;0;0
29;11,9;-0,0000000000000001123;0;0;0;0;0
29;12;-0,0000000000000001123;0;0;0;0;0
29;12,1;-0,0000000000000001123;0;0;0;0;0
29;12,2;-0,0000000000000001123;0;0;0;0;0
29;12,3;-0,0000000000000001123;0;0;0;0;0
29;12,4;-0,0000000000000001123;0;0;0;0;0
29;12,5;-0,0000000000000001123;0;0;0;0;0
29;12,6;-0,0000000000000001123;0;0;0;0;0
29;12,7;-0,0000000000000001123;0;0;0;0;0
29;12,8;-0,0000000000000001123;0;0;0;0;0
29;12,9;-0,0000000000000001123;0;0;0;0;0
29;13;-0,0000000000000001123;0;0;0;0;0
29;13,1;-0,0000000000000001123;0;0;0;0;0
29;13,2;-0,0000000000000001123;0;0;0;0;0
29;13,3;-0,0000000000000001123;0;0;0;0;0
29;13,4;-0,0000000000000001123;0;0;0;0;0
29;13,5;-0,0000000000000001123;0;0;0;0;0
29;13,6;-0,0000000000000001123;0;0;0;0;0
29;13,7;-0,0000000000000001123;0;0;0;0;0
29;13,8;-0,0000000000000001123;0;0;0;0;0
29;13,9;-0,0000000000000001123;0;0;0;0;0
29;14;-0,0000000000000001123;0;0;0;0;0
29;14,1;-0,0000000000000001123;0;0;0;0;0
29;14,2;-0,0000000000000001123;0;0;0;0;0
29;14,3;-0,0000000000000001123;0;0;0;0;0
29;14,4;-0,0000000000000001123;0;0;0;0;0
29;14,5;-0,0000000000000001123;0;0;0;0;0
29;14,6;-0,0000000000000001123;0;0;0;0;0
29;14,7;-0,0000000000000001123;0;0;0;0;0
29;14,8;-0,0000000000000001123;0;0;0;0;0
29;14,9;-0,0000000000000001123;0;0;0;0;0
29;15;-0,0000000000000001123;0;0;0;0;0
29;15,1;-0,0000000000000001123;0;0;0;0;0
29;15,2;-0,0000000000000001123;0;0;0;0;0
29;15,3;-0,0000000000000001123;0;0;0;0;0
29;15,4;-0,0000000000000001123;0;0;0;0;0
29;15,5;-0,0000000000000001123;0;0;0;0;0
29;15,6;-0,0000000000000001123;0;0;0;0;0
29;15,7;-0,0000000000000001123;0;0;0;0;0
29;15,8;-0,0000000000000001123;0;0;0;0;0
29;15,9;-0,0000000000000001123;0;0;0;0;0
29;16;-0,0000000000000001123;0;0;0;0;0
29;16,1;-0,0000000000000001123;0;0;0;0;0
29;16,2;-0,0000000000000001123;0;0;0;0;0
29;16,3;-0,0000000000000001123;0;0;0;0;0
29;16,4;-0,0000000000000001123;0;0;0;0;0
29;16,5;-0,0000000000000001123;0;0;0;0;0
29;16,6;-0,0000000000000001123;0;0;0;0;0
29;16,7;-0,0000000000000001123;0;0;0;0;0
29;16,8;-0,0000000000000001123;0;0;0;0;0
29;16,9;-0,0000000000000001123;0;0;0;0;0
29;17;-0,0000000000000001123;0;0;0;0;0
29;17,1;-0,0000000000000001123;0;0;0;0;0
29;17,2;-0,0000000000000001123;0;0;0;0;0
29;17,3;-0,0000000000000001123;0;0;0;0;0
29;17,4;-0,0000000000000001123;0;0;0;0;0
29;17,5;-0,0000000000000001123;0;0;0;0;0
29;17,6;-0,0000000000000001123;0;0;0;0;0
29;17,7;-0,0000000000000001123;0;0;0;0;0
29;17,8;-0,0000000000000001123;0;0;0;0;0
29;17,9;-0,0000000000000001123;0;0;0;0;0
29;18;-0,0000000000000001123;0;0;0;0;0
29;18,1;-0,0000000000000001123;0;0;0;0;0
29;18,2;-0,0000000000000001123;0;0;0;0;0
29;18,3;-0,0000000000000001123;0;0;0;0;0
29;18,4;-0,0000000000000001123;0;0;0;0;0
29;18,5;-0,0000000000000001123;0;0;0;0;0
29;18,6;-0,0000000000000001123;0;0;0;0;0
29;18,7;-0,0000000000000001123;0;0;0;0;0
29;18,8;-0,0000000000000001123;0;0;0;0;0
29;18,9;-0,0000000000000001123;0;0;0;0;0
29;19;-0,0000000000000001123;0;0;0;0;0
29;19,1;-0,0000000000000001123;0;0;0;0;0
29;19,2;-0,0000000000000001123;0;0;0;0;0
29;19,3;-0,0000000000000001123;0;0;0;0;0
29;19,4;-0,0000000000000001123;0;0;0;0;0
29;19,5;-0,0000000000000001123;0;0;0;0;0
29;19,6;-0,0000000000000001123;0;0;0;0;0
29;19,7;-0,0000000000000001123;0;0;0;0;0
29;19,8;-0,0000000000000001123;0;0;0;0;0
29;19,9;-0,0000000000000001123;0;0;0;0;0
29;20;-0,0000000000000001123;0;0;0;0;0
29;20,1;-0,0000000000000001123;0;0;0;0;0
29;20,2;-0,0000000000000001123;0;0;0;0;0
29;20,3;-0,0000000000000001123;0;0;0;0;0
29;20,4;-0,0000000000000001123;0;0;0;0;0
29;20,5;-0,0000000000000001123;0;0;0;0;0
29;20,6;-0,0000000000000001123;0;0;0;0;0
29;20,7;-0,0000000000000001123;0;0;0;0;0
29;20,8;-0,0000000000000001123;0;0;0;0;0
29;20,9;-0,0000000000000001123;0;0;0;0;0
29;21;-0,0000000000000001123;0;0;0;0;0
29;21,1;-0,0000000000000001123;0;0;0;0;0
29;21,2;-0,0000000000000001123;0;0;0;0;0
29;21,3;-0,0000000000000001123;0;0;0;0;0
29;21,4;-0,0000000000000001123;0;0;0;0;0
29;21,5;-0,0000000000000001123;0;0;0;0;0
29;21,6;-0,0000000000000001123;0;0;0;0;0
29;21,7;-0,0000000000000001123;0;0;0;0;0
29;21,8;-0,0000000000000001123;0;0;0;0;0
29;21,9;-0,0000000000000001123;0;0;0;0;0
29;22;-0,0000000000000001123;0;0;0;0;0
29;22,1;-0,0000000000000001123;0;0;0;0;0
29;22,2;-0,0000000000000001123;0;0;0;0;0
29;22,3;-0,0000000000000001123;0;0;0;0;0
29;22,4;-0,0000000000000001123;0;0;0;0;0
29;22,5;-0,0000000000000001123;0;0;0;0;0
29;22,6;-0,0000000000000001123;0;0;0;0;0
29;22,7;-0,0000000000000001123;0;0;0;0;0
29;22,8;-0,0000000000000001123;0;0;0;0;0
29;22,9;-0,0000000000000001123;0;0;0;0;0
29;23;-0,0000000000000001123;0;0;0;0;0
29;23,1;-0,0000000000000001123;0;0;0;0;0
29;23,2;-0,0000000000000001123;0;0;0;0;0
29;23,3;-0,0000000000000001123;0;0;0;0;0
29;23,4;-0,0000000000000001123;0;0;0;0;0
29;23,5;-0,0000000000000001123;0;0;0;0;0
29;23,6;-0,0000000000000001123;0;0;0;0;0
29;23,7;-0,0000000000000001123;0;0;0;0;0
29;23,8;-0,0000000000000001123;0;0;0;0;0
29;23,9;-0,0000000000000001123;0;0;0;0;0
29;24;-0,0000000000000001123;0;0;0;0;0
29;24,1;-0,0000000000000001123;0;0;0;0;0
29;24,2;-0,0000000000000001123;0;0;0;0;0
29;24,3;-0,0000000000000001123;0;0;0;0;0
29;24,4;-0,0000000000000001123;0;0;0;0;0
29;24,5;-0,0000000000000001123;0;0;0;0;0
29;24,6;-0,0000000000000001123;0;0;0;0;0
29;24,7;-0,0000000000000001123;0;0;0;0;0
29;24,8;-0,0000000000000001123;0;0;0;0;0
29;24,9;-0,0000000000000001123;0;0;0;0;0
29;25;-0,0000000000000001123;0;0;0;0;0
29;25,1;-0,0000000000000001123;0;0;0;0;0
29;25,2;-0,0000000000000001123;0;0;0;0;0
29;25,3;-0,0000000000000001123;0;0;0;0;0
29;25,4;-0,0000000000000001123;0;0;0;0;0
29;25,5;-0,0000000000000001123;0;0;0;0;0
29;25,6;-0,0000000000000001123;0;0;0;0;0
29;25,7;-0,0000000000000001123;0;0;0;0;0
29;25,8;-0,0000000000000001123;0;0;0;0;0
29;25,9;-0,0000000000000001123;0;0;0;0;0
29;26;-0,0000000000000001123;0;0;0;0;0
29;26,1;-0,0000000000000001123;0;0;0;0;0
29;26,2;-0,0000000000000001123;0;0;0;0;0
29;26,3;-0,0000000000000001123;0;0;0;0;0
29;26,4;-0,0000000000000001123;0;0;0;0;0
29;26,5;-0,0000000000000001123;0;0;0;0;0
29;26,6;-0,0000000000000001123;0;0;0;0;0
29;26,7;-0,0000000000000001123;0;0;0;0;0
29;26,8;-0,0000000000000001123;0;0;0;0;0
29;26,9;-0,0000000000000001123;0;0;0;0;0
29;27;-0,0000000000000001123;0;0;0;0;0
29;27,1;-0,0000000000000001123;0;0;0;0;0
29;27,2;-0,0000000000000001123;0;0;0;0;0
29;27,3;-0,0000000000000001123;0;0;0;0;0
29;27,4;-0,0000000000000001123;0;0;0;0;0
29;27,5;-0,0000000000000001123;0;0;0;0;0
29;27,6;-0,0000000000000001123;0;0;0;0;0
29;27,7;-0,0000000000000001123;0;0;0;0;0
29;27,8;-0,0000000000000001123;0;0;0;0;0
29;27,9;-0,0000000000000001123;0;0;0;0;0
29;28;-0,0000000000000001123;0;0;0;0;0
29;28,1;-0,0000000000000001123;0;0;0;0;0
29;28,2;-0,0000000000000001123;0;0;0;0;0
29;28,3;-0,0000000000000001123;0;0;0;0;0
29;28,4;-0,0000000000000001123;0;0;0;0;0
29;28,5;-0,0000000000000001123;0;0;0;0;0
29;28,6;-0,0000000000000001123;0;0;0;0;0
29;28,7;-0,0000000000000001123;0;0;0;0;0
29;28,8;-0,0000000000000001123;0;0;0;0;0
29;28,9;-0,0000000000000001123;0;0;0;0;0
29;29;-0,0000000000000001123;0;0;0;0;0
29;29,1;-0,0000000000000001123;0;0;0;0;0
29;29,2;-0,0000000000000001123;0;0;0;0;0
29;29,3;-0,0000000000000001123;0;0;0;0;0
29;29,4;-0,0000000000000001123;0;0;0;0;0
29;29,5;-0,0000000000000001123;0;0;0;0;0
29;29,6;-0,0000000000000001123;0;0;0;0;0
29;29,7;-0,0000000000000001123;0;0;0;0;0
29;29,8;-0,0000000000000001123;0;0;0;0;0
29;29,9;-0,0000000000000001123;0;0;0;0;0
29;30;-0,0000000000000001123;0;0;0;0;0
29;30,1;-0,0000000000000001123;0;0;0;0;0
29;30,2;-0,0000000000000001123;0;0;0;0;0
29;30,3;-0,0000000000000001123;0;0;0;0;0
29;30,4;-0,0000000000000001123;0;0;0;0;0
29;30,5;-0,0000000000000001123;0;0;0;0;0
29;30,6;-0,0000000000000001123;0;0;0;0;0
29;30,7;-0,0000000000000001123;0;0;0;0;0
29;30,8;-0,0000000000000001123;0;0;0;0;0
29;30,9;-0,0000000000000001123;0;0;0;0;0
29;31;-0,0000000000000001123;0;0;0;0;0
29;31,1;-0,0000000000000001123;0;0;0;0;0
29;31,2;-0,0000000000000001123;0;0;0;0;0
29;31,3;-0,0000000000000001123;0;0;0;0;0
29;31,4;-0,0000000000000001123;0;0;0;0;0
29;31,5;-0,0000000000000001123;0;0;0;0;0
29;31,6;-0,0000000000000001123;0;0;0;0;0
29;31,7;-0,0000000000000001123;0;0;0;0;0
29;31,8;-0,0000000000000001123;0;0;0;0;0
29;31,9;-0,0000000000000001123;0;0;0;0;0
29;32;-0,0000000000000001123;0;0;0;0;0
29;32,1;-0,0000000000000001123;0;0;0;0;0
29;32,2;-0,0000000000000001123;0;0;0;0;0
29;32,3;-0,0000000000000001123;0;0;0;0;0
29;32,4;-0,0000000000000001123;0;0;0;0;0
29;32,5;-0,0000000000000001123;0;0;0;0;0
29;32,6;-0,0000000000000001123;0;0;0;0;0
29;32,7;-0,0000000000000001123;0;0;0;0;0
29;32,8;-0,0000000000000001123;0;0;0;0;0
29;32,9;-0,0000000000000001123;0;0;0;0;0
29;33;-0,0000000000000001123;0;0;0;0;0
29;33,1;-0,0000000000000001123;0;0;0;0;0
29;33,2;-0,0000000000000001123;0;0;0;0;0
29;33,3;-0,0000000000000001123;0;0;0;0;0
29;33,4;-0,0000000000000001123;0;0;0;0;0
29;33,5;-0,0000000000000001123;0;0;0;0;0
29;33,6;-0,0000000000000001123;0;0;0;0;0
29;33,7;-0,0000000000000001123;0;0;0;0;0
29;33,8;-0,0000000000000001123;0;0;0;0;0
29;33,9;-0,0000000000000001123;0;0;0;0;0
29;34;-0,0000000000000001123;0;0;0;0;0
29;34,1;-0,0000000000000001123;0;0;0;0;0
29;34,2;-0,0000000000000001123;0;0;0;0;0
29;34,3;-0,0000000000000001123;0;0;0;0;0
29;34,4;-0,0000000000000001123;0;0;0;0;0
29;34,5;-0,0000000000000001123;0;0;0;0;0
29;34,6;-0,0000000000000001123;0;0;0;0;0
29;34,7;-0,0000000000000001123;0;0;0;0;0
29;34,8;-0,0000000000000001123;0;0;0;0;0
29;34,9;-0,0000000000000001123;0;0;0;0;0
29;35;-0,0000000000000001123;0;0;0;0;0
29;35,1;-0,0000000000000001123;0;0;0;0;0
29;35,2;-0,0000000000000001123;0;0;0;0;0
29;35,3;-0,0000000000000001123;0;0;0;0;0
29;35,4;-0,0000000000000001123;0;0;0;0;0
29;35,5;-0,0000000000000001123;0;0;0;0;0
29;35,6;-0,0000000000000001123;0;0;0;0;0
29;35,7;-0,0000000000000001123;0;0;0;0;0
29;35,8;-0,0000000000000001123;0;0;0;0;0
29;35,9;-0,0000000000000001123;0;0;0;0;0
29;36;-0,0000000000000001123;0;0;0;0;0
29;36,1;-0,0000000000000001123;0;0;0;0;0
29;36,2;-0,0000000000000001123;0;0;0;0;0
29;36,3;-0,0000000000000001123;0;0;0;0;0
29;36,4;-0,0000000000000001123;0;0;0;0;0
29;36,5;-0,0000000000000001123;0;0;0;0;0
29;36,6;-0,0000000000000001123;0;0;0;0;0
29;36,7;-0,0000000000000001123;0;0;0;0;0
29;36,8;-0,0000000000000001123;0;0;0;0;0
29;36,9;-0,0000000000000001123;0;0;0;0;0
29;37;-0,0000000000000001123;0;0;0;0;0
29;37,1;-0,0000000000000001123;0;0;0;0;0
29;37,2;-0,0000000000000001123;0;0;0;0;0
29;37,3;-0,0000000000000001123;0;0;0;0;0
29;37,4;-0,0000000000000001123;0;0;0;0;0
29;37,5;-0,0000000000000001123;0;0;0;0;0
29;37,6;-0,0000000000000001123;0;0;0;0;0
29;37,7;-0,0000000000000001123;0;0;0;0;0
29;37,8;-0,0000000000000001123;0;0;0;0;0
29;37,9;-0,0000000000000001123;0;0;0;0;0
29;38;-0,0000000000000001123;0;0;0;0;0
29;38,1;-0,0000000000000001123;0;0;0;0;0
29;38,2;-0,0000000000000001123;0;0;0;0;0
29;38,3;-0,0000000000000001123;0;0;0;0;0
29;38,4;-0,0000000000000001123;0;0;0;0;0
29;38,5;-0,0000000000000001123;0;0;0;0;0
29;38,6;-0,0000000000000001123;0;0;0;0;0
29;38,7;-0,0000000000000001123;0;0;0;0;0
29;38,8;-0,0000000000000001123;0;0;0;0;0
29;38,9;-0,0000000000000001123;0;0;0;0;0
29;39;-0,0000000000000001123;0;0;0;0;0
29;39,1;-0,0000000000000001123;0;0;0;0;0
29;39,2;-0,0000000000000001123;0;0;0;0;0
29;39,3;-0,0000000000000001123;0;0;0;0;0
29;39,4;-0,0000000000000001123;0;0;0;0;0
29;39,5;-0,0000000000000001123;0;0;0;0;0
29;39,6;-0,0000000000000001123;0;0;0;0;0
29;39,7;-0,0000000000000001123;0;0;0;0;0
29;39,8;-0,0000000000000001123;0;0;0;0;0
29;39,9;-0,0000000000000001123;0;0;0;0;0
29;40;-0,0000000000000001123;0;0;0;0;0
30;0;0;0;0;0;0;0
30;0,1;-0,1188;-0,0848;-0,002;0,00001762;-0,013;0,565
30;0,2;-0,1814;-0,1313;-0,0022;0,00002337;-0,015;0,875
30;0,3;-0,024;-0,0205;0,0011;-0,000003077;0,007282;0,137
30;0,4;0,1803;0,136;-0,0002327;-0,00001242;-0,001554;-0,906
30;0,5;-0,2562;-0,1918;-0,0002699;0,0000203;-0,001801;1,279
30;0,6;0,2478;0,1852;0,0004107;-0,00002024;0,002741;-1,235
30;0,7;-0,1743;-0,1303;-0,0002706;0,00001406;-0,001805;0,869
30;0,8;0,0683;0,0514;-0,00001977;-0,000004792;-0,0001322;-0,342
30;0,9;0,0352;0,0257;0,0003222;-0,000004344;0,00215;-0,171
30;1;-0,1089;-0,0806;-0,0005281;0,00001081;-0,003525;0,537
30;1,1;0,1388;0,1029;0,0005806;-0,00001329;0,003875;-0,686
30;1,2;-0,1251;-0,0929;-0,0004787;0,00001182;-0,003195;0,619
30;1,3;0,08;0,0594;0,0002659;-0,000007486;0,001775;-0,396
30;1,4;-0,0214;-0,016;-0,000009549;0,000001946;-0,00006384;0,107
30;1,5;-0,0324;-0,0239;-0,0002222;0,000003134;-0,001483;0,159
30;1,6;0,0681;0,0504;0,0003791;-0,000006522;0,00253;-0,336
30;1,7;-0,0796;-0,0588;-0,0004392;0,000007668;-0,002931;0,392
30;1,8;0,0684;0,0505;0,000409;-0,000006717;0,00273;-0,337
30;1,9;-0,0419;-0,0308;-0,0003171;0,000004341;-0,002116;0,206
30;2;0,01;0,0071;0,0002018;-0,000001455;0,001347;-0,048
30;2,1;0,0179;0,0136;-0,00009978;-0,00000107;-0,0006658;-0,091
30;2,2;-0,0352;-0,0264;0,00003631;0,000002631;0,0002422;0,176
30;2,3;0,0394;0,0296;-0,00002114;-0,000002999;-0,0001409;-0,197
30;2,4;-0,0321;-0,0241;0,00004889;0,000002309;0,0003262;0,161
30;2,5;0,0174;0,0132;-0,0001035;-0,0000009528;-0,0006907;-0,088
30;2,6;-0,0007931;-0,0008989;0,0001646;-0,0000005768;0,001099;0,005992
30;2,7;-0,0129;-0,0093;-0,000214;0,000001835;-0,001428;0,062
30;2,8;0,0206;0,015;0,0002397;-0,000002536;0,0016;-0,1
30;2,9;-0,0214;-0,0156;-0,0002385;0,000002596;-0,001592;0,104
30;3;0,0163;0,0118;0,0002147;-0,000002118;0,001433;-0,079
30;3,1;-0,0079;-0,0056;-0,0001779;0,00000133;-0,001187;0,037
30;3,2;-0,0009829;-0,0009934;0,000139;-0,0000004953;0,0009275;0,006622
30;3,3;0,0079;0,0061;-0,0001075;-0,0000001592;-0,0007177;-0,041
30;3,4;-0,0114;-0,0087;0,00008915;0,0000004994;0,0005949;0,058
30;3,5;0,0112;0,0085;-0,00008487;-0,0000005005;-0,0005663;-0,057
30;3,6;-0,0081;-0,0062;0,00009181;0,0000002327;0,0006127;0,041
30;3,7;0,0034;0,0027;-0,0001047;0,0000001761;-0,0006986;-0,018
30;3,8;0,0013;0,0007267;0,0001177;-0,0000005852;0,0007854;-0,004845
30;3,9;-0,0047;-0,0033;-0,0001261;0,0000008813;-0,0008416;0,022
30;4;0,0062;0,0044;0,0001274;-0,000001003;0,0008503;-0,029
30;4,1;-0,0058;-0,0041;-0,0001215;0,0000009481;-0,0008109;0,028
30;4,2;0,004;0,0028;0,0001102;-0,0000007607;0,0007357;-0,018
30;4,3;-0,0015;-0,000905;-0,00009658;0,0000005126;-0,0006445;0,006034
30;4,4;-0,0009325;-0,0008574;0,00008361;-0,0000002776;0,000558;0,005716
30;4,5;0,0026;0,0021;-0,00007365;0,0000001119;-0,0004915;-0,014
30;4,6;-0,0032;-0,0025;0,00006782;-0,00000004236;0,0004526;0,017
30;4,7;0,0028;0,0022;-0,00006596;0,00000006537;-0,0004401;-0,015
30;4,8;-0,0017;-0,0014;0,00006692;-0,0000001534;0,0004466;0,009223
30;4,9;0,000306;0,0003616;-0,00006906;0,000000267;-0,0004609;-0,002411
30;5;0,0009168;0,0005516;0,00007078;-0,0000003677;0,0004724;-0,003678
30;5,1;-0,0017;-0,0011;-0,00007094;0,0000004283;-0,0004734;0,007567
30;5,2;0,0019;0,0013;0,00006906;-0,0000004372;0,0004609;-0,008649
30;5,3;-0,0016;-0,0011;-0,00006533;0,0000003992;-0,000436;0,007181
30;5,4;0,0009649;0,0006068;0,00006042;-0,0000003307;0,0004032;-0,004045
30;5,5;-0,000222;-0,00005953;-0,00005522;0,0000002531;-0,0003685;0,000397
30;5,6;-0,0004086;-0,0004045;0,00005055;-0,0000001862;0,0003373;0,002697
30;5,7;0,0007831;0,0006786;-0,00004695;0,0000001433;-0,0003133;-0,004524
30;5,8;-0,0008535;-0,000727;0,0000446;-0,0000001287;0,0002977;0,004847
30;5,9;0,0006618;0,000581;-0,00004334;0,0000001384;-0,0002892;-0,003873
30;6;-0,0003116;-0,0003175;0,00004276;-0,0000001631;0,0002854;0,002116
30;6,1;-0,0000716;0,00002955;-0,00004239;0,0000001911;-0,0002829;-0,0001969
30;6,2;0,0003781;0,0002013;0,0000418;-0,0000002123;0,0002789;-0,001342
30;6,3;-0,0005399;-0,0003245;-0,00004072;0,0000002204;-0,0002718;0,002164
30;6,4;0,000541;0,0003283;0,0000391;-0,000000214;0,0002609;-0,002189
30;6,5;-0,0004112;-0,0002348;-0,00003704;0,0000001958;-0,0002472;0,001565
30;6,6;0,0002096;0,00008786;0,00003477;-0,0000001712;0,0002321;-0,0005858
30;6,7;-0,000003006;0,00006287;-0,00003255;0,0000001464;-0,0002172;-0,000419
30;6,8;-0,0001532;-0,0001763;0,00003057;-0,0000001265;0,000204;0,001175
30;6,9;0,0002278;0,0002293;-0,00002896;0,0000001143;-0,0001933;-0,001528
30;7;-0,0002171;-0,000219;0,00002773;-0,0000001101;0,0001851;0,00146
30;7,1;0,0001409;0,0001602;-0,00002681;0,0000001122;-0,0001789;-0,001068
30;7,2;-0,00003242;-0,00007752;0,00002605;-0,0000001174;0,0001739;0,0005167
30;7,3;-0,00007293;-0,000002745;-0,00002534;0,0000001225;-0,0001691;0,00001839
30;7,4;0,0001475;0,00006009;0,00002455;-0,000000125;0,0001639;-0,0004007
30;7,5;-0,0001773;-0,00008405;-0,00002364;0,0000001236;-0,0001578;0,0005604
30;7,6;0,0001627;0,00007506;0,0000226;-0,0000001182;0,0001508;-0,0005005
30;7,7;-0,0001162;-0,00004224;-0,00002148;0,0000001101;-0,0001434;0,0002817
30;7,8;0,00005602;-0,0000007756;0,00002035;-0,0000001009;0,0001358;0,000005091
30;7,9;-0,0000006971;0,00004027;-0,00001927;0,00000009227;-0,0001286;-0,0002684
30;8;-0,00003621;-0,00006615;0,0000183;-0,00000008551;0,0001222;0,0004409
30;8,1;0,00004865;0,00007393;-0,00001746;0,00000008114;-0,0001166;-0,0004928
30;8,2;-0,00003826;-0,00006482;0,00001675;-0,00000007901;0,0001118;0,000432
30;8,3;0,00001243;0,00004431;-0,00001612;0,00000007843;-0,0001076;-0,0002953
30;8,4;0,00001875;-0,00001987;0,00001554;-0,00000007847;0,0001037;0,0001324
30;8,5;-0,00004574;-0,000001393;-0,00001498;0,00000007825;-0,00009999;0,000009355
30;8,6;0,00006195;0,00001461;0,00001441;-0,00000007715;0,00009615;-0,00009744
30;8,7;-0,00006494;-0,00001795;-0,00001381;0,00000007494;-0,00009216;0,0001198
30;8,8;0,00005626;0,00001259;0,00001319;-0,00000007177;0,00008804;-0,00008397
30;8,9;-0,00004026;-0,000001738;-0,00001257;0,00000006802;-0,0000839;0,00001166
30;9;0,0000224;-0,00001053;0,00001197;-0,0000000642;0,00007987;0,00007015
30;9,1;-0,000007577;0,00002059;-0,0000114;0,00000006075;-0,00007607;-0,0001372
30;9,2;-0,000001054;-0,00002608;0,00001087;-0,00000005795;0,00007258;0,0001738
30;9,3;0,000002599;0,00002636;-0,0000104;0,00000005589;-0,0000694;-0,0001757
30;9,4;0,000001788;-0,00002226;0,000009963;-0,00000005446;0,00006651;0,0001484
30;9,5;-0,000009605;0,00001566;-0,000009561;0,00000005342;-0,00006383;-0,0001043
30;9,6;0,00001793;-0,000008709;0,00000918;-0,00000005249;0,00006128;0,000058
30;9,7;-0,00002428;0,000003257;-0,000008808;0,00000005146;-0,0000588;-0,00002165
30;9,8;0,00002719;-0,0000003914;0,00000844;-0,00000005017;0,00005634;0,00000255
30;9,9;-0,00002639;0,0000003045;-0,000008074;0,00000004861;-0,0000539;-0,000001971
30;10;0,00002268;-0,000002414;0,000007712;-0,00000004684;0,00005148;0,00001603
30;10,1;-0,00001746;0,000005667;-0,000007358;0,00000004499;-0,00004913;-0,00003772
30;10,2;0,00001228;-0,000008913;0,000007019;-0,0000000432;0,00004686;0,00005937
30;10,3;-0,00000839;0,00001123;-0,000006699;0,00000004158;-0,00004472;-0,0000748
30;10,4;0,000006453;-0,00001212;0,000006398;-0,00000004019;0,00004272;0,00008073
30;10,5;-0,000006494;0,00001156;-0,000006118;0,00000003903;-0,00004085;-0,00007702
30;10,6;0,000008011;-0,00000993;0,000005855;-0,00000003806;0,00003909;0,00006615
30;10,7;-0,00001021;0,000007811;-0,000005606;0,00000003719;-0,00003743;-0,00005202
30;10,8;0,00001228;-0,000005809;0,000005367;-0,00000003635;0,00003584;0,00003868
30;10,9;-0,00001361;0,000004382;-0,000005136;0,00000003549;-0,0000343;-0,00002916
30;11;0,00001388;-0,000003748;0,000004911;-0,00000003457;0,00003279;0,00002493
30;11,1;-0,00001316;0,000003873;-0,000004692;0,0000000336;-0,00003133;-0,00002577
30;11,2;0,00001175;-0,000004531;0,000004479;-0,0000000326;0,00002991;0,00003016
30;11,3;-0,00001007;0,000005399;-0,000004274;0,00000003161;-0,00002854;-0,00003594
30;11,4;0,000008559;-0,000006161;0,000004078;-0,00000003067;0,00002723;0,00004103
30;11,5;-0,000007506;0,000006596;-0,000003891;0,00000002981;-0,00002599;-0,00004392
30;11,6;0,000007038;-0,000006611;0,000003715;-0,00000002903;0,00002481;0,00004402
30;11,7;-0,0000071;0,000006245;-0,000003548;0,00000002833;-0,0000237;-0,00004159
30;11,8;0,00000751;-0,000005635;0,00000339;-0,00000002768;0,00002264;0,00003752
30;11,9;-0,000008031;0,000004954;-0,000003238;0,00000002708;-0,00002163;-0,00003298
30;12;0,000008444;-0,000004365;0,000003093;-0,00000002649;0,00002066;0,00002905
30;12,1;-0,000008604;0,000003975;-0,000002953;0,00000002591;-0,00001973;-0,00002645
30;12,2;0,000008465;-0,000003819;0,000002818;-0,00000002531;0,00001883;0,00002541
30;12,3;-0,000008068;0,000003864;-0,000002687;0,00000002472;-0,00001795;-0,00002571
30;12,4;0,00000752;-0,000004032;0,000002562;-0,00000002414;0,00001712;0,00002683
30;12,5;-0,000006948;0,000004227;-0,000002441;0,00000002358;-0,00001631;-0,00002813
30;12,6;0,000006462;-0,000004367;0,000002326;-0,00000002304;0,00001555;0,00002907
30;12,7;-0,00000613;0,000004401;-0,000002217;0,00000002254;-0,00001481;-0,00002929
30;12,8;0,000005969;-0,000004317;0,000002112;-0,00000002207;0,00001412;0,00002874
30;12,9;-0,000005947;0,000004138;-0,000002013;0,00000002163;-0,00001345;-0,00002754
30;13;0,000006003;-0,000003909;0,000001918;-0,00000002122;0,00001282;0,00002601
30;13,1;-0,00000607;0,000003679;-0,000001827;0,00000002082;-0,00001221;-0,00002448
30;13,2;0,000006091;-0,00000349;0,00000174;-0,00000002044;0,00001163;0,00002322
30;13,3;-0,000006035;0,000003365;-0,000001656;0,00000002006;-0,00001107;-0,00002239
30;13,4;0,000005898;-0,000003307;0,000001575;-0,00000001969;0,00001053;0,000022
30;13,5;-0,0000057;0,0000033;-0,000001498;0,00000001933;-0,00001002;-0,00002195
30;13,6;0,000005475;-0,000003319;0,000001424;-0,00000001897;0,000009521;0,00002209
30;13,7;-0,000005258;0,000003339;-0,000001353;0,00000001864;-0,000009047;-0,00002221
30;13,8;0,000005077;-0,000003337;0,000001285;-0,00000001831;0,000008594;0,0000222
30;13,9;-0,000004945;0,000003303;-0,00000122;0,00000001801;-0,000008161;-0,00002198
30;14;0,000004863;-0,000003238;0,000001158;-0,00000001771;0,000007747;0,00002154
30;14,1;-0,000004816;0,000003151;-0,000001099;0,00000001744;-0,000007352;-0,00002097
30;14,2;0,000004787;-0,000003056;0,000001042;-0,00000001717;0,000006974;0,00002033
30;14,3;-0,000004756;0,000002967;-0,0000009879;0,00000001691;-0,000006612;-0,00001974
30;14,4;0,00000471;-0,000002893;0,000000936;-0,00000001667;0,000006266;0,00001924
30;14,5;-0,000004642;0,00000284;-0,0000008861;0,00000001642;-0,000005933;-0,00001889
30;14,6;0,000004554;-0,000002805;0,0000008383;-0,00000001619;0,000005614;0,00001866
30;14,7;-0,000004453;0,000002783;-0,0000007925;0,00000001596;-0,000005308;-0,00001851
30;14,8;0,00000435;-0,000002767;0,0000007487;-0,00000001574;0,000005016;0,00001841
30;14,9;-0,000004253;0,000002749;-0,0000007067;0,00000001553;-0,000004735;-0,00001829
30;15;0,00000417;-0,000002725;0,0000006665;-0,00000001533;0,000004467;0,00001813
30;15,1;-0,000004103;0,000002692;-0,0000006281;0,00000001513;-0,000004211;-0,0000179
30;15,2;0,00000405;-0,000002651;0,0000005915;-0,00000001494;0,000003966;0,00001763
30;15,3;-0,000004007;0,000002606;-0,0000005564;0,00000001476;-0,000003732;-0,00001733
30;15,4;0,000003968;-0,000002561;0,0000005228;-0,00000001459;0,000003508;0,00001703
30;15,5;-0,000003927;0,00000252;-0,0000004907;0,00000001442;-0,000003294;-0,00001676
30;15,6;0,000003883;-0,000002484;0,0000004599;-0,00000001426;0,000003088;0,00001652
30;15,7;-0,000003833;0,000002454;-0,0000004304;0,0000000141;-0,000002891;-0,00001632
30;15,8;0,000003778;-0,00000243;0,0000004022;-0,00000001395;0,000002703;0,00001616
30;15,9;-0,000003723;0,00000241;-0,0000003752;0,0000000138;-0,000002523;-0,00001602
30;16;0,000003668;-0,00000239;0,0000003493;-0,00000001366;0,00000235;0,0000159
30;16,1;-0,000003617;0,00000237;-0,0000003246;0,00000001352;-0,000002185;-0,00001576
30;16,2;0,000003571;-0,000002349;0,0000003009;-0,00000001339;0,000002027;0,00001562
30;16,3;-0,00000353;0,000002325;-0,0000002783;0,00000001326;-0,000001876;-0,00001546
30;16,4;0,000003494;-0,0000023;0,0000002567;-0,00000001313;0,000001732;0,00001529
30;16,5;-0,00000346;0,000002274;-0,000000236;0,00000001301;-0,000001593;-0,00001512
30;16,6;0,000003428;-0,000002249;0,0000002162;-0,00000001289;0,000001461;0,00001496
30;16,7;-0,000003396;0,000002226;-0,0000001973;0,00000001278;-0,000001335;-0,0000148
30;16,8;0,000003363;-0,000002205;0,0000001792;-0,00000001267;0,000001214;0,00001466
30;16,9;-0,000003329;0,000002186;-0,0000001619;0,00000001257;-0,000001099;-0,00001454
30;17;0,000003295;-0,000002169;0,0000001453;-0,00000001246;0,000000988;0,00001442
30;17,1;-0,000003261;0,000002153;-0,0000001294;0,00000001236;-0,0000008822;-0,00001431
30;17,2;0,000003228;-0,000002137;0,0000001143;-0,00000001226;0,000000781;0,00001421
30;17,3;-0,000003197;0,000002121;-0,00000009981;0,00000001217;-0,0000006843;-0,0000141
30;17,4;0,000003168;-0,000002105;0,00000008597;-0,00000001208;0,0000005919;0,00001399
30;17,5;-0,000003141;0,000002088;-0,00000007274;0,00000001199;-0,0000005036;-0,00001389
30;17,6;0,000003116;-0,000002072;0,0000000601;-0,0000000119;0,0000004192;0,00001378
30;17,7;-0,000003091;0,000002056;-0,00000004802;0,00000001182;-0,0000003385;-0,00001367
30;17,8;0,000003068;-0,00000204;0,00000003648;-0,00000001174;0,0000002614;0,00001356
30;17,9;-0,000003044;0,000002025;-0,00000002545;0,00000001166;-0,0000001878;-0,00001346
30;18;0,000003021;-0,000002011;0,0000000149;-0,00000001158;0,0000001174;0,00001337
30;18,1;-0,000002998;0,000001998;-0,000000004829;0,0000000115;-0,00000005008;-0,00001328
30;18,2;0,000002975;-0,000001985;-0,000000004794;-0,00000001143;-0,0000000142;0,0000132
30;18,3;-0,000002952;0,000001973;0,00000001399;0,00000001136;0,00000007559;-0,00001311
30;18,4;0,000002931;-0,000001961;-0,00000002276;-0,00000001129;-0,0000001342;0,00001303
30;18,5;-0,00000291;0,000001949;0,00000003114;0,00000001122;0,0000001902;-0,00001295
30;18,6;0,00000289;-0,000001937;-0,00000003914;-0,00000001115;-0,0000002436;0,00001288
30;18,7;-0,000002871;0,000001925;0,00000004678;0,00000001109;0,0000002946;-0,0000128
30;18,8;0,000002853;-0,000001913;-0,00000005407;-0,00000001102;-0,0000003433;0,00001272
30;18,9;-0,000002835;0,000001902;0,00000006102;0,00000001096;0,0000003898;-0,00001264
30;19;0,000002817;-0,000001891;-0,00000006765;-0,0000000109;-0,0000004341;0,00001257
30;19,1;-0,0000028;0,00000188;0,00000007398;0,00000001084;0,0000004764;-0,0000125
30;19,2;0,000002783;-0,00000187;-0,00000008002;-0,00000001078;-0,0000005167;0,00001243
30;19,3;-0,000002766;0,00000186;0,00000008578;0,00000001073;0,0000005552;-0,00001237
30;19,4;0,00000275;-0,00000185;-0,00000009127;-0,00000001067;-0,0000005919;0,0000123
30;19,5;-0,000002734;0,000001841;0,0000000965;0,00000001062;0,0000006268;-0,00001224
30;19,6;0,000002719;-0,000001832;-0,0000001015;-0,00000001056;-0,0000006602;0,00001218
30;19,7;-0,000002704;0,000001823;0,0000001062;0,00000001051;0,0000006919;-0,00001212
30;19,8;0,000002689;-0,000001814;-0,0000001108;-0,00000001046;-0,0000007221;0,00001206
30;19,9;-0,000002675;0,000001805;0,0000001151;0,00000001041;0,0000007509;-0,000012
30;20;0,000002661;-0,000001796;-0,0000001192;-0,00000001036;-0,0000007784;0,00001194
30;20,1;-0,000002647;0,000001787;0,0000001231;0,00000001031;0,0000008044;-0,00001188
30;20,2;0,000002634;-0,000001779;-0,0000001268;-0,00000001026;-0,0000008293;0,00001182
30;20,3;-0,000002621;0,000001771;0,0000001303;0,00000001022;0,0000008529;-0,00001177
30;20,4;0,000002608;-0,000001763;-0,0000001337;-0,00000001017;-0,0000008753;0,00001172
30;20,5;-0,000002595;0,000001755;0,0000001369;0,00000001013;0,0000008967;-0,00001166
30;20,6;0,000002583;-0,000001747;-0,0000001399;-0,00000001008;-0,0000009169;0,00001161
30;20,7;-0,00000257;0,00000174;0,0000001428;0,00000001004;0,0000009362;-0,00001156
30;20,8;0,000002559;-0,000001732;-0,0000001455;-0,000000009996;-0,0000009545;0,00001151
30;20,9;-0,000002547;0,000001725;0,0000001481;0,000000009953;0,0000009718;-0,00001146
30;21;0,000002535;-0,000001718;-0,0000001506;-0,000000009911;-0,0000009883;0,00001142
30;21,1;-0,000002524;0,00000171;0,0000001529;0,00000000987;0,000001004;-0,00001137
30;21,2;0,000002513;-0,000001703;-0,0000001551;-0,00000000983;-0,000001019;0,00001132
30;21,3;-0,000002502;0,000001696;0,0000001572;0,00000000979;0,000001033;-0,00001128
30;21,4;0,000002492;-0,00000169;-0,0000001592;-0,000000009751;-0,000001046;0,00001123
30;21,5;-0,000002481;0,000001683;0,000000161;0,000000009713;0,000001058;-0,00001119
30;21,6;0,000002471;-0,000001676;-0,0000001628;-0,000000009674;-0,00000107;0,00001114
30;21,7;-0,00000246;0,00000167;0,0000001645;0,000000009636;0,000001081;-0,0000111
30;21,8;0,00000245;-0,000001663;-0,000000166;-0,000000009599;-0,000001092;0,00001106
30;21,9;-0,000002441;0,000001657;0,0000001675;0,000000009562;0,000001102;-0,00001101
30;22;0,000002431;-0,000001651;-0,0000001689;-0,000000009526;-0,000001111;0,00001097
30;22,1;-0,000002421;0,000001644;0,0000001702;0,00000000949;0,00000112;-0,00001093
30;22,2;0,000002412;-0,000001638;-0,0000001715;-0,000000009454;-0,000001128;0,00001089
30;22,3;-0,000002402;0,000001632;0,0000001726;0,000000009419;0,000001136;-0,00001085
30;22,4;0,000002393;-0,000001626;-0,0000001737;-0,000000009384;-0,000001143;0,00001081
30;22,5;-0,000002384;0,00000162;0,0000001747;0,00000000935;0,00000115;-0,00001077
30;22,6;0,000002375;-0,000001615;-0,0000001757;-0,000000009316;-0,000001157;0,00001073
30;22,7;-0,000002366;0,000001609;0,0000001766;0,000000009282;0,000001163;-0,00001069
30;22,8;0,000002357;-0,000001603;-0,0000001774;-0,000000009249;-0,000001168;0,00001066
30;22,9;-0,000002349;0,000001597;0,0000001781;0,000000009216;0,000001173;-0,00001062
30;23;0,00000234;-0,000001592;-0,0000001789;-0,000000009183;-0,000001178;0,00001058
30;23,1;-0,000002332;0,000001586;0,0000001795;0,000000009151;0,000001183;-0,00001054
30;23,2;0,000002323;-0,000001581;-0,0000001801;-0,000000009119;-0,000001187;0,00001051
30;23,3;-0,000002315;0,000001575;0,0000001807;0,000000009087;0,00000119;-0,00001047
30;23,4;0,000002307;-0,00000157;-0,0000001812;-0,000000009056;-0,000001194;0,00001044
30;23,5;-0,000002299;0,000001565;0,0000001817;0,000000009025;0,000001197;-0,0000104
30;23,6;0,000002291;-0,000001559;-0,0000001821;-0,000000008994;-0,0000012;0,00001037
30;23,7;-0,000002283;0,000001554;0,0000001825;0,000000008963;0,000001203;-0,00001033
30;23,8;0,000002275;-0,000001549;-0,0000001828;-0,000000008933;-0,000001205;0,0000103
30;23,9;-0,000002267;0,000001544;0,0000001831;0,000000008903;0,000001207;-0,00001026
30;24;0,00000226;-0,000001539;-0,0000001834;-0,000000008873;-0,000001209;0,00001023
30;24,1;-0,000002252;0,000001534;0,0000001836;0,000000008843;0,00000121;-0,00001019
30;24,2;0,000002244;-0,000001529;-0,0000001838;-0,000000008813;-0,000001212;0,00001016
30;24,3;-0,000002237;0,000001524;0,000000184;0,000000008784;0,000001213;-0,00001013
30;24,4;0,000002229;-0,000001519;-0,0000001841;-0,000000008755;-0,000001214;0,00001009
30;24,5;-0,000002222;0,000001514;0,0000001843;0,000000008726;0,000001215;-0,00001006
30;24,6;0,000002215;-0,000001509;-0,0000001843;-0,000000008697;-0,000001216;0,00001003
30;24,7;-0,000002207;0,000001504;0,0000001844;0,000000008669;0,000001216;-0,000009997
30;24,8;0,0000022;-0,000001499;-0,0000001844;-0,00000000864;-0,000001216;0,000009965
30;24,9;-0,000002193;0,000001494;0,0000001845;0,000000008612;0,000001216;-0,000009933
30;25;0,000002186;-0,00000149;-0,0000001845;-0,000000008584;-0,000001216;0,000009902
30;25,1;-0,000002179;0,000001485;0,0000001844;0,000000008556;0,000001216;-0,00000987
30;25,2;0,000002172;-0,00000148;-0,0000001844;-0,000000008529;-0,000001216;0,000009839
30;25,3;-0,000002165;0,000001476;0,0000001843;0,000000008501;0,000001215;-0,000009808
30;25,4;0,000002158;-0,000001471;-0,0000001842;-0,000000008474;-0,000001215;0,000009777
30;25,5;-0,000002151;0,000001466;0,0000001841;0,000000008447;0,000001214;-0,000009747
30;25,6;0,000002144;-0,000001462;-0,000000184;-0,00000000842;-0,000001213;0,000009716
30;25,7;-0,000002137;0,000001457;0,0000001838;0,000000008393;0,000001213;-0,000009686
30;25,8;0,000002131;-0,000001453;-0,0000001837;-0,000000008366;-0,000001212;0,000009656
30;25,9;-0,000002124;0,000001448;0,0000001835;0,000000008339;0,00000121;-0,000009626
30;26;0,000002117;-0,000001444;-0,0000001833;-0,000000008313;-0,000001209;0,000009596
30;26,1;-0,000002111;0,000001439;0,0000001831;0,000000008286;0,000001208;-0,000009567
30;26,2;0,000002104;-0,000001435;-0,0000001829;-0,00000000826;-0,000001207;0,000009537
30;26,3;-0,000002098;0,000001431;0,0000001827;0,000000008234;0,000001205;-0,000009508
30;26,4;0,000002091;-0,000001426;-0,0000001824;-0,000000008209;-0,000001204;0,000009479
30;26,5;-0,000002085;0,000001422;0,0000001822;0,000000008183;0,000001202;-0,00000945
30;26,6;0,000002078;-0,000001417;-0,0000001819;-0,000000008158;-0,0000012;0,000009421
30;26,7;-0,000002072;0,000001413;0,0000001817;0,000000008132;0,000001199;-0,000009392
30;26,8;0,000002065;-0,000001409;-0,0000001814;-0,000000008107;-0,000001197;0,000009364
30;26,9;-0,000002059;0,000001405;0,0000001811;0,000000008082;0,000001195;-0,000009335
30;27;0,000002053;-0,0000014;-0,0000001808;-0,000000008057;-0,000001193;0,000009307
30;27,1;-0,000002047;0,000001396;0,0000001805;0,000000008032;0,000001191;-0,000009279
30;27,2;0,00000204;-0,000001392;-0,0000001802;-0,000000008007;-0,000001189;0,000009251
30;27,3;-0,000002034;0,000001388;0,0000001799;0,000000007982;0,000001187;-0,000009223
30;27,4;0,000002028;-0,000001383;-0,0000001796;-0,000000007957;-0,000001185;0,000009195
30;27,5;-0,000002022;0,000001379;0,0000001792;0,000000007932;0,000001182;-0,000009168
30;27,6;0,000002016;-0,000001375;-0,0000001789;-0,000000007908;-0,00000118;0,00000914
30;27,7;-0,00000201;0,000001371;0,0000001785;0,000000007884;0,000001178;-0,000009113
30;27,8;0,000002004;-0,000001367;-0,0000001782;-0,000000007859;-0,000001176;0,000009085
30;27,9;-0,000001997;0,000001363;0,0000001778;0,000000007835;0,000001173;-0,000009058
30;28;0,000001991;-0,000001359;-0,0000001775;-0,000000007811;-0,000001171;0,000009031
30;28,1;-0,000001985;0,000001355;0,0000001771;0,000000007787;0,000001169;-0,000009004
30;28,2;0,00000198;-0,000001351;-0,0000001767;-0,000000007763;-0,000001166;0,000008977
30;28,3;-0,000001974;0,000001347;0,0000001763;0,000000007739;0,000001164;-0,00000895
30;28,4;0,000001968;-0,000001343;-0,000000176;-0,000000007715;-0,000001161;0,000008924
30;28,5;-0,000001962;0,000001339;0,0000001756;0,000000007692;0,000001159;-0,000008897
30;28,6;0,000001956;-0,000001335;-0,0000001752;-0,000000007668;-0,000001156;0,000008871
30;28,7;-0,00000195;0,000001331;0,0000001748;0,000000007645;0,000001153;-0,000008844
30;28,8;0,000001944;-0,000001327;-0,0000001744;-0,000000007621;-0,000001151;0,000008818
30;28,9;-0,000001939;0,000001323;0,000000174;0,000000007598;0,000001148;-0,000008792
30;29;0,000001933;-0,000001319;-0,0000001736;-0,000000007575;-0,000001146;0,000008766
30;29,1;-0,000001927;0,000001315;0,0000001732;0,000000007552;0,000001143;-0,00000874
30;29,2;0,000001921;-0,000001311;-0,0000001728;-0,000000007528;-0,00000114;0,000008714
30;29,3;-0,000001916;0,000001307;0,0000001724;0,000000007505;0,000001138;-0,000008689
30;29,4;0,00000191;-0,000001303;-0,000000172;-0,000000007483;-0,000001135;0,000008663
30;29,5;-0,000001904;0,0000013;0,0000001716;0,00000000746;0,000001132;-0,000008637
30;29,6;0,000001899;-0,000001296;-0,0000001712;-0,000000007437;-0,00000113;0,000008612
30;29,7;-0,000001893;0,000001292;0,0000001707;0,000000007414;0,000001127;-0,000008586
30;29,8;0,000001887;-0,000001288;-0,0000001703;-0,000000007392;-0,000001124;0,000008561
30;29,9;-0,000001882;0,000001284;0,0000001699;0,000000007369;0,000001121;-0,000008536
30;30;0,000001876;-0,000001281;-0,0000001695;-0,000000007347;-0,000001118;0,000008511
30;30,1;-0,000001871;0,000001277;0,0000001691;0,000000007325;0,000001116;-0,000008486
30;30,2;0,000001865;-0,000001273;-0,0000001686;-0,000000007302;-0,000001113;0,000008461
30;30,3;-0,00000186;0,000001269;0,0000001682;0,00000000728;0,00000111;-0,000008436
30;30,4;0,000001854;-0,000001266;-0,0000001678;-0,000000007258;-0,000001107;0,000008411
30;30,5;-0,000001849;0,000001262;0,0000001674;0,000000007236;0,000001105;-0,000008386
30;30,6;0,000001843;-0,000001258;-0,0000001669;-0,000000007214;-0,000001102;0,000008362
30;30,7;-0,000001838;0,000001254;0,0000001665;0,000000007193;0,000001099;-0,000008337
30;30,8;0,000001833;-0,000001251;-0,0000001661;-0,000000007171;-0,000001096;0,000008313
30;30,9;-0,000001827;0,000001247;0,0000001657;0,000000007149;0,000001093;-0,000008289
30;31;0,000001822;-0,000001243;-0,0000001652;-0,000000007127;-0,00000109;0,000008264
30;31,1;-0,000001816;0,00000124;0,0000001648;0,000000007106;0,000001088;-0,00000824
30;31,2;0,000001811;-0,000001236;-0,0000001644;-0,000000007084;-0,000001085;0,000008216
30;31,3;-0,000001806;0,000001233;0,0000001639;0,000000007063;0,000001082;-0,000008192
30;31,4;0,000001801;-0,000001229;-0,0000001635;-0,000000007041;-0,000001079;0,000008168
30;31,5;-0,000001795;0,000001225;0,0000001631;0,00000000702;0,000001076;-0,000008144
30;31,6;0,00000179;-0,000001222;-0,0000001626;-0,000000006999;-0,000001073;0,00000812
30;31,7;-0,000001785;0,000001218;0,0000001622;0,000000006978;0,000001071;-0,000008096
30;31,8;0,00000178;-0,000001215;-0,0000001618;-0,000000006957;-0,000001068;0,000008073
30;31,9;-0,000001774;0,000001211;0,0000001614;0,000000006936;0,000001065;-0,000008049
30;32;0,000001769;-0,000001208;-0,0000001609;-0,000000006915;-0,000001062;0,000008026
30;32,1;-0,000001764;0,000001204;0,0000001605;0,000000006894;0,000001059;-0,000008002
30;32,2;0,000001759;-0,000001201;-0,0000001601;-0,000000006873;-0,000001056;0,000007979
30;32,3;-0,000001754;0,000001197;0,0000001596;0,000000006852;0,000001054;-0,000007956
30;32,4;0,000001749;-0,000001194;-0,0000001592;-0,000000006831;-0,000001051;0,000007932
30;32,5;-0,000001743;0,00000119;0,0000001588;0,000000006811;0,000001048;-0,000007909
30;32,6;0,000001738;-0,000001187;-0,0000001583;-0,00000000679;-0,000001045;0,000007886
30;32,7;-0,000001733;0,000001183;0,0000001579;0,00000000677;0,000001042;-0,000007863
30;32,8;0,000001728;-0,00000118;-0,0000001575;-0,000000006749;-0,000001039;0,00000784
30;32,9;-0,000001723;0,000001176;0,0000001571;0,000000006729;0,000001037;-0,000007817
30;33;0,000001718;-0,000001173;-0,0000001566;-0,000000006709;-0,000001034;0,000007795
30;33,1;-0,000001713;0,000001169;0,0000001562;0,000000006688;0,000001031;-0,000007772
30;33,2;0,000001708;-0,000001166;-0,0000001558;-0,000000006668;-0,000001028;0,000007749
30;33,3;-0,000001703;0,000001163;0,0000001554;0,000000006648;0,000001025;-0,000007727
30;33,4;0,000001698;-0,000001159;-0,0000001549;-0,000000006628;-0,000001023;0,000007704
30;33,5;-0,000001693;0,000001156;0,0000001545;0,000000006608;0,00000102;-0,000007682
30;33,6;0,000001688;-0,000001152;-0,0000001541;-0,000000006588;-0,000001017;0,00000766
30;33,7;-0,000001683;0,000001149;0,0000001537;0,000000006568;0,000001014;-0,000007637
30;33,8;0,000001679;-0,000001146;-0,0000001533;-0,000000006548;-0,000001012;0,000007615
30;33,9;-0,000001674;0,000001142;0,0000001528;0,000000006529;0,000001009;-0,000007593
30;34;0,000001669;-0,000001139;-0,0000001524;-0,000000006509;-0,000001006;0,000007571
30;34,1;-0,000001664;0,000001136;0,000000152;0,00000000649;0,000001003;-0,000007549
30;34,2;0,000001659;-0,000001133;-0,0000001516;-0,00000000647;-0,000001;0,000007527
30;34,3;-0,000001654;0,000001129;0,0000001512;0,00000000645;0,0000009977;-0,000007505
30;34,4;0,00000165;-0,000001126;-0,0000001507;-0,000000006431;-0,000000995;0,000007483
30;34,5;-0,000001645;0,000001123;0,0000001503;0,000000006411;0,0000009922;-0,000007461
30;34,6;0,00000164;-0,000001119;-0,0000001499;-0,000000006392;-0,0000009895;0,00000744
30;34,7;-0,000001635;0,000001116;0,0000001495;0,000000006373;0,0000009868;-0,000007418
30;34,8;0,00000163;-0,000001113;-0,0000001491;-0,000000006353;-0,000000984;0,000007397
30;34,9;-0,000001626;0,00000111;0,0000001487;0,000000006334;0,0000009813;-0,000007375
30;35;0,000001621;-0,000001106;-0,0000001483;-0,000000006315;-0,0000009786;0,000007354
30;35,1;-0,000001616;0,000001103;0,0000001479;0,000000006296;0,0000009759;-0,000007332
30;35,2;0,000001612;-0,0000011;-0,0000001474;-0,000000006277;-0,0000009732;0,000007311
30;35,3;-0,000001607;0,000001097;0,000000147;0,000000006259;0,0000009705;-0,00000729
30;35,4;0,000001602;-0,000001094;-0,0000001466;-0,00000000624;-0,0000009678;0,000007269
30;35,5;-0,000001598;0,00000109;0,0000001462;0,000000006221;0,0000009651;-0,000007247
30;35,6;0,000001593;-0,000001087;-0,0000001458;-0,000000006202;-0,0000009625;0,000007226
30;35,7;-0,000001588;0,000001084;0,0000001454;0,000000006183;0,0000009598;-0,000007205
30;35,8;0,000001584;-0,000001081;-0,000000145;-0,000000006164;-0,0000009571;0,000007185
30;35,9;-0,000001579;0,000001078;0,0000001446;0,000000006146;0,0000009545;-0,000007164
30;36;0,000001575;-0,000001075;-0,0000001442;-0,000000006127;-0,0000009518;0,000007143
30;36,1;-0,00000157;0,000001072;0,0000001438;0,000000006109;0,0000009492;-0,000007122
30;36,2;0,000001565;-0,000001069;-0,0000001434;-0,00000000609;-0,0000009466;0,000007102
30;36,3;-0,000001561;0,000001065;0,000000143;0,000000006072;0,0000009439;-0,000007081
30;36,4;0,000001556;-0,000001062;-0,0000001426;-0,000000006054;-0,0000009413;0,00000706
30;36,5;-0,000001552;0,000001059;0,0000001422;0,000000006035;0,0000009387;-0,00000704
30;36,6;0,000001547;-0,000001056;-0,0000001418;-0,000000006017;-0,0000009361;0,000007019
30;36,7;-0,000001543;0,000001053;0,0000001414;0,000000005999;0,0000009335;-0,000006999
30;36,8;0,000001538;-0,00000105;-0,000000141;-0,000000005981;-0,0000009309;0,000006979
30;36,9;-0,000001534;0,000001047;0,0000001406;0,000000005963;0,0000009283;-0,000006959
30;37;0,000001529;-0,000001044;-0,0000001402;-0,000000005946;-0,0000009257;0,000006938
30;37,1;-0,000001525;0,000001041;0,0000001398;0,000000005928;0,0000009231;-0,000006918
30;37,2;0,000001521;-0,000001038;-0,0000001395;-0,00000000591;-0,0000009206;0,000006898
30;37,3;-0,000001516;0,000001035;0,0000001391;0,000000005892;0,000000918;-0,000006878
30;37,4;0,000001512;-0,000001032;-0,0000001387;-0,000000005874;-0,0000009154;0,000006858
30;37,5;-0,000001507;0,000001029;0,0000001383;0,000000005856;0,0000009129;-0,000006838
30;37,6;0,000001503;-0,000001026;-0,0000001379;-0,000000005839;-0,0000009103;0,000006819
30;37,7;-0,000001499;0,000001023;0,0000001375;0,000000005821;0,0000009078;-0,000006799
30;37,8;0,000001494;-0,00000102;-0,0000001371;-0,000000005804;-0,0000009053;0,000006779
30;37,9;-0,00000149;0,000001017;0,0000001368;0,000000005786;0,0000009028;-0,00000676
30;38;0,000001486;-0,000001014;-0,0000001364;-0,000000005769;-0,0000009002;0,00000674
30;38,1;-0,000001481;0,000001011;0,000000136;0,000000005751;0,0000008977;-0,00000672
30;38,2;0,000001477;-0,000001008;-0,0000001356;-0,000000005734;-0,0000008952;0,000006701
30;38,3;-0,000001473;0,000001005;0,0000001352;0,000000005717;0,0000008927;-0,000006682
30;38,4;0,000001469;-0,000001002;-0,0000001349;-0,000000005699;-0,0000008903;0,000006662
30;38,5;-0,000001464;0,0000009995;0,0000001345;0,000000005682;0,0000008878;-0,000006643
30;38,6;0,00000146;-0,0000009966;-0,0000001341;-0,000000005665;-0,0000008853;0,000006624
30;38,7;-0,000001456;0,0000009938;0,0000001337;0,000000005648;0,0000008828;-0,000006605
30;38,8;0,000001452;-0,0000009909;-0,0000001334;-0,000000005631;-0,0000008804;0,000006585
30;38,9;-0,000001447;0,000000988;0,000000133;0,000000005614;0,0000008779;-0,000006566
30;39;0,000001443;-0,0000009852;-0,0000001326;-0,000000005597;-0,0000008755;0,000006547
30;39,1;-0,000001439;0,0000009823;0,0000001323;0,00000000558;0,000000873;-0,000006528
30;39,2;0,000001435;-0,0000009795;-0,0000001319;-0,000000005563;-0,0000008706;0,000006509
30;39,3;-0,000001431;0,0000009766;0,0000001315;0,000000005547;0,0000008682;-0,000006491
30;39,4;0,000001427;-0,0000009738;-0,0000001311;-0,00000000553;-0,0000008658;0,000006472
30;39,5;-0,000001423;0,000000971;0,0000001308;0,000000005513;0,0000008633;-0,000006453
30;39,6;0,000001418;-0,0000009682;-0,0000001304;-0,000000005497;-0,0000008609;0,000006434
30;39,7;-0,000001414;0,0000009654;0,0000001301;0,00000000548;0,0000008585;-0,000006416
30;39,8;0,00000141;-0,0000009626;-0,0000001297;-0,000000005464;-0,0000008561;0,000006397
30;39,9;-0,000001406;0,0000009598;0,0000001293;0,000000005447;0,0000008538;-0,000006379
30;40;0,000001402;-0,000000957;-0,000000129;-0,000000005431;-0,0000008514;0,00000636
31;0;0;0;0;0;0;0
31;0,1;-0,1945;-0,1359;-0,0028;0,00001017;-0,019;0,906
31;0,2;-0,3078;-0,2196;-0,0032;0,0000142;-0,021;1,464
31;0,3;-0,0589;-0,0498;0,0016;-0,0000004972;0,01;0,332
31;0,4;0,3371;0,2542;-0,0002898;-0,000009916;-0,001933;-1,695
31;0,5;-0,4705;-0,3517;-0,0004468;0,00001506;-0,002981;2,345
31;0,6;0,452;0,3371;0,0006467;-0,00001473;0,004314;-2,247
31;0,7;-0,3162;-0,2359;-0,0004295;0,00001016;-0,002865;1,573
31;0,8;0,1224;0,092;-0,000009872;-0,000003474;-0,00006579;-0,613
31;0,9;0,0666;0,0483;0,0004658;-0,000003068;0,003107;-0,322
31;1;-0,2011;-0,1482;-0,0007766;0,000007701;-0,00518;0,988
31;1,1;0,2559;0,189;0,0008576;-0,000009514;0,00572;-1,26
31;1,2;-0,2318;-0,1714;-0,0007075;0,000008533;-0,004719;1,143
31;1,3;0,1503;0,1114;0,0003914;-0,000005525;0,002611;-0,743
31;1,4;-0,0443;-0,0332;-0,000009921;0,000001653;-0,00006625;0,221
31;1,5;-0,0533;-0,0389;-0,0003353;0,000001911;-0,002236;0,259
31;1,6;0,1181;0,0867;0,0005692;-0,000004303;0,003797;-0,578
31;1,7;-0,1393;-0,1024;-0,0006588;0,000005133;-0,004394;0,682
31;1,8;0,1197;0,0878;0,0006141;-0,000004501;0,004096;-0,585
31;1,9;-0,0723;-0,0527;-0,0004772;0,000002875;-0,003183;0,351
31;2;0,0151;0,0103;0,0003056;-0,0000008916;0,002039;-0,069
31;2,1;0,0348;0,0266;-0,0001537;-0,0000008405;-0,001025;-0,177
31;2,2;-0,0656;-0,0493;0,00005931;0,0000019;0,0003956;0,329
31;2,3;0,0728;0,0547;-0,00003691;-0,000002129;-0,0002461;-0,365
31;2,4;-0,0591;-0,0446;0,00007846;0,000001622;0,0005232;0,297
31;2,5;0,0323;0,0247;-0,00016;-0,0000006525;-0,001067;-0,165
31;2,6;-0,0019;-0,0022;0,0002512;-0,0000004342;0,001675;0,015
31;2,7;-0,0231;-0,0163;-0,0003247;0,000001327;-0,002166;0,109
31;2,8;0,0372;0,0267;0,000363;-0,000001826;0,002421;-0,178
31;2,9;-0,0387;-0,0279;-0,0003611;0,000001874;-0,002408;0,186
31;3;0,0297;0,0212;0,0003254;-0,000001542;0,002171;-0,142
31;3,1;-0,0146;-0,0101;-0,0002702;0,0000009912;-0,001802;0,067
31;3,2;-0,0015;-0,0018;0,000212;-0,0000004057;0,001414;0,012
31;3,3;0,014;0,011;-0,0001648;-0,0000000554;-0,0011;-0,073
31;3,4;-0,0203;-0,0156;0,0001371;0,0000002978;0,0009146;0,104
31;3,5;0,0199;0,0153;-0,0001304;-0,0000003038;-0,00087;-0,102
31;3,6;-0,0143;-0,0112;0,0001405;0,0000001222;0,0009372;0,074
31;3,7;0,0059;0,0049;-0,0001594;0,0000001579;-0,001063;-0,033
31;3,8;0,0025;0,0013;0,0001785;-0,0000004383;0,001191;-0,008757
31;3,9;-0,0087;-0,0059;-0,0001908;0,0000006398;-0,001273;0,039
31;4;0,0114;0,0079;0,0001925;-0,0000007198;0,001284;-0,053
31;4,1;-0,0106;-0,0074;-0,0001835;0,0000006764;-0,001224;0,049
31;4,2;0,0073;0,0049;0,0001664;-0,0000005411;0,00111;-0,033
31;4,3;-0,0027;-0,0015;-0,0001459;0,0000003638;-0,0009729;0,01
31;4,4;-0,0016;-0,0016;0,0001263;-0,0000001962;0,0008425;0,011
31;4,5;0,0046;0,0038;-0,0001113;0,00000007765;-0,0007423;-0,025
31;4,6;-0,0057;-0,0046;0,0001024;-0,00000002692;0,0006832;0,031
31;4,7;0,005;0,0041;-0,00009951;0,00000004136;-0,0006637;-0,027
31;4,8;-0,003;-0,0026;0,0001008;-0,0000001017;0,0006724;0,017
31;4,9;0,0005558;0,0007529;-0,0001039;0,0000001803;-0,0006929;-0,005019
31;5;0,0017;0,0008967;0,0001063;-0,0000002502;0,0007093;-0,005978
31;5,1;-0,0031;-0,002;-0,0001065;0,0000002922;-0,0007101;0,013
31;5,2;0,0035;0,0023;0,0001036;-0,0000002983;0,0006908;-0,015
31;5,3;-0,0029;-0,0019;-0,00009791;0,0000002717;-0,000653;0,012
31;5,4;0,0018;0,001;0,0000905;-0,0000002239;0,0006036;-0,006814
31;5,5;-0,0004182;-0,00004348;-0,00008267;0,0000001698;-0,0005514;0,0002901
31;5,6;-0,0007175;-0,0007855;0,00007563;-0,0000001233;0,0005044;0,005237
31;5,7;0,0014;0,0013;-0,00007019;0,00000009345;-0,0004682;-0,008483
31;5,8;-0,0015;-0,0014;0,00006662;-0,00000008342;0,0004444;0,009023
31;5,9;0,0012;0,0011;-0,00006467;0,00000009043;-0,0004314;-0,007232
31;6;-0,0005266;-0,0006051;0,00006375;-0,0000001078;0,0004252;0,004034
31;6,1;-0,0001687;0,00008196;-0,00006314;0,0000001275;-0,0004211;-0,0005462
31;6,2;0,0007246;0,0003376;0,00006219;-0,0000001423;0,0004148;-0,002251
31;6,3;-0,001;-0,0005628;-0,00006053;0,000000148;-0,0004038;0,003752
31;6,4;0,001;0,0005721;0,00005806;-0,0000001435;0,0003873;-0,003814
31;6,5;-0,000785;-0,0004057;-0,00005494;0,0000001307;-0,0003664;0,002705
31;6,6;0,0004194;0,0001425;0,0000515;-0,0000001134;0,0003435;-0,0009502
31;6,7;-0,00004451;0,0001279;-0,00004813;0,00000009586;-0,000321;-0,0008525
31;6,8;-0,0002397;-0,0003315;0,00004514;-0,00000008172;0,0003011;0,00221
31;6,9;0,0003764;0,0004263;-0,00004269;0,00000007297;-0,0002847;-0,002842
31;7;-0,0003592;-0,0004075;0,00004081;-0,00000006984;0,0002722;0,002717
31;7,1;0,0002236;0,0003014;-0,00003939;0,00000007105;-0,0002627;-0,002009
31;7,2;-0,00002967;-0,0001524;0,00003822;-0,00000007448;0,000255;0,001016
31;7,3;-0,0001586;0,000007814;-0,00003712;0,00000007785;-0,0002476;-0,00005196
31;7,4;0,0002913;0,00009545;0,0000359;-0,00000007937;0,0002395;-0,0006364
31;7,5;-0,000343;-0,0001386;-0,00003451;0,00000007814;-0,0002302;0,0009239
31;7,6;0,0003148;0,0001223;0,00003292;-0,00000007419;0,0002196;-0,0008158
31;7,7;-0,0002287;-0,00006321;-0,00003122;0,00000006832;-0,0002082;0,0004215
31;7,8;0,0001182;-0,00001423;0,0000295;-0,00000006169;0,0001968;0,00009474
31;7,9;-0,00001654;0,00008527;-0,00002787;0,0000000555;-0,0001859;-0,0005683
31;8;-0,00005162;-0,0001317;0,00002639;-0,00000005062;0,000176;0,0008781
31;8,1;0,00007539;0,0001455;-0,00002511;0,00000004742;-0,0001675;-0,00097
31;8,2;-0,00005772;-0,0001288;0,00002402;-0,0000000458;0,0001602;0,0008588
31;8,3;0,00001201;0,00009155;-0,00002306;0,00000004528;-0,0001538;-0,0006102
31;8,4;0,00004352;-0,00004716;0,00002218;-0,00000004521;0,0001479;0,0003143
31;8,5;-0,00009157;0,000008435;-0,00002132;0,00000004496;-0,0001422;-0,00005615
31;8,6;0,0001202;0,00001581;0,00002044;-0,00000004411;0,0001363;-0,0001055
31;8,7;-0,000125;-0,0000223;-0,00001953;0,00000004249;-0,0001303;0,0001487
31;8,8;0,0001088;0,0000131;0,00001859;-0,00000004021;0,000124;-0,00008745
31;8,9;-0,00007943;0,000005955;-0,00001765;0,00000003752;-0,0001177;-0,00003962
31;9;0,00004672;-0,00002758;0,00001673;-0,0000000348;0,0001116;0,0001838
31;9,1;-0,00001955;0,00004521;-0,00001587;0,00000003233;-0,0001058;-0,0003013
31;9,2;0,000003606;-0,00005464;0,00001507;-0,00000003033;0,0001005;0,0003642
31;9,3;-0,0000005057;0,00005467;-0,00001435;0,00000002885;-0,0000957;-0,0003644
31;9,4;0,000008153;-0,00004685;0,00001369;-0,00000002781;0,0000913;0,0003123
31;9,5;-0,00002202;0,00003452;-0,00001308;0,00000002705;-0,00008723;-0,0002301
31;9,6;0,00003681;-0,00002159;0,0000125;-0,00000002637;0,00008336;0,0001439
31;9,7;-0,00004804;0,00001138;-0,00001193;0,00000002561;-0,00007959;-0,00007582
31;9,8;0,00005305;-0,000005852;0,00001137;-0,00000002469;0,00007586;0,00003895
31;9,9;-0,00005137;0,000005348;-0,00001082;0,00000002357;-0,00007215;-0,00003559
31;10;0,00004441;-0,00000882;0,00001027;-0,0000000223;0,00006849;0,00005874
31;10,1;-0,00003473;0,00001437;-0,000009733;0,00000002099;-0,00006492;-0,00009576
31;10,2;0,00002513;-0,00001993;0,000009219;-0,00000001971;0,0000615;0,0001328
31;10,3;-0,00001787;0,00002383;-0,000008734;0,00000001856;-0,00005826;-0,0001588
31;10,4;0,00001414;-0,00002518;0,000008279;-0,00000001757;0,00005522;0,0001678
31;10,5;-0,00001399;0,00002394;-0,000007854;0,00000001675;-0,00005239;-0,0001595
31;10,6;0,00001651;-0,00002077;0,000007456;-0,00000001605;0,00004973;0,0001384
31;10,7;-0,00002028;0,00001674;-0,000007079;0,00000001543;-0,00004722;-0,0001115
31;10,8;0,00002382;-0,00001293;0,000006718;-0,00000001484;0,00004481;0,00008616
31;10,9;-0,00002601;0,00001017;-0,000006369;0,00000001422;-0,00004248;-0,00006774
31;11;0,00002633;-0,000008845;0,000006028;-0,00000001357;0,00004021;0,00005891
31;11,1;-0,00002484;0,000008898;-0,000005697;0,00000001289;-0,000038;-0,00005927
31;11,2;0,0000221;-0,000009918;0,000005376;-0,00000001218;0,00003586;0,00006607
31;11,3;-0,0000189;0,00001132;-0,000005067;0,00000001149;-0,0000338;-0,00007545
31;11,4;0,00001599;-0,00001255;0,000004771;-0,00000001083;0,00003183;0,00008361
31;11,5;-0,00001393;0,00001319;-0,000004491;0,00000001022;-0,00002995;-0,00008787
31;11,6;0,00001294;-0,00001308;0,000004225;-0,00000000968;0,00002818;0,00008712
31;11,7;-0,00001291;0,00001228;-0,000003974;0,000000009192;-0,00002651;-0,00008185
31;11,8;0,00001352;-0,00001106;0,000003736;-0,000000008747;0,00002492;0,00007367
31;11,9;-0,00001433;0,00000971;-0,000003508;0,000000008329;-0,0000234;-0,00006469
31;12;0,00001496;-0,000008531;0,00000329;-0,000000007924;0,00002195;0,00005683
31;12,1;-0,00001513;0,000007716;-0,00000308;0,00000000752;-0,00002055;-0,0000514
31;12,2;0,00001477;-0,000007327;0,000002878;-0,000000007116;0,0000192;0,0000488
31;12,3;-0,00001395;0,000007304;-0,000002683;0,000000006712;-0,00001789;-0,00004865
31;12,4;0,00001286;-0,000007507;0,000002495;-0,000000006315;0,00001664;0,00005
31;12,5;-0,00001173;0,000007763;-0,000002315;0,000000005932;-0,00001544;-0,00005171
31;12,6;0,00001077;-0,000007924;0,000002143;-0,000000005569;0,0000143;0,00005279
31;12,7;-0,00001008;0,000007899;-0,000001979;0,00000000523;-0,0000132;-0,00005262
31;12,8;0,000009709;-0,000007664;0,000001824;-0,000000004916;0,00001217;0,00005106
31;12,9;-0,000009592;0,000007262;-0,000001676;0,000000004624;-0,00001118;-0,00004838
31;13;0,000009621;-0,000006772;0,000001535;-0,000000004349;0,00001024;0,00004511
31;13,1;-0,000009673;0,000006285;-0,0000014;0,000000004087;-0,000009338;-0,00004186
31;13,2;0,000009645;-0,000005875;0,000001271;-0,000000003834;0,000008476;0,00003913
31;13,3;-0,00000948;0,000005584;-0,000001146;0,000000003587;-0,000007649;-0,00003719
31;13,4;0,000009172;-0,000005416;0,000001027;-0,000000003345;0,000006855;0,00003607
31;13,5;-0,000008757;0,000005344;-0,0000009131;0,000000003109;-0,000006093;-0,00003559
31;13,6;0,000008294;-0,000005322;0,0000008037;-0,000000002882;0,000005363;0,00003545
31;13,7;-0,000007849;0,000005302;-0,0000006991;0,000000002664;-0,000004665;-0,00003531
31;13,8;0,000007471;-0,000005247;0,0000005993;-0,000000002457;0,000003999;0,00003494
31;13,9;-0,000007185;0,000005137;-0,0000005041;0,000000002261;-0,000003364;-0,00003421
31;14;0,00000699;-0,000004973;0,0000004133;-0,000000002077;0,000002759;0,00003312
31;14,1;-0,000006863;0,000004772;-0,0000003268;0,000000001903;-0,000002182;-0,00003178
31;14,2;0,000006769;-0,000004558;0,0000002443;-0,000000001738;0,000001631;0,00003035
31;14,3;-0,000006674;0,000004357;-0,0000001653;0,00000000158;-0,000001105;-0,00002901
31;14,4;0,000006552;-0,000004186;0,00000008988;-0,000000001428;0,0000006014;0,00002787
31;14,5;-0,000006394;0,000004053;-0,00000001765;0,000000001281;-0,0000001197;-0,00002698
31;14,6;0,000006201;-0,000003955;-0,00000005146;-0,000000001138;-0,0000003413;0,00002634
31;14,7;-0,000005986;0,000003883;0,0000001175;0,000000001001;0,0000007821;-0,00002586
31;14,8;0,000005769;-0,000003823;-0,0000001807;-0,0000000008698;-0,000001203;0,00002546
31;14,9;-0,000005566;0,000003761;0,0000002409;0,0000000007443;0,000001605;-0,00002504
31;15;0,000005389;-0,000003689;-0,0000002984;-0,0000000006252;-0,000001988;0,00002456
31;15,1;-0,000005242;0,000003602;0,0000003532;0,0000000005117;0,000002354;-0,00002398
31;15,2;0,000005122;-0,000003503;-0,0000004054;-0,0000000004043;-0,000002702;0,00002332
31;15,3;-0,000005021;0,000003398;0,0000004551;0,0000000003023;0,000003034;-0,00002262
31;15,4;0,000004928;-0,000003293;-0,0000005026;-0,0000000002045;-0,00000335;0,00002193
31;15,5;-0,000004835;0,000003197;0,0000005479;0,000000000111;0,000003652;-0,00002128
31;15,6;0,000004735;-0,000003111;-0,0000005911;-0,00000000002134;-0,00000394;0,00002071
31;15,7;-0,000004626;0,000003038;0,0000006323;-0,00000000006474;0,000004215;-0,00002023
31;15,8;0,000004512;-0,000002976;-0,0000006716;0,0000000001476;-0,000004478;0,00001981
31;15,9;-0,000004395;0,000002922;0,0000007091;-0,0000000002266;0,000004728;-0,00001945
31;16;0,000004281;-0,00000287;-0,0000007448;0,000000000302;-0,000004966;0,0000191
31;16,1;-0,000004175;0,000002818;0,0000007788;-0,0000000003746;0,000005193;-0,00001876
31;16,2;0,000004079;-0,000002764;-0,0000008112;0,0000000004432;-0,000005409;0,0000184
31;16,3;-0,000003993;0,000002707;0,000000842;-0,0000000005082;0,000005614;-0,00001802
31;16,4;0,000003916;-0,000002649;-0,0000008712;0,0000000005702;-0,000005809;0,00001763
31;16,5;-0,000003845;0,00000259;0,0000008991;-0,0000000006292;0,000005995;-0,00001724
31;16,6;0,000003777;-0,000002534;-0,0000009256;0,0000000006858;-0,000006172;0,00001686
31;16,7;-0,00000371;0,000002481;0,0000009508;-0,0000000007397;0,00000634;-0,00001651
31;16,8;0,000003642;-0,000002432;-0,0000009747;0,0000000007912;-0,000006499;0,00001619
31;16,9;-0,000003573;0,000002388;0,0000009974;-0,0000000008407;0,000006651;-0,0000159
31;17;0,000003504;-0,000002348;-0,000001019;0,0000000008875;-0,000006795;0,00001563
31;17,1;-0,000003436;0,00000231;0,00000104;-0,000000000932;0,000006932;-0,00001538
31;17,2;0,000003372;-0,000002274;-0,000001059;0,0000000009745;-0,000007062;0,00001513
31;17,3;-0,00000331;0,000002238;0,000001078;-0,000000001015;0,000007185;-0,00001489
31;17,4;0,000003253;-0,000002202;-0,000001095;0,000000001055;-0,000007302;0,00001465
31;17,5;-0,0000032;0,000002166;0,000001112;-0,000000001091;0,000007412;-0,00001441
31;17,6;0,00000315;-0,00000213;-0,000001127;0,000000001126;-0,000007517;0,00001418
31;17,7;-0,000003103;0,000002096;0,000001142;-0,000000001159;0,000007615;-0,00001395
31;17,8;0,000003057;-0,000002062;-0,000001156;0,00000000119;-0,000007709;0,00001372
31;17,9;-0,000003012;0,000002031;0,000001169;-0,00000000122;0,000007797;-0,00001351
31;18;0,000002968;-0,000002001;-0,000001182;0,000000001248;-0,000007881;0,00001332
31;18,1;-0,000002924;0,000001973;0,000001194;-0,000000001276;0,000007959;-0,00001313
31;18,2;0,000002882;-0,000001947;-0,000001205;0,000000001302;-0,000008033;0,00001295
31;18,3;-0,00000284;0,000001922;0,000001215;-0,000000001326;0,000008103;-0,00001279
31;18,4;0,000002801;-0,000001897;-0,000001225;0,000000001349;-0,000008169;0,00001262
31;18,5;-0,000002763;0,000001873;0,000001234;-0,000000001372;0,000008231;-0,00001246
31;18,6;0,000002727;-0,00000185;-0,000001243;0,000000001393;-0,000008288;0,00001231
31;18,7;-0,000002693;0,000001827;0,000001251;-0,000000001412;0,000008343;-0,00001215
31;18,8;0,00000266;-0,000001804;-0,000001259;0,000000001431;-0,000008393;0,000012
31;18,9;-0,000002629;0,000001783;0,000001266;-0,000000001449;0,000008441;-0,00001186
31;19;0,000002598;-0,000001762;-0,000001272;0,000000001466;-0,000008485;0,00001172
31;19,1;-0,000002569;0,000001742;0,000001279;-0,000000001483;0,000008526;-0,00001159
31;19,2;0,00000254;-0,000001723;-0,000001284;0,000000001498;-0,000008564;0,00001146
31;19,3;-0,000002511;0,000001704;0,00000129;-0,000000001511;0,0000086;-0,00001134
31;19,4;0,000002484;-0,000001687;-0,000001295;0,000000001524;-0,000008633;0,00001122
31;19,5;-0,000002457;0,00000167;0,000001299;-0,000000001537;0,000008663;-0,00001111
31;19,6;0,000002432;-0,000001653;-0,000001303;0,000000001549;-0,000008691;0,000011
31;19,7;-0,000002407;0,000001637;0,000001307;-0,00000000156;0,000008716;-0,00001089
31;19,8;0,000002384;-0,000001622;-0,000001311;0,000000001571;-0,000008739;0,00001079
31;19,9;-0,000002361;0,000001606;0,000001314;-0,00000000158;0,00000876;-0,00001068
31;20;0,000002339;-0,000001591;-0,000001317;0,000000001589;-0,000008779;0,00001059
31;20,1;-0,000002318;0,000001577;0,000001319;-0,000000001598;0,000008797;-0,00001049
31;20,2;0,000002297;-0,000001563;-0,000001321;0,000000001605;-0,000008812;0,0000104
31;20,3;-0,000002277;0,00000155;0,000001323;-0,000000001612;0,000008825;-0,00001031
31;20,4;0,000002257;-0,000001537;-0,000001325;0,000000001619;-0,000008837;0,00001022
31;20,5;-0,000002238;0,000001524;0,000001327;-0,000000001626;0,000008847;-0,00001014
31;20,6;0,00000222;-0,000001512;-0,000001328;0,000000001632;-0,000008855;0,00001006
31;20,7;-0,000002202;0,0000015;0,000001329;-0,000000001637;0,000008862;-0,00000998
31;20,8;0,000002184;-0,000001489;-0,00000133;0,000000001642;-0,000008868;0,000009904
31;20,9;-0,000002168;0,000001478;0,00000133;-0,000000001647;0,000008872;-0,000009829
31;21;0,000002151;-0,000001467;-0,000001331;0,000000001652;-0,000008875;0,000009757
31;21,1;-0,000002135;0,000001456;0,000001331;-0,000000001656;0,000008877;-0,000009686
31;21,2;0,00000212;-0,000001446;-0,000001331;0,00000000166;-0,000008877;0,000009618
31;21,3;-0,000002105;0,000001436;0,000001331;-0,000000001663;0,000008877;-0,000009551
31;21,4;0,000002091;-0,000001426;-0,000001331;0,000000001665;-0,000008875;0,000009486
31;21,5;-0,000002076;0,000001417;0,00000133;-0,000000001668;0,000008872;-0,000009423
31;21,6;0,000002062;-0,000001408;-0,00000133;0,00000000167;-0,000008869;0,000009362
31;21,7;-0,000002049;0,000001399;0,000001329;-0,000000001672;0,000008864;-0,000009302
31;21,8;0,000002036;-0,00000139;-0,000001328;0,000000001675;-0,000008858;0,000009244
31;21,9;-0,000002023;0,000001381;0,000001327;-0,000000001676;0,000008852;-0,000009187
31;22;0,00000201;-0,000001373;-0,000001326;0,000000001677;-0,000008845;0,000009132
31;22,1;-0,000001998;0,000001365;0,000001325;-0,000000001678;0,000008837;-0,000009077
31;22,2;0,000001986;-0,000001357;-0,000001324;0,000000001679;-0,000008828;0,000009024
31;22,3;-0,000001975;0,000001349;0,000001322;-0,00000000168;0,000008818;-0,000008973
31;22,4;0,000001963;-0,000001342;-0,000001321;0,00000000168;-0,000008808;0,000008922
31;22,5;-0,000001952;0,000001334;0,000001319;-0,00000000168;0,000008797;-0,000008873
31;22,6;0,000001942;-0,000001327;-0,000001317;0,00000000168;-0,000008786;0,000008824
31;22,7;-0,000001931;0,00000132;0,000001316;-0,000000001679;0,000008774;-0,000008777
31;22,8;0,000001921;-0,000001313;-0,000001314;0,000000001678;-0,000008761;0,000008731
31;22,9;-0,00000191;0,000001306;0,000001312;-0,000000001678;0,000008748;-0,000008686
31;23;0,000001901;-0,000001299;-0,00000131;0,000000001677;-0,000008735;0,000008641
31;23,1;-0,000001891;0,000001293;0,000001308;-0,000000001677;0,000008721;-0,000008598
31;23,2;0,000001881;-0,000001287;-0,000001306;0,000000001676;-0,000008706;0,000008555
31;23,3;-0,000001872;0,00000128;0,000001303;-0,000000001674;0,000008691;-0,000008514
31;23,4;0,000001863;-0,000001274;-0,000001301;0,000000001672;-0,000008676;0,000008473
31;23,5;-0,000001854;0,000001268;0,000001299;-0,000000001671;0,00000866;-0,000008432
31;23,6;0,000001845;-0,000001262;-0,000001296;0,000000001669;-0,000008644;0,000008393
31;23,7;-0,000001836;0,000001256;0,000001294;-0,000000001667;0,000008627;-0,000008354
31;23,8;0,000001828;-0,000001251;-0,000001291;0,000000001665;-0,00000861;0,000008316
31;23,9;-0,000001819;0,000001245;0,000001289;-0,000000001663;0,000008593;-0,000008279
31;24;0,000001811;-0,000001239;-0,000001286;0,000000001661;-0,000008576;0,000008242
31;24,1;-0,000001803;0,000001234;0,000001283;-0,000000001659;0,000008558;-0,000008206
31;24,2;0,000001795;-0,000001229;-0,000001281;0,000000001657;-0,00000854;0,00000817
31;24,3;-0,000001787;0,000001223;0,000001278;-0,000000001654;0,000008522;-0,000008135
31;24,4;0,00000178;-0,000001218;-0,000001275;0,000000001652;-0,000008503;0,0000081
31;24,5;-0,000001772;0,000001213;0,000001272;-0,000000001649;0,000008484;-0,000008066
31;24,6;0,000001765;-0,000001208;-0,000001269;0,000000001647;-0,000008465;0,000008033
31;24,7;-0,000001757;0,000001203;0,000001267;-0,000000001644;0,000008446;-0,000008
31;24,8;0,00000175;-0,000001198;-0,000001264;0,000000001641;-0,000008427;0,000007967
31;24,9;-0,000001743;0,000001193;0,000001261;-0,000000001639;0,000008407;-0,000007935
31;25;0,000001736;-0,000001189;-0,000001258;0,000000001636;-0,000008387;0,000007903
31;25,1;-0,000001729;0,000001184;0,000001255;-0,000000001633;0,000008368;-0,000007872
31;25,2;0,000001722;-0,000001179;-0,000001252;0,00000000163;-0,000008347;0,000007841
31;25,3;-0,000001715;0,000001175;0,000001249;-0,000000001627;0,000008327;-0,000007811
31;25,4;0,000001709;-0,00000117;-0,000001246;0,000000001624;-0,000008307;0,000007781
31;25,5;-0,000001702;0,000001166;0,000001243;-0,000000001621;0,000008286;-0,000007751
31;25,6;0,000001696;-0,000001161;-0,000001239;0,000000001617;-0,000008266;0,000007721
31;25,7;-0,000001689;0,000001157;0,000001236;-0,000000001614;0,000008245;-0,000007692
31;25,8;0,000001683;-0,000001152;-0,000001233;0,000000001611;-0,000008224;0,000007664
31;25,9;-0,000001676;0,000001148;0,00000123;-0,000000001608;0,000008204;-0,000007635
31;26;0,00000167;-0,000001144;-0,000001227;0,000000001605;-0,000008183;0,000007607
31;26,1;-0,000001664;0,00000114;0,000001224;-0,000000001602;0,000008161;-0,000007579
31;26,2;0,000001658;-0,000001136;-0,000001221;0,000000001599;-0,00000814;0,000007551
31;26,3;-0,000001652;0,000001132;0,000001217;-0,000000001595;0,000008119;-0,000007524
31;26,4;0,000001646;-0,000001127;-0,000001214;0,000000001591;-0,000008098;0,000007497
31;26,5;-0,00000164;0,000001123;0,000001211;-0,000000001587;0,000008077;-0,00000747
31;26,6;0,000001634;-0,000001119;-0,000001208;0,000000001584;-0,000008055;0,000007444
31;26,7;-0,000001628;0,000001116;0,000001205;-0,00000000158;0,000008034;-0,000007418
31;26,8;0,000001623;-0,000001112;-0,000001201;0,000000001577;-0,000008012;0,000007392
31;26,9;-0,000001617;0,000001108;0,000001198;-0,000000001573;0,000007991;-0,000007366
31;27;0,000001611;-0,000001104;-0,000001195;0,000000001569;-0,000007969;0,00000734
31;27,1;-0,000001606;0,0000011;0,000001192;-0,000000001565;0,000007948;-0,000007315
31;27,2;0,0000016;-0,000001096;-0,000001189;0,000000001561;-0,000007926;0,00000729
31;27,3;-0,000001594;0,000001092;0,000001185;-0,000000001558;0,000007905;-0,000007265
31;27,4;0,000001589;-0,000001089;-0,000001182;0,000000001554;-0,000007883;0,00000724
31;27,5;-0,000001584;0,000001085;0,000001179;-0,000000001551;0,000007861;-0,000007215
31;27,6;0,000001578;-0,000001081;-0,000001176;0,000000001547;-0,00000784;0,000007191
31;27,7;-0,000001573;0,000001078;0,000001172;-0,000000001543;0,000007818;-0,000007166
31;27,8;0,000001568;-0,000001074;-0,000001169;0,000000001539;-0,000007796;0,000007142
31;27,9;-0,000001562;0,000001071;0,000001166;-0,000000001536;0,000007775;-0,000007118
31;28;0,000001557;-0,000001067;-0,000001163;0,000000001532;-0,000007753;0,000007095
31;28,1;-0,000001552;0,000001063;0,000001159;-0,000000001528;0,000007731;-0,000007071
31;28,2;0,000001547;-0,00000106;-0,000001156;0,000000001524;-0,00000771;0,000007048
31;28,3;-0,000001542;0,000001056;0,000001153;-0,000000001521;0,000007688;-0,000007024
31;28,4;0,000001536;-0,000001053;-0,00000115;0,000000001517;-0,000007666;0,000007001
31;28,5;-0,000001531;0,000001049;0,000001146;-0,000000001513;0,000007645;-0,000006978
31;28,6;0,000001526;-0,000001046;-0,000001143;0,000000001509;-0,000007623;0,000006955
31;28,7;-0,000001521;0,000001043;0,00000114;-0,000000001506;0,000007601;-0,000006933
31;28,8;0,000001516;-0,000001039;-0,000001137;0,000000001502;-0,00000758;0,00000691
31;28,9;-0,000001511;0,000001036;0,000001133;-0,000000001498;0,000007558;-0,000006888
31;29;0,000001507;-0,000001032;-0,00000113;0,000000001495;-0,000007537;0,000006865
31;29,1;-0,000001502;0,000001029;0,000001127;-0,000000001491;0,000007515;-0,000006843
31;29,2;0,000001497;-0,000001026;-0,000001124;0,000000001487;-0,000007494;0,000006821
31;29,3;-0,000001492;0,000001023;0,00000112;-0,000000001484;0,000007472;-0,000006799
31;29,4;0,000001487;-0,000001019;-0,000001117;0,00000000148;-0,000007451;0,000006777
31;29,5;-0,000001482;0,000001016;0,000001114;-0,000000001476;0,00000743;-0,000006756
31;29,6;0,000001478;-0,000001013;-0,000001111;0,000000001472;-0,000007408;0,000006734
31;29,7;-0,000001473;0,000001009;0,000001108;-0,000000001469;0,000007387;-0,000006713
31;29,8;0,000001468;-0,000001006;-0,000001104;0,000000001465;-0,000007366;0,000006691
31;29,9;-0,000001463;0,000001003;0,000001101;-0,000000001461;0,000007344;-0,00000667
31;30;0,000001459;-0,0000009999;-0,000001098;0,000000001457;-0,000007323;0,000006649
31;30,1;-0,000001454;0,0000009967;0,000001095;-0,000000001453;0,000007302;-0,000006628
31;30,2;0,00000145;-0,0000009935;-0,000001092;0,00000000145;-0,000007281;0,000006607
31;30,3;-0,000001445;0,0000009904;0,000001089;-0,000000001446;0,00000726;-0,000006586
31;30,4;0,00000144;-0,0000009873;-0,000001085;0,000000001442;-0,000007239;0,000006565
31;30,5;-0,000001436;0,0000009842;0,000001082;-0,000000001438;0,000007218;-0,000006544
31;30,6;0,000001431;-0,0000009811;-0,000001079;0,000000001434;-0,000007197;0,000006524
31;30,7;-0,000001427;0,000000978;0,000001076;-0,00000000143;0,000007176;-0,000006503
31;30,8;0,000001422;-0,0000009749;-0,000001073;0,000000001427;-0,000007155;0,000006483
31;30,9;-0,000001418;0,0000009718;0,00000107;-0,000000001423;0,000007134;-0,000006462
31;31;0,000001413;-0,0000009688;-0,000001067;0,00000000142;-0,000007113;0,000006442
31;31,1;-0,000001409;0,0000009658;0,000001064;-0,000000001416;0,000007092;-0,000006422
31;31,2;0,000001405;-0,0000009627;-0,00000106;0,000000001412;-0,000007072;0,000006402
31;31,3;-0,0000014;0,0000009597;0,000001057;-0,000000001409;0,000007051;-0,000006382
31;31,4;0,000001396;-0,0000009567;-0,000001054;0,000000001405;-0,00000703;0,000006362
31;31,5;-0,000001391;0,0000009537;0,000001051;-0,000000001401;0,00000701;-0,000006342
31;31,6;0,000001387;-0,0000009508;-0,000001048;0,000000001398;-0,000006989;0,000006322
31;31,7;-0,000001383;0,0000009478;0,000001045;-0,000000001394;0,000006969;-0,000006302
31;31,8;0,000001378;-0,0000009449;-0,000001042;0,00000000139;-0,000006948;0,000006283
31;31,9;-0,000001374;0,0000009419;0,000001039;-0,000000001386;0,000006928;-0,000006263
31;32;0,00000137;-0,000000939;-0,000001036;0,000000001383;-0,000006908;0,000006244
31;32,1;-0,000001366;0,0000009361;0,000001033;-0,00000000138;0,000006887;-0,000006224
31;32,2;0,000001361;-0,0000009332;-0,00000103;0,000000001376;-0,000006867;0,000006205
31;32,3;-0,000001357;0,0000009303;0,000001027;-0,000000001372;0,000006847;-0,000006186
31;32,4;0,000001353;-0,0000009274;-0,000001024;0,000000001369;-0,000006827;0,000006167
31;32,5;-0,000001349;0,0000009245;0,000001021;-0,000000001365;0,000006807;-0,000006148
31;32,6;0,000001345;-0,0000009217;-0,000001018;0,000000001362;-0,000006787;0,000006129
31;32,7;-0,00000134;0,0000009188;0,000001015;-0,000000001358;0,000006767;-0,00000611
31;32,8;0,000001336;-0,000000916;-0,000001012;0,000000001354;-0,000006747;0,000006091
31;32,9;-0,000001332;0,0000009131;0,000001009;-0,000000001351;0,000006727;-0,000006072
31;33;0,000001328;-0,0000009103;-0,000001006;0,000000001347;-0,000006707;0,000006053
31;33,1;-0,000001324;0,0000009075;0,000001003;-0,000000001343;0,000006687;-0,000006034
31;33,2;0,00000132;-0,0000009047;-0,0000009998;0,00000000134;-0,000006668;0,000006016
31;33,3;-0,000001316;0,0000009019;0,0000009969;-0,000000001336;0,000006648;-0,000005997
31;33,4;0,000001312;-0,0000008991;-0,0000009939;0,000000001332;-0,000006628;0,000005979
31;33,5;-0,000001308;0,0000008964;0,000000991;-0,000000001329;0,000006609;-0,00000596
31;33,6;0,000001304;-0,0000008936;-0,0000009881;0,000000001326;-0,000006589;0,000005942
31;33,7;-0,0000013;0,0000008908;0,0000009851;-0,000000001322;0,00000657;-0,000005924
31;33,8;0,000001296;-0,0000008881;-0,0000009822;0,000000001318;-0,00000655;0,000005905
31;33,9;-0,000001292;0,0000008854;0,0000009793;-0,000000001315;0,000006531;-0,000005887
31;34;0,000001288;-0,0000008826;-0,0000009764;0,000000001311;-0,000006512;0,000005869
31;34,1;-0,000001284;0,0000008799;0,0000009735;-0,000000001308;0,000006492;-0,000005851
31;34,2;0,00000128;-0,0000008772;-0,0000009707;0,000000001304;-0,000006473;0,000005833
31;34,3;-0,000001276;0,0000008745;0,0000009678;-0,000000001301;0,000006454;-0,000005815
31;34,4;0,000001272;-0,0000008718;-0,0000009649;0,000000001298;-0,000006435;0,000005797
31;34,5;-0,000001268;0,0000008691;0,0000009621;-0,000000001294;0,000006416;-0,000005779
31;34,6;0,000001264;-0,0000008665;-0,0000009592;0,000000001291;-0,000006397;0,000005762
31;34,7;-0,00000126;0,0000008638;0,0000009564;-0,000000001288;0,000006378;-0,000005744
31;34,8;0,000001256;-0,0000008612;-0,0000009536;0,000000001284;-0,000006359;0,000005726
31;34,9;-0,000001252;0,0000008585;0,0000009507;-0,000000001281;0,00000634;-0,000005709
31;35;0,000001248;-0,0000008559;-0,0000009479;0,000000001277;-0,000006322;0,000005691
31;35,1;-0,000001245;0,0000008532;0,0000009451;-0,000000001274;0,000006303;-0,000005674
31;35,2;0,000001241;-0,0000008506;-0,0000009423;0,00000000127;-0,000006284;0,000005656
31;35,3;-0,000001237;0,000000848;0,0000009395;-0,000000001267;0,000006266;-0,000005639
31;35,4;0,000001233;-0,0000008454;-0,0000009367;0,000000001264;-0,000006247;0,000005622
31;35,5;-0,000001229;0,0000008428;0,000000934;-0,00000000126;0,000006228;-0,000005604
31;35,6;0,000001226;-0,0000008402;-0,0000009312;0,000000001257;-0,00000621;0,000005587
31;35,7;-0,000001222;0,0000008376;0,0000009284;-0,000000001254;0,000006192;-0,00000557
31;35,8;0,000001218;-0,0000008351;-0,0000009257;0,000000001251;-0,000006173;0,000005553
31;35,9;-0,000001214;0,0000008325;0,0000009229;-0,000000001247;0,000006155;-0,000005536
31;36;0,000001211;-0,00000083;-0,0000009202;0,000000001244;-0,000006137;0,000005519
31;36,1;-0,000001207;0,0000008274;0,0000009175;-0,000000001241;0,000006119;-0,000005502
31;36,2;0,000001203;-0,0000008249;-0,0000009148;0,000000001238;-0,0000061;0,000005485
31;36,3;-0,0000012;0,0000008223;0,000000912;-0,000000001235;0,000006082;-0,000005468
31;36,4;0,000001196;-0,0000008198;-0,0000009093;0,000000001232;-0,000006064;0,000005452
31;36,5;-0,000001192;0,0000008173;0,0000009066;-0,000000001228;0,000006046;-0,000005435
31;36,6;0,000001189;-0,0000008148;-0,0000009039;0,000000001225;-0,000006028;0,000005418
31;36,7;-0,000001185;0,0000008123;0,0000009013;-0,000000001221;0,00000601;-0,000005402
31;36,8;0,000001181;-0,0000008098;-0,0000008986;0,000000001218;-0,000005993;0,000005385
31;36,9;-0,000001178;0,0000008073;0,0000008959;-0,000000001214;0,000005975;-0,000005369
31;37;0,000001174;-0,0000008049;-0,0000008933;0,000000001211;-0,000005957;0,000005352
31;37,1;-0,00000117;0,0000008024;0,0000008906;-0,000000001208;0,000005939;-0,000005336
31;37,2;0,000001167;-0,0000007999;-0,000000888;0,000000001205;-0,000005922;0,000005319
31;37,3;-0,000001163;0,0000007975;0,0000008853;-0,000000001201;0,000005904;-0,000005303
31;37,4;0,00000116;-0,000000795;-0,0000008827;0,000000001198;-0,000005887;0,000005287
31;37,5;-0,000001156;0,0000007926;0,0000008801;-0,000000001195;0,000005869;-0,000005271
31;37,6;0,000001153;-0,0000007902;-0,0000008775;0,000000001192;-0,000005852;0,000005254
31;37,7;-0,000001149;0,0000007878;0,0000008749;-0,000000001188;0,000005834;-0,000005238
31;37,8;0,000001146;-0,0000007853;-0,0000008723;0,000000001185;-0,000005817;0,000005222
31;37,9;-0,000001142;0,0000007829;0,0000008697;-0,000000001182;0,0000058;-0,000005206
31;38;0,000001139;-0,0000007805;-0,0000008671;0,000000001179;-0,000005783;0,00000519
31;38,1;-0,000001135;0,0000007781;0,0000008645;-0,000000001176;0,000005765;-0,000005174
31;38,2;0,000001132;-0,0000007758;-0,000000862;0,000000001173;-0,000005748;0,000005159
31;38,3;-0,000001128;0,0000007734;0,0000008594;-0,00000000117;0,000005731;-0,000005143
31;38,4;0,000001125;-0,000000771;-0,0000008569;0,000000001167;-0,000005714;0,000005127
31;38,5;-0,000001121;0,0000007686;0,0000008543;-0,000000001164;0,000005697;-0,000005111
31;38,6;0,000001118;-0,0000007663;-0,0000008518;0,000000001161;-0,00000568;0,000005096
31;38,7;-0,000001114;0,0000007639;0,0000008492;-0,000000001158;0,000005664;-0,00000508
31;38,8;0,000001111;-0,0000007616;-0,0000008467;0,000000001155;-0,000005647;0,000005064
31;38,9;-0,000001108;0,0000007593;0,0000008442;-0,000000001152;0,00000563;-0,000005049
31;39;0,000001104;-0,0000007569;-0,0000008417;0,000000001149;-0,000005613;0,000005033
31;39,1;-0,000001101;0,0000007546;0,0000008392;-0,000000001146;0,000005597;-0,000005018
31;39,2;0,000001097;-0,0000007523;-0,0000008367;0,000000001143;-0,00000558;0,000005003
31;39,3;-0,000001094;0,00000075;0,0000008342;-0,00000000114;0,000005563;-0,000004987
31;39,4;0,000001091;-0,0000007477;-0,0000008317;0,000000001137;-0,000005547;0,000004972
31;39,5;-0,000001087;0,0000007454;0,0000008293;-0,000000001134;0,00000553;-0,000004957
31;39,6;0,000001084;-0,0000007431;-0,0000008268;0,000000001131;-0,000005514;0,000004942
31;39,7;-0,000001081;0,0000007409;0,0000008244;-0,000000001128;0,000005498;-0,000004927
31;39,8;0,000001077;-0,0000007386;-0,0000008219;0,000000001125;-0,000005481;0,000004911
31;39,9;-0,000001074;0,0000007363;0,0000008195;-0,000000001122;0,000005465;-0,000004896
31;40;0,000001071;-0,0000007341;-0,000000817;0,000000001119;-0,000005449;0,000004881
32;0;0;0;0;0;0;0
32;0,1;-0,2361;-0,1612;-0,0031;0,000003347;-0,02;1,074
32;0,2;-0,3804;-0,2674;-0,0034;0,000004814;-0,023;1,783
32;0,3;-0,0837;-0,0716;0,0017;0,00000008771;0,011;0,478
32;0,4;0,4353;0,3284;-0,0002958;-0,000003802;-0,001972;-2,189
32;0,5;-0,6027;-0,4498;-0,0005039;0,000005611;-0,00336;2,999
32;0,6;0,5769;0,4293;0,0007186;-0,000005434;0,004791;-2,862
32;0,7;-0,4021;-0,2994;-0,0004788;0,000003727;-0,003193;1,996
32;0,8;0,1537;0,1155;-0,00000292;-0,000001261;-0,00001941;-0,77
32;0,9;0,0881;0,0634;0,0005021;-0,000001145;0,003348;-0,423
32;1;-0,2602;-0,1909;-0,0008425;0,000002848;-0,005618;1,272
32;1,1;0,3305;0,2431;0,0009318;-0,000003519;0,006213;-1,621
32;1,2;-0,2999;-0,221;-0,0007685;0,000003167;-0,005124;1,473
32;1,3;0,196;0,1449;0,0004238;-0,000002073;0,002826;-0,966
32;1,4;-0,0608;-0,0455;-0,000007569;0,0000006604;-0,00005049;0,303
32;1,5;-0,0639;-0,0461;-0,0003692;0,0000006429;-0,002462;0,308
32;1,6;0,147;0,1072;0,0006246;-0,000001521;0,004164;-0,715
32;1,7;-0,1746;-0,1274;-0,0007225;0,000001833;-0,004817;0,849
32;1,8;0,1501;0,1092;0,0006737;-0,000001614;0,004492;-0,728
32;1,9;-0,0902;-0,0651;-0,0005245;0,000001032;-0,003497;0,434
32;2;0,0179;0,0118;0,0003373;-0,0000003198;0,002249;-0,079
32;2,1;0,0452;0,0347;-0,0001716;-0,0000003016;-0,001144;-0,231
32;2,2;-0,084;-0,0633;0,00006865;0,0000006794;0,0004577;0,422
32;2,3;0,0928;0,0697;-0,00004424;-0,0000007561;-0,000295;-0,465
32;2,4;-0,075;-0,0567;0,00008961;0,0000005662;0,0005975;0,378
32;2,5;0,0405;0,0312;-0,0001786;-0,0000002094;-0,001191;-0,208
32;2,6;-0,0017;-0,0026;0,0002781;-0,0000001889;0,001854;0,017
32;2,7;-0,0303;-0,021;-0,0003583;0,0000005155;-0,002389;0,14
32;2,8;0,0484;0,0344;0,0004;-0,0000006978;0,002667;-0,229
32;2,9;-0,0504;-0,0359;-0,0003977;0,0000007149;-0,002652;0,239
32;3;0,0389;0,0274;0,0003587;-0,0000005934;0,002392;-0,183
32;3,1;-0,0196;-0,0133;-0,0002983;0,0000003912;-0,001989;0,088
32;3,2;-0,0008507;-0,0018;0,0002345;-0,0000001761;0,001564;0,012
32;3,3;0,0168;0,0135;-0,0001829;0,000000005941;-0,001219;-0,09
32;3,4;-0,0249;-0,0194;0,0001524;0,00000008489;0,001016;0,13
32;3,5;0,0246;0,0191;-0,000145;-0,00000008982;-0,0009665;-0,128
32;3,6;-0,0175;-0,0139;0,0001558;0,00000002649;0,001039;0,092
32;3,7;0,0069;0,006;-0,0001762;0,0000000727;-0,001175;-0,04
32;3,8;0,0037;0,0018;0,0001969;-0,0000001721;0,001313;-0,012
32;3,9;-0,0115;-0,0076;-0,0002102;0,000000243;-0,001401;0,051
32;4;0,0149;0,0101;0,0002119;-0,0000002699;0,001413;-0,067
32;4,1;-0,0138;-0,0094;-0,0002018;0,0000002521;-0,001346;0,063
32;4,2;0,0095;0,0062;0,0001831;-0,0000002011;0,001221;-0,041
32;4,3;-0,0036;-0,0019;-0,0001605;0,0000001351;-0,00107;0,013
32;4,4;-0,002;-0,0022;0,0001391;-0,0000000728;0,0009273;0,014
32;4,5;0,0058;0,005;-0,0001225;0,00000002858;-0,0008171;-0,033
32;4,6;-0,0072;-0,006;0,0001128;-0,00000000924;0,000752;0,04
32;4,7;0,0064;0,0053;-0,0001095;0,0000000138;-0,0007301;-0,035
32;4,8;-0,0039;-0,0034;0,0001108;-0,00000003521;0,000739;0,023
32;4,9;0,0007168;0,0011;-0,0001141;0,00000006342;-0,0007608;-0,007302
32;5;0,0021;0,0009988;0,0001167;-0,00000008859;0,0007782;-0,006659
32;5,1;-0,0039;-0,0023;-0,0001168;0,0000001037;-0,0007787;0,016
32;5,2;0,0044;0,0027;0,0001136;-0,0000001058;0,0007571;-0,018
32;5,3;-0,0037;-0,0022;-0,0001073;0,00000009612;-0,0007155;0,015
32;5,4;0,0022;0,0012;0,00009918;-0,00000007874;0,0006613;-0,007886
32;5,5;-0,0005278;0,00005016;-0,00009057;0,0000000591;-0,0006039;-0,0003341
32;5,6;-0,0009133;-0,0011;0,00008284;-0,00000004222;0,0005523;0,007287
32;5,7;0,0018;0,0017;-0,00007685;0,00000003144;-0,0005124;-0,011
32;5,8;-0,0019;-0,0018;0,00007291;-0,00000002786;0,0004862;0,012
32;5,9;0,0015;0,0014;-0,00007074;0,00000003048;-0,0004717;-0,009653
32;6;-0,0006488;-0,0008319;0,00006969;-0,00000003686;0,0004647;0,005546
32;6,1;-0,0002409;0,0001617;-0,00006898;0,00000004407;-0,0004599;-0,001078
32;6,2;0,0009522;0,0003765;0,00006791;-0,00000004951;0,0004528;-0,00251
32;6,3;-0,0013;-0,0006674;-0,00006606;0,00000005161;-0,0004405;0,00445
32;6,4;0,0013;0,0006837;0,00006333;-0,00000004997;0,0004222;-0,004558
32;6,5;-0,001;-0,0004764;-0,00005988;0,0000000453;-0,0003993;0,003176
32;6,6;0,0005688;0,0001457;0,0000561;-0,00000003898;0,0003741;-0,0009717
32;6,7;-0,00009096;0,0001946;-0,00005239;0,00000003258;-0,0003493;-0,001297
32;6,8;-0,0002718;-0,0004507;0,00004909;-0,0000000274;0,0003273;0,003004
32;6,9;0,0004471;0,0005691;-0,00004639;0,00000002417;-0,0003093;-0,003794
32;7;-0,0004265;-0,0005437;0,00004431;-0,00000002298;0,0002954;0,003625
32;7,1;0,0002552;0,0004079;-0,00004273;0,00000002337;-0,0002849;-0,002719
32;7,2;-0,000009896;-0,0002178;0,00004143;-0,00000002457;0,0002762;0,001452
32;7,3;-0,0002282;0,00003346;-0,00004019;0,00000002574;-0,000268;-0,0002229
32;7,4;0,0003955;0,00009833;0,00003885;-0,00000002623;0,000259;-0,0006556
32;7,5;-0,0004595;-0,0001537;-0,0000373;0,00000002573;-0,0002487;0,001025
32;7,6;0,0004217;0,0001338;0,00003555;-0,00000002424;0,000237;-0,0008922
32;7,7;-0,0003104;-0,00005941;-0,00003366;0,00000002206;-0,0002245;0,0003962
32;7,8;0,0001681;-0,0000382;0,00003177;-0,0000000196;0,0002118;0,0002546
32;7,9;-0,00003714;0,0001277;-0,00002997;0,0000000173;-0,0001998;-0,0008512
32;8;-0,00005103;-0,000186;0,00002834;-0,00000001548;0,000189;0,00124
32;8,1;0,00008251;0,0002028;-0,00002693;0,00000001428;-0,0001795;-0,001352
32;8,2;-0,00006109;-0,0001809;0,00002571;-0,00000001366;0,0001715;0,001206
32;8,3;0,000003831;0,0001329;-0,00002465;0,00000001344;-0,0001644;-0,0008862
32;8,4;0,00006604;-0,00007589;0,00002367;-0,00000001338;0,0001579;0,0005059
32;8,5;-0,0001265;0,00002602;-0,00002272;0,00000001327;-0,0001515;-0,0001734
32;8,6;0,0001623;0,000005484;0,00002175;-0,00000001294;0,000145;-0,00003662
32;8,7;-0,0001678;-0,00001447;-0,00002074;0,00000001233;-0,0001383;0,0000965
32;8,8;0,0001466;0,000003542;0,00001971;-0,00000001148;0,0001314;-0,00002367
32;8,9;-0,0001086;0,00001991;-0,00001867;0,00000001048;-0,0001245;-0,0001327
32;9;0,00006652;-0,00004662;0,00001766;-0,000000009474;0,0001177;0,0003108
32;9,1;-0,00003148;0,00006829;-0,0000167;0,000000008564;-0,0001114;-0,0004553
32;9,2;0,00001078;-0,00007959;0,00001582;-0,000000007823;0,0001055;0,0005305
32;9,3;-0,000006456;0,00007898;-0,00001503;0,000000007272;-0,0001002;-0,0005265
32;9,4;0,00001584;-0,00006844;0,0000143;-0,000000006882;0,00009532;0,0004562
32;9,5;-0,00003316;0,00005221;-0,00001362;0,000000006593;-0,00009082;-0,000348
32;9,6;0,00005167;-0,00003524;0,00001298;-0,000000006337;0,00008655;0,0002349
32;9,7;-0,00006565;0,00002176;-0,00001236;0,000000006053;-0,00008239;-0,000145
32;9,8;0,00007171;-0,00001424;0,00001174;-0,000000005707;0,00007827;0,00009492
32;9,9;-0,00006924;0,00001313;-0,00001113;0,000000005292;-0,00007419;-0,00008752
32;10;0,00006006;-0,00001709;0,00001052;-0,000000004825;0,00007015;0,0001139
32;10,1;-0,00004741;0,00002372;-0,000009931;0,000000004339;-0,00006622;-0,0001581
32;10,2;0,00003488;-0,00003038;0,000009365;-0,000000003869;0,00006244;0,0002025
32;10,3;-0,00002532;0,00003496;-0,00000883;0,000000003444;-0,00005887;-0,0002331
32;10,4;0,00002027;-0,00003632;0,000008329;-0,000000003079;0,00005553;0,0002421
32;10,5;-0,00001979;0,00003441;-0,000007861;0,000000002774;-0,00005241;-0,0002294
32;10,6;0,00002272;-0,00003009;0,000007422;-0,000000002517;0,00004949;0,0002006
32;10,7;-0,00002725;0,00002468;-0,000007007;0,000000002288;-0,00004672;-0,0001645
32;10,8;0,00003149;-0,00001958;0,000006609;-0,000000002068;0,00004406;0,0001305
32;10,9;-0,00003402;0,00001581;-0,000006224;0,000000001843;-0,0000415;-0,0001054
32;11;0,00003417;-0,00001388;0,00000585;-0,000000001604;0,000039;0,0000925
32;11,1;-0,00003204;0,0000137;-0,000005485;0,000000001352;-0,00003657;-0,00009136
32;11,2;0,00002832;-0,00001477;0,000005132;-0,000000001096;0,00003422;0,00009847
32;11,3;-0,00002402;0,00001634;-0,000004792;0,0000000008429;-0,00003195;-0,0001089
32;11,4;0,00002012;-0,00001768;0,000004467;-0,000000000603;0,00002978;0,0001179
32;11,5;-0,0000173;0,00001829;-0,000004159;0,0000000003834;-0,00002773;-0,0001219
32;11,6;0,00001584;-0,00001796;0,000003868;-0,0000000001864;0,00002578;0,0001197
32;11,7;-0,00001563;0,00001677;-0,000003592;0,00000000001037;-0,00002395;-0,0001118
32;11,8;0,00001624;-0,00001503;0,00000333;0,0000000001496;0,0000222;0,0001002
32;11,9;-0,00001711;0,00001315;-0,000003081;-0,0000000002997;-0,00002054;-0,00008769
32;12;0,00001776;-0,00001149;0,000002841;0,0000000004452;0,00001894;0,00007663
32;12,1;-0,00001784;0,0000103;-0,000002611;-0,0000000005898;-0,00001741;-0,00006868
32;12,2;0,00001725;-0,000009656;0,000002389;0,0000000007341;0,00001593;0,00006438
32;12,3;-0,00001608;0,000009482;-0,000002175;-0,0000000008774;-0,0000145;-0,00006322
32;12,4;0,00001457;-0,0000096;0,00000197;0,000000001018;0,00001313;0,000064
32;12,5;-0,00001301;0,000009791;-0,000001773;-0,000000001152;-0,00001182;-0,00006528
32;12,6;0,00001167;-0,000009868;0,000001585;0,00000000128;0,00001057;0,00006579
32;12,7;-0,0000107;0,000009712;-0,000001406;-0,000000001399;-0,000009374;-0,00006475
32;12,8;0,00001013;-0,000009298;0,000001236;0,000000001509;0,000008241;0,00006199
32;12,9;-0,000009886;0,000008675;-0,000001075;-0,00000000161;-0,000007163;-0,00005784
32;13;0,000009835;-0,000007947;0,0000009208;0,000000001705;0,000006136;0,00005299
32;13,1;-0,000009817;0,000007226;-0,0000007737;-0,000000001794;-0,000005155;-0,00004818
32;13,2;0,000009702;-0,000006609;0,0000006328;0,000000001881;0,000004216;0,00004407
32;13,3;-0,000009417;0,000006146;-0,0000004978;-0,000000001965;-0,000003316;-0,00004098
32;13,4;0,000008952;-0,000005844;0,0000003682;0,000000002047;0,000002452;0,00003897
32;13,5;-0,000008354;0,000005668;-0,000000244;-0,000000002126;-0,000001624;-0,0000378
32;13,6;0,000007699;-0,00000556;0,0000001252;0,000000002202;0,0000008311;0,00003708
32;13,7;-0,00000707;0,000005458;-0,00000001163;-0,000000002275;-0,00000007403;-0,0000364
32;13,8;0,00000653;-0,000005315;-0,00000009664;0,000000002344;-0,0000006478;0,00003545
32;13,9;-0,00000611;0,000005106;0,0000001998;-0,000000002408;0,000001335;-0,00003405
32;14;0,000005808;-0,000004832;-0,0000002979;0,000000002469;-0,00000199;0,00003223
32;14,1;-0,000005596;0,000004514;0,0000003915;-0,000000002526;0,000002614;-0,00003011
32;14,2;0,000005428;-0,000004184;-0,0000004806;0,000000002578;-0,000003208;0,0000279
32;14,3;-0,000005261;0,000003871;0,0000005658;-0,000000002628;0,000003776;-0,00002582
32;14,4;0,000005063;-0,0000036;-0,0000006471;0,000000002676;-0,000004318;0,00002401
32;14,5;-0,000004821;0,00000338;0,0000007248;-0,000000002722;0,000004836;-0,00002255
32;14,6;0,000004536;-0,000003208;-0,0000007991;0,000000002766;-0,000005331;0,0000214
32;14,7;-0,000004227;0,000003071;0,00000087;-0,000000002809;0,000005804;-0,00002048
32;14,8;0,000003915;-0,00000295;-0,0000009377;0,000000002849;-0,000006256;0,00001968
32;14,9;-0,000003624;0,00000283;0,000001002;-0,000000002887;0,000006686;-0,00001888
32;15;0,000003368;-0,000002698;-0,000001064;0,000000002922;-0,000007095;0,000018
32;15,1;-0,000003152;0,000002551;0,000001122;-0,000000002956;0,000007484;-0,00001702
32;15,2;0,000002973;-0,000002389;-0,000001178;0,000000002987;-0,000007855;0,00001594
32;15,3;-0,000002818;0,000002222;0,00000123;-0,000000003016;0,000008208;-0,00001483
32;15,4;0,000002677;-0,000002058;-0,000001281;0,000000003044;-0,000008543;0,00001373
32;15,5;-0,000002536;0,000001905;0,000001329;-0,00000000307;0,000008863;-0,00001271
32;15,6;0,000002388;-0,000001768;-0,000001374;0,000000003094;-0,000009167;0,0000118
32;15,7;-0,00000223;0,000001648;0,000001418;-0,000000003118;0,000009457;-0,000011
32;15,8;0,000002066;-0,000001544;-0,000001459;0,00000000314;-0,000009732;0,00001031
32;15,9;-0,0000019;0,00000145;0,000001498;-0,000000003161;0,000009995;-0,000009684
32;16;0,00000174;-0,000001362;-0,000001536;0,00000000318;-0,00001024;0,000009097
32;16,1;-0,000001591;0,000001275;0,000001571;-0,000000003198;0,00001048;-0,000008516
32;16,2;0,000001455;-0,000001186;-0,000001605;0,000000003215;-0,0000107;0,000007923
32;16,3;-0,000001334;0,000001095;0,000001637;-0,00000000323;0,00001092;-0,000007316
32;16,4;0,000001225;-0,000001003;-0,000001667;0,000000003244;-0,00001112;0,000006701
32;16,5;-0,000001125;0,0000009117;0,000001696;-0,000000003258;0,00001131;-0,000006093
32;16,6;0,000001029;-0,0000008242;-0,000001723;0,00000000327;-0,00001149;0,00000551
32;16,7;-0,000000935;0,0000007424;0,000001749;-0,000000003281;0,00001166;-0,000004965
32;16,8;0,000000841;-0,0000006673;-0,000001773;0,000000003291;-0,00001183;0,000004464
32;16,9;-0,0000007467;0,0000005987;0,000001796;-0,000000003301;0,00001198;-0,000004007
32;17;0,0000006532;-0,0000005357;-0,000001818;0,000000003309;-0,00001213;0,000003587
32;17,1;-0,000000562;0,0000004766;0,000001839;-0,000000003317;0,00001226;-0,000003194
32;17,2;0,0000004749;-0,0000004202;-0,000001858;0,000000003324;-0,00001239;0,000002817
32;17,3;-0,0000003933;0,000000365;0,000001876;-0,00000000333;0,00001251;-0,00000245
32;17,4;0,0000003176;-0,0000003106;-0,000001894;0,000000003337;-0,00001263;0,000002087
32;17,5;-0,0000002475;0,000000257;0,00000191;-0,000000003342;0,00001274;-0,000001729
32;17,6;0,0000001822;-0,0000002044;-0,000001925;0,000000003346;-0,00001284;0,000001379
32;17,7;-0,0000001206;0,0000001537;0,000001939;-0,000000003348;0,00001294;-0,00000104
32;17,8;0,00000006159;-0,0000001053;-0,000001953;0,000000003351;-0,00001302;0,0000007183
32;17,9;-0,000000004247;0,00000005984;0,000001965;-0,000000003354;0,00001311;-0,0000004151
32;18;-0,00000005177;-0,00000001732;-0,000001977;0,000000003354;-0,00001319;0,0000001316
32;18,1;0,0000001065;-0,00000002241;0,000001988;-0,000000003356;0,00001326;0,0000001332
32;18,2;-0,0000001595;0,00000005974;-0,000001999;0,000000003357;-0,00001333;-0,0000003821
32;18,3;0,0000002104;-0,00000009517;0,000002008;-0,000000003357;0,00001339;0,0000006183
32;18,4;-0,0000002588;0,0000001291;-0,000002017;0,000000003357;-0,00001345;-0,0000008448
32;18,5;0,0000003045;-0,000000162;0,000002025;-0,000000003357;0,00001351;0,000001064
32;18,6;-0,0000003474;0,0000001938;-0,000002033;0,000000003356;-0,00001356;-0,000001276
32;18,7;0,0000003877;-0,0000002246;0,00000204;-0,000000003355;0,0000136;0,000001481
32;18,8;-0,0000004257;0,0000002543;-0,000002046;0,000000003353;-0,00001365;-0,000001679
32;18,9;0,0000004619;-0,0000002827;0,000002052;-0,000000003351;0,00001368;0,000001869
32;19;-0,0000004965;0,0000003097;-0,000002057;0,00000000335;-0,00001372;-0,000002049
32;19,1;0,0000005299;-0,0000003352;0,000002062;-0,000000003348;0,00001375;0,000002219
32;19,2;-0,000000562;0,0000003593;-0,000002066;0,000000003344;-0,00001378;-0,000002379
32;19,3;0,0000005929;-0,000000382;0,00000207;-0,00000000334;0,00001381;0,00000253
32;19,4;-0,0000006225;0,0000004034;-0,000002074;0,000000003336;-0,00001383;-0,000002674
32;19,5;0,0000006508;-0,0000004239;0,000002077;-0,000000003332;0,00001385;0,00000281
32;19,6;-0,0000006776;0,0000004434;-0,000002079;0,000000003328;-0,00001387;-0,00000294
32;19,7;0,0000007029;-0,0000004622;0,000002082;-0,000000003324;0,00001388;0,000003065
32;19,8;-0,0000007269;0,0000004802;-0,000002084;0,00000000332;-0,0000139;-0,000003185
32;19,9;0,0000007494;-0,0000004974;0,000002085;-0,000000003315;0,00001391;0,0000033
32;20;-0,0000007708;0,0000005138;-0,000002086;0,000000003309;-0,00001391;-0,00000341
32;20,1;0,0000007912;-0,0000005295;0,000002087;-0,000000003304;0,00001392;0,000003514
32;20,2;-0,0000008106;0,0000005443;-0,000002088;0,000000003298;-0,00001392;-0,000003613
32;20,3;0,0000008291;-0,0000005583;0,000002088;-0,000000003292;0,00001393;0,000003706
32;20,4;-0,0000008467;0,0000005716;-0,000002088;0,000000003286;-0,00001393;-0,000003795
32;20,5;0,0000008636;-0,0000005841;0,000002088;-0,00000000328;0,00001392;0,000003878
32;20,6;-0,0000008796;0,000000596;-0,000002087;0,000000003274;-0,00001392;-0,000003957
32;20,7;0,0000008948;-0,0000006072;0,000002087;-0,000000003268;0,00001392;0,000004032
32;20,8;-0,0000009091;0,0000006179;-0,000002086;0,000000003261;-0,00001391;-0,000004104
32;20,9;0,0000009227;-0,0000006281;0,000002084;-0,000000003255;0,0000139;0,000004172
32;21;-0,0000009354;0,0000006378;-0,000002083;0,000000003249;-0,00001389;-0,000004236
32;21,1;0,0000009474;-0,000000647;0,000002081;-0,000000003242;0,00001388;0,000004298
32;21,2;-0,0000009588;0,0000006557;-0,00000208;0,000000003236;-0,00001387;-0,000004356
32;21,3;0,0000009695;-0,0000006639;0,000002078;-0,000000003229;0,00001386;0,000004411
32;21,4;-0,0000009797;0,0000006717;-0,000002075;0,000000003221;-0,00001384;-0,000004462
32;21,5;0,0000009892;-0,000000679;0,000002073;-0,000000003213;0,00001383;0,000004511
32;21,6;-0,0000009983;0,0000006859;-0,000002071;0,000000003206;-0,00001381;-0,000004557
32;21,7;0,000001007;-0,0000006923;0,000002068;-0,000000003199;0,00001379;0,0000046
32;21,8;-0,000001015;0,0000006984;-0,000002065;0,000000003193;-0,00001377;-0,000004641
32;21,9;0,000001022;-0,0000007041;0,000002062;-0,000000003185;0,00001375;0,000004679
32;22;-0,00000103;0,0000007095;-0,000002059;0,000000003178;-0,00001373;-0,000004715
32;22,1;0,000001036;-0,0000007146;0,000002056;-0,00000000317;0,00001371;0,000004749
32;22,2;-0,000001042;0,0000007193;-0,000002053;0,000000003162;-0,00001369;-0,00000478
32;22,3;0,000001048;-0,0000007238;0,000002049;-0,000000003155;0,00001367;0,00000481
32;22,4;-0,000001053;0,000000728;-0,000002046;0,000000003148;-0,00001364;-0,000004838
32;22,5;0,000001058;-0,0000007318;0,000002042;-0,000000003139;0,00001362;0,000004864
32;22,6;-0,000001063;0,0000007355;-0,000002039;0,000000003131;-0,0000136;-0,000004888
32;22,7;0,000001067;-0,0000007388;0,000002035;-0,000000003123;0,00001357;0,00000491
32;22,8;-0,000001071;0,0000007419;-0,000002031;0,000000003115;-0,00001354;-0,000004931
32;22,9;0,000001075;-0,0000007448;0,000002027;-0,000000003107;0,00001352;0,00000495
32;23;-0,000001078;0,0000007474;-0,000002023;0,000000003099;-0,00001349;-0,000004968
32;23,1;0,000001081;-0,0000007498;0,000002019;-0,000000003092;0,00001346;0,000004984
32;23,2;-0,000001084;0,0000007521;-0,000002015;0,000000003084;-0,00001344;-0,000004999
32;23,3;0,000001087;-0,0000007541;0,00000201;-0,000000003075;0,00001341;0,000005013
32;23,4;-0,000001089;0,000000756;-0,000002006;0,000000003066;-0,00001338;-0,000005025
32;23,5;0,000001091;-0,0000007576;0,000002002;-0,000000003058;0,00001335;0,000005036
32;23,6;-0,000001093;0,0000007592;-0,000001997;0,00000000305;-0,00001332;-0,000005046
32;23,7;0,000001094;-0,0000007605;0,000001993;-0,000000003042;0,00001329;0,000005055
32;23,8;-0,000001096;0,0000007617;-0,000001988;0,000000003033;-0,00001326;-0,000005063
32;23,9;0,000001097;-0,0000007627;0,000001984;-0,000000003024;0,00001323;0,00000507
32;24;-0,000001098;0,0000007636;-0,000001979;0,000000003016;-0,0000132;-0,000005076
32;24,1;0,000001099;-0,0000007643;0,000001974;-0,000000003008;0,00001317;0,000005081
32;24,2;-0,000001099;0,000000765;-0,00000197;0,000000003;-0,00001314;-0,000005085
32;24,3;0,0000011;-0,0000007655;0,000001965;-0,000000002991;0,0000131;0,000005089
32;24,4;-0,0000011;0,0000007658;-0,00000196;0,000000002983;-0,00001307;-0,000005091
32;24,5;0,0000011;-0,0000007661;0,000001955;-0,000000002974;0,00001304;0,000005093
32;24,6;-0,0000011;0,0000007663;-0,00000195;0,000000002966;-0,00001301;-0,000005094
32;24,7;0,0000011;-0,0000007663;0,000001945;-0,000000002957;0,00001297;0,000005095
32;24,8;-0,0000011;0,0000007663;-0,000001941;0,000000002949;-0,00001294;-0,000005094
32;24,9;0,000001099;-0,0000007661;0,000001936;-0,000000002941;0,00001291;0,000005093
32;25;-0,000001099;0,0000007659;-0,000001931;0,000000002932;-0,00001288;-0,000005092
32;25,1;0,000001098;-0,0000007656;0,000001926;-0,000000002924;0,00001284;0,00000509
32;25,2;-0,000001098;0,0000007652;-0,000001921;0,000000002916;-0,00001281;-0,000005087
32;25,3;0,000001097;-0,0000007647;0,000001916;-0,000000002908;0,00001278;0,000005084
32;25,4;-0,000001096;0,0000007641;-0,000001911;0,000000002899;-0,00001274;-0,00000508
32;25,5;0,000001095;-0,0000007635;0,000001906;-0,00000000289;0,00001271;0,000005076
32;25,6;-0,000001094;0,0000007628;-0,0000019;0,000000002882;-0,00001267;-0,000005072
32;25,7;0,000001092;-0,0000007621;0,000001895;-0,000000002873;0,00001264;0,000005067
32;25,8;-0,000001091;0,0000007612;-0,00000189;0,000000002865;-0,00001261;-0,000005061
32;25,9;0,00000109;-0,0000007604;0,000001885;-0,000000002857;0,00001257;0,000005055
32;26;-0,000001088;0,0000007594;-0,00000188;0,000000002849;-0,00001254;-0,000005049
32;26,1;0,000001087;-0,0000007584;0,000001875;-0,000000002841;0,0000125;0,000005043
32;26,2;-0,000001085;0,0000007574;-0,00000187;0,000000002833;-0,00001247;-0,000005036
32;26,3;0,000001083;-0,0000007563;0,000001865;-0,000000002824;0,00001244;0,000005028
32;26,4;-0,000001082;0,0000007552;-0,000001859;0,000000002816;-0,0000124;-0,000005021
32;26,5;0,00000108;-0,000000754;0,000001854;-0,000000002807;0,00001237;0,000005013
32;26,6;-0,000001078;0,0000007528;-0,000001849;0,000000002799;-0,00001233;-0,000005005
32;26,7;0,000001076;-0,0000007515;0,000001844;-0,00000000279;0,0000123;0,000004997
32;26,8;-0,000001074;0,0000007502;-0,000001839;0,000000002782;-0,00001226;-0,000004988
32;26,9;0,000001072;-0,0000007489;0,000001834;-0,000000002773;0,00001223;0,000004979
32;27;-0,00000107;0,0000007475;-0,000001829;0,000000002764;-0,00001219;-0,00000497
32;27,1;0,000001068;-0,0000007461;0,000001823;-0,000000002755;0,00001216;0,000004961
32;27,2;-0,000001066;0,0000007446;-0,000001818;0,000000002747;-0,00001213;-0,000004951
32;27,3;0,000001064;-0,0000007432;0,000001813;-0,000000002739;0,00001209;0,000004941
32;27,4;-0,000001062;0,0000007417;-0,000001808;0,000000002731;-0,00001206;-0,000004931
32;27,5;0,000001059;-0,0000007402;0,000001803;-0,000000002723;0,00001202;0,000004921
32;27,6;-0,000001057;0,0000007386;-0,000001798;0,000000002715;-0,00001199;-0,000004911
32;27,7;0,000001055;-0,0000007371;0,000001792;-0,000000002706;0,00001195;0,000004901
32;27,8;-0,000001052;0,0000007355;-0,000001787;0,000000002698;-0,00001192;-0,00000489
32;27,9;0,00000105;-0,0000007338;0,000001782;-0,00000000269;0,00001189;0,000004879
32;28;-0,000001048;0,0000007322;-0,000001777;0,000000002682;-0,00001185;-0,000004869
32;28,1;0,000001045;-0,0000007306;0,000001772;-0,000000002674;0,00001182;0,000004858
32;28,2;-0,000001043;0,0000007289;-0,000001767;0,000000002666;-0,00001178;-0,000004846
32;28,3;0,00000104;-0,0000007272;0,000001762;-0,000000002658;0,00001175;0,000004835
32;28,4;-0,000001038;0,0000007255;-0,000001757;0,00000000265;-0,00001171;-0,000004824
32;28,5;0,000001035;-0,0000007238;0,000001751;-0,000000002642;0,00001168;0,000004812
32;28,6;-0,000001033;0,0000007221;-0,000001746;0,000000002634;-0,00001165;-0,000004801
32;28,7;0,00000103;-0,0000007203;0,000001741;-0,000000002626;0,00001161;0,000004789
32;28,8;-0,000001028;0,0000007185;-0,000001736;0,000000002618;-0,00001158;-0,000004778
32;28,9;0,000001025;-0,0000007168;0,000001731;-0,00000000261;0,00001154;0,000004766
32;29;-0,000001023;0,000000715;-0,000001726;0,000000002602;-0,00001151;-0,000004754
32;29,1;0,00000102;-0,0000007132;0,000001721;-0,000000002594;0,00001148;0,000004742
32;29,2;-0,000001018;0,0000007114;-0,000001716;0,000000002586;-0,00001144;-0,00000473
32;29,3;0,000001015;-0,0000007096;0,000001711;-0,000000002579;0,00001141;0,000004718
32;29,4;-0,000001012;0,0000007078;-0,000001706;0,000000002571;-0,00001138;-0,000004706
32;29,5;0,00000101;-0,0000007059;0,000001701;-0,000000002563;0,00001134;0,000004694
32;29,6;-0,000001007;0,0000007041;-0,000001696;0,000000002555;-0,00001131;-0,000004682
32;29,7;0,000001004;-0,0000007023;0,000001691;-0,000000002548;0,00001128;0,00000467
32;29,8;-0,000001002;0,0000007004;-0,000001686;0,00000000254;-0,00001124;-0,000004657
32;29,9;0,000000999;-0,0000006986;0,000001681;-0,000000002532;0,00001121;0,000004645
32;30;-0,0000009963;0,0000006967;-0,000001676;0,000000002524;-0,00001118;-0,000004633
32;30,1;0,0000009937;-0,0000006949;0,000001671;-0,000000002517;0,00001114;0,00000462
32;30,2;-0,000000991;0,000000693;-0,000001666;0,000000002509;-0,00001111;-0,000004608
32;30,3;0,0000009883;-0,0000006911;0,000001661;-0,000000002501;0,00001108;0,000004595
32;30,4;-0,0000009856;0,0000006893;-0,000001656;0,000000002493;-0,00001104;-0,000004583
32;30,5;0,0000009829;-0,0000006874;0,000001651;-0,000000002485;0,00001101;0,000004571
32;30,6;-0,0000009802;0,0000006855;-0,000001646;0,000000002477;-0,00001098;-0,000004558
32;30,7;0,0000009775;-0,0000006836;0,000001641;-0,00000000247;0,00001095;0,000004546
32;30,8;-0,0000009748;0,0000006817;-0,000001637;0,000000002462;-0,00001091;-0,000004533
32;30,9;0,0000009721;-0,0000006799;0,000001632;-0,000000002455;0,00001088;0,000004521
32;31;-0,0000009694;0,000000678;-0,000001627;0,000000002448;-0,00001085;-0,000004508
32;31,1;0,0000009667;-0,0000006761;0,000001622;-0,00000000244;0,00001082;0,000004496
32;31,2;-0,0000009639;0,0000006742;-0,000001617;0,000000002433;-0,00001078;-0,000004483
32;31,3;0,0000009612;-0,0000006723;0,000001612;-0,000000002425;0,00001075;0,00000447
32;31,4;-0,0000009585;0,0000006704;-0,000001607;0,000000002418;-0,00001072;-0,000004458
32;31,5;0,0000009558;-0,0000006685;0,000001603;-0,00000000241;0,00001069;0,000004445
32;31,6;-0,0000009531;0,0000006667;-0,000001598;0,000000002403;-0,00001066;-0,000004433
32;31,7;0,0000009504;-0,0000006648;0,000001593;-0,000000002395;0,00001062;0,00000442
32;31,8;-0,0000009477;0,0000006629;-0,000001588;0,000000002388;-0,00001059;-0,000004408
32;31,9;0,000000945;-0,000000661;0,000001584;-0,000000002381;0,00001056;0,000004395
32;32;-0,0000009423;0,0000006591;-0,000001579;0,000000002373;-0,00001053;-0,000004383
32;32,1;0,0000009396;-0,0000006572;0,000001574;-0,000000002366;0,0000105;0,00000437
32;32,2;-0,0000009369;0,0000006554;-0,000001569;0,000000002359;-0,00001047;-0,000004358
32;32,3;0,0000009342;-0,0000006535;0,000001565;-0,000000002352;0,00001044;0,000004345
32;32,4;-0,0000009315;0,0000006516;-0,00000156;0,000000002345;-0,0000104;-0,000004333
32;32,5;0,0000009288;-0,0000006497;0,000001555;-0,000000002338;0,00001037;0,00000432
32;32,6;-0,0000009261;0,0000006479;-0,000001551;0,00000000233;-0,00001034;-0,000004308
32;32,7;0,0000009235;-0,000000646;0,000001546;-0,000000002323;0,00001031;0,000004295
32;32,8;-0,0000009208;0,0000006441;-0,000001541;0,000000002316;-0,00001028;-0,000004283
32;32,9;0,0000009181;-0,0000006423;0,000001537;-0,000000002309;0,00001025;0,000004271
32;33;-0,0000009154;0,0000006404;-0,000001532;0,000000002301;-0,00001022;-0,000004258
32;33,1;0,0000009128;-0,0000006385;0,000001528;-0,000000002294;0,00001019;0,000004246
32;33,2;-0,0000009101;0,0000006367;-0,000001523;0,000000002287;-0,00001016;-0,000004233
32;33,3;0,0000009075;-0,0000006348;0,000001518;-0,00000000228;0,00001013;0,000004221
32;33,4;-0,0000009048;0,000000633;-0,000001514;0,000000002273;-0,0000101;-0,000004209
32;33,5;0,0000009022;-0,0000006311;0,000001509;-0,000000002266;0,00001007;0,000004197
32;33,6;-0,0000008995;0,0000006293;-0,000001505;0,000000002259;-0,00001004;-0,000004184
32;33,7;0,0000008969;-0,0000006274;0,0000015;-0,000000002252;0,00001;0,000004172
32;33,8;-0,0000008943;0,0000006256;-0,000001496;0,000000002245;-0,000009975;-0,00000416
32;33,9;0,0000008916;-0,0000006238;0,000001491;-0,000000002238;0,000009945;0,000004148
32;34;-0,000000889;0,0000006219;-0,000001487;0,000000002231;-0,000009915;-0,000004135
32;34,1;0,0000008864;-0,0000006201;0,000001482;-0,000000002224;0,000009885;0,000004123
32;34,2;-0,0000008838;0,0000006183;-0,000001478;0,000000002217;-0,000009855;-0,000004111
32;34,3;0,0000008812;-0,0000006165;0,000001473;-0,000000002211;0,000009826;0,000004099
32;34,4;-0,0000008786;0,0000006147;-0,000001469;0,000000002204;-0,000009796;-0,000004087
32;34,5;0,000000876;-0,0000006128;0,000001464;-0,000000002197;0,000009766;0,000004075
32;34,6;-0,0000008734;0,000000611;-0,00000146;0,00000000219;-0,000009737;-0,000004063
32;34,7;0,0000008708;-0,0000006092;0,000001456;-0,000000002184;0,000009708;0,000004051
32;34,8;-0,0000008682;0,0000006074;-0,000001451;0,000000002177;-0,000009678;-0,000004039
32;34,9;0,0000008657;-0,0000006056;0,000001447;-0,00000000217;0,000009649;0,000004027
32;35;-0,0000008631;0,0000006038;-0,000001443;0,000000002163;-0,00000962;-0,000004015
32;35,1;0,0000008606;-0,0000006021;0,000001438;-0,000000002157;0,000009591;0,000004003
32;35,2;-0,000000858;0,0000006003;-0,000001434;0,00000000215;-0,000009562;-0,000003991
32;35,3;0,0000008555;-0,0000005985;0,00000143;-0,000000002143;0,000009533;0,00000398
32;35,4;-0,0000008529;0,0000005967;-0,000001425;0,000000002137;-0,000009505;-0,000003968
32;35,5;0,0000008504;-0,0000005949;0,000001421;-0,00000000213;0,000009476;0,000003956
32;35,6;-0,0000008479;0,0000005932;-0,000001417;0,000000002124;-0,000009447;-0,000003944
32;35,7;0,0000008453;-0,0000005914;0,000001412;-0,000000002118;0,000009419;0,000003933
32;35,8;-0,0000008428;0,0000005897;-0,000001408;0,000000002111;-0,00000939;-0,000003921
32;35,9;0,0000008403;-0,0000005879;0,000001404;-0,000000002104;0,000009362;0,000003909
32;36;-0,0000008378;0,0000005862;-0,0000014;0,000000002098;-0,000009334;-0,000003898
32;36,1;0,0000008353;-0,0000005844;0,000001395;-0,000000002092;0,000009306;0,000003886
32;36,2;-0,0000008328;0,0000005827;-0,000001391;0,000000002085;-0,000009278;-0,000003874
32;36,3;0,0000008304;-0,0000005809;0,000001387;-0,000000002079;0,00000925;0,000003863
32;36,4;-0,0000008279;0,0000005792;-0,000001383;0,000000002072;-0,000009222;-0,000003851
32;36,5;0,0000008254;-0,0000005775;0,000001379;-0,000000002066;0,000009194;0,00000384
32;36,6;-0,0000008229;0,0000005758;-0,000001374;0,000000002059;-0,000009166;-0,000003829
32;36,7;0,0000008205;-0,000000574;0,00000137;-0,000000002053;0,000009138;0,000003817
32;36,8;-0,000000818;0,0000005723;-0,000001366;0,000000002046;-0,000009111;-0,000003806
32;36,9;0,0000008156;-0,0000005706;0,000001362;-0,000000002039;0,000009083;0,000003794
32;37;-0,0000008132;0,0000005689;-0,000001358;0,000000002033;-0,000009056;-0,000003783
32;37,1;0,0000008107;-0,0000005672;0,000001354;-0,000000002026;0,000009028;0,000003772
32;37,2;-0,0000008083;0,0000005655;-0,00000135;0,00000000202;-0,000009001;-0,00000376
32;37,3;0,0000008059;-0,0000005638;0,000001346;-0,000000002014;0,000008974;0,000003749
32;37,4;-0,0000008035;0,0000005622;-0,000001342;0,000000002008;-0,000008947;-0,000003738
32;37,5;0,0000008011;-0,0000005605;0,000001337;-0,000000002001;0,00000892;0,000003727
32;37,6;-0,0000007987;0,0000005588;-0,000001333;0,000000001995;-0,000008893;-0,000003716
32;37,7;0,0000007963;-0,0000005571;0,000001329;-0,000000001988;0,000008866;0,000003705
32;37,8;-0,0000007939;0,0000005555;-0,000001325;0,000000001982;-0,000008839;-0,000003694
32;37,9;0,0000007915;-0,0000005538;0,000001321;-0,000000001976;0,000008812;0,000003682
32;38;-0,0000007892;0,0000005521;-0,000001317;0,00000000197;-0,000008786;-0,000003671
32;38,1;0,0000007868;-0,0000005505;0,000001313;-0,000000001964;0,000008759;0,00000366
32;38,2;-0,0000007844;0,0000005488;-0,000001309;0,000000001958;-0,000008733;-0,00000365
32;38,3;0,0000007821;-0,0000005472;0,000001305;-0,000000001952;0,000008706;0,000003639
32;38,4;-0,0000007798;0,0000005456;-0,000001302;0,000000001946;-0,00000868;-0,000003628
32;38,5;0,0000007774;-0,0000005439;0,000001298;-0,000000001941;0,000008654;0,000003617
32;38,6;-0,0000007751;0,0000005423;-0,000001294;0,000000001935;-0,000008628;-0,000003606
32;38,7;0,0000007728;-0,0000005407;0,00000129;-0,000000001929;0,000008602;0,000003595
32;38,8;-0,0000007704;0,0000005391;-0,000001286;0,000000001923;-0,000008575;-0,000003584
32;38,9;0,0000007681;-0,0000005374;0,000001282;-0,000000001917;0,00000855;0,000003574
32;39;-0,0000007658;0,0000005358;-0,000001278;0,000000001911;-0,000008524;-0,000003563
32;39,1;0,0000007635;-0,0000005342;0,000001274;-0,000000001905;0,000008498;0,000003552
32;39,2;-0,0000007612;0,0000005326;-0,00000127;0,000000001899;-0,000008472;-0,000003542
32;39,3;0,000000759;-0,000000531;0,000001267;-0,000000001893;0,000008447;0,000003531
32;39,4;-0,0000007567;0,0000005294;-0,000001263;0,000000001887;-0,000008421;-0,00000352
32;39,5;0,0000007544;-0,0000005278;0,000001259;-0,000000001881;0,000008395;0,00000351
32;39,6;-0,0000007522;0,0000005263;-0,000001255;0,000000001875;-0,00000837;-0,000003499
32;39,7;0,0000007499;-0,0000005247;0,000001251;-0,000000001869;0,000008345;0,000003489
32;39,8;-0,0000007476;0,0000005231;-0,000001247;0,000000001864;-0,000008319;-0,000003478
32;39,9;0,0000007454;-0,0000005215;0,000001244;-0,000000001858;0,000008294;0,000003468
32;40;-0,0000007432;0,00000052;-0,00000124;0,000000001852;-0,000008269;-0,000003458