Joint;Time;U1;U2;U3;R1;R2;R3
Text;sec;m/sec2;m/sec2;m/sec2;rad/sec2;rad/sec2;rad/sec2
17;0;0;0;0;0;0;0
17;0,1;0;0;0;0;0;0
17;0,2;0;0;0;0;0;0
17;0,3;0;0;0;0;0;0
17;0,4;0;0;0;0;0;0
17;0,5;0;0;0;0;0;0
17;0,6;0;0;0;0;0;0
17;0,7;0;0;0;0;0;0
17;0,8;0;0;0;0;0;0
17;0,9;0;0;0;0;0;0
17;1;0;0;0;0;0;0
17;1,1;0;0;0;0;0;0
17;1,2;0;0;0;0;0;0
17;1,3;0;0;0;0;0;0
17;1,4;0;0;0;0;0;0
17;1,5;0;0;0;0;0;0
17;1,6;0;0;0;0;0;0
17;1,7;0;0;0;0;0;0
17;1,8;0;0;0;0;0;0
17;1,9;0;0;0;0;0;0
17;2;0;0;0;0;0;0
17;2,1;0;0;0;0;0;0
17;2,2;0;0;0;0;0;0
17;2,3;0;0;0;0;0;0
17;2,4;0;0;0;0;0;0
17;2,5;0;0;0;0;0;0
17;2,6;0;0;0;0;0;0
17;2,7;0;0;0;0;0;0
17;2,8;0;0;0;0;0;0
17;2,9;0;0;0;0;0;0
17;3;0;0;0;0;0;0
17;3,1;0;0;0;0;0;0
17;3,2;0;0;0;0;0;0
17;3,3;0;0;0;0;0;0
17;3,4;0;0;0;0;0;0
17;3,5;0;0;0;0;0;0
17;3,6;0;0;0;0;0;0
17;3,7;0;0;0;0;0;0
17;3,8;0;0;0;0;0;0
17;3,9;0;0;0;0;0;0
17;4;0;0;0;0;0;0
17;4,1;0;0;0;0;0;0
17;4,2;0;0;0;0;0;0
17;4,3;0;0;0;0;0;0
17;4,4;0;0;0;0;0;0
17;4,5;0;0;0;0;0;0
17;4,6;0;0;0;0;0;0
17;4,7;0;0;0;0;0;0
17;4,8;0;0;0;0;0;0
17;4,9;0;0;0;0;0;0
17;5;0;0;0;0;0;0
17;5,1;0;0;0;0;0;0
17;5,2;0;0;0;0;0;0
17;5,3;0;0;0;0;0;0
17;5,4;0;0;0;0;0;0
17;5,5;0;0;0;0;0;0
17;5,6;0;0;0;0;0;0
17;5,7;0;0;0;0;0;0
17;5,8;0;0;0;0;0;0
17;5,9;0;0;0;0;0;0
17;6;0;0;0;0;0;0
17;6,1;0;0;0;0;0;0
17;6,2;0;0;0;0;0;0
17;6,3;0;0;0;0;0;0
17;6,4;0;0;0;0;0;0
17;6,5;0;0;0;0;0;0
17;6,6;0;0;0;0;0;0
17;6,7;0;0;0;0;0;0
17;6,8;0;0;0;0;0;0
17;6,9;0;0;0;0;0;0
17;7;0;0;0;0;0;0
17;7,1;0;0;0;0;0;0
17;7,2;0;0;0;0;0;0
17;7,3;0;0;0;0;0;0
17;7,4;0;0;0;0;0;0
17;7,5;0;0;0;0;0;0
17;7,6;0;0;0;0;0;0
17;7,7;0;0;0;0;0;0
17;7,8;0;0;0;0;0;0
17;7,9;0;0;0;0;0;0
17;8;0;0;0;0;0;0
17;8,1;0;0;0;0;0;0
17;8,2;0;0;0;0;0;0
17;8,3;0;0;0;0;0;0
17;8,4;0;0;0;0;0;0
17;8,5;0;0;0;0;0;0
17;8,6;0;0;0;0;0;0
17;8,7;0;0;0;0;0;0
17;8,8;0;0;0;0;0;0
17;8,9;0;0;0;0;0;0
17;9;0;0;0;0;0;0
17;9,1;0;0;0;0;0;0
17;9,2;0;0;0;0;0;0
17;9,3;0;0;0;0;0;0
17;9,4;0;0;0;0;0;0
17;9,5;0;0;0;0;0;0
17;9,6;0;0;0;0;0;0
17;9,7;0;0;0;0;0;0
17;9,8;0;0;0;0;0;0
17;9,9;0;0;0;0;0;0
17;10;0;0;0;0;0;0
17;10,1;0;0;0;0;0;0
17;10,2;0;0;0;0;0;0
17;10,3;0;0;0;0;0;0
17;10,4;0;0;0;0;0;0
17;10,5;0;0;0;0;0;0
17;10,6;0;0;0;0;0;0
17;10,7;0;0;0;0;0;0
17;10,8;0;0;0;0;0;0
17;10,9;0;0;0;0;0;0
17;11;0;0;0;0;0;0
17;11,1;0;0;0;0;0;0
17;11,2;0;0;0;0;0;0
17;11,3;0;0;0;0;0;0
17;11,4;0;0;0;0;0;0
17;11,5;0;0;0;0;0;0
17;11,6;0;0;0;0;0;0
17;11,7;0;0;0;0;0;0
17;11,8;0;0;0;0;0;0
17;11,9;0;0;0;0;0;0
17;12;0;0;0;0;0;0
17;12,1;0;0;0;0;0;0
17;12,2;0;0;0;0;0;0
17;12,3;0;0;0;0;0;0
17;12,4;0;0;0;0;0;0
17;12,5;0;0;0;0;0;0
17;12,6;0;0;0;0;0;0
17;12,7;0;0;0;0;0;0
17;12,8;0;0;0;0;0;0
17;12,9;0;0;0;0;0;0
17;13;0;0;0;0;0;0
17;13,1;0;0;0;0;0;0
17;13,2;0;0;0;0;0;0
17;13,3;0;0;0;0;0;0
17;13,4;0;0;0;0;0;0
17;13,5;0;0;0;0;0;0
17;13,6;0;0;0;0;0;0
17;13,7;0;0;0;0;0;0
17;13,8;0;0;0;0;0;0
17;13,9;0;0;0;0;0;0
17;14;0;0;0;0;0;0
17;14,1;0;0;0;0;0;0
17;14,2;0;0;0;0;0;0
17;14,3;0;0;0;0;0;0
17;14,4;0;0;0;0;0;0
17;14,5;0;0;0;0;0;0
17;14,6;0;0;0;0;0;0
17;14,7;0;0;0;0;0;0
17;14,8;0;0;0;0;0;0
17;14,9;0;0;0;0;0;0
17;15;0;0;0;0;0;0
17;15,1;0;0;0;0;0;0
17;15,2;0;0;0;0;0;0
17;15,3;0;0;0;0;0;0
17;15,4;0;0;0;0;0;0
17;15,5;0;0;0;0;0;0
17;15,6;0;0;0;0;0;0
17;15,7;0;0;0;0;0;0
17;15,8;0;0;0;0;0;0
17;15,9;0;0;0;0;0;0
17;16;0;0;0;0;0;0
17;16,1;0;0;0;0;0;0
17;16,2;0;0;0;0;0;0
17;16,3;0;0;0;0;0;0
17;16,4;0;0;0;0;0;0
17;16,5;0;0;0;0;0;0
17;16,6;0;0;0;0;0;0
17;16,7;0;0;0;0;0;0
17;16,8;0;0;0;0;0;0
17;16,9;0;0;0;0;0;0
17;17;0;0;0;0;0;0
17;17,1;0;0;0;0;0;0
17;17,2;0;0;0;0;0;0
17;17,3;0;0;0;0;0;0
17;17,4;0;0;0;0;0;0
17;17,5;0;0;0;0;0;0
17;17,6;0;0;0;0;0;0
17;17,7;0;0;0;0;0;0
17;17,8;0;0;0;0;0;0
17;17,9;0;0;0;0;0;0
17;18;0;0;0;0;0;0
17;18,1;0;0;0;0;0;0
17;18,2;0;0;0;0;0;0
17;18,3;0;0;0;0;0;0
17;18,4;0;0;0;0;0;0
17;18,5;0;0;0;0;0;0
17;18,6;0;0;0;0;0;0
17;18,7;0;0;0;0;0;0
17;18,8;0;0;0;0;0;0
17;18,9;0;0;0;0;0;0
17;19;0;0;0;0;0;0
17;19,1;0;0;0;0;0;0
17;19,2;0;0;0;0;0;0
17;19,3;0;0;0;0;0;0
17;19,4;0;0;0;0;0;0
17;19,5;0;0;0;0;0;0
17;19,6;0;0;0;0;0;0
17;19,7;0;0;0;0;0;0
17;19,8;0;0;0;0;0;0
17;19,9;0;0;0;0;0;0
17;20;0;0;0;0;0;0
17;20,1;0;0;0;0;0;0
17;20,2;0;0;0;0;0;0
17;20,3;0;0;0;0;0;0
17;20,4;0;0;0;0;0;0
17;20,5;0;0;0;0;0;0
17;20,6;0;0;0;0;0;0
17;20,7;0;0;0;0;0;0
17;20,8;0;0;0;0;0;0
17;20,9;0;0;0;0;0;0
17;21;0;0;0;0;0;0
17;21,1;0;0;0;0;0;0
17;21,2;0;0;0;0;0;0
17;21,3;0;0;0;0;0;0
17;21,4;0;0;0;0;0;0
17;21,5;0;0;0;0;0;0
17;21,6;0;0;0;0;0;0
17;21,7;0;0;0;0;0;0
17;21,8;0;0;0;0;0;0
17;21,9;0;0;0;0;0;0
17;22;0;0;0;0;0;0
17;22,1;0;0;0;0;0;0
17;22,2;0;0;0;0;0;0
17;22,3;0;0;0;0;0;0
17;22,4;0;0;0;0;0;0
17;22,5;0;0;0;0;0;0
17;22,6;0;0;0;0;0;0
17;22,7;0;0;0;0;0;0
17;22,8;0;0;0;0;0;0
17;22,9;0;0;0;0;0;0
17;23;0;0;0;0;0;0
17;23,1;0;0;0;0;0;0
17;23,2;0;0;0;0;0;0
17;23,3;0;0;0;0;0;0
17;23,4;0;0;0;0;0;0
17;23,5;0;0;0;0;0;0
17;23,6;0;0;0;0;0;0
17;23,7;0;0;0;0;0;0
17;23,8;0;0;0;0;0;0
17;23,9;0;0;0;0;0;0
17;24;0;0;0;0;0;0
17;24,1;0;0;0;0;0;0
17;24,2;0;0;0;0;0;0
17;24,3;0;0;0;0;0;0
17;24,4;0;0;0;0;0;0
17;24,5;0;0;0;0;0;0
17;24,6;0;0;0;0;0;0
17;24,7;0;0;0;0;0;0
17;24,8;0;0;0;0;0;0
17;24,9;0;0;0;0;0;0
17;25;0;0;0;0;0;0
17;25,1;0;0;0;0;0;0
17;25,2;0;0;0;0;0;0
17;25,3;0;0;0;0;0;0
17;25,4;0;0;0;0;0;0
17;25,5;0;0;0;0;0;0
17;25,6;0;0;0;0;0;0
17;25,7;0;0;0;0;0;0
17;25,8;0;0;0;0;0;0
17;25,9;0;0;0;0;0;0
17;26;0;0;0;0;0;0
17;26,1;0;0;0;0;0;0
17;26,2;0;0;0;0;0;0
17;26,3;0;0;0;0;0;0
17;26,4;0;0;0;0;0;0
17;26,5;0;0;0;0;0;0
17;26,6;0;0;0;0;0;0
17;26,7;0;0;0;0;0;0
17;26,8;0;0;0;0;0;0
17;26,9;0;0;0;0;0;0
17;27;0;0;0;0;0;0
17;27,1;0;0;0;0;0;0
17;27,2;0;0;0;0;0;0
17;27,3;0;0;0;0;0;0
17;27,4;0;0;0;0;0;0
17;27,5;0;0;0;0;0;0
17;27,6;0;0;0;0;0;0
17;27,7;0;0;0;0;0;0
17;27,8;0;0;0;0;0;0
17;27,9;0;0;0;0;0;0
17;28;0;0;0;0;0;0
17;28,1;0;0;0;0;0;0
17;28,2;0;0;0;0;0;0
17;28,3;0;0;0;0;0;0
17;28,4;0;0;0;0;0;0
17;28,5;0;0;0;0;0;0
17;28,6;0;0;0;0;0;0
17;28,7;0;0;0;0;0;0
17;28,8;0;0;0;0;0;0
17;28,9;0;0;0;0;0;0
17;29;0;0;0;0;0;0
17;29,1;0;0;0;0;0;0
17;29,2;0;0;0;0;0;0
17;29,3;0;0;0;0;0;0
17;29,4;0;0;0;0;0;0
17;29,5;0;0;0;0;0;0
17;29,6;0;0;0;0;0;0
17;29,7;0;0;0;0;0;0
17;29,8;0;0;0;0;0;0
17;29,9;0;0;0;0;0;0
17;30;0;0;0;0;0;0
17;30,1;0;0;0;0;0;0
17;30,2;0;0;0;0;0;0
17;30,3;0;0;0;0;0;0
17;30,4;0;0;0;0;0;0
17;30,5;0;0;0;0;0;0
17;30,6;0;0;0;0;0;0
17;30,7;0;0;0;0;0;0
17;30,8;0;0;0;0;0;0
17;30,9;0;0;0;0;0;0
17;31;0;0;0;0;0;0
17;31,1;0;0;0;0;0;0
17;31,2;0;0;0;0;0;0
17;31,3;0;0;0;0;0;0
17;31,4;0;0;0;0;0;0
17;31,5;0;0;0;0;0;0
17;31,6;0;0;0;0;0;0
17;31,7;0;0;0;0;0;0
17;31,8;0;0;0;0;0;0
17;31,9;0;0;0;0;0;0
17;32;0;0;0;0;0;0
17;32,1;0;0;0;0;0;0
17;32,2;0;0;0;0;0;0
17;32,3;0;0;0;0;0;0
17;32,4;0;0;0;0;0;0
17;32,5;0;0;0;0;0;0
17;32,6;0;0;0;0;0;0
17;32,7;0;0;0;0;0;0
17;32,8;0;0;0;0;0;0
17;32,9;0;0;0;0;0;0
17;33;0;0;0;0;0;0
17;33,1;0;0;0;0;0;0
17;33,2;0;0;0;0;0;0
17;33,3;0;0;0;0;0;0
17;33,4;0;0;0;0;0;0
17;33,5;0;0;0;0;0;0
17;33,6;0;0;0;0;0;0
17;33,7;0;0;0;0;0;0
17;33,8;0;0;0;0;0;0
17;33,9;0;0;0;0;0;0
17;34;0;0;0;0;0;0
17;34,1;0;0;0;0;0;0
17;34,2;0;0;0;0;0;0
17;34,3;0;0;0;0;0;0
17;34,4;0;0;0;0;0;0
17;34,5;0;0;0;0;0;0
17;34,6;0;0;0;0;0;0
17;34,7;0;0;0;0;0;0
17;34,8;0;0;0;0;0;0
17;34,9;0;0;0;0;0;0
17;35;0;0;0;0;0;0
17;35,1;0;0;0;0;0;0
17;35,2;0;0;0;0;0;0
17;35,3;0;0;0;0;0;0
17;35,4;0;0;0;0;0;0
17;35,5;0;0;0;0;0;0
17;35,6;0;0;0;0;0;0
17;35,7;0;0;0;0;0;0
17;35,8;0;0;0;0;0;0
17;35,9;0;0;0;0;0;0
17;36;0;0;0;0;0;0
17;36,1;0;0;0;0;0;0
17;36,2;0;0;0;0;0;0
17;36,3;0;0;0;0;0;0
17;36,4;0;0;0;0;0;0
17;36,5;0;0;0;0;0;0
17;36,6;0;0;0;0;0;0
17;36,7;0;0;0;0;0;0
17;36,8;0;0;0;0;0;0
17;36,9;0;0;0;0;0;0
17;37;0;0;0;0;0;0
17;37,1;0;0;0;0;0;0
17;37,2;0;0;0;0;0;0
17;37,3;0;0;0;0;0;0
17;37,4;0;0;0;0;0;0
17;37,5;0;0;0;0;0;0
17;37,6;0;0;0;0;0;0
17;37,7;0;0;0;0;0;0
17;37,8;0;0;0;0;0;0
17;37,9;0;0;0;0;0;0
17;38;0;0;0;0;0;0
17;38,1;0;0;0;0;0;0
17;38,2;0;0;0;0;0;0
17;38,3;0;0;0;0;0;0
17;38,4;0;0;0;0;0;0
17;38,5;0;0;0;0;0;0
17;38,6;0;0;0;0;0;0
17;38,7;0;0;0;0;0;0
17;38,8;0;0;0;0;0;0
17;38,9;0;0;0;0;0;0
17;39;0;0;0;0;0;0
17;39,1;0;0;0;0;0;0
17;39,2;0;0;0;0;0;0
17;39,3;0;0;0;0;0;0
17;39,4;0;0;0;0;0;0
17;39,5;0;0;0;0;0;0
17;39,6;0;0;0;0;0;0
17;39,7;0;0;0;0;0;0
17;39,8;0;0;0;0;0;0
17;39,9;0;0;0;0;0;0
17;40;0;0;0;0;0;0
18;0;0;0;0;0;0;0
18;0,1;-0,26262;-14,9512;-0,11727;0,001935;-0,781;99,675
18;0,2;-0,3156;-16,71067;-0,12489;0,002208;-0,832;111,405
18;0,3;0,50978;18,92629;0,19091;-0,002737;1,271;-126,176
18;0,4;-0,59626;-15,79639;-0,21741;0,002551;-1,448;105,311
18;0,5;0,60759;9,24039;0,21655;-0,001898;1,442;-61,604
18;0,6;-0,58216;-1,69993;-0,20275;0,00109;-1,35;11,334
18;0,7;0,55428;-4,60968;0,18897;-0,0004052;1,258;30,73
18;0,8;-0,54709;8,24259;-0,18387;0,00002908;-1,224;-54,95
18;0,9;0,5695;-8,75557;0,19073;-0,00002026;1,27;58,369
18;1;-0,61744;6,62937;-0,20783;0,0003227;-1,384;-44,195
18;1,1;0,67807;-2,95965;0,23015;-0,0008036;1,532;19,73
18;1,2;-0,73547;-0,95552;-0,25148;0,001305;-1,675;6,372
18;1,3;0,7759;4,00182;0,26648;-0,00169;1,774;-26,68
18;1,4;-0,79141;-5,51094;-0,27204;0,001878;-1,811;36,741
18;1,5;0,78112;5,35303;0,26778;-0,001854;1,783;-35,688
18;1,6;-0,75033;-3,86783;-0,25569;0,001662;-1,703;25,787
18;1,7;0,70811;1,684;0,23923;-0,001378;1,593;-11,228
18;1,8;-0,66433;0,50361;-0,22217;0,001091;-1,479;-3,356
18;1,9;0,62698;-2,1313;0,20758;-0,0008706;1,382;14,207
18;2;-0,60054;2,89087;-0,19716;0,0007549;-1,313;-19,271
18;2,1;0,58556;-2,76204;0,19111;-0,0007471;1,272;18,412
18;2,2;-0,57933;1,96213;-0,1884;0,0008209;-1,254;-13,08
18;2,3;0,57727;-0,84235;0,18727;-0,0009332;1,247;5,615
18;2,4;-0,57459;-0,23138;-0,18589;0,001039;-1,238;1,544
18;2,5;0,56763;0,97836;0,18285;-0,001104;1,217;-6,524
18;2,6;-0,55462;-1,26096;-0,17748;0,001112;-1,182;8,408
18;2,7;0,53582;1,09325;0,16988;-0,001063;1,131;-7,289
18;2,8;-0,51308;-0,60758;-0,16077;0,0009761;-1,07;4,052
18;2,9;0,48903;-0,00384;0,15117;-0,0008736;1,006;0,024
18;3;-0,46628;0,55187;-0,14207;0,0007795;-0,946;-3,678
18;3,1;0,44667;-0,9004;0,13418;-0,0007107;0,893;6,002
18;3,2;-0,43099;0,99247;-0,12783;0,0006742;-0,851;-6,615
18;3,3;0,41896;-0,85021;0,12289;-0,0006674;0,818;5,667
18;3,4;-0,40949;0,55377;-0,11895;0,0006805;-0,792;-3,691
18;3,5;0,40116;-0,20887;0,11546;-0,0007004;0,769;1,391
18;3,6;-0,39263;-0,08621;-0,11193;0,000715;-0,745;0,576
18;3,7;0,38302;0,26529;0,10799;-0,0007161;0,719;-1,77
18;3,8;-0,37199;-0,30561;-0,10353;0,0007009;-0,689;2,038
18;3,9;0,35979;0,22546;0,09864;-0,0006716;0,657;-1,504
18;4;-0,34702;-0,07138;-0,09355;0,0006339;-0,623;0,477
18;4,1;0,33445;-0,09972;0,08855;-0,0005949;0,589;0,664
18;4,2;-0,32274;0,23769;-0,0839;0,0005608;-0,558;-1,584
18;4,3;0,3123;-0,31113;0,07975;-0,0005354;0,531;2,073
18;4,4;-0,30321;0,31208;-0,07614;0,0005196;-0,507;-2,08
18;4,5;0,29529;-0,2536;0,07298;-0,0005117;0,486;1,69
18;4,6;-0,28817;0,16214;-0,07015;0,0005086;-0,467;-1,08
18;4,7;0,28142;-0,06795;0,06747;-0,0005065;0,449;0,452
18;4,8;-0,27469;-0,0038;-0,0648;0,0005021;-0,431;0,026
18;4,9;0,26777;0,0387;0,06208;-0,0004937;0,413;-0,259
18;5;-0,26062;-0,0349;-0,05927;0,000481;-0,394;0,234
18;5,1;0,25336;0,00117;0,05643;-0,000465;0,375;-0,00871
18;5,2;-0,24616;0,04748;-0,05362;0,0004478;-0,357;-0,316
18;5,3;0,23925;-0,09497;0,05092;-0,000431;0,339;0,632
18;5,4;-0,23276;0,12864;-0,0484;0,0004165;-0,322;-0,857
18;5,5;0,2268;-0,14197;0,04608;-0,0004048;0,307;0,946
18;5,6;-0,22133;0,13507;-0,04396;0,000396;-0,292;-0,9
18;5,7;0,21628;-0,11341;0,042;-0,0003894;0,279;0,755
18;5,8;-0,21153;0,0853;-0,04017;0,000384;-0,267;-0,568
18;5,9;0,20696;-0,05914;0,0384;-0,0003786;0,255;0,393
18;6;-0,20247;0,04117;-0,03668;0,0003726;-0,244;-0,274
18;6,1;0,19802;-0,03423;0,03497;-0,0003655;0,233;0,227
18;6,2;-0,19361;0,03766;-0,03328;0,0003574;-0,221;-0,25
18;6,3;0,18927;-0,04818;0,03162;-0,0003488;0,21;0,32
18;6,4;-0,18506;0,06123;-0,03002;0,0003401;-0,2;-0,407
18;6,5;0,18104;-0,0725;0,02849;-0,0003319;0,189;0,482
18;6,6;-0,17723;0,07895;-0,02705;0,0003246;-0,18;-0,525
18;6,7;0,17365;-0,07945;0,0257;-0,0003182;0,171;0,529
18;6,8;-0,17027;0,07466;-0,02444;0,0003127;-0,162;-0,497
18;6,9;0,16708;-0,06655;0,02324;-0,0003079;0,154;0,443
18;7;-0,16402;0,05759;-0,0221;0,0003034;-0,147;-0,383
18;7,1;0,16107;-0,05;0,02101;-0,000299;0,14;0,333
18;7,2;-0,1582;0,04525;-0,01995;0,0002944;-0,133;-0,301
18;7,3;0,1554;-0,04375;0,01892;-0,0002896;0,126;0,291
18;7,4;-0,15267;0,04501;-0,01792;0,0002847;-0,119;-0,299
18;7,5;0,15002;-0,04789;0,01695;-0,0002797;0,113;0,318
18;7,6;-0,14746;0,05108;-0,01602;0,0002749;-0,106;-0,34
18;7,7;0,14501;-0,05342;0,01514;-0,0002703;0,1;0,355
18;7,8;-0,14267;0,05425;-0,0143;0,0002661;-0,095;-0,361
18;7,9;0,14045;-0,05343;0,0135;-0,0002622;0,09;0,355
18;8;-0,13832;0,0513;-0,01275;0,0002586;-0,085;-0,341
18;8,1;0,13628;-0,0485;0,01203;-0,0002553;0,08;0,323
18;8,2;-0,13432;0,04573;-0,01135;0,0002521;-0,075;-0,304
18;8,3;0,13243;-0,04354;0,01069;-0,000249;0,071;0,29
18;8,4;-0,13059;0,04226;-0,01005;0,0002458;-0,067;-0,281
18;8,5;0,12881;-0,04189;0,00944;-0,0002427;0,063;0,279
18;8,6;-0,12708;0,04221;-0,00885;0,0002396;-0,059;-0,281
18;8,7;0,12541;-0,04286;0,00828;-0,0002365;0,055;0,285
18;8,8;-0,12381;0,04347;-0,00774;0,0002336;-0,051;-0,289
18;8,9;0,12226;-0,04376;0,00722;-0,0002308;0,048;0,291
18;9;-0,12077;0,04358;-0,00673;0,0002282;-0,045;-0,29
18;9,1;0,11934;-0,04296;0,00626;-0,0002257;0,041;0,286
18;9,2;-0,11797;0,04203;-0,00582;0,0002233;-0,038;-0,279
18;9,3;0,11665;-0,04098;0,00539;-0,000221;0,036;0,272
18;9,4;-0,11537;0,04001;-0,00498;0,0002188;-0,033;-0,266
18;9,5;0,11413;-0,03925;0,00459;-0,0002167;0,03;0,261
18;9,6;-0,11293;0,03876;-0,00421;0,0002145;-0,028;-0,258
18;9,7;0,11177;-0,03852;0,00385;-0,0002125;0,025;0,256
18;9,8;-0,11064;0,03845;-0,0035;0,0002104;-0,023;-0,256
18;9,9;0,10955;-0,03843;0,00317;-0,0002084;0,021;0,255
18;10;-0,1085;0,03838;-0,00286;0,0002065;-0,019;-0,255
18;10,1;0,10748;-0,03822;0,00255;-0,0002047;0,017;0,254
18;10,2;-0,1065;0,03793;-0,00226;0,0002029;-0,015;-0,252
18;10,3;0,10555;-0,03752;0,00199;-0,0002012;0,013;0,249
18;10,4;-0,10463;0,03706;-0,00173;0,0001996;-0,011;-0,246
18;10,5;0,10374;-0,03658;0,00147;-0,000198;0,00952;0,243
18;10,6;-0,10288;0,03615;-0,00123;0,0001965;-0,007919;-0,24
18;10,7;0,10204;-0,0358;0,001;-0,000195;0,006386;0,238
18;10,8;-0,10123;0,03553;-0,00078;0,0001935;-0,004919;-0,236
18;10,9;0,10044;-0,03532;0,00057;-0,0001921;0,003514;0,235
18;11;-0,09968;0,03516;-0,00037;0,0001907;-0,00217;-0,234
18;11,1;0,09893;-0,03501;0,00018;-0,0001893;0,0008861;0,233
18;11,2;-0,09821;0,03484;0,000007249;0,000188;0,0003404;-0,232
18;11,3;0,09751;-0,03464;-0,00018;-0,0001867;-0,001511;0,23
18;11,4;-0,09683;0,03441;0,00035;0,0001855;0,002628;-0,229
18;11,5;0,09617;-0,03415;-0,00051;-0,0001842;-0,003694;0,227
18;11,6;-0,09553;0,03389;0,00066;0,0001831;0,004712;-0,225
18;11,7;0,0949;-0,03363;-0,00081;-0,0001819;-0,005684;0,224
18;11,8;-0,09429;0,0334;0,00095;0,0001808;0,006612;-0,222
18;11,9;0,0937;-0,03318;-0,00108;-0,0001797;-0,007499;0,221
18;12;-0,09312;0,033;0,00121;0,0001786;0,008346;-0,219
18;12,1;0,09256;-0,03283;-0,00133;-0,0001776;-0,009155;0,218
18;12,2;-0,09201;0,03267;0,00145;0,0001766;0,009928;-0,217
18;12,3;0,09148;-0,03252;-0,00156;-0,0001756;-0,011;0,216
18;12,4;-0,09096;0,03236;0,00166;0,0001746;0,011;-0,215
18;12,5;0,09045;-0,0322;-0,00177;-0,0001736;-0,012;0,214
18;12,6;-0,08995;0,03203;0,00186;0,0001727;0,013;-0,213
18;12,7;0,08947;-0,03185;-0,00195;-0,0001718;-0,013;0,212
18;12,8;-0,08899;0,03168;0,00204;0,0001709;0,014;-0,211
18;12,9;0,08853;-0,03151;-0,00212;-0,00017;-0,014;0,209
18;13;-0,08808;0,03135;0,0022;0,0001692;0,015;-0,208
18;13,1;0,08763;-0,03119;-0,00228;-0,0001683;-0,015;0,207
18;13,2;-0,0872;0,03105;0,00235;0,0001675;0,016;-0,206
18;13,3;0,08678;-0,03091;-0,00242;-0,0001667;-0,016;0,205
18;13,4;-0,08636;0,03078;0,00248;0,0001659;0,017;-0,205
18;13,5;0,08595;-0,03065;-0,00254;-0,0001651;-0,017;0,204
18;13,6;-0,08555;0,03052;0,0026;0,0001643;0,018;-0,203
18;13,7;0,08516;-0,03038;-0,00266;-0,0001636;-0,018;0,202
18;13,8;-0,08478;0,03025;0,00271;0,0001629;0,018;-0,201
18;13,9;0,0844;-0,03012;-0,00276;-0,0001621;-0,019;0,2
18;14;-0,08403;0,02999;0,00281;0,0001614;0,019;-0,199
18;14,1;0,08367;-0,02986;-0,00286;-0,0001607;-0,019;0,198
18;14,2;-0,08331;0,02973;0,0029;0,00016;0,02;-0,198
18;14,3;0,08296;-0,02961;-0,00294;-0,0001593;-0,02;0,197
18;14,4;-0,08261;0,0295;0,00298;0,0001587;0,02;-0,196
18;14,5;0,08228;-0,02938;-0,00302;-0,000158;-0,02;0,195
18;14,6;-0,08194;0,02927;0,00305;0,0001574;0,021;-0,194
18;14,7;0,08161;-0,02916;-0,00309;-0,0001567;-0,021;0,194
18;14,8;-0,08129;0,02905;0,00312;0,0001561;0,021;-0,193
18;14,9;0,08097;-0,02894;-0,00315;-0,0001554;-0,021;0,192
18;15;-0,08066;0,02883;0,00317;0,0001548;0,021;-0,192
18;15,1;0,08035;-0,02872;-0,0032;-0,0001542;-0,022;0,191
18;15,2;-0,08004;0,02861;0,00323;0,0001536;0,022;-0,19
18;15,3;0,07974;-0,02851;-0,00325;-0,000153;-0,022;0,189
18;15,4;-0,07945;0,0284;0,00327;0,0001524;0,022;-0,189
18;15,5;0,07915;-0,0283;-0,00329;-0,0001519;-0,022;0,188
18;15,6;-0,07886;0,0282;0,00331;0,0001513;0,022;-0,187
18;15,7;0,07858;-0,0281;-0,00333;-0,0001507;-0,022;0,187
18;15,8;-0,0783;0,028;0,00335;0,0001502;0,023;-0,186
18;15,9;0,07802;-0,02791;-0,00336;-0,0001496;-0,023;0,185
18;16;-0,07774;0,02781;0,00338;0,0001491;0,023;-0,185
18;16,1;0,07747;-0,02772;-0,00339;-0,0001485;-0,023;0,184
18;16,2;-0,0772;0,02762;0,0034;0,000148;0,023;-0,184
18;16,3;0,07694;-0,02753;-0,00342;-0,0001474;-0,023;0,183
18;16,4;-0,07667;0,02744;0,00343;0,0001469;0,023;-0,182
18;16,5;0,07641;-0,02734;-0,00344;-0,0001464;-0,023;0,182
18;16,6;-0,07616;0,02725;0,00345;0,0001459;0,023;-0,181
18;16,7;0,0759;-0,02716;-0,00345;-0,0001454;-0,023;0,18
18;16,8;-0,07565;0,02708;0,00346;0,0001448;0,023;-0,18
18;16,9;0,0754;-0,02699;-0,00347;-0,0001443;-0,023;0,179
18;17;-0,07515;0,0269;0,00348;0,0001438;0,023;-0,179
18;17,1;0,0749;-0,02681;-0,00348;-0,0001433;-0,023;0,178
18;17,2;-0,07466;0,02673;0,00349;0,0001429;0,023;-0,178
18;17,3;0,07442;-0,02664;-0,00349;-0,0001424;-0,023;0,177
18;17,4;-0,07418;0,02656;0,0035;0,0001419;0,024;-0,176
18;17,5;0,07394;-0,02647;-0,0035;-0,0001414;-0,024;0,176
18;17,6;-0,07371;0,02639;0,0035;0,0001409;0,024;-0,175
18;17,7;0,07347;-0,02631;-0,0035;-0,0001404;-0,024;0,175
18;17,8;-0,07324;0,02623;0,00351;0,00014;0,024;-0,174
18;17,9;0,07301;-0,02615;-0,00351;-0,0001395;-0,024;0,174
18;18;-0,07278;0,02607;0,00351;0,000139;0,024;-0,173
18;18,1;0,07256;-0,02598;-0,00351;-0,0001386;-0,024;0,173
18;18,2;-0,07233;0,02591;0,00351;0,0001381;0,024;-0,172
18;18,3;0,07211;-0,02583;-0,00351;-0,0001377;-0,024;0,172
18;18,4;-0,07189;0,02575;0,00351;0,0001372;0,024;-0,171
18;18,5;0,07166;-0,02567;-0,00351;-0,0001368;-0,024;0,171
18;18,6;-0,07145;0,02559;0,00351;0,0001363;0,024;-0,17
18;18,7;0,07123;-0,02551;-0,00351;-0,0001359;-0,024;0,17
18;18,8;-0,07101;0,02544;0,0035;0,0001354;0,024;-0,169
18;18,9;0,0708;-0,02536;-0,0035;-0,000135;-0,024;0,169
18;19;-0,07058;0,02529;0,0035;0,0001346;0,024;-0,168
18;19,1;0,07037;-0,02521;-0,0035;-0,0001341;-0,024;0,167
18;19,2;-0,07016;0,02513;0,0035;0,0001337;0,024;-0,167
18;19,3;0,06995;-0,02506;-0,00349;-0,0001333;-0,023;0,167
18;19,4;-0,06974;0,02499;0,00349;0,0001328;0,023;-0,166
18;19,5;0,06953;-0,02491;-0,00349;-0,0001324;-0,023;0,166
18;19,6;-0,06933;0,02484;0,00348;0,000132;0,023;-0,165
18;19,7;0,06912;-0,02477;-0,00348;-0,0001316;-0,023;0,165
18;19,8;-0,06892;0,02469;0,00347;0,0001311;0,023;-0,164
18;19,9;0,06871;-0,02462;-0,00347;-0,0001307;-0,023;0,164
18;20;-0,06851;0,02455;0,00347;0,0001303;0,023;-0,163
18;20,1;0,06831;-0,02448;-0,00346;-0,0001299;-0,023;0,163
18;20,2;-0,06811;0,02441;0,00346;0,0001295;0,023;-0,162
18;20,3;0,06791;-0,02433;-0,00345;-0,0001291;-0,023;0,162
18;20,4;-0,06771;0,02426;0,00345;0,0001287;0,023;-0,161
18;20,5;0,06752;-0,02419;-0,00344;-0,0001283;-0,023;0,161
18;20,6;-0,06732;0,02412;0,00344;0,0001279;0,023;-0,16
18;20,7;0,06712;-0,02405;-0,00343;-0,0001275;-0,023;0,16
18;20,8;-0,06693;0,02398;0,00342;0,0001271;0,023;-0,159
18;20,9;0,06674;-0,02392;-0,00342;-0,0001267;-0,023;0,159
18;21;-0,06654;0,02385;0,00341;0,0001263;0,023;-0,158
18;21,1;0,06635;-0,02378;-0,00341;-0,0001259;-0,023;0,158
18;21,2;-0,06616;0,02371;0,0034;0,0001255;0,023;-0,158
18;21,3;0,06597;-0,02364;-0,0034;-0,0001251;-0,023;0,157
18;21,4;-0,06578;0,02357;0,00339;0,0001247;0,023;-0,157
18;21,5;0,06559;-0,02351;-0,00338;-0,0001243;-0,023;0,156
18;21,6;-0,0654;0,02344;0,00338;0,0001239;0,023;-0,156
18;21,7;0,06522;-0,02337;-0,00337;-0,0001235;-0,023;0,155
18;21,8;-0,06503;0,02331;0,00336;0,0001231;0,023;-0,155
18;21,9;0,06484;-0,02324;-0,00336;-0,0001228;-0,023;0,154
18;22;-0,06466;0,02317;0,00335;0,0001224;0,023;-0,154
18;22,1;0,06447;-0,02311;-0,00335;-0,000122;-0,022;0,154
18;22,2;-0,06429;0,02304;0,00334;0,0001216;0,022;-0,153
18;22,3;0,06411;-0,02298;-0,00333;-0,0001212;-0,022;0,153
18;22,4;-0,06392;0,02291;0,00333;0,0001209;0,022;-0,152
18;22,5;0,06374;-0,02285;-0,00332;-0,0001205;-0,022;0,152
18;22,6;-0,06356;0,02278;0,00331;0,0001201;0,022;-0,151
18;22,7;0,06338;-0,02272;-0,00331;-0,0001197;-0,022;0,151
18;22,8;-0,0632;0,02265;0,0033;0,0001194;0,022;-0,15
18;22,9;0,06302;-0,02259;-0,00329;-0,000119;-0,022;0,15
18;23;-0,06284;0,02252;0,00328;0,0001186;0,022;-0,15
18;23,1;0,06267;-0,02246;-0,00328;-0,0001183;-0,022;0,149
18;23,2;-0,06249;0,0224;0,00327;0,0001179;0,022;-0,149
18;23,3;0,06231;-0,02233;-0,00326;-0,0001175;-0,022;0,148
18;23,4;-0,06214;0,02227;0,00326;0,0001172;0,022;-0,148
18;23,5;0,06196;-0,02221;-0,00325;-0,0001168;-0,022;0,148
18;23,6;-0,06179;0,02215;0,00324;0,0001164;0,022;-0,147
18;23,7;0,06161;-0,02208;-0,00324;-0,0001161;-0,022;0,147
18;23,8;-0,06144;0,02202;0,00323;0,0001157;0,022;-0,146
18;23,9;0,06127;-0,02196;-0,00322;-0,0001154;-0,022;0,146
18;24;-0,0611;0,0219;0,00321;0,000115;0,022;-0,145
18;24,1;0,06092;-0,02184;-0,00321;-0,0001147;-0,022;0,145
18;24,2;-0,06075;0,02178;0,0032;0,0001143;0,022;-0,145
18;24,3;0,06058;-0,02172;-0,00319;-0,000114;-0,021;0,144
18;24,4;-0,06041;0,02165;0,00319;0,0001136;0,021;-0,144
18;24,5;0,06024;-0,02159;-0,00318;-0,0001133;-0,021;0,143
18;24,6;-0,06007;0,02153;0,00317;0,0001129;0,021;-0,143
18;24,7;0,05991;-0,02147;-0,00316;-0,0001126;-0,021;0,143
18;24,8;-0,05974;0,02141;0,00316;0,0001122;0,021;-0,142
18;24,9;0,05957;-0,02135;-0,00315;-0,0001119;-0,021;0,142
18;25;-0,0594;0,02129;0,00314;0,0001115;0,021;-0,141
18;25,1;0,05924;-0,02123;-0,00314;-0,0001112;-0,021;0,141
18;25,2;-0,05907;0,02117;0,00313;0,0001108;0,021;-0,141
18;25,3;0,05891;-0,02112;-0,00312;-0,0001105;-0,021;0,14
18;25,4;-0,05874;0,02106;0,00311;0,0001102;0,021;-0,14
18;25,5;0,05858;-0,021;-0,00311;-0,0001098;-0,021;0,139
18;25,6;-0,05842;0,02094;0,0031;0,0001095;0,021;-0,139
18;25,7;0,05825;-0,02088;-0,00309;-0,0001092;-0,021;0,139
18;25,8;-0,05809;0,02082;0,00309;0,0001088;0,021;-0,138
18;25,9;0,05793;-0,02076;-0,00308;-0,0001085;-0,021;0,138
18;26;-0,05777;0,02071;0,00307;0,0001082;0,021;-0,138
18;26,1;0,05761;-0,02065;-0,00306;-0,0001078;-0,021;0,137
18;26,2;-0,05744;0,02059;0,00306;0,0001075;0,021;-0,137
18;26,3;0,05728;-0,02053;-0,00305;-0,0001072;-0,021;0,136
18;26,4;-0,05713;0,02048;0,00304;0,0001068;0,02;-0,136
18;26,5;0,05697;-0,02042;-0,00304;-0,0001065;-0,02;0,136
18;26,6;-0,05681;0,02036;0,00303;0,0001062;0,02;-0,135
18;26,7;0,05665;-0,02031;-0,00302;-0,0001058;-0,02;0,135
18;26,8;-0,05649;0,02025;0,00301;0,0001055;0,02;-0,135
18;26,9;0,05633;-0,02019;-0,00301;-0,0001052;-0,02;0,134
18;27;-0,05618;0,02014;0,003;0,0001049;0,02;-0,134
18;27,1;0,05602;-0,02008;-0,00299;-0,0001046;-0,02;0,133
18;27,2;-0,05587;0,02003;0,00299;0,0001042;0,02;-0,133
18;27,3;0,05571;-0,01997;-0,00298;-0,0001039;-0,02;0,133
18;27,4;-0,05556;0,01992;0,00297;0,0001036;0,02;-0,132
18;27,5;0,0554;-0,01986;-0,00297;-0,0001033;-0,02;0,132
18;27,6;-0,05525;0,0198;0,00296;0,000103;0,02;-0,132
18;27,7;0,0551;-0,01975;-0,00295;-0,0001026;-0,02;0,131
18;27,8;-0,05494;0,0197;0,00295;0,0001023;0,02;-0,131
18;27,9;0,05479;-0,01964;-0,00294;-0,000102;-0,02;0,13
18;28;-0,05464;0,01959;0,00293;0,0001017;0,02;-0,13
18;28,1;0,05449;-0,01953;-0,00292;-0,0001014;-0,02;0,13
18;28,2;-0,05434;0,01948;0,00292;0,0001011;0,02;-0,129
18;28,3;0,05419;-0,01942;-0,00291;-0,0001008;-0,02;0,129
18;28,4;-0,05404;0,01937;0,0029;0,0001005;0,02;-0,129
18;28,5;0,05389;-0,01932;-0,0029;-0,0001002;-0,019;0,128
18;28,6;-0,05374;0,01926;0,00289;0,00009985;0,019;-0,128
18;28,7;0,05359;-0,01921;-0,00288;-0,00009954;-0,019;0,128
18;28,8;-0,05344;0,01916;0,00288;0,00009924;0,019;-0,127
18;28,9;0,05329;-0,0191;-0,00287;-0,00009893;-0,019;0,127
18;29;-0,05314;0,01905;0,00286;0,00009863;0,019;-0,127
18;29,1;0,053;-0,019;-0,00286;-0,00009833;-0,019;0,126
18;29,2;-0,05285;0,01895;0,00285;0,00009802;0,019;-0,126
18;29,3;0,0527;-0,01889;-0,00284;-0,00009772;-0,019;0,126
18;29,4;-0,05256;0,01884;0,00284;0,00009742;0,019;-0,125
18;29,5;0,05241;-0,01879;-0,00283;-0,00009713;-0,019;0,125
18;29,6;-0,05227;0,01874;0,00282;0,00009683;0,019;-0,124
18;29,7;0,05212;-0,01869;-0,00282;-0,00009653;-0,019;0,124
18;29,8;-0,05198;0,01863;0,00281;0,00009623;0,019;-0,124
18;29,9;0,05184;-0,01858;-0,0028;-0,00009594;-0,019;0,123
18;30;-0,05169;0,01853;0,0028;0,00009565;0,019;-0,123
18;30,1;0,05155;-0,01848;-0,00279;-0,00009535;-0,019;0,123
18;30,2;-0,05141;0,01843;0,00278;0,00009506;0,019;-0,122
18;30,3;0,05127;-0,01838;-0,00278;-0,00009477;-0,019;0,122
18;30,4;-0,05112;0,01833;0,00277;0,00009448;0,019;-0,122
18;30,5;0,05098;-0,01828;-0,00276;-0,00009419;-0,019;0,121
18;30,6;-0,05084;0,01823;0,00276;0,0000939;0,019;-0,121
18;30,7;0,0507;-0,01818;-0,00275;-0,00009361;-0,018;0,121
18;30,8;-0,05056;0,01813;0,00274;0,00009332;0,018;-0,12
18;30,9;0,05042;-0,01808;-0,00274;-0,00009304;-0,018;0,12
18;31;-0,05028;0,01803;0,00273;0,00009275;0,018;-0,12
18;31,1;0,05015;-0,01798;-0,00273;-0,00009247;-0,018;0,119
18;31,2;-0,05001;0,01793;0,00272;0,00009218;0,018;-0,119
18;31,3;0,04987;-0,01788;-0,00271;-0,0000919;-0,018;0,119
18;31,4;-0,04973;0,01783;0,00271;0,00009162;0,018;-0,118
18;31,5;0,0496;-0,01778;-0,0027;-0,00009134;-0,018;0,118
18;31,6;-0,04946;0,01773;0,00269;0,00009106;0,018;-0,118
18;31,7;0,04932;-0,01768;-0,00269;-0,00009078;-0,018;0,117
18;31,8;-0,04919;0,01763;0,00268;0,0000905;0,018;-0,117
18;31,9;0,04905;-0,01758;-0,00267;-0,00009022;-0,018;0,117
18;32;-0,04892;0,01754;0,00267;0,00008994;0,018;-0,116
18;32,1;0,04878;-0,01749;-0,00266;-0,00008967;-0,018;0,116
18;32,2;-0,04865;0,01744;0,00266;0,00008939;0,018;-0,116
18;32,3;0,04851;-0,01739;-0,00265;-0,00008912;-0,018;0,116
18;32,4;-0,04838;0,01734;0,00264;0,00008884;0,018;-0,115
18;32,5;0,04825;-0,0173;-0,00264;-0,00008857;-0,018;0,115
18;32,6;-0,04812;0,01725;0,00263;0,0000883;0,018;-0,115
18;32,7;0,04798;-0,0172;-0,00262;-0,00008803;-0,018;0,114
18;32,8;-0,04785;0,01715;0,00262;0,00008776;0,018;-0,114
18;32,9;0,04772;-0,01711;-0,00261;-0,00008749;-0,018;0,114
18;33;-0,04759;0,01706;0,00261;0,00008722;0,018;-0,113
18;33,1;0,04746;-0,01701;-0,0026;-0,00008695;-0,017;0,113
18;33,2;-0,04733;0,01697;0,00259;0,00008668;0,017;-0,113
18;33,3;0,0472;-0,01692;-0,00259;-0,00008642;-0,017;0,112
18;33,4;-0,04707;0,01687;0,00258;0,00008615;0,017;-0,112
18;33,5;0,04694;-0,01683;-0,00258;-0,00008589;-0,017;0,112
18;33,6;-0,04681;0,01678;0,00257;0,00008562;0,017;-0,111
18;33,7;0,04668;-0,01673;-0,00256;-0,00008536;-0,017;0,111
18;33,8;-0,04655;0,01669;0,00256;0,0000851;0,017;-0,111
18;33,9;0,04643;-0,01664;-0,00255;-0,00008484;-0,017;0,111
18;34;-0,0463;0,0166;0,00255;0,00008458;0,017;-0,11
18;34,1;0,04617;-0,01655;-0,00254;-0,00008432;-0,017;0,11
18;34,2;-0,04605;0,01651;0,00253;0,00008406;0,017;-0,11
18;34,3;0,04592;-0,01646;-0,00253;-0,0000838;-0,017;0,109
18;34,4;-0,04579;0,01642;0,00252;0,00008354;0,017;-0,109
18;34,5;0,04567;-0,01637;-0,00252;-0,00008328;-0,017;0,109
18;34,6;-0,04554;0,01633;0,00251;0,00008303;0,017;-0,108
18;34,7;0,04542;-0,01628;-0,00251;-0,00008277;-0,017;0,108
18;34,8;-0,04529;0,01624;0,0025;0,00008252;0,017;-0,108
18;34,9;0,04517;-0,01619;-0,00249;-0,00008226;-0,017;0,108
18;35;-0,04505;0,01615;0,00249;0,00008201;0,017;-0,107
18;35,1;0,04492;-0,0161;-0,00248;-0,00008176;-0,017;0,107
18;35,2;-0,0448;0,01606;0,00248;0,00008151;0,017;-0,107
18;35,3;0,04468;-0,01602;-0,00247;-0,00008126;-0,017;0,106
18;35,4;-0,04455;0,01597;0,00247;0,00008101;0,017;-0,106
18;35,5;0,04443;-0,01593;-0,00246;-0,00008076;-0,017;0,106
18;35,6;-0,04431;0,01589;0,00245;0,00008051;0,016;-0,106
18;35,7;0,04419;-0,01584;-0,00245;-0,00008026;-0,016;0,105
18;35,8;-0,04407;0,0158;0,00244;0,00008001;0,016;-0,105
18;35,9;0,04395;-0,01576;-0,00244;-0,00007977;-0,016;0,105
18;36;-0,04383;0,01571;0,00243;0,00007952;0,016;-0,104
18;36,1;0,04371;-0,01567;-0,00243;-0,00007928;-0,016;0,104
18;36,2;-0,04359;0,01563;0,00242;0,00007903;0,016;-0,104
18;36,3;0,04347;-0,01558;-0,00241;-0,00007879;-0,016;0,104
18;36,4;-0,04335;0,01554;0,00241;0,00007855;0,016;-0,103
18;36,5;0,04323;-0,0155;-0,0024;-0,00007831;-0,016;0,103
18;36,6;-0,04312;0,01546;0,0024;0,00007807;0,016;-0,103
18;36,7;0,043;-0,01541;-0,00239;-0,00007783;-0,016;0,102
18;36,8;-0,04288;0,01537;0,00239;0,00007759;0,016;-0,102
18;36,9;0,04276;-0,01533;-0,00238;-0,00007735;-0,016;0,102
18;37;-0,04265;0,01529;0,00238;0,00007711;0,016;-0,102
18;37,1;0,04253;-0,01525;-0,00237;-0,00007687;-0,016;0,101
18;37,2;-0,04241;0,01521;0,00236;0,00007663;0,016;-0,101
18;37,3;0,0423;-0,01516;-0,00236;-0,0000764;-0,016;0,101
18;37,4;-0,04218;0,01512;0,00235;0,00007616;0,016;-0,1
18;37,5;0,04207;-0,01508;-0,00235;-0,00007593;-0,016;0,1
18;37,6;-0,04195;0,01504;0,00234;0,0000757;0,016;-0,1
18;37,7;0,04184;-0,015;-0,00234;-0,00007546;-0,016;0,1
18;37,8;-0,04173;0,01496;0,00233;0,00007523;0,016;-0,099
18;37,9;0,04161;-0,01492;-0,00233;-0,000075;-0,016;0,099
18;38;-0,0415;0,01488;0,00232;0,00007477;0,016;-0,099
18;38,1;0,04139;-0,01484;-0,00232;-0,00007454;-0,016;0,099
18;38,2;-0,04127;0,0148;0,00231;0,00007431;0,016;-0,098
18;38,3;0,04116;-0,01476;-0,00231;-0,00007408;-0,015;0,098
18;38,4;-0,04105;0,01472;0,0023;0,00007385;0,015;-0,098
18;38,5;0,04094;-0,01468;-0,0023;-0,00007362;-0,015;0,097
18;38,6;-0,04083;0,01464;0,00229;0,00007339;0,015;-0,097
18;38,7;0,04071;-0,0146;-0,00229;-0,00007317;-0,015;0,097
18;38,8;-0,0406;0,01456;0,00228;0,00007294;0,015;-0,097
18;38,9;0,04049;-0,01452;-0,00227;-0,00007272;-0,015;0,096
18;39;-0,04038;0,01448;0,00227;0,00007249;0,015;-0,096
18;39,1;0,04027;-0,01444;-0,00226;-0,00007227;-0,015;0,096
18;39,2;-0,04016;0,0144;0,00226;0,00007205;0,015;-0,096
18;39,3;0,04005;-0,01436;-0,00225;-0,00007183;-0,015;0,095
18;39,4;-0,03995;0,01432;0,00225;0,0000716;0,015;-0,095
18;39,5;0,03984;-0,01428;-0,00224;-0,00007138;-0,015;0,095
18;39,6;-0,03973;0,01424;0,00224;0,00007116;0,015;-0,095
18;39,7;0,03962;-0,0142;-0,00223;-0,00007094;-0,015;0,094
18;39,8;-0,03951;0,01417;0,00223;0,00007072;0,015;-0,094
18;39,9;0,03941;-0,01413;-0,00222;-0,00007051;-0,015;0,094
18;40;-0,0393;0,01409;0,00222;0,00007029;0,015;-0,094
19;0;0;0;0;0;0;0
19;0,1;-0,73082;-26,48336;-0,17893;0,00138;-1,192;176,557
19;0,2;-0,81032;-29,66491;-0,18412;0,001519;-1,227;197,767
19;0,3;1,26005;33,06084;0,27902;-0,001813;1,859;-220,407
19;0,4;-1,44734;-26,98001;-0,3159;0,001625;-2,105;179,868
19;0,5;1,45243;14,86193;0,31265;-0,001127;2,083;-99,081
19;0,6;-1,37049;-1,08656;-0,29064;0,0005325;-1,937;7,245
19;0,7;1,28673;-10,37367;0,26899;-0,00003602;1,792;69,157
19;0,8;-1,25839;16,93176;-0,26054;-0,0002359;-1,736;-112,878
19;0,9;1,30717;-17,80585;0,27006;0,0002439;1,8;118,705
19;1;-1,42219;13,87721;-0,29498;-0,00002899;-1,966;-92,514
19;1,1;1,57068;-7,13329;0,32776;-0,0003146;2,184;47,554
19;1,2;-1,71224;-0,07556;-0,35917;0,0006747;-2,393;0,505
19;1,3;1,81198;5,73184;0,38122;-0,0009553;2,54;-38,214
19;1,4;-1,84966;-8,62323;-0,38929;0,001098;-2,594;57,49
19;1,5;1,82287;8,50919;0,38277;-0,001093;2,551;-56,73
19;1,6;-1,74475;-5,99668;-0,36464;0,0009693;-2,43;39,979
19;1,7;1,63801;2,21455;0,34002;-0,0007809;2,266;-14,765
19;1,8;-1,52733;1,58793;-0,3145;0,0005886;-2,096;-10,585
19;1,9;1,43278;-4,39668;0,29262;-0,0004414;1,95;29,31
19;2;-1,36558;5,65711;-0,27693;0,0003662;-1,845;-37,713
19;2,1;1,32708;-5,33264;0,26774;-0,0003651;1,784;35,55
19;2,2;-1,31045;3,81417;-0,26348;0,0004198;-1,756;-25,427
19;2,3;1,30421;-1,73343;0,26157;-0,0005001;1,743;11,555
19;2,4;-1,29634;-0,25162;-0,25928;0,0005749;-1,728;1,679
19;2,5;1,27761;1,6367;0,25452;-0,0006203;1,696;-10,913
19;2,6;-1,24361;-2,17541;-0,24628;0,0006246;-1,641;14,504
19;2,7;1,19503;1,89463;0,23475;-0,0005894;1,564;-12,632
19;2,8;-1,13653;-1,03425;-0,22097;0,0005264;-1,472;6,896
19;2,9;1,07476;-0,05805;0,20646;-0,0004525;1,376;0,386
19;3;-1,01625;1,04027;-0,1927;0,0003843;-1,284;-6,934
19;3,1;0,96568;-1,66611;0,18076;-0,0003337;1,204;11,106
19;3,2;-0,92504;1,83196;-0,1711;0,0003058;-1,14;-12,212
19;3,3;0,89362;-1,57691;0,16356;-0,0002988;1,09;10,512
19;3,4;-0,86871;1,04473;-0,15751;0,0003058;-1,05;-6,964
19;3,5;0,84673;-0,42536;0,15216;-0,0003178;1,014;2,835
19;3,6;-0,82434;-0,10452;-0,14674;0,0003262;-0,978;0,698
19;3,7;0,79927;0,42592;0,14073;-0,0003255;0,938;-2,84
19;3,8;-0,77073;-0,49801;-0,13396;0,0003136;-0,893;3,321
19;3,9;0,73931;0,35385;0,12657;-0,000292;0,843;-2,36
19;4;-0,70655;-0,07726;-0,11889;0,0002649;-0,792;0,516
19;4,1;0,67434;-0,22925;0,11135;-0,000237;0,742;1,528
19;4,2;-0,64435;0,4754;-0,10434;0,0002126;-0,695;-3,169
19;4,3;0,6176;-0,60471;0,09809;-0,0001946;0,654;4,031
19;4,4;-0,59432;0,60297;-0,09264;0,0001834;-0,617;-4,019
19;4,5;0,57402;-0,49381;0,08788;-0,0001779;0,586;3,291
19;4,6;-0,55577;0,32502;-0,0836;0,0001758;-0,557;-2,166
19;4,7;0,5385;-0,15117;0,07956;-0,0001744;0,53;1,007
19;4,8;-0,52131;0,01773;-0,07555;0,0001715;-0,503;-0,118
19;4,9;0,50369;0,04926;0,07145;-0,0001659;0,476;-0,329
19;5;-0,48552;-0,04638;-0,06724;0,0001572;-0,448;0,31
19;5,1;0,46709;-0,01061;0,06298;-0,0001464;0,42;0,07
19;5,2;-0,44886;0,09472;-0,05877;0,0001346;-0,392;-0,631
19;5,3;0,43135;-0,177;0,05473;-0,0001232;0,365;1,179
19;5,4;-0,41495;0,23469;-0,05096;0,0001133;-0,34;-1,564
19;5,5;0,39987;-0,256;0,04749;-0,0001054;0,316;1,706
19;5,6;-0,38608;0,24116;-0,04432;0,00009957;-0,295;-1,607
19;5,7;0,37335;-0,2;0,0414;-0,00009523;0,276;1,333
19;5,8;-0,36139;0,14748;-0,03866;0,00009169;-0,258;-0,983
19;5,9;0,3499;-0,09871;0,03603;-0,0000882;0,24;0,657
19;6;-0,33863;0,06491;-0,03346;0,00008424;-0,223;-0,432
19;6,1;0,32747;-0,05117;0,03092;-0,00007953;0,206;0,341
19;6,2;-0,31642;0,05628;-0,02841;0,00007413;-0,189;-0,375
19;6,3;0,30558;-0,07429;0,02595;-0,00006833;0,173;0,495
19;6,4;-0,29509;0,09699;-0,02357;0,0000625;-0,157;-0,646
19;6,5;0,28506;-0,11655;0,02131;-0,00005702;0,142;0,776
19;6,6;-0,27559;0,12751;-0,01918;0,00005214;-0,128;-0,85
19;6,7;0,2667;-0,1278;0,01718;-0,00004795;0,114;0,852
19;6,8;-0,25836;0,11861;-0,01532;0,0000444;-0,102;-0,79
19;6,9;0,25048;-0,10346;0,01356;-0,00004131;0,09;0,689
19;7;-0,24296;0,08678;-0,01188;0,00003845;-0,079;-0,578
19;7,1;0,23571;-0,0726;0,01028;-0,00003563;0,068;0,484
19;7,2;-0,22868;0,06353;-0,00872;0,00003272;-0,058;-0,423
19;7,3;0,22183;-0,06032;0,00721;-0,00002967;0,048;0,402
19;7,4;-0,21517;0,06208;-0,00575;0,00002653;-0,038;-0,413
19;7,5;0,20872;-0,06676;0,00434;-0,00002338;0,029;0,445
19;7,6;-0,20253;0,07198;-0,00299;0,00002033;-0,02;-0,479
19;7,7;0,19661;-0,07569;0,00171;-0,00001748;0,011;0,504
19;7,8;-0,19098;0,07667;-0,00049;0,00001488;-0,003248;-0,511
19;7,9;0,18563;-0,07468;-0,00066;-0,00001254;-0,004407;0,497
19;8;-0,18055;0,07034;0,00174;0,00001042;0,012;-0,468
19;8,1;0,1757;-0,06479;-0,00278;-0,000008455;-0,019;0,432
19;8,2;-0,17104;0,0593;0,00376;0,00000659;0,025;-0,395
19;8,3;0,16656;-0,0549;-0,0047;-0,000004768;-0,031;0,366
19;8,4;-0,16224;0,05212;0,00561;0,000002958;0,037;-0,347
19;8,5;0,15805;-0,05101;-0,00648;-0,000001155;-0,043;0,34
19;8,6;-0,15402;0,05116;0,00732;-0,0000006265;0,049;-0,341
19;8,7;0,15013;-0,05192;-0,00812;0,000002358;-0,054;0,346
19;8,8;-0,1464;0,05263;0,00888;-0,000004012;0,059;-0,35
19;8,9;0,14282;-0,05277;-0,00961;0,000005567;-0,064;0,351
19;9;-0,13941;0,0521;0,0103;-0,000007013;0,069;-0,347
19;9,1;0,13614;-0,05065;-0,01095;0,000008356;-0,073;0,337
19;9,2;-0,13302;0,04865;0,01157;-0,000009609;0,077;-0,324
19;9,3;0,13002;-0,04646;-0,01216;0,00001079;-0,081;0,309
19;9,4;-0,12714;0,04443;0,01272;-0,00001193;0,085;-0,296
19;9,5;0,12437;-0,0428;-0,01325;0,00001302;-0,088;0,285
19;9,6;-0,1217;0,04168;0,01377;-0,00001409;0,092;-0,277
19;9,7;0,11912;-0,04102;-0,01426;0,00001513;-0,095;0,273
19;9,8;-0,11664;0,04068;0,01472;-0,00001614;0,098;-0,271
19;9,9;0,11426;-0,04045;-0,01517;0,0000171;-0,101;0,269
19;10;-0,11196;0,04017;0,01559;-0,00001802;0,104;-0,267
19;10,1;0,10976;-0,03971;-0,01599;0,00001889;-0,107;0,264
19;10,2;-0,10765;0,03902;0,01637;-0,0000197;0,109;-0,26
19;10,3;0,10563;-0,03815;-0,01673;0,00002047;-0,111;0,254
19;10,4;-0,10368;0,03716;0,01707;-0,00002119;0,114;-0,247
19;10,5;0,10181;-0,03618;-0,01739;0,00002187;-0,116;0,241
19;10,6;-0,10001;0,03529;0,0177;-0,00002253;0,118;-0,235
19;10,7;0,09827;-0,03454;-0,01799;0,00002316;-0,12;0,23
19;10,8;-0,0966;0,03394;0,01827;-0,00002377;0,122;-0,226
19;10,9;0,09499;-0,03348;-0,01853;0,00002435;-0,123;0,223
19;11;-0,09343;0,0331;0,01878;-0,0000249;0,125;-0,22
19;11,1;0,09194;-0,03275;-0,01901;0,00002543;-0,127;0,218
19;11,2;-0,0905;0,03237;0,01923;-0,00002593;0,128;-0,215
19;11,3;0,08911;-0,03195;-0,01944;0,00002641;-0,13;0,213
19;11,4;-0,08778;0,03147;0,01964;-0,00002685;0,131;-0,209
19;11,5;0,0865;-0,03095;-0,01983;0,00002727;-0,132;0,206
19;11,6;-0,08526;0,03043;0,02;-0,00002767;0,133;-0,203
19;11,7;0,08407;-0,02992;-0,02017;0,00002805;-0,134;0,199
19;11,8;-0,08292;0,02946;0,02032;-0,00002841;0,135;-0,196
19;11,9;0,08181;-0,02904;-0,02046;0,00002875;-0,136;0,193
19;12;-0,08073;0,02867;0,0206;-0,00002908;0,137;-0,191
19;12,1;0,0797;-0,02835;-0,02073;0,00002938;-0,138;0,189
19;12,2;-0,0787;0,02805;0,02085;-0,00002968;0,139;-0,187
19;12,3;0,07774;-0,02776;-0,02096;0,00002995;-0,14;0,185
19;12,4;-0,07681;0,02746;0,02106;-0,00003021;0,14;-0,183
19;12,5;0,07591;-0,02715;-0,02116;0,00003046;-0,141;0,181
19;12,6;-0,07504;0,02684;0,02125;-0,00003069;0,142;-0,179
19;12,7;0,0742;-0,02652;-0,02133;0,00003091;-0,142;0,177
19;12,8;-0,07339;0,02621;0,02141;-0,00003111;0,143;-0,174
19;12,9;0,07261;-0,02591;-0,02148;0,0000313;-0,143;0,172
19;13;-0,07185;0,02563;0,02154;-0,00003148;0,144;-0,171
19;13,1;0,07112;-0,02537;-0,0216;0,00003165;-0,144;0,169
19;13,2;-0,07041;0,02513;0,02165;-0,00003181;0,144;-0,167
19;13,3;0,06972;-0,0249;-0,0217;0,00003195;-0,145;0,166
19;13,4;-0,06905;0,02468;0,02175;-0,00003209;0,145;-0,164
19;13,5;0,06841;-0,02447;-0,02179;0,00003222;-0,145;0,163
19;13,6;-0,06778;0,02425;0,02182;-0,00003234;0,145;-0,161
19;13,7;0,06718;-0,02404;-0,02185;0,00003245;-0,146;0,16
19;13,8;-0,06659;0,02383;0,02188;-0,00003255;0,146;-0,159
19;13,9;0,06602;-0,02362;-0,0219;0,00003265;-0,146;0,157
19;14;-0,06547;0,02342;0,02192;-0,00003274;0,146;-0,156
19;14,1;0,06493;-0,02322;-0,02193;0,00003282;-0,146;0,155
19;14,2;-0,06441;0,02304;0,02194;-0,00003289;0,146;-0,153
19;14,3;0,06391;-0,02286;-0,02195;0,00003295;-0,146;0,152
19;14,4;-0,06341;0,02269;0,02196;-0,00003301;0,146;-0,151
19;14,5;0,06294;-0,02252;-0,02196;0,00003307;-0,146;0,15
19;14,6;-0,06247;0,02236;0,02196;-0,00003312;0,146;-0,149
19;14,7;0,06202;-0,02221;-0,02195;0,00003316;-0,146;0,148
19;14,8;-0,06158;0,02205;0,02195;-0,0000332;0,146;-0,147
19;14,9;0,06115;-0,0219;-0,02194;0,00003323;-0,146;0,146
19;15;-0,06073;0,02175;0,02193;-0,00003326;0,146;-0,145
19;15,1;0,06033;-0,02161;-0,02192;0,00003328;-0,146;0,144
19;15,2;-0,05993;0,02146;0,0219;-0,0000333;0,146;-0,143
19;15,3;0,05954;-0,02133;-0,02188;0,00003331;-0,146;0,142
19;15,4;-0,05917;0,02119;0,02186;-0,00003332;0,146;-0,141
19;15,5;0,0588;-0,02106;-0,02184;0,00003333;-0,146;0,14
19;15,6;-0,05844;0,02094;0,02182;-0,00003333;0,145;-0,139
19;15,7;0,05809;-0,02081;-0,0218;0,00003333;-0,145;0,138
19;15,8;-0,05775;0,02069;0,02177;-0,00003333;0,145;-0,138
19;15,9;0,05741;-0,02057;-0,02174;0,00003332;-0,145;0,137
19;16;-0,05708;0,02046;0,02171;-0,00003331;0,145;-0,136
19;16,1;0,05676;-0,02035;-0,02168;0,00003329;-0,144;0,135
19;16,2;-0,05645;0,02023;0,02165;-0,00003328;0,144;-0,135
19;16,3;0,05614;-0,02012;-0,02162;0,00003326;-0,144;0,134
19;16,4;-0,05584;0,02002;0,02158;-0,00003324;0,144;-0,133
19;16,5;0,05555;-0,01991;-0,02155;0,00003321;-0,144;0,132
19;16,6;-0,05526;0,01981;0,02151;-0,00003319;0,143;-0,132
19;16,7;0,05498;-0,01971;-0,02147;0,00003316;-0,143;0,131
19;16,8;-0,0547;0,01961;0,02144;-0,00003313;0,143;-0,13
19;16,9;0,05443;-0,01951;-0,0214;0,0000331;-0,143;0,13
19;17;-0,05416;0,01942;0,02136;-0,00003306;0,142;-0,129
19;17,1;0,0539;-0,01933;-0,02131;0,00003302;-0,142;0,129
19;17,2;-0,05364;0,01924;0,02127;-0,00003299;0,142;-0,128
19;17,3;0,05339;-0,01914;-0,02123;0,00003295;-0,141;0,127
19;17,4;-0,05314;0,01906;0,02119;-0,00003291;0,141;-0,127
19;17,5;0,05289;-0,01897;-0,02114;0,00003286;-0,141;0,126
19;17,6;-0,05265;0,01888;0,0211;-0,00003282;0,141;-0,126
19;17,7;0,05241;-0,0188;-0,02105;0,00003277;-0,14;0,125
19;17,8;-0,05218;0,01872;0,02101;-0,00003273;0,14;-0,125
19;17,9;0,05195;-0,01863;-0,02096;0,00003268;-0,14;0,124
19;18;-0,05172;0,01855;0,02091;-0,00003263;0,139;-0,123
19;18,1;0,0515;-0,01847;-0,02087;0,00003258;-0,139;0,123
19;18,2;-0,05128;0,01839;0,02082;-0,00003253;0,139;-0,122
19;18,3;0,05106;-0,01832;-0,02077;0,00003247;-0,138;0,122
19;18,4;-0,05085;0,01824;0,02072;-0,00003242;0,138;-0,121
19;18,5;0,05064;-0,01817;-0,02067;0,00003237;-0,138;0,121
19;18,6;-0,05043;0,01809;0,02062;-0,00003231;0,137;-0,12
19;18,7;0,05022;-0,01802;-0,02057;0,00003225;-0,137;0,12
19;18,8;-0,05002;0,01794;0,02052;-0,0000322;0,137;-0,119
19;18,9;0,04982;-0,01787;-0,02047;0,00003214;-0,136;0,119
19;19;-0,04962;0,0178;0,02042;-0,00003208;0,136;-0,118
19;19,1;0,04942;-0,01773;-0,02037;0,00003202;-0,136;0,118
19;19,2;-0,04923;0,01766;0,02032;-0,00003196;0,135;-0,118
19;19,3;0,04904;-0,01759;-0,02027;0,0000319;-0,135;0,117
19;19,4;-0,04885;0,01753;0,02021;-0,00003184;0,135;-0,117
19;19,5;0,04866;-0,01746;-0,02016;0,00003178;-0,134;0,116
19;19,6;-0,04847;0,01739;0,02011;-0,00003172;0,134;-0,116
19;19,7;0,04829;-0,01733;-0,02006;0,00003166;-0,134;0,115
19;19,8;-0,04811;0,01726;0,02001;-0,00003159;0,133;-0,115
19;19,9;0,04792;-0,0172;-0,01995;0,00003153;-0,133;0,114
19;20;-0,04775;0,01713;0,0199;-0,00003147;0,133;-0,114
19;20,1;0,04757;-0,01707;-0,01985;0,0000314;-0,132;0,114
19;20,2;-0,04739;0,01701;0,01979;-0,00003134;0,132;-0,113
19;20,3;0,04722;-0,01695;-0,01974;0,00003128;-0,132;0,113
19;20,4;-0,04705;0,01688;0,01969;-0,00003121;0,131;-0,112
19;20,5;0,04688;-0,01682;-0,01964;0,00003115;-0,131;0,112
19;20,6;-0,04671;0,01676;0,01958;-0,00003108;0,13;-0,112
19;20,7;0,04654;-0,0167;-0,01953;0,00003102;-0,13;0,111
19;20,8;-0,04637;0,01664;0,01948;-0,00003095;0,13;-0,111
19;20,9;0,0462;-0,01658;-0,01942;0,00003088;-0,129;0,11
19;21;-0,04604;0,01652;0,01937;-0,00003082;0,129;-0,11
19;21,1;0,04588;-0,01646;-0,01932;0,00003075;-0,129;0,11
19;21,2;-0,04571;0,01641;0,01926;-0,00003069;0,128;-0,109
19;21,3;0,04555;-0,01635;-0,01921;0,00003062;-0,128;0,109
19;21,4;-0,04539;0,01629;0,01916;-0,00003055;0,128;-0,108
19;21,5;0,04523;-0,01623;-0,0191;0,00003049;-0,127;0,108
19;21,6;-0,04508;0,01618;0,01905;-0,00003042;0,127;-0,108
19;21,7;0,04492;-0,01612;-0,019;0,00003035;-0,127;0,107
19;21,8;-0,04476;0,01607;0,01894;-0,00003028;0,126;-0,107
19;21,9;0,04461;-0,01601;-0,01889;0,00003022;-0,126;0,107
19;22;-0,04446;0,01596;0,01884;-0,00003015;0,126;-0,106
19;22,1;0,0443;-0,0159;-0,01878;0,00003008;-0,125;0,106
19;22,2;-0,04415;0,01585;0,01873;-0,00003002;0,125;-0,105
19;22,3;0,044;-0,01579;-0,01868;0,00002995;-0,124;0,105
19;22,4;-0,04385;0,01574;0,01862;-0,00002988;0,124;-0,105
19;22,5;0,0437;-0,01569;-0,01857;0,00002982;-0,124;0,104
19;22,6;-0,04355;0,01563;0,01852;-0,00002975;0,123;-0,104
19;22,7;0,0434;-0,01558;-0,01847;0,00002968;-0,123;0,104
19;22,8;-0,04326;0,01553;0,01841;-0,00002961;0,123;-0,103
19;22,9;0,04311;-0,01547;-0,01836;0,00002955;-0,122;0,103
19;23;-0,04297;0,01542;0,01831;-0,00002948;0,122;-0,103
19;23,1;0,04282;-0,01537;-0,01826;0,00002941;-0,122;0,102
19;23,2;-0,04268;0,01532;0,0182;-0,00002935;0,121;-0,102
19;23,3;0,04253;-0,01527;-0,01815;0,00002928;-0,121;0,102
19;23,4;-0,04239;0,01522;0,0181;-0,00002921;0,121;-0,101
19;23,5;0,04225;-0,01517;-0,01805;0,00002914;-0,12;0,101
19;23,6;-0,04211;0,01511;0,018;-0,00002908;0,12;-0,101
19;23,7;0,04197;-0,01506;-0,01794;0,00002901;-0,12;0,1
19;23,8;-0,04183;0,01501;0,01789;-0,00002894;0,119;-0,1
19;23,9;0,04169;-0,01496;-0,01784;0,00002888;-0,119;0,1
19;24;-0,04155;0,01491;0,01779;-0,00002881;0,119;-0,099
19;24,1;0,04141;-0,01487;-0,01774;0,00002874;-0,118;0,099
19;24,2;-0,04128;0,01482;0,01769;-0,00002868;0,118;-0,099
19;24,3;0,04114;-0,01477;-0,01764;0,00002861;-0,118;0,098
19;24,4;-0,041;0,01472;0,01758;-0,00002855;0,117;-0,098
19;24,5;0,04087;-0,01467;-0,01753;0,00002848;-0,117;0,098
19;24,6;-0,04073;0,01462;0,01748;-0,00002841;0,117;-0,097
19;24,7;0,0406;-0,01457;-0,01743;0,00002835;-0,116;0,097
19;24,8;-0,04046;0,01452;0,01738;-0,00002828;0,116;-0,097
19;24,9;0,04033;-0,01448;-0,01733;0,00002822;-0,115;0,096
19;25;-0,0402;0,01443;0,01728;-0,00002815;0,115;-0,096
19;25,1;0,04007;-0,01438;-0,01723;0,00002809;-0,115;0,096
19;25,2;-0,03993;0,01433;0,01718;-0,00002802;0,114;-0,095
19;25,3;0,0398;-0,01429;-0,01713;0,00002796;-0,114;0,095
19;25,4;-0,03967;0,01424;0,01708;-0,00002789;0,114;-0,095
19;25,5;0,03954;-0,01419;-0,01703;0,00002783;-0,113;0,094
19;25,6;-0,03941;0,01415;0,01698;-0,00002776;0,113;-0,094
19;25,7;0,03928;-0,0141;-0,01693;0,0000277;-0,113;0,094
19;25,8;-0,03915;0,01405;0,01688;-0,00002763;0,112;-0,094
19;25,9;0,03903;-0,01401;-0,01683;0,00002757;-0,112;0,093
19;26;-0,0389;0,01396;0,01678;-0,0000275;0,112;-0,093
19;26,1;0,03877;-0,01392;-0,01673;0,00002744;-0,112;0,093
19;26,2;-0,03864;0,01387;0,01668;-0,00002737;0,111;-0,092
19;26,3;0,03852;-0,01383;-0,01664;0,00002731;-0,111;0,092
19;26,4;-0,03839;0,01378;0,01659;-0,00002725;0,111;-0,092
19;26,5;0,03827;-0,01374;-0,01654;0,00002718;-0,11;0,091
19;26,6;-0,03814;0,01369;0,01649;-0,00002712;0,11;-0,091
19;26,7;0,03802;-0,01365;-0,01644;0,00002706;-0,11;0,091
19;26,8;-0,03789;0,0136;0,01639;-0,00002699;0,109;-0,091
19;26,9;0,03777;-0,01356;-0,01635;0,00002693;-0,109;0,09
19;27;-0,03765;0,01351;0,0163;-0,00002687;0,109;-0,09
19;27,1;0,03752;-0,01347;-0,01625;0,00002681;-0,108;0,09
19;27,2;-0,0374;0,01343;0,0162;-0,00002674;0,108;-0,089
19;27,3;0,03728;-0,01338;-0,01615;0,00002668;-0,108;0,089
19;27,4;-0,03716;0,01334;0,01611;-0,00002662;0,107;-0,089
19;27,5;0,03704;-0,01329;-0,01606;0,00002656;-0,107;0,088
19;27,6;-0,03692;0,01325;0,01601;-0,00002649;0,107;-0,088
19;27,7;0,0368;-0,01321;-0,01597;0,00002643;-0,106;0,088
19;27,8;-0,03668;0,01316;0,01592;-0,00002637;0,106;-0,088
19;27,9;0,03656;-0,01312;-0,01587;0,00002631;-0,106;0,087
19;28;-0,03644;0,01308;0,01583;-0,00002625;0,105;-0,087
19;28,1;0,03632;-0,01304;-0,01578;0,00002619;-0,105;0,087
19;28,2;-0,0362;0,01299;0,01573;-0,00002613;0,105;-0,086
19;28,3;0,03608;-0,01295;-0,01569;0,00002606;-0,105;0,086
19;28,4;-0,03596;0,01291;0,01564;-0,000026;0,104;-0,086
19;28,5;0,03585;-0,01287;-0,01559;0,00002594;-0,104;0,086
19;28,6;-0,03573;0,01283;0,01555;-0,00002588;0,104;-0,085
19;28,7;0,03561;-0,01278;-0,0155;0,00002582;-0,103;0,085
19;28,8;-0,0355;0,01274;0,01546;-0,00002576;0,103;-0,085
19;28,9;0,03538;-0,0127;-0,01541;0,0000257;-0,103;0,085
19;29;-0,03527;0,01266;0,01537;-0,00002564;0,102;-0,084
19;29,1;0,03515;-0,01262;-0,01532;0,00002558;-0,102;0,084
19;29,2;-0,03504;0,01258;0,01528;-0,00002552;0,102;-0,084
19;29,3;0,03492;-0,01254;-0,01523;0,00002546;-0,102;0,083
19;29,4;-0,03481;0,0125;0,01519;-0,0000254;0,101;-0,083
19;29,5;0,0347;-0,01245;-0,01514;0,00002535;-0,101;0,083
19;29,6;-0,03458;0,01241;0,0151;-0,00002529;0,101;-0,083
19;29,7;0,03447;-0,01237;-0,01505;0,00002523;-0,1;0,082
19;29,8;-0,03436;0,01233;0,01501;-0,00002517;0,1;-0,082
19;29,9;0,03425;-0,01229;-0,01496;0,00002511;-0,1;0,082
19;30;-0,03414;0,01225;0,01492;-0,00002505;0,099;-0,082
19;30,1;0,03402;-0,01221;-0,01488;0,00002499;-0,099;0,081
19;30,2;-0,03391;0,01217;0,01483;-0,00002494;0,099;-0,081
19;30,3;0,0338;-0,01213;-0,01479;0,00002488;-0,099;0,081
19;30,4;-0,03369;0,01209;0,01475;-0,00002482;0,098;-0,08
19;30,5;0,03358;-0,01205;-0,0147;0,00002476;-0,098;0,08
19;30,6;-0,03347;0,01202;0,01466;-0,00002471;0,098;-0,08
19;30,7;0,03336;-0,01198;-0,01462;0,00002465;-0,097;0,08
19;30,8;-0,03326;0,01194;0,01457;-0,00002459;0,097;-0,079
19;30,9;0,03315;-0,0119;-0,01453;0,00002453;-0,097;0,079
19;31;-0,03304;0,01186;0,01449;-0,00002448;0,097;-0,079
19;31,1;0,03293;-0,01182;-0,01444;0,00002442;-0,096;0,079
19;31,2;-0,03282;0,01178;0,0144;-0,00002436;0,096;-0,078
19;31,3;0,03272;-0,01174;-0,01436;0,00002431;-0,096;0,078
19;31,4;-0,03261;0,01171;0,01432;-0,00002425;0,095;-0,078
19;31,5;0,0325;-0,01167;-0,01428;0,00002419;-0,095;0,078
19;31,6;-0,0324;0,01163;0,01423;-0,00002414;0,095;-0,077
19;31,7;0,03229;-0,01159;-0,01419;0,00002408;-0,095;0,077
19;31,8;-0,03219;0,01155;0,01415;-0,00002403;0,094;-0,077
19;31,9;0,03208;-0,01152;-0,01411;0,00002397;-0,094;0,077
19;32;-0,03198;0,01148;0,01407;-0,00002392;0,094;-0,076
19;32,1;0,03187;-0,01144;-0,01402;0,00002386;-0,093;0,076
19;32,2;-0,03177;0,0114;0,01398;-0,00002381;0,093;-0,076
19;32,3;0,03166;-0,01137;-0,01394;0,00002375;-0,093;0,076
19;32,4;-0,03156;0,01133;0,0139;-0,0000237;0,093;-0,075
19;32,5;0,03146;-0,01129;-0,01386;0,00002364;-0,092;0,075
19;32,6;-0,03135;0,01125;0,01382;-0,00002359;0,092;-0,075
19;32,7;0,03125;-0,01122;-0,01378;0,00002353;-0,092;0,075
19;32,8;-0,03115;0,01118;0,01374;-0,00002348;0,092;-0,074
19;32,9;0,03105;-0,01114;-0,0137;0,00002342;-0,091;0,074
19;33;-0,03095;0,01111;0,01366;-0,00002337;0,091;-0,074
19;33,1;0,03085;-0,01107;-0,01362;0,00002332;-0,091;0,074
19;33,2;-0,03074;0,01104;0,01358;-0,00002326;0,09;-0,073
19;33,3;0,03064;-0,011;-0,01354;0,00002321;-0,09;0,073
19;33,4;-0,03054;0,01096;0,0135;-0,00002316;0,09;-0,073
19;33,5;0,03044;-0,01093;-0,01346;0,0000231;-0,09;0,073
19;33,6;-0,03034;0,01089;0,01342;-0,00002305;0,089;-0,072
19;33,7;0,03024;-0,01086;-0,01338;0,000023;-0,089;0,072
19;33,8;-0,03014;0,01082;0,01334;-0,00002294;0,089;-0,072
19;33,9;0,03005;-0,01078;-0,0133;0,00002289;-0,089;0,072
19;34;-0,02995;0,01075;0,01326;-0,00002284;0,088;-0,072
19;34,1;0,02985;-0,01071;-0,01322;0,00002279;-0,088;0,071
19;34,2;-0,02975;0,01068;0,01318;-0,00002273;0,088;-0,071
19;34,3;0,02965;-0,01064;-0,01314;0,00002268;-0,088;0,071
19;34,4;-0,02956;0,01061;0,01311;-0,00002263;0,087;-0,071
19;34,5;0,02946;-0,01057;-0,01307;0,00002258;-0,087;0,07
19;34,6;-0,02936;0,01054;0,01303;-0,00002253;0,087;-0,07
19;34,7;0,02927;-0,0105;-0,01299;0,00002247;-0,087;0,07
19;34,8;-0,02917;0,01047;0,01295;-0,00002242;0,086;-0,07
19;34,9;0,02907;-0,01044;-0,01291;0,00002237;-0,086;0,069
19;35;-0,02898;0,0104;0,01288;-0,00002232;0,086;-0,069
19;35,1;0,02888;-0,01037;-0,01284;0,00002227;-0,086;0,069
19;35,2;-0,02879;0,01033;0,0128;-0,00002222;0,085;-0,069
19;35,3;0,02869;-0,0103;-0,01276;0,00002217;-0,085;0,069
19;35,4;-0,0286;0,01027;0,01272;-0,00002212;0,085;-0,068
19;35,5;0,02851;-0,01023;-0,01269;0,00002207;-0,085;0,068
19;35,6;-0,02841;0,0102;0,01265;-0,00002202;0,084;-0,068
19;35,7;0,02832;-0,01016;-0,01261;0,00002197;-0,084;0,068
19;35,8;-0,02823;0,01013;0,01258;-0,00002192;0,084;-0,067
19;35,9;0,02813;-0,0101;-0,01254;0,00002187;-0,084;0,067
19;36;-0,02804;0,01006;0,0125;-0,00002182;0,083;-0,067
19;36,1;0,02795;-0,01003;-0,01247;0,00002177;-0,083;0,067
19;36,2;-0,02786;0,01;0,01243;-0,00002172;0,083;-0,067
19;36,3;0,02776;-0,00997;-0,01239;0,00002167;-0,083;0,066
19;36,4;-0,02767;0,00993;0,01236;-0,00002162;0,082;-0,066
19;36,5;0,02758;-0,0099;-0,01232;0,00002157;-0,082;0,066
19;36,6;-0,02749;0,00987;0,01228;-0,00002152;0,082;-0,066
19;36,7;0,0274;-0,00983;-0,01225;0,00002147;-0,082;0,065
19;36,8;-0,02731;0,0098;0,01221;-0,00002142;0,081;-0,065
19;36,9;0,02722;-0,00977;-0,01217;0,00002137;-0,081;0,065
19;37;-0,02713;0,00974;0,01214;-0,00002133;0,081;-0,065
19;37,1;0,02704;-0,00971;-0,0121;0,00002128;-0,081;0,065
19;37,2;-0,02695;0,00967;0,01207;-0,00002123;0,08;-0,064
19;37,3;0,02686;-0,00964;-0,01203;0,00002118;-0,08;0,064
19;37,4;-0,02677;0,00961;0,012;-0,00002113;0,08;-0,064
19;37,5;0,02668;-0,00958;-0,01196;0,00002108;-0,08;0,064
19;37,6;-0,0266;0,00955;0,01193;-0,00002104;0,079;-0,064
19;37,7;0,02651;-0,00951;-0,01189;0,00002099;-0,079;0,063
19;37,8;-0,02642;0,00948;0,01186;-0,00002094;0,079;-0,063
19;37,9;0,02633;-0,00945;-0,01182;0,00002089;-0,079;0,063
19;38;-0,02625;0,00942;0,01179;-0,00002085;0,079;-0,063
19;38,1;0,02616;-0,00939;-0,01175;0,0000208;-0,078;0,062
19;38,2;-0,02607;0,00936;0,01172;-0,00002075;0,078;-0,062
19;38,3;0,02599;-0,00933;-0,01168;0,00002071;-0,078;0,062
19;38,4;-0,0259;0,0093;0,01165;-0,00002066;0,078;-0,062
19;38,5;0,02582;-0,00927;-0,01161;0,00002061;-0,077;0,062
19;38,6;-0,02573;0,00924;0,01158;-0,00002057;0,077;-0,061
19;38,7;0,02564;-0,0092;-0,01155;0,00002052;-0,077;0,061
19;38,8;-0,02556;0,00917;0,01151;-0,00002047;0,077;-0,061
19;38,9;0,02547;-0,00914;-0,01148;0,00002043;-0,076;0,061
19;39;-0,02539;0,00911;0,01144;-0,00002038;0,076;-0,061
19;39,1;0,02531;-0,00908;-0,01141;0,00002034;-0,076;0,06
19;39,2;-0,02522;0,00905;0,01138;-0,00002029;0,076;-0,06
19;39,3;0,02514;-0,00902;-0,01134;0,00002024;-0,076;0,06
19;39,4;-0,02505;0,00899;0,01131;-0,0000202;0,075;-0,06
19;39,5;0,02497;-0,00896;-0,01128;0,00002015;-0,075;0,06
19;39,6;-0,02489;0,00893;0,01124;-0,00002011;0,075;-0,059
19;39,7;0,02481;-0,0089;-0,01121;0,00002006;-0,075;0,059
19;39,8;-0,02472;0,00887;0,01118;-0,00002002;0,074;-0,059
19;39,9;0,02464;-0,00884;-0,01115;0,00001997;-0,074;0,059
19;40;-0,02456;0,00882;0,01111;-0,00001993;0,074;-0,059
20;0;0;0;0;0;0;0
20;0,1;-1,24151;-33,28957;-0,19636;0,0004997;-1,309;221,932
20;0,2;-1,32604;-37,33999;-0,19902;0,0005388;-1,327;248,935
20;0,3;2,03914;41,25571;0,30131;-0,0006332;2,008;-275,04
20;0,4;-2,32631;-33,25551;-0,34062;0,0005557;-2,27;221,705
20;0,5;2,31842;17,6922;0,33642;-0,0003679;2,242;-117,949
20;0,6;-2,17111;-0,11022;-0,31192;0,0001476;-2,079;0,736
20;0,7;2,02377;-14,46371;0,28792;0,00003523;1,919;96,424
20;0,8;-1,96994;22,76069;-0,27838;-0,0001347;-1,856;-151,738
20;0,9;2,04477;-23,80152;0,28849;0,000137;1,923;158,677
20;1;-2,22993;18,71618;-0,31541;-0,00005734;-2,102;-124,774
20;1,1;2,4712;-10,03694;0,35093;-0,00006973;2,339;66,912
20;1,2;-2,70178;0,75514;-0,38498;0,0002032;-2,566;-5,033
20;1,3;2,86411;6,56157;0,40885;-0,0003077;2,725;-43,745
20;1,4;-2,92467;-10,36859;-0,41749;0,0003622;-2,783;69,125
20;1,5;2,87936;10,3556;0,41026;-0,0003626;2,735;-69,039
20;1,6;-2,74971;-7,28884;-0,39037;0,0003194;-2,602;48,594
20;1,7;2,57297;2,59788;0,3634;-0,0002524;2,422;-17,32
20;1,8;-2,3897;2,13386;-0,33546;0,0001836;-2,236;-14,225
20;1,9;2,23287;-5,62047;0,31147;-0,0001308;2,076;37,469
20;2;-2,12094;7,15824;-0,29423;0,0001038;-1,961;-47,721
20;2,1;2,05611;-6,70009;0,28404;-0,0001034;1,893;44,667
20;2,2;-2,02713;4,74085;-0,27924;0,000123;-1,861;-31,605
20;2,3;2,01518;-2,08055;0,27699;-0,0001516;1,846;13,87
20;2,4;-2,00047;-0,44765;-0,27431;0,000178;-1,829;2,985
20;2,5;1,96786;2,20569;0,26895;-0,0001934;1,793;-14,705
20;2,6;-1,91011;-2,88269;-0,25981;0,0001938;-1,732;19,219
20;2,7;1,82839;2,51441;0,24708;-0,0001798;1,647;-16,763
20;2,8;-1,73036;-1,40677;-0,2319;0,0001555;-1,546;9,379
20;2,9;1,627;0,00231;0,21594;-0,0001273;1,439;-0,016
20;3;-1,52904;1,26387;-0,2008;0,0001012;-1,338;-8,425
20;3,1;1,44422;-2,07819;0,18765;-0,00008153;1,251;13,854
20;3,2;-1,37581;2,30837;-0,17699;0,0000702;-1,18;-15,389
20;3,3;1,32266;-2,00332;0,16864;-0,00006655;1,124;13,355
20;3,4;-1,2803;1,34492;-0,16193;0,00006811;-1,079;-8,966
20;3,5;1,24286;-0,57381;0,15598;-0,00007158;1,04;3,825
20;3,6;-1,20484;-0,08605;-0,14997;0,00007389;-1;0,574
20;3,7;1,16251;0,4838;0,14332;-0,00007296;0,955;-3,226
20;3,8;-1,11457;-0,56762;-0,13586;0,00006806;-0,906;3,784
20;3,9;1,06198;0,37934;0,12771;-0,00005976;0,851;-2,529
20;4;-1,00726;-0,02516;-0,11927;0,00004952;-0,795;0,168
20;4,1;0,95355;-0,36508;0,11099;-0,00003909;0,74;2,434
20;4,2;-0,90355;0,67705;-0,10328;0,00003003;-0,688;-4,514
20;4,3;0,85895;-0,83935;0,09641;-0,00002331;0,643;5,596
20;4,4;-0,82013;0,8342;-0,09041;0,00001916;-0,603;-5,561
20;4,5;0,78627;-0,69182;0,08518;-0,00001713;0,568;4,612
20;4,6;-0,75583;0,47307;-0,08047;0,00001636;-0,536;-3,154
20;4,7;0,72705;-0,2474;0,07602;-0,00001589;0,507;1,649
20;4,8;-0,69845;0,07269;-0,07162;0,00001491;-0,477;-0,485
20;4,9;0,66918;0,01786;0,06712;-0,00001293;0,447;-0,119
20;5;-0,63906;-0,01979;-0,0625;0,000009893;-0,417;0,132
20;5,1;0,60852;-0,04704;0,05782;-0,00000605;0,385;0,314
20;5,2;-0,57835;0,14846;-0,05322;0,000001862;-0,355;-0,99
20;5,3;0,54939;-0,24783;0,0488;0,000002174;0,325;1,652
20;5,4;-0,5223;0,3163;-0,04466;-0,000005669;-0,298;-2,109
20;5,5;0,49739;-0,33895;0,04087;0,000008426;0,272;2,26
20;5,6;-0,47462;0,31608;-0,0374;-0,00001045;-0,249;-2,107
20;5,7;0,45363;-0,26017;0,0342;0,00001193;0,228;1,735
20;5,8;-0,43393;0,19019;-0,03121;-0,00001312;-0,208;-1,268
20;5,9;0,415;-0,1253;0,02833;0,00001428;0,189;0,835
20;6;-0,39646;0,07971;-0,02552;-0,00001563;-0,17;-0,531
20;6,1;0,37813;-0,05983;0,02275;0,00001725;0,152;0,399
20;6,2;-0,36;0,06413;-0,02001;-0,00001912;-0,133;-0,428
20;6,3;0,34222;-0,08501;0,01733;0,00002115;0,116;0,567
20;6,4;-0,32503;0,11203;-0,01474;-0,00002318;-0,098;-0,747
20;6,5;0,30863;-0,13523;0,01227;0,00002508;0,082;0,902
20;6,6;-0,29316;0,14768;-0,00995;-0,00002677;-0,066;-0,985
20;6,7;0,27866;-0,1467;0,00778;0,0000282;0,052;0,978
20;6,8;-0,26507;0,13379;-0,00575;-0,0000294;-0,038;-0,892
20;6,9;0,25226;-0,1134;0,00384;0,00003043;0,026;0,756
20;7;-0,24005;0,09114;-0,00203;-0,00003137;-0,014;-0,608
20;7,1;0,22831;-0,07211;0,00028;0,0000323;0,001949;0,481
20;7,2;-0,21693;0,05959;0,0014;-0,00003326;0,009274;-0,397
20;7,3;0,20587;-0,05457;-0,00303;0,00003427;-0,02;0,364
20;7,4;-0,19513;0,05587;0,00461;-0,00003531;0,031;-0,373
20;7,5;0,18475;-0,06091;-0,00614;0,00003634;-0,041;0,406
20;7,6;-0,1748;0,06666;0,00759;-0,00003734;0,051;-0,445
20;7,7;0,16531;-0,07052;-0,00898;0,00003827;-0,06;0,47
20;7,8;-0,1563;0,07095;0,01029;-0,0000391;0,069;-0,473
20;7,9;0,14778;-0,06763;-0,01152;0,00003984;-0,077;0,451
20;8;-0,13969;0,06136;0,01269;-0,0000405;0,085;-0,409
20;8,1;0,132;-0,05358;-0,0138;0,00004109;-0,092;0,357
20;8,2;-0,12464;0,0459;0,01485;-0,00004165;0,099;-0,306
20;8,3;0,11756;-0,03963;-0,01586;0,00004219;-0,106;0,264
20;8,4;-0,11075;0,03545;0,01682;-0,00004273;0,112;-0,237
20;8,5;0,10419;-0,03341;-0,01775;0,00004326;-0,118;0,223
20;8,6;-0,09786;0,033;0,01864;-0,00004379;0,124;-0,22
20;8,7;0,0918;-0,0334;-0,01949;0,00004429;-0,13;0,223
20;8,8;-0,08599;0,03376;0,0203;-0,00004477;0,135;-0,225
20;8,9;0,08045;-0,03343;-0,02107;0,00004521;-0,14;0,223
20;9;-0,07517;0,0321;0,0218;-0,00004561;0,145;-0,214
20;9,1;0,07015;-0,0298;-0,02248;0,00004597;-0,15;0,199
20;9,2;-0,06536;0,02685;0,02313;-0,0000463;0,154;-0,179
20;9,3;0,06079;-0,02367;-0,02375;0,0000466;-0,158;0,158
20;9,4;-0,05641;0,02073;0,02434;-0,00004688;0,162;-0,138
20;9,5;0,05221;-0,01831;-0,0249;0,00004715;-0,166;0,122
20;9,6;-0,04818;0,01656;0,02543;-0,00004741;0,169;-0,111
20;9,7;0,04432;-0,01542;-0,02594;0,00004766;-0,173;0,103
20;9,8;-0,04061;0,0147;0,02642;-0,00004789;0,176;-0,098
20;9,9;0,03706;-0,01416;-0,02688;0,00004811;-0,179;0,095
20;10;-0,03367;0,01355;0,02731;-0,00004831;0,182;-0,091
20;10,1;0,03043;-0,01274;-0,02772;0,0000485;-0,185;0,085
20;10,2;-0,02735;0,01165;0,0281;-0,00004866;0,187;-0,078
20;10,3;0,0244;-0,01035;-0,02847;0,00004881;-0,19;0,069
20;10,4;-0,02159;0,00892;0,02881;-0,00004894;0,192;-0,06
20;10,5;0,0189;-0,00751;-0,02914;0,00004906;-0,194;0,05
20;10,6;-0,01633;0,00622;0,02944;-0,00004916;0,196;-0,042
20;10,7;0,01387;-0,00512;-0,02973;0,00004926;-0,198;0,034
20;10,8;-0,01152;0,00424;0,03;-0,00004934;0,2;-0,028
20;10,9;0,00926;-0,00353;-0,03026;0,00004942;-0,202;0,024
20;11;-0,00711;0,00293;0,0305;-0,00004949;0,203;-0,02
20;11,1;0,00505;-0,00238;-0,03073;0,00004955;-0,205;0,016
20;11,2;-0,00308;0,00181;0,03094;-0,0000496;0,206;-0,012
20;11,3;0,00121;-0,00119;-0,03114;0,00004964;-0,208;0,008183
20;11,4;0,00058;0,00051;0,03132;-0,00004967;0,209;-0,003647
20;11,5;-0,00229;0,00021;-0,0315;0,00004969;-0,21;-0,001149
20;11,6;0,00392;-0,00093;0,03166;-0,0000497;0,211;0,005982
20;11,7;-0,00548;0,00163;-0,03181;0,0000497;-0,212;-0,011
20;11,8;0,00696;-0,00226;0,03194;-0,0000497;0,213;0,015
20;11,9;-0,00838;0,00283;-0,03207;0,00004969;-0,214;-0,019
20;12;0,00974;-0,00332;0,03219;-0,00004968;0,215;0,022
20;12,1;-0,01103;0,00376;-0,0323;0,00004966;-0,215;-0,025
20;12,2;0,01226;-0,00416;0,0324;-0,00004963;0,216;0,027
20;12,3;-0,01344;0,00454;-0,03249;0,0000496;-0,217;-0,03
20;12,4;0,01456;-0,00492;0,03257;-0,00004956;0,217;0,033
20;12,5;-0,01563;0,00531;-0,03265;0,00004952;-0,218;-0,035
20;12,6;0,01665;-0,0057;0,03272;-0,00004947;0,218;0,038
20;12,7;-0,01762;0,00609;-0,03278;0,00004941;-0,218;-0,04
20;12,8;0,01854;-0,00647;0,03283;-0,00004936;0,219;0,043
20;12,9;-0,01942;0,00683;-0,03287;0,00004929;-0,219;-0,045
20;13;0,02026;-0,00716;0,03291;-0,00004923;0,219;0,048
20;13,1;-0,02106;0,00747;-0,03295;0,00004916;-0,22;-0,05
20;13,2;0,02182;-0,00774;0,03298;-0,00004908;0,22;0,051
20;13,3;-0,02254;0,008;-0,033;0,00004901;-0,22;-0,053
20;13,4;0,02323;-0,00824;0,03302;-0,00004893;0,22;0,055
20;13,5;-0,02388;0,00847;-0,03303;0,00004884;-0,22;-0,056
20;13,6;0,0245;-0,00869;0,03304;-0,00004876;0,22;0,058
20;13,7;-0,02509;0,00891;-0,03304;0,00004867;-0,22;-0,059
20;13,8;0,02565;-0,00913;0,03304;-0,00004857;0,22;0,061
20;13,9;-0,02618;0,00934;-0,03303;0,00004848;-0,22;-0,062
20;14;0,02668;-0,00954;0,03302;-0,00004838;0,22;0,063
20;14,1;-0,02716;0,00972;-0,03301;0,00004828;-0,22;-0,065
20;14,2;0,02761;-0,0099;0,03299;-0,00004818;0,22;0,066
20;14,3;-0,02804;0,01006;-0,03297;0,00004808;-0,22;-0,067
20;14,4;0,02845;-0,01021;0,03294;-0,00004797;0,22;0,068
20;14,5;-0,02883;0,01035;-0,03292;0,00004786;-0,219;-0,069
20;14,6;0,0292;-0,01048;0,03289;-0,00004775;0,219;0,07
20;14,7;-0,02954;0,01061;-0,03285;0,00004764;-0,219;-0,07
20;14,8;0,02986;-0,01073;0,03282;-0,00004753;0,219;0,071
20;14,9;-0,03017;0,01084;-0,03278;0,00004741;-0,218;-0,072
20;15;0,03045;-0,01095;0,03274;-0,0000473;0,218;0,073
20;15,1;-0,03073;0,01106;-0,03269;0,00004718;-0,218;-0,073
20;15,2;0,03098;-0,01116;0,03265;-0,00004706;0,218;0,074
20;15,3;-0,03122;0,01125;-0,0326;0,00004694;-0,217;-0,075
20;15,4;0,03144;-0,01133;0,03255;-0,00004682;0,217;0,075
20;15,5;-0,03165;0,01141;-0,0325;0,0000467;-0,217;-0,076
20;15,6;0,03185;-0,01149;0,03244;-0,00004657;0,216;0,076
20;15,7;-0,03203;0,01156;-0,03238;0,00004645;-0,216;-0,077
20;15,8;0,0322;-0,01162;0,03233;-0,00004632;0,215;0,077
20;15,9;-0,03236;0,01168;-0,03227;0,0000462;-0,215;-0,078
20;16;0,03251;-0,01174;0,03221;-0,00004607;0,215;0,078
20;16,1;-0,03265;0,01179;-0,03215;0,00004594;-0,214;-0,078
20;16,2;0,03278;-0,01184;0,03208;-0,00004581;0,214;0,079
20;16,3;-0,03289;0,01188;-0,03202;0,00004569;-0,213;-0,079
20;16,4;0,033;-0,01192;0,03195;-0,00004556;0,213;0,079
20;16,5;-0,0331;0,01196;-0,03188;0,00004543;-0,212;-0,08
20;16,6;0,03319;-0,012;0,03181;-0,0000453;0,212;0,08
20;16,7;-0,03327;0,01203;-0,03175;0,00004516;-0,212;-0,08
20;16,8;0,03334;-0,01206;0,03167;-0,00004503;0,211;0,08
20;16,9;-0,03341;0,01208;-0,0316;0,0000449;-0,211;-0,08
20;17;0,03347;-0,01211;0,03153;-0,00004477;0,21;0,08
20;17,1;-0,03352;0,01213;-0,03146;0,00004464;-0,21;-0,081
20;17,2;0,03356;-0,01214;0,03138;-0,0000445;0,209;0,081
20;17,3;-0,0336;0,01216;-0,03131;0,00004437;-0,209;-0,081
20;17,4;0,03363;-0,01217;0,03123;-0,00004424;0,208;0,081
20;17,5;-0,03366;0,01218;-0,03116;0,0000441;-0,208;-0,081
20;17,6;0,03368;-0,01219;0,03108;-0,00004397;0,207;0,081
20;17,7;-0,0337;0,0122;-0,031;0,00004384;-0,207;-0,081
20;17,8;0,03371;-0,01221;0,03092;-0,0000437;0,206;0,081
20;17,9;-0,03372;0,01221;-0,03085;0,00004357;-0,206;-0,081
20;18;0,03372;-0,01221;0,03077;-0,00004343;0,205;0,081
20;18,1;-0,03371;0,01221;-0,03069;0,0000433;-0,205;-0,081
20;18,2;0,03371;-0,01221;0,03061;-0,00004317;0,204;0,081
20;18,3;-0,0337;0,01221;-0,03053;0,00004303;-0,203;-0,081
20;18,4;0,03368;-0,0122;0,03045;-0,0000429;0,203;0,081
20;18,5;-0,03366;0,0122;-0,03037;0,00004276;-0,202;-0,081
20;18,6;0,03364;-0,01219;0,03029;-0,00004263;0,202;0,081
20;18,7;-0,03361;0,01218;-0,0302;0,00004249;-0,201;-0,081
20;18,8;0,03358;-0,01217;0,03012;-0,00004236;0,201;0,081
20;18,9;-0,03355;0,01216;-0,03004;0,00004223;-0,2;-0,081
20;19;0,03352;-0,01215;0,02996;-0,00004209;0,2;0,081
20;19,1;-0,03348;0,01213;-0,02988;0,00004196;-0,199;-0,081
20;19,2;0,03344;-0,01212;0,02979;-0,00004182;0,199;0,081
20;19,3;-0,0334;0,01211;-0,02971;0,00004169;-0,198;-0,081
20;19,4;0,03335;-0,01209;0,02963;-0,00004156;0,197;0,08
20;19,5;-0,03331;0,01207;-0,02954;0,00004142;-0,197;-0,08
20;19,6;0,03326;-0,01206;0,02946;-0,00004129;0,196;0,08
20;19,7;-0,0332;0,01204;-0,02938;0,00004116;-0,196;-0,08
20;19,8;0,03315;-0,01202;0,02929;-0,00004102;0,195;0,08
20;19,9;-0,0331;0,012;-0,02921;0,00004089;-0,195;-0,08
20;20;0,03304;-0,01198;0,02913;-0,00004076;0,194;0,08
20;20,1;-0,03298;0,01196;-0,02904;0,00004063;-0,194;-0,08
20;20,2;0,03292;-0,01194;0,02896;-0,0000405;0,193;0,079
20;20,3;-0,03286;0,01192;-0,02888;0,00004036;-0,192;-0,079
20;20,4;0,03279;-0,01189;0,02879;-0,00004023;0,192;0,079
20;20,5;-0,03273;0,01187;-0,02871;0,0000401;-0,191;-0,079
20;20,6;0,03266;-0,01185;0,02863;-0,00003997;0,191;0,079
20;20,7;-0,0326;0,01182;-0,02854;0,00003984;-0,19;-0,079
20;20,8;0,03253;-0,0118;0,02846;-0,00003971;0,19;0,078
20;20,9;-0,03246;0,01177;-0,02837;0,00003958;-0,189;-0,078
20;21;0,03239;-0,01175;0,02829;-0,00003945;0,189;0,078
20;21,1;-0,03232;0,01172;-0,02821;0,00003932;-0,188;-0,078
20;21,2;0,03224;-0,0117;0,02812;-0,00003919;0,187;0,078
20;21,3;-0,03217;0,01167;-0,02804;0,00003906;-0,187;-0,078
20;21,4;0,0321;-0,01164;0,02796;-0,00003893;0,186;0,077
20;21,5;-0,03202;0,01162;-0,02787;0,0000388;-0,186;-0,077
20;21,6;0,03194;-0,01159;0,02779;-0,00003867;0,185;0,077
20;21,7;-0,03187;0,01156;-0,02771;0,00003855;-0,185;-0,077
20;21,8;0,03179;-0,01153;0,02763;-0,00003842;0,184;0,077
20;21,9;-0,03171;0,0115;-0,02754;0,00003829;-0,184;-0,077
20;22;0,03163;-0,01148;0,02746;-0,00003816;0,183;0,076
20;22,1;-0,03155;0,01145;-0,02738;0,00003804;-0,182;-0,076
20;22,2;0,03148;-0,01142;0,0273;-0,00003791;0,182;0,076
20;22,3;-0,0314;0,01139;-0,02721;0,00003778;-0,181;-0,076
20;22,4;0,03131;-0,01136;0,02713;-0,00003766;0,181;0,076
20;22,5;-0,03123;0,01133;-0,02705;0,00003753;-0,18;-0,075
20;22,6;0,03115;-0,0113;0,02697;-0,00003741;0,18;0,075
20;22,7;-0,03107;0,01127;-0,02689;0,00003728;-0,179;-0,075
20;22,8;0,03099;-0,01124;0,02681;-0,00003716;0,179;0,075
20;22,9;-0,03091;0,01121;-0,02672;0,00003703;-0,178;-0,075
20;23;0,03082;-0,01118;0,02664;-0,00003691;0,178;0,074
20;23,1;-0,03074;0,01115;-0,02656;0,00003678;-0,177;-0,074
20;23,2;0,03066;-0,01112;0,02648;-0,00003666;0,176;0,074
20;23,3;-0,03057;0,01109;-0,0264;0,00003654;-0,176;-0,074
20;23,4;0,03049;-0,01106;0,02632;-0,00003641;0,175;0,074
20;23,5;-0,03041;0,01103;-0,02624;0,00003629;-0,175;-0,073
20;23,6;0,03032;-0,011;0,02616;-0,00003617;0,174;0,073
20;23,7;-0,03024;0,01097;-0,02608;0,00003605;-0,174;-0,073
20;23,8;0,03016;-0,01094;0,026;-0,00003593;0,173;0,073
20;23,9;-0,03007;0,01091;-0,02592;0,0000358;-0,173;-0,073
20;24;0,02999;-0,01088;0,02584;-0,00003568;0,172;0,072
20;24,1;-0,0299;0,01085;-0,02576;0,00003556;-0,172;-0,072
20;24,2;0,02982;-0,01082;0,02568;-0,00003544;0,171;0,072
20;24,3;-0,02973;0,01079;-0,02561;0,00003532;-0,171;-0,072
20;24,4;0,02965;-0,01076;0,02553;-0,0000352;0,17;0,072
20;24,5;-0,02956;0,01073;-0,02545;0,00003508;-0,17;-0,071
20;24,6;0,02948;-0,0107;0,02537;-0,00003497;0,169;0,071
20;24,7;-0,02939;0,01067;-0,02529;0,00003485;-0,169;-0,071
20;24,8;0,02931;-0,01064;0,02521;-0,00003473;0,168;0,071
20;24,9;-0,02923;0,01061;-0,02514;0,00003461;-0,168;-0,071
20;25;0,02914;-0,01057;0,02506;-0,00003449;0,167;0,07
20;25,1;-0,02906;0,01054;-0,02498;0,00003438;-0,166;-0,07
20;25,2;0,02897;-0,01051;0,02491;-0,00003426;0,166;0,07
20;25,3;-0,02889;0,01048;-0,02483;0,00003414;-0,165;-0,07
20;25,4;0,0288;-0,01045;0,02475;-0,00003403;0,165;0,07
20;25,5;-0,02872;0,01042;-0,02468;0,00003391;-0,164;-0,069
20;25,6;0,02863;-0,01039;0,0246;-0,0000338;0,164;0,069
20;25,7;-0,02855;0,01036;-0,02452;0,00003368;-0,163;-0,069
20;25,8;0,02847;-0,01033;0,02445;-0,00003357;0,163;0,069
20;25,9;-0,02838;0,0103;-0,02437;0,00003345;-0,162;-0,069
20;26;0,0283;-0,01027;0,0243;-0,00003334;0,162;0,068
20;26,1;-0,02821;0,01024;-0,02422;0,00003322;-0,161;-0,068
20;26,2;0,02813;-0,01021;0,02415;-0,00003311;0,161;0,068
20;26,3;-0,02805;0,01018;-0,02407;0,000033;-0,16;-0,068
20;26,4;0,02796;-0,01015;0,024;-0,00003288;0,16;0,067
20;26,5;-0,02788;0,01012;-0,02392;0,00003277;-0,159;-0,067
20;26,6;0,0278;-0,01009;0,02385;-0,00003266;0,159;0,067
20;26,7;-0,02771;0,01006;-0,02377;0,00003255;-0,158;-0,067
20;26,8;0,02763;-0,01003;0,0237;-0,00003244;0,158;0,067
20;26,9;-0,02755;0,01;-0,02363;0,00003233;-0,157;-0,066
20;27;0,02747;-0,00997;0,02355;-0,00003221;0,157;0,066
20;27,1;-0,02738;0,00994;-0,02348;0,0000321;-0,156;-0,066
20;27,2;0,0273;-0,00991;0,02341;-0,00003199;0,156;0,066
20;27,3;-0,02722;0,00988;-0,02334;0,00003188;-0,156;-0,066
20;27,4;0,02714;-0,00985;0,02326;-0,00003178;0,155;0,066
20;27,5;-0,02706;0,00982;-0,02319;0,00003167;-0,155;-0,065
20;27,6;0,02697;-0,00979;0,02312;-0,00003156;0,154;0,065
20;27,7;-0,02689;0,00976;-0,02305;0,00003145;-0,154;-0,065
20;27,8;0,02681;-0,00973;0,02297;-0,00003134;0,153;0,065
20;27,9;-0,02673;0,0097;-0,0229;0,00003123;-0,153;-0,065
20;28;0,02665;-0,00967;0,02283;-0,00003113;0,152;0,064
20;28,1;-0,02657;0,00964;-0,02276;0,00003102;-0,152;-0,064
20;28,2;0,02649;-0,00961;0,02269;-0,00003091;0,151;0,064
20;28,3;-0,02641;0,00958;-0,02262;0,00003081;-0,151;-0,064
20;28,4;0,02633;-0,00956;0,02255;-0,0000307;0,15;0,064
20;28,5;-0,02625;0,00953;-0,02248;0,00003059;-0,15;-0,063
20;28,6;0,02617;-0,0095;0,02241;-0,00003049;0,149;0,063
20;28,7;-0,02609;0,00947;-0,02234;0,00003038;-0,149;-0,063
20;28,8;0,02601;-0,00944;0,02227;-0,00003028;0,148;0,063
20;28,9;-0,02593;0,00941;-0,0222;0,00003017;-0,148;-0,063
20;29;0,02585;-0,00938;0,02213;-0,00003007;0,147;0,062
20;29,1;-0,02577;0,00935;-0,02206;0,00002997;-0,147;-0,062
20;29,2;0,02569;-0,00933;0,02199;-0,00002986;0,147;0,062
20;29,3;-0,02562;0,0093;-0,02192;0,00002976;-0,146;-0,062
20;29,4;0,02554;-0,00927;0,02186;-0,00002966;0,146;0,062
20;29,5;-0,02546;0,00924;-0,02179;0,00002955;-0,145;-0,061
20;29,6;0,02538;-0,00921;0,02172;-0,00002945;0,145;0,061
20;29,7;-0,0253;0,00918;-0,02165;0,00002935;-0,144;-0,061
20;29,8;0,02523;-0,00916;0,02158;-0,00002925;0,144;0,061
20;29,9;-0,02515;0,00913;-0,02152;0,00002914;-0,143;-0,061
20;30;0,02507;-0,0091;0,02145;-0,00002904;0,143;0,061
20;30,1;-0,025;0,00907;-0,02138;0,00002894;-0,143;-0,06
20;30,2;0,02492;-0,00904;0,02132;-0,00002884;0,142;0,06
20;30,3;-0,02484;0,00902;-0,02125;0,00002874;-0,142;-0,06
20;30,4;0,02477;-0,00899;0,02118;-0,00002864;0,141;0,06
20;30,5;-0,02469;0,00896;-0,02112;0,00002854;-0,141;-0,06
20;30,6;0,02462;-0,00893;0,02105;-0,00002844;0,14;0,059
20;30,7;-0,02454;0,00891;-0,02098;0,00002834;-0,14;-0,059
20;30,8;0,02447;-0,00888;0,02092;-0,00002825;0,139;0,059
20;30,9;-0,02439;0,00885;-0,02085;0,00002815;-0,139;-0,059
20;31;0,02432;-0,00883;0,02079;-0,00002805;0,139;0,059
20;31,1;-0,02424;0,0088;-0,02072;0,00002795;-0,138;-0,059
20;31,2;0,02417;-0,00877;0,02066;-0,00002785;0,138;0,058
20;31,3;-0,02409;0,00874;-0,02059;0,00002776;-0,137;-0,058
20;31,4;0,02402;-0,00872;0,02053;-0,00002766;0,137;0,058
20;31,5;-0,02394;0,00869;-0,02047;0,00002756;-0,136;-0,058
20;31,6;0,02387;-0,00866;0,0204;-0,00002747;0,136;0,058
20;31,7;-0,0238;0,00864;-0,02034;0,00002737;-0,136;-0,057
20;31,8;0,02372;-0,00861;0,02027;-0,00002728;0,135;0,057
20;31,9;-0,02365;0,00858;-0,02021;0,00002718;-0,135;-0,057
20;32;0,02358;-0,00856;0,02015;-0,00002709;0,134;0,057
20;32,1;-0,02351;0,00853;-0,02008;0,00002699;-0,134;-0,057
20;32,2;0,02343;-0,00851;0,02002;-0,0000269;0,133;0,057
20;32,3;-0,02336;0,00848;-0,01996;0,0000268;-0,133;-0,056
20;32,4;0,02329;-0,00845;0,0199;-0,00002671;0,133;0,056
20;32,5;-0,02322;0,00843;-0,01983;0,00002661;-0,132;-0,056
20;32,6;0,02315;-0,0084;0,01977;-0,00002652;0,132;0,056
20;32,7;-0,02308;0,00838;-0,01971;0,00002643;-0,131;-0,056
20;32,8;0,023;-0,00835;0,01965;-0,00002634;0,131;0,056
20;32,9;-0,02293;0,00832;-0,01959;0,00002624;-0,131;-0,055
20;33;0,02286;-0,0083;0,01952;-0,00002615;0,13;0,055
20;33,1;-0,02279;0,00827;-0,01946;0,00002606;-0,13;-0,055
20;33,2;0,02272;-0,00825;0,0194;-0,00002597;0,129;0,055
20;33,3;-0,02265;0,00822;-0,01934;0,00002588;-0,129;-0,055
20;33,4;0,02258;-0,0082;0,01928;-0,00002578;0,128;0,055
20;33,5;-0,02251;0,00817;-0,01922;0,00002569;-0,128;-0,054
20;33,6;0,02244;-0,00815;0,01916;-0,0000256;0,128;0,054
20;33,7;-0,02237;0,00812;-0,0191;0,00002551;-0,127;-0,054
20;33,8;0,0223;-0,0081;0,01904;-0,00002542;0,127;0,054
20;33,9;-0,02224;0,00807;-0,01898;0,00002533;-0,126;-0,054
20;34;0,02217;-0,00805;0,01892;-0,00002524;0,126;0,054
20;34,1;-0,0221;0,00802;-0,01886;0,00002516;-0,126;-0,053
20;34,2;0,02203;-0,008;0,0188;-0,00002507;0,125;0,053
20;34,3;-0,02196;0,00797;-0,01874;0,00002498;-0,125;-0,053
20;34,4;0,02189;-0,00795;0,01868;-0,00002489;0,125;0,053
20;34,5;-0,02183;0,00792;-0,01862;0,0000248;-0,124;-0,053
20;34,6;0,02176;-0,0079;0,01857;-0,00002471;0,124;0,053
20;34,7;-0,02169;0,00787;-0,01851;0,00002463;-0,123;-0,052
20;34,8;0,02162;-0,00785;0,01845;-0,00002454;0,123;0,052
20;34,9;-0,02156;0,00782;-0,01839;0,00002445;-0,123;-0,052
20;35;0,02149;-0,0078;0,01833;-0,00002437;0,122;0,052
20;35,1;-0,02142;0,00778;-0,01828;0,00002428;-0,122;-0,052
20;35,2;0,02136;-0,00775;0,01822;-0,00002419;0,121;0,052
20;35,3;-0,02129;0,00773;-0,01816;0,00002411;-0,121;-0,051
20;35,4;0,02123;-0,0077;0,0181;-0,00002402;0,121;0,051
20;35,5;-0,02116;0,00768;-0,01805;0,00002394;-0,12;-0,051
20;35,6;0,0211;-0,00766;0,01799;-0,00002385;0,12;0,051
20;35,7;-0,02103;0,00763;-0,01793;0,00002377;-0,12;-0,051
20;35,8;0,02096;-0,00761;0,01788;-0,00002368;0,119;0,051
20;35,9;-0,0209;0,00759;-0,01782;0,0000236;-0,119;-0,05
20;36;0,02084;-0,00756;0,01776;-0,00002351;0,118;0,05
20;36,1;-0,02077;0,00754;-0,01771;0,00002343;-0,118;-0,05
20;36,2;0,02071;-0,00752;0,01765;-0,00002335;0,118;0,05
20;36,3;-0,02064;0,00749;-0,0176;0,00002326;-0,117;-0,05
20;36,4;0,02058;-0,00747;0,01754;-0,00002318;0,117;0,05
20;36,5;-0,02051;0,00745;-0,01749;0,0000231;-0,117;-0,05
20;36,6;0,02045;-0,00742;0,01743;-0,00002301;0,116;0,049
20;36,7;-0,02039;0,0074;-0,01738;0,00002293;-0,116;-0,049
20;36,8;0,02032;-0,00738;0,01732;-0,00002285;0,115;0,049
20;36,9;-0,02026;0,00735;-0,01727;0,00002277;-0,115;-0,049
20;37;0,0202;-0,00733;0,01721;-0,00002269;0,115;0,049
20;37,1;-0,02014;0,00731;-0,01716;0,00002261;-0,114;-0,049
20;37,2;0,02007;-0,00729;0,0171;-0,00002252;0,114;0,048
20;37,3;-0,02001;0,00726;-0,01705;0,00002244;-0,114;-0,048
20;37,4;0,01995;-0,00724;0,017;-0,00002236;0,113;0,048
20;37,5;-0,01989;0,00722;-0,01694;0,00002228;-0,113;-0,048
20;37,6;0,01983;-0,0072;0,01689;-0,0000222;0,113;0,048
20;37,7;-0,01976;0,00717;-0,01684;0,00002212;-0,112;-0,048
20;37,8;0,0197;-0,00715;0,01678;-0,00002204;0,112;0,048
20;37,9;-0,01964;0,00713;-0,01673;0,00002197;-0,111;-0,047
20;38;0,01958;-0,00711;0,01668;-0,00002189;0,111;0,047
20;38,1;-0,01952;0,00709;-0,01662;0,00002181;-0,111;-0,047
20;38,2;0,01946;-0,00706;0,01657;-0,00002173;0,11;0,047
20;38,3;-0,0194;0,00704;-0,01652;0,00002165;-0,11;-0,047
20;38,4;0,01934;-0,00702;0,01647;-0,00002157;0,11;0,047
20;38,5;-0,01928;0,007;-0,01642;0,0000215;-0,109;-0,047
20;38,6;0,01922;-0,00698;0,01636;-0,00002142;0,109;0,046
20;38,7;-0,01916;0,00695;-0,01631;0,00002134;-0,109;-0,046
20;38,8;0,0191;-0,00693;0,01626;-0,00002126;0,108;0,046
20;38,9;-0,01904;0,00691;-0,01621;0,00002119;-0,108;-0,046
20;39;0,01898;-0,00689;0,01616;-0,00002111;0,108;0,046
20;39,1;-0,01892;0,00687;-0,01611;0,00002103;-0,107;-0,046
20;39,2;0,01886;-0,00685;0,01606;-0,00002096;0,107;0,046
20;39,3;-0,0188;0,00683;-0,016;0,00002088;-0,107;-0,045
20;39,4;0,01875;-0,0068;0,01595;-0,00002081;0,106;0,045
20;39,5;-0,01869;0,00678;-0,0159;0,00002073;-0,106;-0,045
20;39,6;0,01863;-0,00676;0,01585;-0,00002066;0,106;0,045
20;39,7;-0,01857;0,00674;-0,0158;0,00002058;-0,105;-0,045
20;39,8;0,01851;-0,00672;0,01575;-0,00002051;0,105;0,045
20;39,9;-0,01846;0,0067;-0,0157;0,00002043;-0,105;-0,045
20;40;0,0184;-0,00668;0,01565;-0,00002036;0,104;0,044
21;0;0;0;0;0;0;0
21;0,1;-0,73082;26,48336;0,17893;-0,00138;-1,192;176,557
21;0,2;-0,81032;29,66491;0,18412;-0,001519;-1,227;197,767
21;0,3;1,26005;-33,06084;-0,27902;0,001813;1,859;-220,407
21;0,4;-1,44734;26,98001;0,3159;-0,001625;-2,105;179,868
21;0,5;1,45243;-14,86193;-0,31265;0,001127;2,083;-99,081
21;0,6;-1,37049;1,08656;0,29064;-0,0005325;-1,937;7,245
21;0,7;1,28673;10,37367;-0,26899;0,00003603;1,792;69,157
21;0,8;-1,25839;-16,93176;0,26054;0,0002359;-1,736;-112,878
21;0,9;1,30717;17,80585;-0,27006;-0,0002439;1,8;118,705
21;1;-1,42219;-13,87721;0,29498;0,00002898;-1,966;-92,514
21;1,1;1,57068;7,13329;-0,32776;0,0003146;2,184;47,554
21;1,2;-1,71224;0,07556;0,35917;-0,0006747;-2,393;0,505
21;1,3;1,81198;-5,73184;-0,38122;0,0009553;2,54;-38,214
21;1,4;-1,84966;8,62323;0,38929;-0,001099;-2,594;57,49
21;1,5;1,82287;-8,50919;-0,38277;0,001093;2,551;-56,73
21;1,6;-1,74475;5,99668;0,36464;-0,0009693;-2,43;39,979
21;1,7;1,63801;-2,21455;-0,34002;0,000781;2,266;-14,765
21;1,8;-1,52733;-1,58793;0,3145;-0,0005887;-2,096;-10,585
21;1,9;1,43278;4,39668;-0,29262;0,0004414;1,95;29,31
21;2;-1,36558;-5,65711;0,27693;-0,0003662;-1,845;-37,713
21;2,1;1,32708;5,33264;-0,26774;0,0003651;1,784;35,55
21;2,2;-1,31045;-3,81417;0,26348;-0,0004198;-1,756;-25,427
21;2,3;1,30421;1,73343;-0,26157;0,0005002;1,743;11,555
21;2,4;-1,29634;0,25162;0,25928;-0,000575;-1,728;1,679
21;2,5;1,27761;-1,6367;-0,25452;0,0006203;1,696;-10,913
21;2,6;-1,24361;2,17541;0,24628;-0,0006246;-1,641;14,504
21;2,7;1,19503;-1,89463;-0,23475;0,0005894;1,564;-12,632
21;2,8;-1,13653;1,03425;0,22097;-0,0005265;-1,472;6,896
21;2,9;1,07476;0,05805;-0,20646;0,0004526;1,376;0,386
21;3;-1,01625;-1,04027;0,1927;-0,0003844;-1,284;-6,934
21;3,1;0,96568;1,66611;-0,18076;0,0003338;1,204;11,106
21;3,2;-0,92504;-1,83196;0,1711;-0,0003058;-1,14;-12,212
21;3,3;0,89362;1,57691;-0,16356;0,0002988;1,09;10,512
21;3,4;-0,86871;-1,04473;0,15751;-0,0003058;-1,05;-6,964
21;3,5;0,84673;0,42536;-0,15216;0,0003178;1,014;2,835
21;3,6;-0,82434;0,10452;0,14674;-0,0003263;-0,978;0,698
21;3,7;0,79927;-0,42592;-0,14073;0,0003255;0,938;-2,84
21;3,8;-0,77073;0,49801;0,13396;-0,0003136;-0,893;3,321
21;3,9;0,73931;-0,35385;-0,12657;0,0002921;0,843;-2,36
21;4;-0,70655;0,07726;0,11889;-0,0002649;-0,792;0,516
21;4,1;0,67434;0,22925;-0,11135;0,000237;0,742;1,528
21;4,2;-0,64435;-0,4754;0,10434;-0,0002127;-0,695;-3,169
21;4,3;0,6176;0,60471;-0,09809;0,0001946;0,654;4,031
21;4,4;-0,59432;-0,60297;0,09264;-0,0001834;-0,617;-4,019
21;4,5;0,57402;0,49381;-0,08788;0,0001779;0,586;3,291
21;4,6;-0,55577;-0,32502;0,0836;-0,0001758;-0,557;-2,166
21;4,7;0,5385;0,15117;-0,07956;0,0001744;0,53;1,007
21;4,8;-0,52131;-0,01773;0,07555;-0,0001715;-0,503;-0,118
21;4,9;0,50369;-0,04926;-0,07145;0,0001659;0,476;-0,329
21;5;-0,48552;0,04638;0,06724;-0,0001573;-0,448;0,31
21;5,1;0,46709;0,01061;-0,06298;0,0001465;0,42;0,07
21;5,2;-0,44886;-0,09472;0,05877;-0,0001346;-0,392;-0,631
21;5,3;0,43135;0,177;-0,05473;0,0001233;0,365;1,179
21;5,4;-0,41495;-0,23469;0,05096;-0,0001133;-0,34;-1,564
21;5,5;0,39987;0,256;-0,04749;0,0001055;0,316;1,706
21;5,6;-0,38608;-0,24116;0,04432;-0,00009961;-0,295;-1,607
21;5,7;0,37335;0,2;-0,0414;0,00009527;0,276;1,333
21;5,8;-0,36139;-0,14748;0,03866;-0,00009173;-0,258;-0,983
21;5,9;0,3499;0,09871;-0,03603;0,00008825;0,24;0,657
21;6;-0,33863;-0,06491;0,03346;-0,00008428;-0,223;-0,432
21;6,1;0,32747;0,05117;-0,03092;0,00007957;0,206;0,341
21;6,2;-0,31642;-0,05628;0,02841;-0,00007418;-0,189;-0,375
21;6,3;0,30558;0,07429;-0,02595;0,00006837;0,173;0,495
21;6,4;-0,29509;-0,09699;0,02357;-0,00006254;-0,157;-0,646
21;6,5;0,28506;0,11655;-0,02131;0,00005706;0,142;0,776
21;6,6;-0,27559;-0,12751;0,01918;-0,00005218;-0,128;-0,85
21;6,7;0,2667;0,1278;-0,01718;0,000048;0,114;0,852
21;6,8;-0,25836;-0,11861;0,01532;-0,00004444;-0,102;-0,79
21;6,9;0,25048;0,10346;-0,01356;0,00004135;0,09;0,689
21;7;-0,24296;-0,08678;0,01188;-0,00003849;-0,079;-0,578
21;7,1;0,23571;0,0726;-0,01028;0,00003567;0,068;0,484
21;7,2;-0,22868;-0,06353;0,00872;-0,00003276;-0,058;-0,423
21;7,3;0,22183;0,06032;-0,00721;0,00002971;0,048;0,402
21;7,4;-0,21517;-0,06208;0,00575;-0,00002657;-0,038;-0,413
21;7,5;0,20872;0,06676;-0,00434;0,00002342;0,029;0,445
21;7,6;-0,20253;-0,07198;0,00299;-0,00002037;-0,02;-0,479
21;7,7;0,19661;0,07569;-0,00171;0,00001753;0,011;0,504
21;7,8;-0,19098;-0,07667;0,00049;-0,00001493;-0,003248;-0,511
21;7,9;0,18563;0,07468;0,00066;0,00001258;-0,004407;0,497
21;8;-0,18055;-0,07034;-0,00174;-0,00001046;0,012;-0,468
21;8,1;0,1757;0,06479;0,00278;0,000008497;-0,019;0,432
21;8,2;-0,17104;-0,0593;-0,00376;-0,000006632;0,025;-0,395
21;8,3;0,16656;0,0549;0,0047;0,00000481;-0,031;0,366
21;8,4;-0,16224;-0,05212;-0,00561;-0,000003;0,037;-0,347
21;8,5;0,15805;0,05101;0,00648;0,000001196;-0,043;0,34
21;8,6;-0,15402;-0,05116;-0,00732;0,0000005849;0,049;-0,341
21;8,7;0,15013;0,05192;0,00812;-0,000002317;-0,054;0,346
21;8,8;-0,1464;-0,05263;-0,00888;0,000003971;0,059;-0,35
21;8,9;0,14282;0,05277;0,00961;-0,000005525;-0,064;0,351
21;9;-0,13941;-0,0521;-0,0103;0,000006972;0,069;-0,347
21;9,1;0,13614;0,05065;0,01095;-0,000008315;-0,073;0,337
21;9,2;-0,13302;-0,04865;-0,01157;0,000009568;0,077;-0,324
21;9,3;0,13002;0,04646;0,01216;-0,00001075;-0,081;0,309
21;9,4;-0,12714;-0,04443;-0,01272;0,00001189;0,085;-0,296
21;9,5;0,12437;0,0428;0,01325;-0,00001298;-0,088;0,285
21;9,6;-0,1217;-0,04168;-0,01377;0,00001405;0,092;-0,277
21;9,7;0,11912;0,04102;0,01426;-0,00001509;-0,095;0,273
21;9,8;-0,11664;-0,04068;-0,01472;0,0000161;0,098;-0,271
21;9,9;0,11426;0,04045;0,01517;-0,00001706;-0,101;0,269
21;10;-0,11196;-0,04017;-0,01559;0,00001798;0,104;-0,267
21;10,1;0,10976;0,03971;0,01599;-0,00001885;-0,107;0,264
21;10,2;-0,10765;-0,03902;-0,01637;0,00001966;0,109;-0,26
21;10,3;0,10563;0,03815;0,01673;-0,00002043;-0,111;0,254
21;10,4;-0,10368;-0,03716;-0,01707;0,00002115;0,114;-0,247
21;10,5;0,10181;0,03618;0,01739;-0,00002184;-0,116;0,241
21;10,6;-0,10001;-0,03529;-0,0177;0,00002249;0,118;-0,235
21;10,7;0,09827;0,03454;0,01799;-0,00002312;-0,12;0,23
21;10,8;-0,0966;-0,03394;-0,01827;0,00002373;0,122;-0,226
21;10,9;0,09499;0,03348;0,01853;-0,00002431;-0,123;0,223
21;11;-0,09343;-0,0331;-0,01878;0,00002487;0,125;-0,22
21;11,1;0,09194;0,03275;0,01901;-0,0000254;-0,127;0,218
21;11,2;-0,0905;-0,03237;-0,01923;0,0000259;0,128;-0,215
21;11,3;0,08911;0,03195;0,01944;-0,00002637;-0,13;0,213
21;11,4;-0,08778;-0,03147;-0,01964;0,00002682;0,131;-0,209
21;11,5;0,0865;0,03095;0,01983;-0,00002724;-0,132;0,206
21;11,6;-0,08526;-0,03043;-0,02;0,00002764;0,133;-0,203
21;11,7;0,08407;0,02992;0,02017;-0,00002802;-0,134;0,199
21;11,8;-0,08292;-0,02946;-0,02032;0,00002837;0,135;-0,196
21;11,9;0,08181;0,02904;0,02046;-0,00002872;-0,136;0,193
21;12;-0,08073;-0,02867;-0,0206;0,00002904;0,137;-0,191
21;12,1;0,0797;0,02835;0,02073;-0,00002935;-0,138;0,189
21;12,2;-0,0787;-0,02805;-0,02085;0,00002964;0,139;-0,187
21;12,3;0,07774;0,02776;0,02096;-0,00002992;-0,14;0,185
21;12,4;-0,07681;-0,02746;-0,02106;0,00003018;0,14;-0,183
21;12,5;0,07591;0,02715;0,02116;-0,00003043;-0,141;0,181
21;12,6;-0,07504;-0,02684;-0,02125;0,00003066;0,142;-0,179
21;12,7;0,0742;0,02652;0,02133;-0,00003087;-0,142;0,177
21;12,8;-0,07339;-0,02621;-0,02141;0,00003108;0,143;-0,174
21;12,9;0,07261;0,02591;0,02148;-0,00003127;-0,143;0,172
21;13;-0,07185;-0,02563;-0,02154;0,00003145;0,144;-0,171
21;13,1;0,07112;0,02537;0,0216;-0,00003162;-0,144;0,169
21;13,2;-0,07041;-0,02513;-0,02165;0,00003177;0,144;-0,167
21;13,3;0,06972;0,0249;0,0217;-0,00003192;-0,145;0,166
21;13,4;-0,06905;-0,02468;-0,02175;0,00003206;0,145;-0,164
21;13,5;0,06841;0,02447;0,02179;-0,00003219;-0,145;0,163
21;13,6;-0,06778;-0,02425;-0,02182;0,00003231;0,145;-0,161
21;13,7;0,06718;0,02404;0,02185;-0,00003242;-0,146;0,16
21;13,8;-0,06659;-0,02383;-0,02188;0,00003253;0,146;-0,159
21;13,9;0,06602;0,02362;0,0219;-0,00003262;-0,146;0,157
21;14;-0,06547;-0,02342;-0,02192;0,00003271;0,146;-0,156
21;14,1;0,06493;0,02322;0,02193;-0,00003279;-0,146;0,155
21;14,2;-0,06441;-0,02304;-0,02194;0,00003286;0,146;-0,153
21;14,3;0,06391;0,02286;0,02195;-0,00003293;-0,146;0,152
21;14,4;-0,06341;-0,02269;-0,02196;0,00003299;0,146;-0,151
21;14,5;0,06294;0,02252;0,02196;-0,00003304;-0,146;0,15
21;14,6;-0,06247;-0,02236;-0,02196;0,00003309;0,146;-0,149
21;14,7;0,06202;0,02221;0,02195;-0,00003313;-0,146;0,148
21;14,8;-0,06158;-0,02205;-0,02195;0,00003317;0,146;-0,147
21;14,9;0,06115;0,0219;0,02194;-0,0000332;-0,146;0,146
21;15;-0,06073;-0,02175;-0,02193;0,00003323;0,146;-0,145
21;15,1;0,06033;0,02161;0,02192;-0,00003325;-0,146;0,144
21;15,2;-0,05993;-0,02146;-0,0219;0,00003327;0,146;-0,143
21;15,3;0,05954;0,02133;0,02188;-0,00003329;-0,146;0,142
21;15,4;-0,05917;-0,02119;-0,02186;0,0000333;0,146;-0,141
21;15,5;0,0588;0,02106;0,02184;-0,0000333;-0,146;0,14
21;15,6;-0,05844;-0,02094;-0,02182;0,0000333;0,145;-0,139
21;15,7;0,05809;0,02081;0,0218;-0,0000333;-0,145;0,138
21;15,8;-0,05775;-0,02069;-0,02177;0,0000333;0,145;-0,138
21;15,9;0,05741;0,02057;0,02174;-0,00003329;-0,145;0,137
21;16;-0,05708;-0,02046;-0,02171;0,00003328;0,145;-0,136
21;16,1;0,05676;0,02035;0,02168;-0,00003327;-0,144;0,135
21;16,2;-0,05645;-0,02023;-0,02165;0,00003325;0,144;-0,135
21;16,3;0,05614;0,02012;0,02162;-0,00003323;-0,144;0,134
21;16,4;-0,05584;-0,02002;-0,02158;0,00003321;0,144;-0,133
21;16,5;0,05555;0,01991;0,02155;-0,00003319;-0,144;0,132
21;16,6;-0,05526;-0,01981;-0,02151;0,00003316;0,143;-0,132
21;16,7;0,05498;0,01971;0,02147;-0,00003313;-0,143;0,131
21;16,8;-0,0547;-0,01961;-0,02144;0,0000331;0,143;-0,13
21;16,9;0,05443;0,01951;0,0214;-0,00003307;-0,143;0,13
21;17;-0,05416;-0,01942;-0,02136;0,00003304;0,142;-0,129
21;17,1;0,0539;0,01933;0,02131;-0,000033;-0,142;0,129
21;17,2;-0,05364;-0,01924;-0,02127;0,00003296;0,142;-0,128
21;17,3;0,05339;0,01914;0,02123;-0,00003292;-0,141;0,127
21;17,4;-0,05314;-0,01906;-0,02119;0,00003288;0,141;-0,127
21;17,5;0,05289;0,01897;0,02114;-0,00003284;-0,141;0,126
21;17,6;-0,05265;-0,01888;-0,0211;0,00003279;0,141;-0,126
21;17,7;0,05241;0,0188;0,02105;-0,00003275;-0,14;0,125
21;17,8;-0,05218;-0,01872;-0,02101;0,0000327;0,14;-0,125
21;17,9;0,05195;0,01863;0,02096;-0,00003265;-0,14;0,124
21;18;-0,05172;-0,01855;-0,02091;0,00003261;0,139;-0,123
21;18,1;0,0515;0,01847;0,02087;-0,00003255;-0,139;0,123
21;18,2;-0,05128;-0,01839;-0,02082;0,0000325;0,139;-0,122
21;18,3;0,05106;0,01832;0,02077;-0,00003245;-0,138;0,122
21;18,4;-0,05085;-0,01824;-0,02072;0,0000324;0,138;-0,121
21;18,5;0,05064;0,01817;0,02067;-0,00003234;-0,138;0,121
21;18,6;-0,05043;-0,01809;-0,02062;0,00003229;0,137;-0,12
21;18,7;0,05022;0,01802;0,02057;-0,00003223;-0,137;0,12
21;18,8;-0,05002;-0,01794;-0,02052;0,00003218;0,137;-0,119
21;18,9;0,04982;0,01787;0,02047;-0,00003212;-0,136;0,119
21;19;-0,04962;-0,0178;-0,02042;0,00003206;0,136;-0,118
21;19,1;0,04942;0,01773;0,02037;-0,000032;-0,136;0,118
21;19,2;-0,04923;-0,01766;-0,02032;0,00003194;0,135;-0,118
21;19,3;0,04904;0,01759;0,02027;-0,00003188;-0,135;0,117
21;19,4;-0,04885;-0,01753;-0,02021;0,00003182;0,135;-0,117
21;19,5;0,04866;0,01746;0,02016;-0,00003176;-0,134;0,116
21;19,6;-0,04847;-0,01739;-0,02011;0,0000317;0,134;-0,116
21;19,7;0,04829;0,01733;0,02006;-0,00003164;-0,134;0,115
21;19,8;-0,04811;-0,01726;-0,02001;0,00003157;0,133;-0,115
21;19,9;0,04792;0,0172;0,01995;-0,00003151;-0,133;0,114
21;20;-0,04775;-0,01713;-0,0199;0,00003145;0,133;-0,114
21;20,1;0,04757;0,01707;0,01985;-0,00003138;-0,132;0,114
21;20,2;-0,04739;-0,01701;-0,01979;0,00003132;0,132;-0,113
21;20,3;0,04722;0,01695;0,01974;-0,00003126;-0,132;0,113
21;20,4;-0,04705;-0,01688;-0,01969;0,00003119;0,131;-0,112
21;20,5;0,04688;0,01682;0,01964;-0,00003113;-0,131;0,112
21;20,6;-0,04671;-0,01676;-0,01958;0,00003106;0,13;-0,112
21;20,7;0,04654;0,0167;0,01953;-0,000031;-0,13;0,111
21;20,8;-0,04637;-0,01664;-0,01948;0,00003093;0,13;-0,111
21;20,9;0,0462;0,01658;0,01942;-0,00003086;-0,129;0,11
21;21;-0,04604;-0,01652;-0,01937;0,0000308;0,129;-0,11
21;21,1;0,04588;0,01646;0,01932;-0,00003073;-0,129;0,11
21;21,2;-0,04571;-0,01641;-0,01926;0,00003067;0,128;-0,109
21;21,3;0,04555;0,01635;0,01921;-0,0000306;-0,128;0,109
21;21,4;-0,04539;-0,01629;-0,01916;0,00003053;0,128;-0,108
21;21,5;0,04523;0,01623;0,0191;-0,00003047;-0,127;0,108
21;21,6;-0,04508;-0,01618;-0,01905;0,0000304;0,127;-0,108
21;21,7;0,04492;0,01612;0,019;-0,00003033;-0,127;0,107
21;21,8;-0,04476;-0,01607;-0,01894;0,00003027;0,126;-0,107
21;21,9;0,04461;0,01601;0,01889;-0,0000302;-0,126;0,107
21;22;-0,04446;-0,01596;-0,01884;0,00003013;0,126;-0,106
21;22,1;0,0443;0,0159;0,01878;-0,00003007;-0,125;0,106
21;22,2;-0,04415;-0,01585;-0,01873;0,00003;0,125;-0,105
21;22,3;0,044;0,01579;0,01868;-0,00002993;-0,124;0,105
21;22,4;-0,04385;-0,01574;-0,01862;0,00002986;0,124;-0,105
21;22,5;0,0437;0,01569;0,01857;-0,0000298;-0,124;0,104
21;22,6;-0,04355;-0,01563;-0,01852;0,00002973;0,123;-0,104
21;22,7;0,0434;0,01558;0,01847;-0,00002966;-0,123;0,104
21;22,8;-0,04326;-0,01553;-0,01841;0,0000296;0,123;-0,103
21;22,9;0,04311;0,01547;0,01836;-0,00002953;-0,122;0,103
21;23;-0,04297;-0,01542;-0,01831;0,00002946;0,122;-0,103
21;23,1;0,04282;0,01537;0,01826;-0,00002939;-0,122;0,102
21;23,2;-0,04268;-0,01532;-0,0182;0,00002933;0,121;-0,102
21;23,3;0,04253;0,01527;0,01815;-0,00002926;-0,121;0,102
21;23,4;-0,04239;-0,01522;-0,0181;0,00002919;0,121;-0,101
21;23,5;0,04225;0,01517;0,01805;-0,00002913;-0,12;0,101
21;23,6;-0,04211;-0,01511;-0,018;0,00002906;0,12;-0,101
21;23,7;0,04197;0,01506;0,01794;-0,00002899;-0,12;0,1
21;23,8;-0,04183;-0,01501;-0,01789;0,00002893;0,119;-0,1
21;23,9;0,04169;0,01496;0,01784;-0,00002886;-0,119;0,1
21;24;-0,04155;-0,01491;-0,01779;0,0000288;0,119;-0,099
21;24,1;0,04141;0,01487;0,01774;-0,00002873;-0,118;0,099
21;24,2;-0,04128;-0,01482;-0,01769;0,00002866;0,118;-0,099
21;24,3;0,04114;0,01477;0,01764;-0,0000286;-0,118;0,098
21;24,4;-0,041;-0,01472;-0,01758;0,00002853;0,117;-0,098
21;24,5;0,04087;0,01467;0,01753;-0,00002846;-0,117;0,098
21;24,6;-0,04073;-0,01462;-0,01748;0,0000284;0,117;-0,097
21;24,7;0,0406;0,01457;0,01743;-0,00002833;-0,116;0,097
21;24,8;-0,04046;-0,01452;-0,01738;0,00002827;0,116;-0,097
21;24,9;0,04033;0,01448;0,01733;-0,0000282;-0,115;0,096
21;25;-0,0402;-0,01443;-0,01728;0,00002814;0,115;-0,096
21;25,1;0,04007;0,01438;0,01723;-0,00002807;-0,115;0,096
21;25,2;-0,03993;-0,01433;-0,01718;0,00002801;0,114;-0,095
21;25,3;0,0398;0,01429;0,01713;-0,00002794;-0,114;0,095
21;25,4;-0,03967;-0,01424;-0,01708;0,00002788;0,114;-0,095
21;25,5;0,03954;0,01419;0,01703;-0,00002781;-0,113;0,094
21;25,6;-0,03941;-0,01415;-0,01698;0,00002775;0,113;-0,094
21;25,7;0,03928;0,0141;0,01693;-0,00002768;-0,113;0,094
21;25,8;-0,03915;-0,01405;-0,01688;0,00002762;0,112;-0,094
21;25,9;0,03903;0,01401;0,01683;-0,00002755;-0,112;0,093
21;26;-0,0389;-0,01396;-0,01678;0,00002749;0,112;-0,093
21;26,1;0,03877;0,01392;0,01673;-0,00002743;-0,112;0,093
21;26,2;-0,03864;-0,01387;-0,01668;0,00002736;0,111;-0,092
21;26,3;0,03852;0,01383;0,01664;-0,0000273;-0,111;0,092
21;26,4;-0,03839;-0,01378;-0,01659;0,00002724;0,111;-0,092
21;26,5;0,03827;0,01374;0,01654;-0,00002717;-0,11;0,091
21;26,6;-0,03814;-0,01369;-0,01649;0,00002711;0,11;-0,091
21;26,7;0,03802;0,01365;0,01644;-0,00002705;-0,11;0,091
21;26,8;-0,03789;-0,0136;-0,01639;0,00002698;0,109;-0,091
21;26,9;0,03777;0,01356;0,01635;-0,00002692;-0,109;0,09
21;27;-0,03765;-0,01351;-0,0163;0,00002686;0,109;-0,09
21;27,1;0,03752;0,01347;0,01625;-0,00002679;-0,108;0,09
21;27,2;-0,0374;-0,01343;-0,0162;0,00002673;0,108;-0,089
21;27,3;0,03728;0,01338;0,01615;-0,00002667;-0,108;0,089
21;27,4;-0,03716;-0,01334;-0,01611;0,00002661;0,107;-0,089
21;27,5;0,03704;0,01329;0,01606;-0,00002655;-0,107;0,088
21;27,6;-0,03692;-0,01325;-0,01601;0,00002648;0,107;-0,088
21;27,7;0,0368;0,01321;0,01597;-0,00002642;-0,106;0,088
21;27,8;-0,03668;-0,01316;-0,01592;0,00002636;0,106;-0,088
21;27,9;0,03656;0,01312;0,01587;-0,0000263;-0,106;0,087
21;28;-0,03644;-0,01308;-0,01583;0,00002624;0,105;-0,087
21;28,1;0,03632;0,01304;0,01578;-0,00002618;-0,105;0,087
21;28,2;-0,0362;-0,01299;-0,01573;0,00002612;0,105;-0,086
21;28,3;0,03608;0,01295;0,01569;-0,00002605;-0,105;0,086
21;28,4;-0,03596;-0,01291;-0,01564;0,00002599;0,104;-0,086
21;28,5;0,03585;0,01287;0,01559;-0,00002593;-0,104;0,086
21;28,6;-0,03573;-0,01283;-0,01555;0,00002587;0,104;-0,085
21;28,7;0,03561;0,01278;0,0155;-0,00002581;-0,103;0,085
21;28,8;-0,0355;-0,01274;-0,01546;0,00002575;0,103;-0,085
21;28,9;0,03538;0,0127;0,01541;-0,00002569;-0,103;0,085
21;29;-0,03527;-0,01266;-0,01537;0,00002563;0,102;-0,084
21;29,1;0,03515;0,01262;0,01532;-0,00002557;-0,102;0,084
21;29,2;-0,03504;-0,01258;-0,01528;0,00002551;0,102;-0,084
21;29,3;0,03492;0,01254;0,01523;-0,00002545;-0,102;0,083
21;29,4;-0,03481;-0,0125;-0,01519;0,0000254;0,101;-0,083
21;29,5;0,0347;0,01245;0,01514;-0,00002534;-0,101;0,083
21;29,6;-0,03458;-0,01241;-0,0151;0,00002528;0,101;-0,083
21;29,7;0,03447;0,01237;0,01505;-0,00002522;-0,1;0,082
21;29,8;-0,03436;-0,01233;-0,01501;0,00002516;0,1;-0,082
21;29,9;0,03425;0,01229;0,01496;-0,0000251;-0,1;0,082
21;30;-0,03414;-0,01225;-0,01492;0,00002504;0,099;-0,082
21;30,1;0,03402;0,01221;0,01488;-0,00002499;-0,099;0,081
21;30,2;-0,03391;-0,01217;-0,01483;0,00002493;0,099;-0,081
21;30,3;0,0338;0,01213;0,01479;-0,00002487;-0,099;0,081
21;30,4;-0,03369;-0,01209;-0,01475;0,00002481;0,098;-0,08
21;30,5;0,03358;0,01205;0,0147;-0,00002475;-0,098;0,08
21;30,6;-0,03347;-0,01202;-0,01466;0,0000247;0,098;-0,08
21;30,7;0,03336;0,01198;0,01462;-0,00002464;-0,097;0,08
21;30,8;-0,03326;-0,01194;-0,01457;0,00002458;0,097;-0,079
21;30,9;0,03315;0,0119;0,01453;-0,00002453;-0,097;0,079
21;31;-0,03304;-0,01186;-0,01449;0,00002447;0,097;-0,079
21;31,1;0,03293;0,01182;0,01444;-0,00002441;-0,096;0,079
21;31,2;-0,03282;-0,01178;-0,0144;0,00002436;0,096;-0,078
21;31,3;0,03272;0,01174;0,01436;-0,0000243;-0,096;0,078
21;31,4;-0,03261;-0,01171;-0,01432;0,00002424;0,095;-0,078
21;31,5;0,0325;0,01167;0,01428;-0,00002419;-0,095;0,078
21;31,6;-0,0324;-0,01163;-0,01423;0,00002413;0,095;-0,077
21;31,7;0,03229;0,01159;0,01419;-0,00002408;-0,095;0,077
21;31,8;-0,03219;-0,01155;-0,01415;0,00002402;0,094;-0,077
21;31,9;0,03208;0,01152;0,01411;-0,00002396;-0,094;0,077
21;32;-0,03198;-0,01148;-0,01407;0,00002391;0,094;-0,076
21;32,1;0,03187;0,01144;0,01402;-0,00002385;-0,093;0,076
21;32,2;-0,03177;-0,0114;-0,01398;0,0000238;0,093;-0,076
21;32,3;0,03166;0,01137;0,01394;-0,00002374;-0,093;0,076
21;32,4;-0,03156;-0,01133;-0,0139;0,00002369;0,093;-0,075
21;32,5;0,03146;0,01129;0,01386;-0,00002363;-0,092;0,075
21;32,6;-0,03135;-0,01125;-0,01382;0,00002358;0,092;-0,075
21;32,7;0,03125;0,01122;0,01378;-0,00002353;-0,092;0,075
21;32,8;-0,03115;-0,01118;-0,01374;0,00002347;0,092;-0,074
21;32,9;0,03105;0,01114;0,0137;-0,00002342;-0,091;0,074
21;33;-0,03095;-0,01111;-0,01366;0,00002336;0,091;-0,074
21;33,1;0,03085;0,01107;0,01362;-0,00002331;-0,091;0,074
21;33,2;-0,03074;-0,01104;-0,01358;0,00002326;0,09;-0,073
21;33,3;0,03064;0,011;0,01354;-0,0000232;-0,09;0,073
21;33,4;-0,03054;-0,01096;-0,0135;0,00002315;0,09;-0,073
21;33,5;0,03044;0,01093;0,01346;-0,0000231;-0,09;0,073
21;33,6;-0,03034;-0,01089;-0,01342;0,00002304;0,089;-0,072
21;33,7;0,03024;0,01086;0,01338;-0,00002299;-0,089;0,072
21;33,8;-0,03014;-0,01082;-0,01334;0,00002294;0,089;-0,072
21;33,9;0,03005;0,01078;0,0133;-0,00002289;-0,089;0,072
21;34;-0,02995;-0,01075;-0,01326;0,00002283;0,088;-0,072
21;34,1;0,02985;0,01071;0,01322;-0,00002278;-0,088;0,071
21;34,2;-0,02975;-0,01068;-0,01318;0,00002273;0,088;-0,071
21;34,3;0,02965;0,01064;0,01314;-0,00002268;-0,088;0,071
21;34,4;-0,02956;-0,01061;-0,01311;0,00002262;0,087;-0,071
21;34,5;0,02946;0,01057;0,01307;-0,00002257;-0,087;0,07
21;34,6;-0,02936;-0,01054;-0,01303;0,00002252;0,087;-0,07
21;34,7;0,02927;0,0105;0,01299;-0,00002247;-0,087;0,07
21;34,8;-0,02917;-0,01047;-0,01295;0,00002242;0,086;-0,07
21;34,9;0,02907;0,01044;0,01291;-0,00002237;-0,086;0,069
21;35;-0,02898;-0,0104;-0,01288;0,00002232;0,086;-0,069
21;35,1;0,02888;0,01037;0,01284;-0,00002226;-0,086;0,069
21;35,2;-0,02879;-0,01033;-0,0128;0,00002221;0,085;-0,069
21;35,3;0,02869;0,0103;0,01276;-0,00002216;-0,085;0,069
21;35,4;-0,0286;-0,01027;-0,01272;0,00002211;0,085;-0,068
21;35,5;0,02851;0,01023;0,01269;-0,00002206;-0,085;0,068
21;35,6;-0,02841;-0,0102;-0,01265;0,00002201;0,084;-0,068
21;35,7;0,02832;0,01016;0,01261;-0,00002196;-0,084;0,068
21;35,8;-0,02823;-0,01013;-0,01258;0,00002191;0,084;-0,067
21;35,9;0,02813;0,0101;0,01254;-0,00002186;-0,084;0,067
21;36;-0,02804;-0,01006;-0,0125;0,00002181;0,083;-0,067
21;36,1;0,02795;0,01003;0,01247;-0,00002176;-0,083;0,067
21;36,2;-0,02786;-0,01;-0,01243;0,00002171;0,083;-0,067
21;36,3;0,02776;0,00997;0,01239;-0,00002166;-0,083;0,066
21;36,4;-0,02767;-0,00993;-0,01236;0,00002161;0,082;-0,066
21;36,5;0,02758;0,0099;0,01232;-0,00002157;-0,082;0,066
21;36,6;-0,02749;-0,00987;-0,01228;0,00002152;0,082;-0,066
21;36,7;0,0274;0,00983;0,01225;-0,00002147;-0,082;0,065
21;36,8;-0,02731;-0,0098;-0,01221;0,00002142;0,081;-0,065
21;36,9;0,02722;0,00977;0,01217;-0,00002137;-0,081;0,065
21;37;-0,02713;-0,00974;-0,01214;0,00002132;0,081;-0,065
21;37,1;0,02704;0,00971;0,0121;-0,00002127;-0,081;0,065
21;37,2;-0,02695;-0,00967;-0,01207;0,00002123;0,08;-0,064
21;37,3;0,02686;0,00964;0,01203;-0,00002118;-0,08;0,064
21;37,4;-0,02677;-0,00961;-0,012;0,00002113;0,08;-0,064
21;37,5;0,02668;0,00958;0,01196;-0,00002108;-0,08;0,064
21;37,6;-0,0266;-0,00955;-0,01193;0,00002103;0,079;-0,064
21;37,7;0,02651;0,00951;0,01189;-0,00002099;-0,079;0,063
21;37,8;-0,02642;-0,00948;-0,01186;0,00002094;0,079;-0,063
21;37,9;0,02633;0,00945;0,01182;-0,00002089;-0,079;0,063
21;38;-0,02625;-0,00942;-0,01179;0,00002084;0,079;-0,063
21;38,1;0,02616;0,00939;0,01175;-0,0000208;-0,078;0,062
21;38,2;-0,02607;-0,00936;-0,01172;0,00002075;0,078;-0,062
21;38,3;0,02599;0,00933;0,01168;-0,0000207;-0,078;0,062
21;38,4;-0,0259;-0,0093;-0,01165;0,00002066;0,078;-0,062
21;38,5;0,02582;0,00927;0,01161;-0,00002061;-0,077;0,062
21;38,6;-0,02573;-0,00924;-0,01158;0,00002056;0,077;-0,061
21;38,7;0,02564;0,0092;0,01155;-0,00002052;-0,077;0,061
21;38,8;-0,02556;-0,00917;-0,01151;0,00002047;0,077;-0,061
21;38,9;0,02547;0,00914;0,01148;-0,00002043;-0,076;0,061
21;39;-0,02539;-0,00911;-0,01144;0,00002038;0,076;-0,061
21;39,1;0,02531;0,00908;0,01141;-0,00002033;-0,076;0,06
21;39,2;-0,02522;-0,00905;-0,01138;0,00002029;0,076;-0,06
21;39,3;0,02514;0,00902;0,01134;-0,00002024;-0,076;0,06
21;39,4;-0,02505;-0,00899;-0,01131;0,0000202;0,075;-0,06
21;39,5;0,02497;0,00896;0,01128;-0,00002015;-0,075;0,06
21;39,6;-0,02489;-0,00893;-0,01124;0,00002011;0,075;-0,059
21;39,7;0,02481;0,0089;0,01121;-0,00002006;-0,075;0,059
21;39,8;-0,02472;-0,00887;-0,01118;0,00002002;0,074;-0,059
21;39,9;0,02464;0,00884;0,01115;-0,00001997;-0,074;0,059
21;40;-0,02456;-0,00882;-0,01111;0,00001993;0,074;-0,059
22;0;0;0;0;0;0;0
22;0,1;-1,24151;33,28957;0,19636;-0,0004997;-1,309;221,932
22;0,2;-1,32604;37,33999;0,19902;-0,0005388;-1,327;248,935
22;0,3;2,03914;-41,25571;-0,30131;0,0006332;2,008;-275,04
22;0,4;-2,32631;33,25551;0,34062;-0,0005557;-2,27;221,705
22;0,5;2,31842;-17,6922;-0,33642;0,0003679;2,242;-117,949
22;0,6;-2,17111;0,11022;0,31192;-0,0001476;-2,079;0,736
22;0,7;2,02377;14,46371;-0,28792;-0,00003522;1,919;96,424
22;0,8;-1,96994;-22,76069;0,27838;0,0001347;-1,856;-151,738
22;0,9;2,04477;23,80152;-0,28849;-0,000137;1,923;158,677
22;1;-2,22993;-18,71618;0,31541;0,00005733;-2,102;-124,774
22;1,1;2,4712;10,03694;-0,35093;0,00006974;2,339;66,912
22;1,2;-2,70178;-0,75514;0,38498;-0,0002032;-2,566;-5,033
22;1,3;2,86411;-6,56157;-0,40885;0,0003077;2,725;-43,745
22;1,4;-2,92467;10,36859;0,41749;-0,0003623;-2,783;69,125
22;1,5;2,87936;-10,3556;-0,41026;0,0003626;2,735;-69,039
22;1,6;-2,74971;7,28884;0,39037;-0,0003194;-2,602;48,594
22;1,7;2,57297;-2,59788;-0,3634;0,0002524;2,422;-17,32
22;1,8;-2,3897;-2,13386;0,33546;-0,0001836;-2,236;-14,225
22;1,9;2,23287;5,62047;-0,31147;0,0001308;2,076;37,469
22;2;-2,12094;-7,15824;0,29423;-0,0001038;-1,961;-47,721
22;2,1;2,05611;6,70009;-0,28404;0,0001035;1,893;44,667
22;2,2;-2,02713;-4,74085;0,27924;-0,000123;-1,861;-31,605
22;2,3;2,01518;2,08055;-0,27699;0,0001517;1,846;13,87
22;2,4;-2,00047;0,44765;0,27431;-0,000178;-1,829;2,985
22;2,5;1,96786;-2,20569;-0,26895;0,0001935;1,793;-14,705
22;2,6;-1,91011;2,88269;0,25981;-0,0001939;-1,732;19,219
22;2,7;1,82839;-2,51441;-0,24708;0,0001798;1,647;-16,763
22;2,8;-1,73036;1,40677;0,2319;-0,0001556;-1,546;9,379
22;2,9;1,627;-0,00231;-0,21594;0,0001274;1,439;-0,016
22;3;-1,52904;-1,26387;0,2008;-0,0001012;-1,338;-8,425
22;3,1;1,44422;2,07819;-0,18765;0,00008158;1,251;13,854
22;3,2;-1,37581;-2,30837;0,17699;-0,00007025;-1,18;-15,389
22;3,3;1,32266;2,00332;-0,16864;0,0000666;1,124;13,355
22;3,4;-1,2803;-1,34492;0,16193;-0,00006816;-1,079;-8,966
22;3,5;1,24286;0,57381;-0,15598;0,00007164;1,04;3,825
22;3,6;-1,20484;0,08605;0,14997;-0,00007395;-1;0,574
22;3,7;1,16251;-0,4838;-0,14332;0,00007302;0,955;-3,226
22;3,8;-1,11457;0,56762;0,13586;-0,00006812;-0,906;3,784
22;3,9;1,06198;-0,37934;-0,12771;0,00005983;0,851;-2,529
22;4;-1,00726;0,02516;0,11927;-0,00004958;-0,795;0,168
22;4,1;0,95355;0,36508;-0,11099;0,00003915;0,74;2,434
22;4,2;-0,90355;-0,67705;0,10328;-0,0000301;-0,688;-4,514
22;4,3;0,85895;0,83935;-0,09641;0,00002338;0,643;5,596
22;4,4;-0,82013;-0,8342;0,09041;-0,00001923;-0,603;-5,561
22;4,5;0,78627;0,69182;-0,08518;0,00001719;0,568;4,612
22;4,6;-0,75583;-0,47307;0,08047;-0,00001643;-0,536;-3,154
22;4,7;0,72705;0,2474;-0,07602;0,00001596;0,507;1,649
22;4,8;-0,69845;-0,07269;0,07162;-0,00001498;-0,477;-0,485
22;4,9;0,66918;-0,01786;-0,06712;0,000013;0,447;-0,119
22;5;-0,63906;0,01979;0,0625;-0,000009965;-0,417;0,132
22;5,1;0,60852;0,04704;-0,05782;0,000006121;0,385;0,314
22;5,2;-0,57835;-0,14846;0,05322;-0,000001934;-0,355;-0,99
22;5,3;0,54939;0,24783;-0,0488;-0,000002102;0,325;1,652
22;5,4;-0,5223;-0,3163;0,04466;0,000005598;-0,298;-2,109
22;5,5;0,49739;0,33895;-0,04087;-0,000008354;0,272;2,26
22;5,6;-0,47462;-0,31608;0,0374;0,00001038;-0,249;-2,107
22;5,7;0,45363;0,26017;-0,0342;-0,00001186;0,228;1,735
22;5,8;-0,43393;-0,19019;0,03121;0,00001304;-0,208;-1,268
22;5,9;0,415;0,1253;-0,02833;-0,00001421;0,189;0,835
22;6;-0,39646;-0,07971;0,02552;0,00001556;-0,17;-0,531
22;6,1;0,37813;0,05983;-0,02275;-0,00001718;0,152;0,399
22;6,2;-0,36;-0,06413;0,02001;0,00001905;-0,133;-0,428
22;6,3;0,34222;0,08501;-0,01733;-0,00002107;0,116;0,567
22;6,4;-0,32503;-0,11203;0,01474;0,0000231;-0,098;-0,747
22;6,5;0,30863;0,13523;-0,01227;-0,00002501;0,082;0,902
22;6,6;-0,29316;-0,14768;0,00995;0,00002669;-0,066;-0,985
22;6,7;0,27866;0,1467;-0,00778;-0,00002813;0,052;0,978
22;6,8;-0,26507;-0,13379;0,00575;0,00002933;-0,038;-0,892
22;6,9;0,25226;0,1134;-0,00384;-0,00003036;0,026;0,756
22;7;-0,24005;-0,09114;0,00203;0,0000313;-0,014;-0,608
22;7,1;0,22831;0,07211;-0,00028;-0,00003223;0,001949;0,481
22;7,2;-0,21693;-0,05959;-0,0014;0,00003319;0,009274;-0,397
22;7,3;0,20587;0,05457;0,00303;-0,00003419;-0,02;0,364
22;7,4;-0,19513;-0,05587;-0,00461;0,00003523;0,031;-0,373
22;7,5;0,18475;0,06091;0,00614;-0,00003627;-0,041;0,406
22;7,6;-0,1748;-0,06666;-0,00759;0,00003727;0,051;-0,445
22;7,7;0,16531;0,07052;0,00898;-0,0000382;-0,06;0,47
22;7,8;-0,1563;-0,07095;-0,01029;0,00003903;0,069;-0,473
22;7,9;0,14778;0,06763;0,01152;-0,00003977;-0,077;0,451
22;8;-0,13969;-0,06136;-0,01269;0,00004043;0,085;-0,409
22;8,1;0,132;0,05358;0,0138;-0,00004102;-0,092;0,357
22;8,2;-0,12464;-0,0459;-0,01485;0,00004158;0,099;-0,306
22;8,3;0,11756;0,03963;0,01586;-0,00004212;-0,106;0,264
22;8,4;-0,11075;-0,03545;-0,01682;0,00004266;0,112;-0,237
22;8,5;0,10419;0,03341;0,01775;-0,00004319;-0,118;0,223
22;8,6;-0,09786;-0,033;-0,01864;0,00004372;0,124;-0,22
22;8,7;0,0918;0,0334;0,01949;-0,00004422;-0,13;0,223
22;8,8;-0,08599;-0,03376;-0,0203;0,0000447;0,135;-0,225
22;8,9;0,08045;0,03343;0,02107;-0,00004514;-0,14;0,223
22;9;-0,07517;-0,0321;-0,0218;0,00004554;0,145;-0,214
22;9,1;0,07015;0,0298;0,02248;-0,0000459;-0,15;0,199
22;9,2;-0,06536;-0,02685;-0,02313;0,00004623;0,154;-0,179
22;9,3;0,06079;0,02367;0,02375;-0,00004653;-0,158;0,158
22;9,4;-0,05641;-0,02073;-0,02434;0,00004681;0,162;-0,138
22;9,5;0,05221;0,01831;0,0249;-0,00004708;-0,166;0,122
22;9,6;-0,04818;-0,01656;-0,02543;0,00004734;0,169;-0,111
22;9,7;0,04432;0,01542;0,02594;-0,00004759;-0,173;0,103
22;9,8;-0,04061;-0,0147;-0,02642;0,00004783;0,176;-0,098
22;9,9;0,03706;0,01416;0,02688;-0,00004805;-0,179;0,095
22;10;-0,03367;-0,01355;-0,02731;0,00004825;0,182;-0,091
22;10,1;0,03043;0,01274;0,02772;-0,00004843;-0,185;0,085
22;10,2;-0,02735;-0,01165;-0,0281;0,0000486;0,187;-0,078
22;10,3;0,0244;0,01035;0,02847;-0,00004874;-0,19;0,069
22;10,4;-0,02159;-0,00892;-0,02881;0,00004887;0,192;-0,06
22;10,5;0,0189;0,00751;0,02914;-0,00004899;-0,194;0,05
22;10,6;-0,01633;-0,00622;-0,02944;0,0000491;0,196;-0,042
22;10,7;0,01387;0,00512;0,02973;-0,00004919;-0,198;0,034
22;10,8;-0,01152;-0,00424;-0,03;0,00004928;0,2;-0,028
22;10,9;0,00926;0,00353;0,03026;-0,00004936;-0,202;0,024
22;11;-0,00711;-0,00293;-0,0305;0,00004943;0,203;-0,02
22;11,1;0,00505;0,00238;0,03073;-0,00004949;-0,205;0,016
22;11,2;-0,00308;-0,00181;-0,03094;0,00004954;0,206;-0,012
22;11,3;0,00121;0,00119;0,03114;-0,00004958;-0,208;0,008183
22;11,4;0,00058;-0,00051;-0,03132;0,00004961;0,209;-0,003647
22;11,5;-0,00229;-0,00021;0,0315;-0,00004963;-0,21;-0,001149
22;11,6;0,00392;0,00093;-0,03166;0,00004964;0,211;0,005982
22;11,7;-0,00548;-0,00163;0,03181;-0,00004964;-0,212;-0,011
22;11,8;0,00696;0,00226;-0,03194;0,00004964;0,213;0,015
22;11,9;-0,00838;-0,00283;0,03207;-0,00004963;-0,214;-0,019
22;12;0,00974;0,00332;-0,03219;0,00004962;0,215;0,022
22;12,1;-0,01103;-0,00376;0,0323;-0,0000496;-0,215;-0,025
22;12,2;0,01226;0,00416;-0,0324;0,00004957;0,216;0,027
22;12,3;-0,01344;-0,00454;0,03249;-0,00004954;-0,217;-0,03
22;12,4;0,01456;0,00492;-0,03257;0,0000495;0,217;0,033
22;12,5;-0,01563;-0,00531;0,03265;-0,00004946;-0,218;-0,035
22;12,6;0,01665;0,0057;-0,03272;0,00004941;0,218;0,038
22;12,7;-0,01762;-0,00609;0,03278;-0,00004936;-0,218;-0,04
22;12,8;0,01854;0,00647;-0,03283;0,0000493;0,219;0,043
22;12,9;-0,01942;-0,00683;0,03287;-0,00004924;-0,219;-0,045
22;13;0,02026;0,00716;-0,03291;0,00004917;0,219;0,048
22;13,1;-0,02106;-0,00747;0,03295;-0,0000491;-0,22;-0,05
22;13,2;0,02182;0,00774;-0,03298;0,00004903;0,22;0,051
22;13,3;-0,02254;-0,008;0,033;-0,00004895;-0,22;-0,053
22;13,4;0,02323;0,00824;-0,03302;0,00004887;0,22;0,055
22;13,5;-0,02388;-0,00847;0,03303;-0,00004879;-0,22;-0,056
22;13,6;0,0245;0,00869;-0,03304;0,0000487;0,22;0,058
22;13,7;-0,02509;-0,00891;0,03304;-0,00004862;-0,22;-0,059
22;13,8;0,02565;0,00913;-0,03304;0,00004852;0,22;0,061
22;13,9;-0,02618;-0,00934;0,03303;-0,00004843;-0,22;-0,062
22;14;0,02668;0,00954;-0,03302;0,00004833;0,22;0,063
22;14,1;-0,02716;-0,00972;0,03301;-0,00004823;-0,22;-0,065
22;14,2;0,02761;0,0099;-0,03299;0,00004813;0,22;0,066
22;14,3;-0,02804;-0,01006;0,03297;-0,00004803;-0,22;-0,067
22;14,4;0,02845;0,01021;-0,03294;0,00004792;0,22;0,068
22;14,5;-0,02883;-0,01035;0,03292;-0,00004781;-0,219;-0,069
22;14,6;0,0292;0,01048;-0,03289;0,0000477;0,219;0,07
22;14,7;-0,02954;-0,01061;0,03285;-0,00004759;-0,219;-0,07
22;14,8;0,02986;0,01073;-0,03282;0,00004748;0,219;0,071
22;14,9;-0,03017;-0,01084;0,03278;-0,00004736;-0,218;-0,072
22;15;0,03045;0,01095;-0,03274;0,00004725;0,218;0,073
22;15,1;-0,03073;-0,01106;0,03269;-0,00004713;-0,218;-0,073
22;15,2;0,03098;0,01116;-0,03265;0,00004701;0,218;0,074
22;15,3;-0,03122;-0,01125;0,0326;-0,00004689;-0,217;-0,075
22;15,4;0,03144;0,01133;-0,03255;0,00004677;0,217;0,075
22;15,5;-0,03165;-0,01141;0,0325;-0,00004665;-0,217;-0,076
22;15,6;0,03185;0,01149;-0,03244;0,00004653;0,216;0,076
22;15,7;-0,03203;-0,01156;0,03238;-0,0000464;-0,216;-0,077
22;15,8;0,0322;0,01162;-0,03233;0,00004628;0,215;0,077
22;15,9;-0,03236;-0,01168;0,03227;-0,00004615;-0,215;-0,078
22;16;0,03251;0,01174;-0,03221;0,00004602;0,215;0,078
22;16,1;-0,03265;-0,01179;0,03215;-0,0000459;-0,214;-0,078
22;16,2;0,03278;0,01184;-0,03208;0,00004577;0,214;0,079
22;16,3;-0,03289;-0,01188;0,03202;-0,00004564;-0,213;-0,079
22;16,4;0,033;0,01192;-0,03195;0,00004551;0,213;0,079
22;16,5;-0,0331;-0,01196;0,03188;-0,00004538;-0,212;-0,08
22;16,6;0,03319;0,012;-0,03181;0,00004525;0,212;0,08
22;16,7;-0,03327;-0,01203;0,03175;-0,00004512;-0,212;-0,08
22;16,8;0,03334;0,01206;-0,03167;0,00004499;0,211;0,08
22;16,9;-0,03341;-0,01208;0,0316;-0,00004486;-0,211;-0,08
22;17;0,03347;0,01211;-0,03153;0,00004473;0,21;0,08
22;17,1;-0,03352;-0,01213;0,03146;-0,00004459;-0,21;-0,081
22;17,2;0,03356;0,01214;-0,03138;0,00004446;0,209;0,081
22;17,3;-0,0336;-0,01216;0,03131;-0,00004433;-0,209;-0,081
22;17,4;0,03363;0,01217;-0,03123;0,0000442;0,208;0,081
22;17,5;-0,03366;-0,01218;0,03116;-0,00004406;-0,208;-0,081
22;17,6;0,03368;0,01219;-0,03108;0,00004393;0,207;0,081
22;17,7;-0,0337;-0,0122;0,031;-0,0000438;-0,207;-0,081
22;17,8;0,03371;0,01221;-0,03092;0,00004366;0,206;0,081
22;17,9;-0,03372;-0,01221;0,03085;-0,00004353;-0,206;-0,081
22;18;0,03372;0,01221;-0,03077;0,00004339;0,205;0,081
22;18,1;-0,03371;-0,01221;0,03069;-0,00004326;-0,205;-0,081
22;18,2;0,03371;0,01221;-0,03061;0,00004313;0,204;0,081
22;18,3;-0,0337;-0,01221;0,03053;-0,00004299;-0,203;-0,081
22;18,4;0,03368;0,0122;-0,03045;0,00004286;0,203;0,081
22;18,5;-0,03366;-0,0122;0,03037;-0,00004272;-0,202;-0,081
22;18,6;0,03364;0,01219;-0,03029;0,00004259;0,202;0,081
22;18,7;-0,03361;-0,01218;0,0302;-0,00004246;-0,201;-0,081
22;18,8;0,03358;0,01217;-0,03012;0,00004232;0,201;0,081
22;18,9;-0,03355;-0,01216;0,03004;-0,00004219;-0,2;-0,081
22;19;0,03352;0,01215;-0,02996;0,00004205;0,2;0,081
22;19,1;-0,03348;-0,01213;0,02988;-0,00004192;-0,199;-0,081
22;19,2;0,03344;0,01212;-0,02979;0,00004179;0,199;0,081
22;19,3;-0,0334;-0,01211;0,02971;-0,00004165;-0,198;-0,081
22;19,4;0,03335;0,01209;-0,02963;0,00004152;0,197;0,08
22;19,5;-0,03331;-0,01207;0,02954;-0,00004139;-0,197;-0,08
22;19,6;0,03326;0,01206;-0,02946;0,00004125;0,196;0,08
22;19,7;-0,0332;-0,01204;0,02938;-0,00004112;-0,196;-0,08
22;19,8;0,03315;0,01202;-0,02929;0,00004099;0,195;0,08
22;19,9;-0,0331;-0,012;0,02921;-0,00004086;-0,195;-0,08
22;20;0,03304;0,01198;-0,02913;0,00004072;0,194;0,08
22;20,1;-0,03298;-0,01196;0,02904;-0,00004059;-0,194;-0,08
22;20,2;0,03292;0,01194;-0,02896;0,00004046;0,193;0,079
22;20,3;-0,03286;-0,01192;0,02888;-0,00004033;-0,192;-0,079
22;20,4;0,03279;0,01189;-0,02879;0,0000402;0,192;0,079
22;20,5;-0,03273;-0,01187;0,02871;-0,00004007;-0,191;-0,079
22;20,6;0,03266;0,01185;-0,02863;0,00003993;0,191;0,079
22;20,7;-0,0326;-0,01182;0,02854;-0,0000398;-0,19;-0,079
22;20,8;0,03253;0,0118;-0,02846;0,00003967;0,19;0,078
22;20,9;-0,03246;-0,01177;0,02837;-0,00003954;-0,189;-0,078
22;21;0,03239;0,01175;-0,02829;0,00003941;0,189;0,078
22;21,1;-0,03232;-0,01172;0,02821;-0,00003928;-0,188;-0,078
22;21,2;0,03224;0,0117;-0,02812;0,00003915;0,187;0,078
22;21,3;-0,03217;-0,01167;0,02804;-0,00003902;-0,187;-0,078
22;21,4;0,0321;0,01164;-0,02796;0,0000389;0,186;0,077
22;21,5;-0,03202;-0,01162;0,02787;-0,00003877;-0,186;-0,077
22;21,6;0,03194;0,01159;-0,02779;0,00003864;0,185;0,077
22;21,7;-0,03187;-0,01156;0,02771;-0,00003851;-0,185;-0,077
22;21,8;0,03179;0,01153;-0,02763;0,00003838;0,184;0,077
22;21,9;-0,03171;-0,0115;0,02754;-0,00003826;-0,184;-0,077
22;22;0,03163;0,01148;-0,02746;0,00003813;0,183;0,076
22;22,1;-0,03155;-0,01145;0,02738;-0,000038;-0,182;-0,076
22;22,2;0,03148;0,01142;-0,0273;0,00003788;0,182;0,076
22;22,3;-0,0314;-0,01139;0,02721;-0,00003775;-0,181;-0,076
22;22,4;0,03131;0,01136;-0,02713;0,00003762;0,181;0,076
22;22,5;-0,03123;-0,01133;0,02705;-0,0000375;-0,18;-0,075
22;22,6;0,03115;0,0113;-0,02697;0,00003737;0,18;0,075
22;22,7;-0,03107;-0,01127;0,02689;-0,00003725;-0,179;-0,075
22;22,8;0,03099;0,01124;-0,02681;0,00003712;0,179;0,075
22;22,9;-0,03091;-0,01121;0,02672;-0,000037;-0,178;-0,075
22;23;0,03082;0,01118;-0,02664;0,00003688;0,178;0,074
22;23,1;-0,03074;-0,01115;0,02656;-0,00003675;-0,177;-0,074
22;23,2;0,03066;0,01112;-0,02648;0,00003663;0,176;0,074
22;23,3;-0,03057;-0,01109;0,0264;-0,00003651;-0,176;-0,074
22;23,4;0,03049;0,01106;-0,02632;0,00003638;0,175;0,074
22;23,5;-0,03041;-0,01103;0,02624;-0,00003626;-0,175;-0,073
22;23,6;0,03032;0,011;-0,02616;0,00003614;0,174;0,073
22;23,7;-0,03024;-0,01097;0,02608;-0,00003602;-0,174;-0,073
22;23,8;0,03016;0,01094;-0,026;0,0000359;0,173;0,073
22;23,9;-0,03007;-0,01091;0,02592;-0,00003577;-0,173;-0,073
22;24;0,02999;0,01088;-0,02584;0,00003565;0,172;0,072
22;24,1;-0,0299;-0,01085;0,02576;-0,00003553;-0,172;-0,072
22;24,2;0,02982;0,01082;-0,02568;0,00003541;0,171;0,072
22;24,3;-0,02973;-0,01079;0,02561;-0,00003529;-0,171;-0,072
22;24,4;0,02965;0,01076;-0,02553;0,00003518;0,17;0,072
22;24,5;-0,02956;-0,01073;0,02545;-0,00003506;-0,17;-0,071
22;24,6;0,02948;0,0107;-0,02537;0,00003494;0,169;0,071
22;24,7;-0,02939;-0,01067;0,02529;-0,00003482;-0,169;-0,071
22;24,8;0,02931;0,01064;-0,02521;0,0000347;0,168;0,071
22;24,9;-0,02923;-0,01061;0,02514;-0,00003458;-0,168;-0,071
22;25;0,02914;0,01057;-0,02506;0,00003447;0,167;0,07
22;25,1;-0,02906;-0,01054;0,02498;-0,00003435;-0,166;-0,07
22;25,2;0,02897;0,01051;-0,02491;0,00003423;0,166;0,07
22;25,3;-0,02889;-0,01048;0,02483;-0,00003412;-0,165;-0,07
22;25,4;0,0288;0,01045;-0,02475;0,000034;0,165;0,07
22;25,5;-0,02872;-0,01042;0,02468;-0,00003389;-0,164;-0,069
22;25,6;0,02863;0,01039;-0,0246;0,00003377;0,164;0,069
22;25,7;-0,02855;-0,01036;0,02452;-0,00003366;-0,163;-0,069
22;25,8;0,02847;0,01033;-0,02445;0,00003354;0,163;0,069
22;25,9;-0,02838;-0,0103;0,02437;-0,00003343;-0,162;-0,069
22;26;0,0283;0,01027;-0,0243;0,00003331;0,162;0,068
22;26,1;-0,02821;-0,01024;0,02422;-0,0000332;-0,161;-0,068
22;26,2;0,02813;0,01021;-0,02415;0,00003309;0,161;0,068
22;26,3;-0,02805;-0,01018;0,02407;-0,00003297;-0,16;-0,068
22;26,4;0,02796;0,01015;-0,024;0,00003286;0,16;0,067
22;26,5;-0,02788;-0,01012;0,02392;-0,00003275;-0,159;-0,067
22;26,6;0,0278;0,01009;-0,02385;0,00003264;0,159;0,067
22;26,7;-0,02771;-0,01006;0,02377;-0,00003253;-0,158;-0,067
22;26,8;0,02763;0,01003;-0,0237;0,00003241;0,158;0,067
22;26,9;-0,02755;-0,01;0,02363;-0,0000323;-0,157;-0,066
22;27;0,02747;0,00997;-0,02355;0,00003219;0,157;0,066
22;27,1;-0,02738;-0,00994;0,02348;-0,00003208;-0,156;-0,066
22;27,2;0,0273;0,00991;-0,02341;0,00003197;0,156;0,066
22;27,3;-0,02722;-0,00988;0,02334;-0,00003186;-0,156;-0,066
22;27,4;0,02714;0,00985;-0,02326;0,00003175;0,155;0,066
22;27,5;-0,02706;-0,00982;0,02319;-0,00003164;-0,155;-0,065
22;27,6;0,02697;0,00979;-0,02312;0,00003154;0,154;0,065
22;27,7;-0,02689;-0,00976;0,02305;-0,00003143;-0,154;-0,065
22;27,8;0,02681;0,00973;-0,02297;0,00003132;0,153;0,065
22;27,9;-0,02673;-0,0097;0,0229;-0,00003121;-0,153;-0,065
22;28;0,02665;0,00967;-0,02283;0,0000311;0,152;0,064
22;28,1;-0,02657;-0,00964;0,02276;-0,000031;-0,152;-0,064
22;28,2;0,02649;0,00961;-0,02269;0,00003089;0,151;0,064
22;28,3;-0,02641;-0,00958;0,02262;-0,00003078;-0,151;-0,064
22;28,4;0,02633;0,00956;-0,02255;0,00003068;0,15;0,064
22;28,5;-0,02625;-0,00953;0,02248;-0,00003057;-0,15;-0,063
22;28,6;0,02617;0,0095;-0,02241;0,00003047;0,149;0,063
22;28,7;-0,02609;-0,00947;0,02234;-0,00003036;-0,149;-0,063
22;28,8;0,02601;0,00944;-0,02227;0,00003026;0,148;0,063
22;28,9;-0,02593;-0,00941;0,0222;-0,00003015;-0,148;-0,063
22;29;0,02585;0,00938;-0,02213;0,00003005;0,147;0,062
22;29,1;-0,02577;-0,00935;0,02206;-0,00002995;-0,147;-0,062
22;29,2;0,02569;0,00933;-0,02199;0,00002984;0,147;0,062
22;29,3;-0,02562;-0,0093;0,02192;-0,00002974;-0,146;-0,062
22;29,4;0,02554;0,00927;-0,02186;0,00002964;0,146;0,062
22;29,5;-0,02546;-0,00924;0,02179;-0,00002953;-0,145;-0,061
22;29,6;0,02538;0,00921;-0,02172;0,00002943;0,145;0,061
22;29,7;-0,0253;-0,00918;0,02165;-0,00002933;-0,144;-0,061
22;29,8;0,02523;0,00916;-0,02158;0,00002923;0,144;0,061
22;29,9;-0,02515;-0,00913;0,02152;-0,00002913;-0,143;-0,061
22;30;0,02507;0,0091;-0,02145;0,00002903;0,143;0,061
22;30,1;-0,025;-0,00907;0,02138;-0,00002892;-0,143;-0,06
22;30,2;0,02492;0,00904;-0,02132;0,00002882;0,142;0,06
22;30,3;-0,02484;-0,00902;0,02125;-0,00002872;-0,142;-0,06
22;30,4;0,02477;0,00899;-0,02118;0,00002862;0,141;0,06
22;30,5;-0,02469;-0,00896;0,02112;-0,00002853;-0,141;-0,06
22;30,6;0,02462;0,00893;-0,02105;0,00002843;0,14;0,059
22;30,7;-0,02454;-0,00891;0,02098;-0,00002833;-0,14;-0,059
22;30,8;0,02447;0,00888;-0,02092;0,00002823;0,139;0,059
22;30,9;-0,02439;-0,00885;0,02085;-0,00002813;-0,139;-0,059
22;31;0,02432;0,00883;-0,02079;0,00002803;0,139;0,059
22;31,1;-0,02424;-0,0088;0,02072;-0,00002794;-0,138;-0,059
22;31,2;0,02417;0,00877;-0,02066;0,00002784;0,138;0,058
22;31,3;-0,02409;-0,00874;0,02059;-0,00002774;-0,137;-0,058
22;31,4;0,02402;0,00872;-0,02053;0,00002764;0,137;0,058
22;31,5;-0,02394;-0,00869;0,02047;-0,00002755;-0,136;-0,058
22;31,6;0,02387;0,00866;-0,0204;0,00002745;0,136;0,058
22;31,7;-0,0238;-0,00864;0,02034;-0,00002736;-0,136;-0,057
22;31,8;0,02372;0,00861;-0,02027;0,00002726;0,135;0,057
22;31,9;-0,02365;-0,00858;0,02021;-0,00002716;-0,135;-0,057
22;32;0,02358;0,00856;-0,02015;0,00002707;0,134;0,057
22;32,1;-0,02351;-0,00853;0,02008;-0,00002698;-0,134;-0,057
22;32,2;0,02343;0,00851;-0,02002;0,00002688;0,133;0,057
22;32,3;-0,02336;-0,00848;0,01996;-0,00002679;-0,133;-0,056
22;32,4;0,02329;0,00845;-0,0199;0,00002669;0,133;0,056
22;32,5;-0,02322;-0,00843;0,01983;-0,0000266;-0,132;-0,056
22;32,6;0,02315;0,0084;-0,01977;0,00002651;0,132;0,056
22;32,7;-0,02308;-0,00838;0,01971;-0,00002641;-0,131;-0,056
22;32,8;0,023;0,00835;-0,01965;0,00002632;0,131;0,056
22;32,9;-0,02293;-0,00832;0,01959;-0,00002623;-0,131;-0,055
22;33;0,02286;0,0083;-0,01952;0,00002614;0,13;0,055
22;33,1;-0,02279;-0,00827;0,01946;-0,00002604;-0,13;-0,055
22;33,2;0,02272;0,00825;-0,0194;0,00002595;0,129;0,055
22;33,3;-0,02265;-0,00822;0,01934;-0,00002586;-0,129;-0,055
22;33,4;0,02258;0,0082;-0,01928;0,00002577;0,128;0,055
22;33,5;-0,02251;-0,00817;0,01922;-0,00002568;-0,128;-0,054
22;33,6;0,02244;0,00815;-0,01916;0,00002559;0,128;0,054
22;33,7;-0,02237;-0,00812;0,0191;-0,0000255;-0,127;-0,054
22;33,8;0,0223;0,0081;-0,01904;0,00002541;0,127;0,054
22;33,9;-0,02224;-0,00807;0,01898;-0,00002532;-0,126;-0,054
22;34;0,02217;0,00805;-0,01892;0,00002523;0,126;0,054
22;34,1;-0,0221;-0,00802;0,01886;-0,00002514;-0,126;-0,053
22;34,2;0,02203;0,008;-0,0188;0,00002505;0,125;0,053
22;34,3;-0,02196;-0,00797;0,01874;-0,00002496;-0,125;-0,053
22;34,4;0,02189;0,00795;-0,01868;0,00002488;0,125;0,053
22;34,5;-0,02183;-0,00792;0,01862;-0,00002479;-0,124;-0,053
22;34,6;0,02176;0,0079;-0,01857;0,0000247;0,124;0,053
22;34,7;-0,02169;-0,00787;0,01851;-0,00002461;-0,123;-0,052
22;34,8;0,02162;0,00785;-0,01845;0,00002453;0,123;0,052
22;34,9;-0,02156;-0,00782;0,01839;-0,00002444;-0,123;-0,052
22;35;0,02149;0,0078;-0,01833;0,00002435;0,122;0,052
22;35,1;-0,02142;-0,00778;0,01828;-0,00002427;-0,122;-0,052
22;35,2;0,02136;0,00775;-0,01822;0,00002418;0,121;0,052
22;35,3;-0,02129;-0,00773;0,01816;-0,0000241;-0,121;-0,051
22;35,4;0,02123;0,0077;-0,0181;0,00002401;0,121;0,051
22;35,5;-0,02116;-0,00768;0,01805;-0,00002392;-0,12;-0,051
22;35,6;0,0211;0,00766;-0,01799;0,00002384;0,12;0,051
22;35,7;-0,02103;-0,00763;0,01793;-0,00002376;-0,12;-0,051
22;35,8;0,02096;0,00761;-0,01788;0,00002367;0,119;0,051
22;35,9;-0,0209;-0,00759;0,01782;-0,00002359;-0,119;-0,05
22;36;0,02084;0,00756;-0,01776;0,0000235;0,118;0,05
22;36,1;-0,02077;-0,00754;0,01771;-0,00002342;-0,118;-0,05
22;36,2;0,02071;0,00752;-0,01765;0,00002334;0,118;0,05
22;36,3;-0,02064;-0,00749;0,0176;-0,00002325;-0,117;-0,05
22;36,4;0,02058;0,00747;-0,01754;0,00002317;0,117;0,05
22;36,5;-0,02051;-0,00745;0,01749;-0,00002309;-0,117;-0,05
22;36,6;0,02045;0,00742;-0,01743;0,000023;0,116;0,049
22;36,7;-0,02039;-0,0074;0,01738;-0,00002292;-0,116;-0,049
22;36,8;0,02032;0,00738;-0,01732;0,00002284;0,115;0,049
22;36,9;-0,02026;-0,00735;0,01727;-0,00002276;-0,115;-0,049
22;37;0,0202;0,00733;-0,01721;0,00002268;0,115;0,049
22;37,1;-0,02014;-0,00731;0,01716;-0,0000226;-0,114;-0,049
22;37,2;0,02007;0,00729;-0,0171;0,00002252;0,114;0,048
22;37,3;-0,02001;-0,00726;0,01705;-0,00002244;-0,114;-0,048
22;37,4;0,01995;0,00724;-0,017;0,00002236;0,113;0,048
22;37,5;-0,01989;-0,00722;0,01694;-0,00002228;-0,113;-0,048
22;37,6;0,01983;0,0072;-0,01689;0,0000222;0,113;0,048
22;37,7;-0,01976;-0,00717;0,01684;-0,00002212;-0,112;-0,048
22;37,8;0,0197;0,00715;-0,01678;0,00002204;0,112;0,048
22;37,9;-0,01964;-0,00713;0,01673;-0,00002196;-0,111;-0,047
22;38;0,01958;0,00711;-0,01668;0,00002188;0,111;0,047
22;38,1;-0,01952;-0,00709;0,01662;-0,0000218;-0,111;-0,047
22;38,2;0,01946;0,00706;-0,01657;0,00002172;0,11;0,047
22;38,3;-0,0194;-0,00704;0,01652;-0,00002164;-0,11;-0,047
22;38,4;0,01934;0,00702;-0,01647;0,00002157;0,11;0,047
22;38,5;-0,01928;-0,007;0,01642;-0,00002149;-0,109;-0,047
22;38,6;0,01922;0,00698;-0,01636;0,00002141;0,109;0,046
22;38,7;-0,01916;-0,00695;0,01631;-0,00002133;-0,109;-0,046
22;38,8;0,0191;0,00693;-0,01626;0,00002126;0,108;0,046
22;38,9;-0,01904;-0,00691;0,01621;-0,00002118;-0,108;-0,046
22;39;0,01898;0,00689;-0,01616;0,0000211;0,108;0,046
22;39,1;-0,01892;-0,00687;0,01611;-0,00002103;-0,107;-0,046
22;39,2;0,01886;0,00685;-0,01606;0,00002095;0,107;0,046
22;39,3;-0,0188;-0,00683;0,016;-0,00002088;-0,107;-0,045
22;39,4;0,01875;0,0068;-0,01595;0,0000208;0,106;0,045
22;39,5;-0,01869;-0,00678;0,0159;-0,00002072;-0,106;-0,045
22;39,6;0,01863;0,00676;-0,01585;0,00002065;0,106;0,045
22;39,7;-0,01857;-0,00674;0,0158;-0,00002057;-0,105;-0,045
22;39,8;0,01851;0,00672;-0,01575;0,0000205;0,105;0,045
22;39,9;-0,01846;-0,0067;0,0157;-0,00002043;-0,105;-0,045
22;40;0,0184;0,00668;-0,01565;0,00002035;0,104;0,044
23;0;0;0;0;0;0;0
23;0,1;-0,26262;14,9512;0,11727;-0,001935;-0,781;99,675
23;0,2;-0,3156;16,71067;0,12489;-0,002208;-0,832;111,405
23;0,3;0,50978;-18,92629;-0,19091;0,002737;1,271;-126,176
23;0,4;-0,59626;15,79639;0,21741;-0,002551;-1,448;105,311
23;0,5;0,60759;-9,24039;-0,21655;0,001898;1,442;-61,604
23;0,6;-0,58216;1,69993;0,20275;-0,00109;-1,35;11,334
23;0,7;0,55428;4,60968;-0,18897;0,0004052;1,258;30,73
23;0,8;-0,54709;-8,24259;0,18387;-0,00002909;-1,224;-54,95
23;0,9;0,5695;8,75557;-0,19073;0,00002027;1,27;58,369
23;1;-0,61744;-6,62937;0,20783;-0,0003227;-1,384;-44,195
23;1,1;0,67807;2,95965;-0,23015;0,0008036;1,532;19,73
23;1,2;-0,73547;0,95552;0,25148;-0,001305;-1,675;6,372
23;1,3;0,7759;-4,00182;-0,26648;0,00169;1,774;-26,68
23;1,4;-0,79141;5,51094;0,27204;-0,001878;-1,811;36,741
23;1,5;0,78112;-5,35303;-0,26778;0,001854;1,783;-35,688
23;1,6;-0,75033;3,86783;0,25569;-0,001662;-1,703;25,787
23;1,7;0,70811;-1,684;-0,23923;0,001378;1,593;-11,228
23;1,8;-0,66433;-0,50361;0,22217;-0,001091;-1,479;-3,356
23;1,9;0,62698;2,1313;-0,20758;0,0008706;1,382;14,207
23;2;-0,60054;-2,89087;0,19716;-0,0007549;-1,313;-19,271
23;2,1;0,58556;2,76204;-0,19111;0,0007472;1,272;18,412
23;2,2;-0,57933;-1,96213;0,1884;-0,000821;-1,254;-13,08
23;2,3;0,57727;0,84235;-0,18727;0,0009333;1,247;5,615
23;2,4;-0,57459;0,23138;0,18589;-0,001039;-1,238;1,544
23;2,5;0,56763;-0,97836;-0,18285;0,001104;1,217;-6,524
23;2,6;-0,55462;1,26096;0,17748;-0,001112;-1,182;8,408
23;2,7;0,53582;-1,09325;-0,16988;0,001063;1,131;-7,289
23;2,8;-0,51308;0,60758;0,16077;-0,0009761;-1,07;4,052
23;2,9;0,48903;0,00384;-0,15117;0,0008737;1,006;0,024
23;3;-0,46628;-0,55187;0,14207;-0,0007795;-0,946;-3,678
23;3,1;0,44667;0,9004;-0,13418;0,0007107;0,893;6,002
23;3,2;-0,43099;-0,99247;0,12783;-0,0006742;-0,851;-6,615
23;3,3;0,41896;0,85021;-0,12289;0,0006674;0,818;5,667
23;3,4;-0,40949;-0,55377;0,11895;-0,0006805;-0,792;-3,691
23;3,5;0,40116;0,20887;-0,11546;0,0007004;0,769;1,391
23;3,6;-0,39263;0,08621;0,11193;-0,000715;-0,745;0,576
23;3,7;0,38302;-0,26529;-0,10799;0,0007161;0,719;-1,77
23;3,8;-0,37199;0,30561;0,10353;-0,0007009;-0,689;2,038
23;3,9;0,35979;-0,22546;-0,09864;0,0006716;0,657;-1,504
23;4;-0,34702;0,07138;0,09355;-0,0006339;-0,623;0,477
23;4,1;0,33445;0,09972;-0,08855;0,000595;0,589;0,664
23;4,2;-0,32274;-0,23769;0,0839;-0,0005608;-0,558;-1,584
23;4,3;0,3123;0,31113;-0,07975;0,0005354;0,531;2,073
23;4,4;-0,30321;-0,31208;0,07614;-0,0005196;-0,507;-2,08
23;4,5;0,29529;0,2536;-0,07298;0,0005118;0,486;1,69
23;4,6;-0,28817;-0,16214;0,07015;-0,0005087;-0,467;-1,08
23;4,7;0,28142;0,06795;-0,06747;0,0005065;0,449;0,452
23;4,8;-0,27469;0,0038;0,0648;-0,0005021;-0,431;0,026
23;4,9;0,26777;-0,0387;-0,06208;0,0004937;0,413;-0,259
23;5;-0,26062;0,0349;0,05927;-0,000481;-0,394;0,234
23;5,1;0,25336;-0,00117;-0,05643;0,0004651;0,375;-0,00871
23;5,2;-0,24616;-0,04748;0,05362;-0,0004478;-0,357;-0,316
23;5,3;0,23925;0,09497;-0,05092;0,0004311;0,339;0,632
23;5,4;-0,23276;-0,12864;0,0484;-0,0004165;-0,322;-0,857
23;5,5;0,2268;0,14197;-0,04608;0,0004048;0,307;0,946
23;5,6;-0,22133;-0,13507;0,04396;-0,000396;-0,292;-0,9
23;5,7;0,21628;0,11341;-0,042;0,0003894;0,279;0,755
23;5,8;-0,21153;-0,0853;0,04017;-0,000384;-0,267;-0,568
23;5,9;0,20696;0,05914;-0,0384;0,0003786;0,255;0,393
23;6;-0,20247;-0,04117;0,03668;-0,0003726;-0,244;-0,274
23;6,1;0,19802;0,03423;-0,03497;0,0003655;0,233;0,227
23;6,2;-0,19361;-0,03766;0,03328;-0,0003574;-0,221;-0,25
23;6,3;0,18927;0,04818;-0,03162;0,0003488;0,21;0,32
23;6,4;-0,18506;-0,06123;0,03002;-0,0003401;-0,2;-0,407
23;6,5;0,18104;0,0725;-0,02849;0,0003319;0,189;0,482
23;6,6;-0,17723;-0,07895;0,02705;-0,0003246;-0,18;-0,525
23;6,7;0,17365;0,07945;-0,0257;0,0003182;0,171;0,529
23;6,8;-0,17027;-0,07466;0,02444;-0,0003128;-0,162;-0,497
23;6,9;0,16708;0,06655;-0,02324;0,000308;0,154;0,443
23;7;-0,16402;-0,05759;0,0221;-0,0003035;-0,147;-0,383
23;7,1;0,16107;0,05;-0,02101;0,000299;0,14;0,333
23;7,2;-0,1582;-0,04525;0,01995;-0,0002944;-0,133;-0,301
23;7,3;0,1554;0,04375;-0,01892;0,0002896;0,126;0,291
23;7,4;-0,15267;-0,04501;0,01792;-0,0002847;-0,119;-0,299
23;7,5;0,15002;0,04789;-0,01695;0,0002797;0,113;0,318
23;7,6;-0,14746;-0,05108;0,01602;-0,0002749;-0,106;-0,34
23;7,7;0,14501;0,05342;-0,01514;0,0002703;0,1;0,355
23;7,8;-0,14267;-0,05425;0,0143;-0,0002661;-0,095;-0,361
23;7,9;0,14045;0,05343;-0,0135;0,0002622;0,09;0,355
23;8;-0,13832;-0,0513;0,01275;-0,0002587;-0,085;-0,341
23;8,1;0,13628;0,0485;-0,01203;0,0002553;0,08;0,323
23;8,2;-0,13432;-0,04573;0,01135;-0,0002521;-0,075;-0,304
23;8,3;0,13243;0,04354;-0,01069;0,000249;0,071;0,29
23;8,4;-0,13059;-0,04226;0,01005;-0,0002459;-0,067;-0,281
23;8,5;0,12881;0,04189;-0,00944;0,0002427;0,063;0,279
23;8,6;-0,12708;-0,04221;0,00885;-0,0002396;-0,059;-0,281
23;8,7;0,12541;0,04286;-0,00828;0,0002366;0,055;0,285
23;8,8;-0,12381;-0,04347;0,00774;-0,0002336;-0,051;-0,289
23;8,9;0,12226;0,04376;-0,00722;0,0002308;0,048;0,291
23;9;-0,12077;-0,04358;0,00673;-0,0002282;-0,045;-0,29
23;9,1;0,11934;0,04296;-0,00626;0,0002257;0,041;0,286
23;9,2;-0,11797;-0,04203;0,00582;-0,0002233;-0,038;-0,279
23;9,3;0,11665;0,04098;-0,00539;0,000221;0,036;0,272
23;9,4;-0,11537;-0,04001;0,00498;-0,0002188;-0,033;-0,266
23;9,5;0,11413;0,03925;-0,00459;0,0002167;0,03;0,261
23;9,6;-0,11293;-0,03876;0,00421;-0,0002146;-0,028;-0,258
23;9,7;0,11177;0,03852;-0,00385;0,0002125;0,025;0,256
23;9,8;-0,11064;-0,03845;0,0035;-0,0002105;-0,023;-0,256
23;9,9;0,10955;0,03843;-0,00317;0,0002085;0,021;0,255
23;10;-0,1085;-0,03838;0,00286;-0,0002066;-0,019;-0,255
23;10,1;0,10748;0,03822;-0,00255;0,0002047;0,017;0,254
23;10,2;-0,1065;-0,03793;0,00226;-0,000203;-0,015;-0,252
23;10,3;0,10555;0,03752;-0,00199;0,0002013;0,013;0,249
23;10,4;-0,10463;-0,03706;0,00173;-0,0001996;-0,011;-0,246
23;10,5;0,10374;0,03658;-0,00147;0,0001981;0,00952;0,243
23;10,6;-0,10288;-0,03615;0,00123;-0,0001965;-0,007919;-0,24
23;10,7;0,10204;0,0358;-0,001;0,000195;0,006386;0,238
23;10,8;-0,10123;-0,03553;0,00078;-0,0001935;-0,004919;-0,236
23;10,9;0,10044;0,03532;-0,00057;0,0001921;0,003514;0,235
23;11;-0,09968;-0,03516;0,00037;-0,0001907;-0,00217;-0,234
23;11,1;0,09893;0,03501;-0,00018;0,0001893;0,0008861;0,233
23;11,2;-0,09821;-0,03484;-0,000007247;-0,000188;0,0003404;-0,232
23;11,3;0,09751;0,03464;0,00018;0,0001867;-0,001511;0,23
23;11,4;-0,09683;-0,03441;-0,00035;-0,0001855;0,002628;-0,229
23;11,5;0,09617;0,03415;0,00051;0,0001843;-0,003694;0,227
23;11,6;-0,09553;-0,03389;-0,00066;-0,0001831;0,004712;-0,225
23;11,7;0,0949;0,03363;0,00081;0,0001819;-0,005684;0,224
23;11,8;-0,09429;-0,0334;-0,00095;-0,0001808;0,006612;-0,222
23;11,9;0,0937;0,03318;0,00108;0,0001797;-0,007499;0,221
23;12;-0,09312;-0,033;-0,00121;-0,0001787;0,008346;-0,219
23;12,1;0,09256;0,03283;0,00133;0,0001776;-0,009155;0,218
23;12,2;-0,09201;-0,03267;-0,00145;-0,0001766;0,009928;-0,217
23;12,3;0,09148;0,03252;0,00156;0,0001756;-0,011;0,216
23;12,4;-0,09096;-0,03236;-0,00166;-0,0001746;0,011;-0,215
23;12,5;0,09045;0,0322;0,00177;0,0001737;-0,012;0,214
23;12,6;-0,08995;-0,03203;-0,00186;-0,0001727;0,013;-0,213
23;12,7;0,08947;0,03185;0,00195;0,0001718;-0,013;0,212
23;12,8;-0,08899;-0,03168;-0,00204;-0,0001709;0,014;-0,211
23;12,9;0,08853;0,03151;0,00212;0,00017;-0,014;0,209
23;13;-0,08808;-0,03135;-0,0022;-0,0001692;0,015;-0,208
23;13,1;0,08763;0,03119;0,00228;0,0001683;-0,015;0,207
23;13,2;-0,0872;-0,03105;-0,00235;-0,0001675;0,016;-0,206
23;13,3;0,08678;0,03091;0,00242;0,0001667;-0,016;0,205
23;13,4;-0,08636;-0,03078;-0,00248;-0,0001659;0,017;-0,205
23;13,5;0,08595;0,03065;0,00254;0,0001651;-0,017;0,204
23;13,6;-0,08555;-0,03052;-0,0026;-0,0001644;0,018;-0,203
23;13,7;0,08516;0,03038;0,00266;0,0001636;-0,018;0,202
23;13,8;-0,08478;-0,03025;-0,00271;-0,0001629;0,018;-0,201
23;13,9;0,0844;0,03012;0,00276;0,0001621;-0,019;0,2
23;14;-0,08403;-0,02999;-0,00281;-0,0001614;0,019;-0,199
23;14,1;0,08367;0,02986;0,00286;0,0001607;-0,019;0,198
23;14,2;-0,08331;-0,02973;-0,0029;-0,00016;0,02;-0,198
23;14,3;0,08296;0,02961;0,00294;0,0001594;-0,02;0,197
23;14,4;-0,08261;-0,0295;-0,00298;-0,0001587;0,02;-0,196
23;14,5;0,08228;0,02938;0,00302;0,000158;-0,02;0,195
23;14,6;-0,08194;-0,02927;-0,00305;-0,0001574;0,021;-0,194
23;14,7;0,08161;0,02916;0,00309;0,0001567;-0,021;0,194
23;14,8;-0,08129;-0,02905;-0,00312;-0,0001561;0,021;-0,193
23;14,9;0,08097;0,02894;0,00315;0,0001555;-0,021;0,192
23;15;-0,08066;-0,02883;-0,00317;-0,0001549;0,021;-0,192
23;15,1;0,08035;0,02872;0,0032;0,0001542;-0,022;0,191
23;15,2;-0,08004;-0,02861;-0,00323;-0,0001536;0,022;-0,19
23;15,3;0,07974;0,02851;0,00325;0,000153;-0,022;0,189
23;15,4;-0,07945;-0,0284;-0,00327;-0,0001525;0,022;-0,189
23;15,5;0,07915;0,0283;0,00329;0,0001519;-0,022;0,188
23;15,6;-0,07886;-0,0282;-0,00331;-0,0001513;0,022;-0,187
23;15,7;0,07858;0,0281;0,00333;0,0001507;-0,022;0,187
23;15,8;-0,0783;-0,028;-0,00335;-0,0001502;0,023;-0,186
23;15,9;0,07802;0,02791;0,00336;0,0001496;-0,023;0,185
23;16;-0,07774;-0,02781;-0,00338;-0,0001491;0,023;-0,185
23;16,1;0,07747;0,02772;0,00339;0,0001485;-0,023;0,184
23;16,2;-0,0772;-0,02762;-0,0034;-0,000148;0,023;-0,184
23;16,3;0,07694;0,02753;0,00342;0,0001475;-0,023;0,183
23;16,4;-0,07667;-0,02744;-0,00343;-0,0001469;0,023;-0,182
23;16,5;0,07641;0,02734;0,00344;0,0001464;-0,023;0,182
23;16,6;-0,07616;-0,02725;-0,00345;-0,0001459;0,023;-0,181
23;16,7;0,0759;0,02716;0,00345;0,0001454;-0,023;0,18
23;16,8;-0,07565;-0,02708;-0,00346;-0,0001449;0,023;-0,18
23;16,9;0,0754;0,02699;0,00347;0,0001444;-0,023;0,179
23;17;-0,07515;-0,0269;-0,00348;-0,0001439;0,023;-0,179
23;17,1;0,0749;0,02681;0,00348;0,0001434;-0,023;0,178
23;17,2;-0,07466;-0,02673;-0,00349;-0,0001429;0,023;-0,178
23;17,3;0,07442;0,02664;0,00349;0,0001424;-0,023;0,177
23;17,4;-0,07418;-0,02656;-0,0035;-0,0001419;0,024;-0,176
23;17,5;0,07394;0,02647;0,0035;0,0001414;-0,024;0,176
23;17,6;-0,07371;-0,02639;-0,0035;-0,0001409;0,024;-0,175
23;17,7;0,07347;0,02631;0,0035;0,0001405;-0,024;0,175
23;17,8;-0,07324;-0,02623;-0,00351;-0,00014;0,024;-0,174
23;17,9;0,07301;0,02615;0,00351;0,0001395;-0,024;0,174
23;18;-0,07278;-0,02607;-0,00351;-0,0001391;0,024;-0,173
23;18,1;0,07256;0,02598;0,00351;0,0001386;-0,024;0,173
23;18,2;-0,07233;-0,02591;-0,00351;-0,0001381;0,024;-0,172
23;18,3;0,07211;0,02583;0,00351;0,0001377;-0,024;0,172
23;18,4;-0,07189;-0,02575;-0,00351;-0,0001372;0,024;-0,171
23;18,5;0,07166;0,02567;0,00351;0,0001368;-0,024;0,171
23;18,6;-0,07145;-0,02559;-0,00351;-0,0001363;0,024;-0,17
23;18,7;0,07123;0,02551;0,00351;0,0001359;-0,024;0,17
23;18,8;-0,07101;-0,02544;-0,0035;-0,0001354;0,024;-0,169
23;18,9;0,0708;0,02536;0,0035;0,000135;-0,024;0,169
23;19;-0,07058;-0,02529;-0,0035;-0,0001346;0,024;-0,168
23;19,1;0,07037;0,02521;0,0035;0,0001341;-0,024;0,167
23;19,2;-0,07016;-0,02513;-0,0035;-0,0001337;0,024;-0,167
23;19,3;0,06995;0,02506;0,00349;0,0001333;-0,023;0,167
23;19,4;-0,06974;-0,02499;-0,00349;-0,0001328;0,023;-0,166
23;19,5;0,06953;0,02491;0,00349;0,0001324;-0,023;0,166
23;19,6;-0,06933;-0,02484;-0,00348;-0,000132;0,023;-0,165
23;19,7;0,06912;0,02477;0,00348;0,0001316;-0,023;0,165
23;19,8;-0,06892;-0,02469;-0,00347;-0,0001312;0,023;-0,164
23;19,9;0,06871;0,02462;0,00347;0,0001307;-0,023;0,164
23;20;-0,06851;-0,02455;-0,00347;-0,0001303;0,023;-0,163
23;20,1;0,06831;0,02448;0,00346;0,0001299;-0,023;0,163
23;20,2;-0,06811;-0,02441;-0,00346;-0,0001295;0,023;-0,162
23;20,3;0,06791;0,02433;0,00345;0,0001291;-0,023;0,162
23;20,4;-0,06771;-0,02426;-0,00345;-0,0001287;0,023;-0,161
23;20,5;0,06752;0,02419;0,00344;0,0001283;-0,023;0,161
23;20,6;-0,06732;-0,02412;-0,00344;-0,0001279;0,023;-0,16
23;20,7;0,06712;0,02405;0,00343;0,0001275;-0,023;0,16
23;20,8;-0,06693;-0,02398;-0,00342;-0,0001271;0,023;-0,159
23;20,9;0,06674;0,02392;0,00342;0,0001267;-0,023;0,159
23;21;-0,06654;-0,02385;-0,00341;-0,0001263;0,023;-0,158
23;21,1;0,06635;0,02378;0,00341;0,0001259;-0,023;0,158
23;21,2;-0,06616;-0,02371;-0,0034;-0,0001255;0,023;-0,158
23;21,3;0,06597;0,02364;0,0034;0,0001251;-0,023;0,157
23;21,4;-0,06578;-0,02357;-0,00339;-0,0001247;0,023;-0,157
23;21,5;0,06559;0,02351;0,00338;0,0001243;-0,023;0,156
23;21,6;-0,0654;-0,02344;-0,00338;-0,0001239;0,023;-0,156
23;21,7;0,06522;0,02337;0,00337;0,0001235;-0,023;0,155
23;21,8;-0,06503;-0,02331;-0,00336;-0,0001232;0,023;-0,155
23;21,9;0,06484;0,02324;0,00336;0,0001228;-0,023;0,154
23;22;-0,06466;-0,02317;-0,00335;-0,0001224;0,023;-0,154
23;22,1;0,06447;0,02311;0,00335;0,000122;-0,022;0,154
23;22,2;-0,06429;-0,02304;-0,00334;-0,0001216;0,022;-0,153
23;22,3;0,06411;0,02298;0,00333;0,0001212;-0,022;0,153
23;22,4;-0,06392;-0,02291;-0,00333;-0,0001209;0,022;-0,152
23;22,5;0,06374;0,02285;0,00332;0,0001205;-0,022;0,152
23;22,6;-0,06356;-0,02278;-0,00331;-0,0001201;0,022;-0,151
23;22,7;0,06338;0,02272;0,00331;0,0001198;-0,022;0,151
23;22,8;-0,0632;-0,02265;-0,0033;-0,0001194;0,022;-0,15
23;22,9;0,06302;0,02259;0,00329;0,000119;-0,022;0,15
23;23;-0,06284;-0,02252;-0,00328;-0,0001186;0,022;-0,15
23;23,1;0,06267;0,02246;0,00328;0,0001183;-0,022;0,149
23;23,2;-0,06249;-0,0224;-0,00327;-0,0001179;0,022;-0,149
23;23,3;0,06231;0,02233;0,00326;0,0001175;-0,022;0,148
23;23,4;-0,06214;-0,02227;-0,00326;-0,0001172;0,022;-0,148
23;23,5;0,06196;0,02221;0,00325;0,0001168;-0,022;0,148
23;23,6;-0,06179;-0,02215;-0,00324;-0,0001165;0,022;-0,147
23;23,7;0,06161;0,02208;0,00324;0,0001161;-0,022;0,147
23;23,8;-0,06144;-0,02202;-0,00323;-0,0001157;0,022;-0,146
23;23,9;0,06127;0,02196;0,00322;0,0001154;-0,022;0,146
23;24;-0,0611;-0,0219;-0,00321;-0,000115;0,022;-0,145
23;24,1;0,06092;0,02184;0,00321;0,0001147;-0,022;0,145
23;24,2;-0,06075;-0,02178;-0,0032;-0,0001143;0,022;-0,145
23;24,3;0,06058;0,02172;0,00319;0,000114;-0,021;0,144
23;24,4;-0,06041;-0,02165;-0,00319;-0,0001136;0,021;-0,144
23;24,5;0,06024;0,02159;0,00318;0,0001133;-0,021;0,143
23;24,6;-0,06007;-0,02153;-0,00317;-0,0001129;0,021;-0,143
23;24,7;0,05991;0,02147;0,00316;0,0001126;-0,021;0,143
23;24,8;-0,05974;-0,02141;-0,00316;-0,0001122;0,021;-0,142
23;24,9;0,05957;0,02135;0,00315;0,0001119;-0,021;0,142
23;25;-0,0594;-0,02129;-0,00314;-0,0001115;0,021;-0,141
23;25,1;0,05924;0,02123;0,00314;0,0001112;-0,021;0,141
23;25,2;-0,05907;-0,02117;-0,00313;-0,0001109;0,021;-0,141
23;25,3;0,05891;0,02112;0,00312;0,0001105;-0,021;0,14
23;25,4;-0,05874;-0,02106;-0,00311;-0,0001102;0,021;-0,14
23;25,5;0,05858;0,021;0,00311;0,0001098;-0,021;0,139
23;25,6;-0,05842;-0,02094;-0,0031;-0,0001095;0,021;-0,139
23;25,7;0,05825;0,02088;0,00309;0,0001092;-0,021;0,139
23;25,8;-0,05809;-0,02082;-0,00309;-0,0001088;0,021;-0,138
23;25,9;0,05793;0,02076;0,00308;0,0001085;-0,021;0,138
23;26;-0,05777;-0,02071;-0,00307;-0,0001082;0,021;-0,138
23;26,1;0,05761;0,02065;0,00306;0,0001078;-0,021;0,137
23;26,2;-0,05744;-0,02059;-0,00306;-0,0001075;0,021;-0,137
23;26,3;0,05728;0,02053;0,00305;0,0001072;-0,021;0,136
23;26,4;-0,05713;-0,02048;-0,00304;-0,0001068;0,02;-0,136
23;26,5;0,05697;0,02042;0,00304;0,0001065;-0,02;0,136
23;26,6;-0,05681;-0,02036;-0,00303;-0,0001062;0,02;-0,135
23;26,7;0,05665;0,02031;0,00302;0,0001059;-0,02;0,135
23;26,8;-0,05649;-0,02025;-0,00301;-0,0001055;0,02;-0,135
23;26,9;0,05633;0,02019;0,00301;0,0001052;-0,02;0,134
23;27;-0,05618;-0,02014;-0,003;-0,0001049;0,02;-0,134
23;27,1;0,05602;0,02008;0,00299;0,0001046;-0,02;0,133
23;27,2;-0,05587;-0,02003;-0,00299;-0,0001042;0,02;-0,133
23;27,3;0,05571;0,01997;0,00298;0,0001039;-0,02;0,133
23;27,4;-0,05556;-0,01992;-0,00297;-0,0001036;0,02;-0,132
23;27,5;0,0554;0,01986;0,00297;0,0001033;-0,02;0,132
23;27,6;-0,05525;-0,0198;-0,00296;-0,000103;0,02;-0,132
23;27,7;0,0551;0,01975;0,00295;0,0001027;-0,02;0,131
23;27,8;-0,05494;-0,0197;-0,00295;-0,0001023;0,02;-0,131
23;27,9;0,05479;0,01964;0,00294;0,000102;-0,02;0,13
23;28;-0,05464;-0,01959;-0,00293;-0,0001017;0,02;-0,13
23;28,1;0,05449;0,01953;0,00292;0,0001014;-0,02;0,13
23;28,2;-0,05434;-0,01948;-0,00292;-0,0001011;0,02;-0,129
23;28,3;0,05419;0,01942;0,00291;0,0001008;-0,02;0,129
23;28,4;-0,05404;-0,01937;-0,0029;-0,0001005;0,02;-0,129
23;28,5;0,05389;0,01932;0,0029;0,0001002;-0,019;0,128
23;28,6;-0,05374;-0,01926;-0,00289;-0,00009986;0,019;-0,128
23;28,7;0,05359;0,01921;0,00288;0,00009955;-0,019;0,128
23;28,8;-0,05344;-0,01916;-0,00288;-0,00009925;0,019;-0,127
23;28,9;0,05329;0,0191;0,00287;0,00009894;-0,019;0,127
23;29;-0,05314;-0,01905;-0,00286;-0,00009864;0,019;-0,127
23;29,1;0,053;0,019;0,00286;0,00009834;-0,019;0,126
23;29,2;-0,05285;-0,01895;-0,00285;-0,00009803;0,019;-0,126
23;29,3;0,0527;0,01889;0,00284;0,00009773;-0,019;0,126
23;29,4;-0,05256;-0,01884;-0,00284;-0,00009743;0,019;-0,125
23;29,5;0,05241;0,01879;0,00283;0,00009714;-0,019;0,125
23;29,6;-0,05227;-0,01874;-0,00282;-0,00009684;0,019;-0,124
23;29,7;0,05212;0,01869;0,00282;0,00009654;-0,019;0,124
23;29,8;-0,05198;-0,01863;-0,00281;-0,00009624;0,019;-0,124
23;29,9;0,05184;0,01858;0,0028;0,00009595;-0,019;0,123
23;30;-0,05169;-0,01853;-0,0028;-0,00009565;0,019;-0,123
23;30,1;0,05155;0,01848;0,00279;0,00009536;-0,019;0,123
23;30,2;-0,05141;-0,01843;-0,00278;-0,00009507;0,019;-0,122
23;30,3;0,05127;0,01838;0,00278;0,00009478;-0,019;0,122
23;30,4;-0,05112;-0,01833;-0,00277;-0,00009449;0,019;-0,122
23;30,5;0,05098;0,01828;0,00276;0,0000942;-0,019;0,121
23;30,6;-0,05084;-0,01823;-0,00276;-0,00009391;0,019;-0,121
23;30,7;0,0507;0,01818;0,00275;0,00009362;-0,018;0,121
23;30,8;-0,05056;-0,01813;-0,00274;-0,00009333;0,018;-0,12
23;30,9;0,05042;0,01808;0,00274;0,00009305;-0,018;0,12
23;31;-0,05028;-0,01803;-0,00273;-0,00009276;0,018;-0,12
23;31,1;0,05015;0,01798;0,00273;0,00009248;-0,018;0,119
23;31,2;-0,05001;-0,01793;-0,00272;-0,00009219;0,018;-0,119
23;31,3;0,04987;0,01788;0,00271;0,00009191;-0,018;0,119
23;31,4;-0,04973;-0,01783;-0,00271;-0,00009163;0,018;-0,118
23;31,5;0,0496;0,01778;0,0027;0,00009135;-0,018;0,118
23;31,6;-0,04946;-0,01773;-0,00269;-0,00009106;0,018;-0,118
23;31,7;0,04932;0,01768;0,00269;0,00009079;-0,018;0,117
23;31,8;-0,04919;-0,01763;-0,00268;-0,00009051;0,018;-0,117
23;31,9;0,04905;0,01758;0,00267;0,00009023;-0,018;0,117
23;32;-0,04892;-0,01754;-0,00267;-0,00008995;0,018;-0,116
23;32,1;0,04878;0,01749;0,00266;0,00008968;-0,018;0,116
23;32,2;-0,04865;-0,01744;-0,00266;-0,0000894;0,018;-0,116
23;32,3;0,04851;0,01739;0,00265;0,00008913;-0,018;0,116
23;32,4;-0,04838;-0,01734;-0,00264;-0,00008885;0,018;-0,115
23;32,5;0,04825;0,0173;0,00264;0,00008858;-0,018;0,115
23;32,6;-0,04812;-0,01725;-0,00263;-0,00008831;0,018;-0,115
23;32,7;0,04798;0,0172;0,00262;0,00008804;-0,018;0,114
23;32,8;-0,04785;-0,01715;-0,00262;-0,00008777;0,018;-0,114
23;32,9;0,04772;0,01711;0,00261;0,0000875;-0,018;0,114
23;33;-0,04759;-0,01706;-0,00261;-0,00008723;0,018;-0,113
23;33,1;0,04746;0,01701;0,0026;0,00008696;-0,017;0,113
23;33,2;-0,04733;-0,01697;-0,00259;-0,00008669;0,017;-0,113
23;33,3;0,0472;0,01692;0,00259;0,00008643;-0,017;0,112
23;33,4;-0,04707;-0,01687;-0,00258;-0,00008616;0,017;-0,112
23;33,5;0,04694;0,01683;0,00258;0,0000859;-0,017;0,112
23;33,6;-0,04681;-0,01678;-0,00257;-0,00008563;0,017;-0,111
23;33,7;0,04668;0,01673;0,00256;0,00008537;-0,017;0,111
23;33,8;-0,04655;-0,01669;-0,00256;-0,00008511;0,017;-0,111
23;33,9;0,04643;0,01664;0,00255;0,00008484;-0,017;0,111
23;34;-0,0463;-0,0166;-0,00255;-0,00008458;0,017;-0,11
23;34,1;0,04617;0,01655;0,00254;0,00008432;-0,017;0,11
23;34,2;-0,04605;-0,01651;-0,00253;-0,00008406;0,017;-0,11
23;34,3;0,04592;0,01646;0,00253;0,00008381;-0,017;0,109
23;34,4;-0,04579;-0,01642;-0,00252;-0,00008355;0,017;-0,109
23;34,5;0,04567;0,01637;0,00252;0,00008329;-0,017;0,109
23;34,6;-0,04554;-0,01633;-0,00251;-0,00008304;0,017;-0,108
23;34,7;0,04542;0,01628;0,00251;0,00008278;-0,017;0,108
23;34,8;-0,04529;-0,01624;-0,0025;-0,00008253;0,017;-0,108
23;34,9;0,04517;0,01619;0,00249;0,00008227;-0,017;0,108
23;35;-0,04505;-0,01615;-0,00249;-0,00008202;0,017;-0,107
23;35,1;0,04492;0,0161;0,00248;0,00008177;-0,017;0,107
23;35,2;-0,0448;-0,01606;-0,00248;-0,00008152;0,017;-0,107
23;35,3;0,04468;0,01602;0,00247;0,00008126;-0,017;0,106
23;35,4;-0,04455;-0,01597;-0,00247;-0,00008101;0,017;-0,106
23;35,5;0,04443;0,01593;0,00246;0,00008077;-0,017;0,106
23;35,6;-0,04431;-0,01589;-0,00245;-0,00008052;0,016;-0,106
23;35,7;0,04419;0,01584;0,00245;0,00008027;-0,016;0,105
23;35,8;-0,04407;-0,0158;-0,00244;-0,00008002;0,016;-0,105
23;35,9;0,04395;0,01576;0,00244;0,00007978;-0,016;0,105
23;36;-0,04383;-0,01571;-0,00243;-0,00007953;0,016;-0,104
23;36,1;0,04371;0,01567;0,00243;0,00007929;-0,016;0,104
23;36,2;-0,04359;-0,01563;-0,00242;-0,00007904;0,016;-0,104
23;36,3;0,04347;0,01558;0,00241;0,0000788;-0,016;0,104
23;36,4;-0,04335;-0,01554;-0,00241;-0,00007856;0,016;-0,103
23;36,5;0,04323;0,0155;0,0024;0,00007831;-0,016;0,103
23;36,6;-0,04312;-0,01546;-0,0024;-0,00007807;0,016;-0,103
23;36,7;0,043;0,01541;0,00239;0,00007783;-0,016;0,102
23;36,8;-0,04288;-0,01537;-0,00239;-0,00007759;0,016;-0,102
23;36,9;0,04276;0,01533;0,00238;0,00007735;-0,016;0,102
23;37;-0,04265;-0,01529;-0,00238;-0,00007712;0,016;-0,102
23;37,1;0,04253;0,01525;0,00237;0,00007688;-0,016;0,101
23;37,2;-0,04241;-0,01521;-0,00236;-0,00007664;0,016;-0,101
23;37,3;0,0423;0,01516;0,00236;0,00007641;-0,016;0,101
23;37,4;-0,04218;-0,01512;-0,00235;-0,00007617;0,016;-0,1
23;37,5;0,04207;0,01508;0,00235;0,00007594;-0,016;0,1
23;37,6;-0,04195;-0,01504;-0,00234;-0,0000757;0,016;-0,1
23;37,7;0,04184;0,015;0,00234;0,00007547;-0,016;0,1
23;37,8;-0,04173;-0,01496;-0,00233;-0,00007524;0,016;-0,099
23;37,9;0,04161;0,01492;0,00233;0,000075;-0,016;0,099
23;38;-0,0415;-0,01488;-0,00232;-0,00007477;0,016;-0,099
23;38,1;0,04139;0,01484;0,00232;0,00007454;-0,016;0,099
23;38,2;-0,04127;-0,0148;-0,00231;-0,00007431;0,016;-0,098
23;38,3;0,04116;0,01476;0,00231;0,00007408;-0,015;0,098
23;38,4;-0,04105;-0,01472;-0,0023;-0,00007386;0,015;-0,098
23;38,5;0,04094;0,01468;0,0023;0,00007363;-0,015;0,097
23;38,6;-0,04083;-0,01464;-0,00229;-0,0000734;0,015;-0,097
23;38,7;0,04071;0,0146;0,00229;0,00007317;-0,015;0,097
23;38,8;-0,0406;-0,01456;-0,00228;-0,00007295;0,015;-0,097
23;38,9;0,04049;0,01452;0,00227;0,00007272;-0,015;0,096
23;39;-0,04038;-0,01448;-0,00227;-0,0000725;0,015;-0,096
23;39,1;0,04027;0,01444;0,00226;0,00007228;-0,015;0,096
23;39,2;-0,04016;-0,0144;-0,00226;-0,00007205;0,015;-0,096
23;39,3;0,04005;0,01436;0,00225;0,00007183;-0,015;0,095
23;39,4;-0,03995;-0,01432;-0,00225;-0,00007161;0,015;-0,095
23;39,5;0,03984;0,01428;0,00224;0,00007139;-0,015;0,095
23;39,6;-0,03973;-0,01424;-0,00224;-0,00007117;0,015;-0,095
23;39,7;0,03962;0,0142;0,00223;0,00007095;-0,015;0,094
23;39,8;-0,03951;-0,01417;-0,00223;-0,00007073;0,015;-0,094
23;39,9;0,03941;0,01413;0,00222;0,00007051;-0,015;0,094
23;40;-0,0393;-0,01409;-0,00222;-0,00007029;0,015;-0,094
24;0;0;0;0;0;0;0
24;0,1;0;0;0;0;0;0
24;0,2;0;0;0;0;0;0
24;0,3;0;0;0;0;0;0
24;0,4;0;0;0;0;0;0
24;0,5;0;0;0;0;0;0
24;0,6;0;0;0;0;0;0
24;0,7;0;0;0;0;0;0
24;0,8;0;0;0;0;0;0
24;0,9;0;0;0;0;0;0
24;1;0;0;0;0;0;0
24;1,1;0;0;0;0;0;0
24;1,2;0;0;0;0;0;0
24;1,3;0;0;0;0;0;0
24;1,4;0;0;0;0;0;0
24;1,5;0;0;0;0;0;0
24;1,6;0;0;0;0;0;0
24;1,7;0;0;0;0;0;0
24;1,8;0;0;0;0;0;0
24;1,9;0;0;0;0;0;0
24;2;0;0;0;0;0;0
24;2,1;0;0;0;0;0;0
24;2,2;0;0;0;0;0;0
24;2,3;0;0;0;0;0;0
24;2,4;0;0;0;0;0;0
24;2,5;0;0;0;0;0;0
24;2,6;0;0;0;0;0;0
24;2,7;0;0;0;0;0;0
24;2,8;0;0;0;0;0;0
24;2,9;0;0;0;0;0;0
24;3;0;0;0;0;0;0
24;3,1;0;0;0;0;0;0
24;3,2;0;0;0;0;0;0
24;3,3;0;0;0;0;0;0
24;3,4;0;0;0;0;0;0
24;3,5;0;0;0;0;0;0
24;3,6;0;0;0;0;0;0
24;3,7;0;0;0;0;0;0
24;3,8;0;0;0;0;0;0
24;3,9;0;0;0;0;0;0
24;4;0;0;0;0;0;0
24;4,1;0;0;0;0;0;0
24;4,2;0;0;0;0;0;0
24;4,3;0;0;0;0;0;0
24;4,4;0;0;0;0;0;0
24;4,5;0;0;0;0;0;0
24;4,6;0;0;0;0;0;0
24;4,7;0;0;0;0;0;0
24;4,8;0;0;0;0;0;0
24;4,9;0;0;0;0;0;0
24;5;0;0;0;0;0;0
24;5,1;0;0;0;0;0;0
24;5,2;0;0;0;0;0;0
24;5,3;0;0;0;0;0;0
24;5,4;0;0;0;0;0;0
24;5,5;0;0;0;0;0;0
24;5,6;0;0;0;0;0;0
24;5,7;0;0;0;0;0;0
24;5,8;0;0;0;0;0;0
24;5,9;0;0;0;0;0;0
24;6;0;0;0;0;0;0
24;6,1;0;0;0;0;0;0
24;6,2;0;0;0;0;0;0
24;6,3;0;0;0;0;0;0
24;6,4;0;0;0;0;0;0
24;6,5;0;0;0;0;0;0
24;6,6;0;0;0;0;0;0
24;6,7;0;0;0;0;0;0
24;6,8;0;0;0;0;0;0
24;6,9;0;0;0;0;0;0
24;7;0;0;0;0;0;0
24;7,1;0;0;0;0;0;0
24;7,2;0;0;0;0;0;0
24;7,3;0;0;0;0;0;0
24;7,4;0;0;0;0;0;0
24;7,5;0;0;0;0;0;0
24;7,6;0;0;0;0;0;0
24;7,7;0;0;0;0;0;0
24;7,8;0;0;0;0;0;0
24;7,9;0;0;0;0;0;0
24;8;0;0;0;0;0;0
24;8,1;0;0;0;0;0;0
24;8,2;0;0;0;0;0;0
24;8,3;0;0;0;0;0;0
24;8,4;0;0;0;0;0;0
24;8,5;0;0;0;0;0;0
24;8,6;0;0;0;0;0;0
24;8,7;0;0;0;0;0;0
24;8,8;0;0;0;0;0;0
24;8,9;0;0;0;0;0;0
24;9;0;0;0;0;0;0
24;9,1;0;0;0;0;0;0
24;9,2;0;0;0;0;0;0
24;9,3;0;0;0;0;0;0
24;9,4;0;0;0;0;0;0
24;9,5;0;0;0;0;0;0
24;9,6;0;0;0;0;0;0
24;9,7;0;0;0;0;0;0
24;9,8;0;0;0;0;0;0
24;9,9;0;0;0;0;0;0
24;10;0;0;0;0;0;0
24;10,1;0;0;0;0;0;0
24;10,2;0;0;0;0;0;0
24;10,3;0;0;0;0;0;0
24;10,4;0;0;0;0;0;0
24;10,5;0;0;0;0;0;0
24;10,6;0;0;0;0;0;0
24;10,7;0;0;0;0;0;0
24;10,8;0;0;0;0;0;0
24;10,9;0;0;0;0;0;0
24;11;0;0;0;0;0;0
24;11,1;0;0;0;0;0;0
24;11,2;0;0;0;0;0;0
24;11,3;0;0;0;0;0;0
24;11,4;0;0;0;0;0;0
24;11,5;0;0;0;0;0;0
24;11,6;0;0;0;0;0;0
24;11,7;0;0;0;0;0;0
24;11,8;0;0;0;0;0;0
24;11,9;0;0;0;0;0;0
24;12;0;0;0;0;0;0
24;12,1;0;0;0;0;0;0
24;12,2;0;0;0;0;0;0
24;12,3;0;0;0;0;0;0
24;12,4;0;0;0;0;0;0
24;12,5;0;0;0;0;0;0
24;12,6;0;0;0;0;0;0
24;12,7;0;0;0;0;0;0
24;12,8;0;0;0;0;0;0
24;12,9;0;0;0;0;0;0
24;13;0;0;0;0;0;0
24;13,1;0;0;0;0;0;0
24;13,2;0;0;0;0;0;0
24;13,3;0;0;0;0;0;0
24;13,4;0;0;0;0;0;0
24;13,5;0;0;0;0;0;0
24;13,6;0;0;0;0;0;0
24;13,7;0;0;0;0;0;0
24;13,8;0;0;0;0;0;0
24;13,9;0;0;0;0;0;0
24;14;0;0;0;0;0;0
24;14,1;0;0;0;0;0;0
24;14,2;0;0;0;0;0;0
24;14,3;0;0;0;0;0;0
24;14,4;0;0;0;0;0;0
24;14,5;0;0;0;0;0;0
24;14,6;0;0;0;0;0;0
24;14,7;0;0;0;0;0;0
24;14,8;0;0;0;0;0;0
24;14,9;0;0;0;0;0;0
24;15;0;0;0;0;0;0
24;15,1;0;0;0;0;0;0
24;15,2;0;0;0;0;0;0
24;15,3;0;0;0;0;0;0
24;15,4;0;0;0;0;0;0
24;15,5;0;0;0;0;0;0
24;15,6;0;0;0;0;0;0
24;15,7;0;0;0;0;0;0
24;15,8;0;0;0;0;0;0
24;15,9;0;0;0;0;0;0
24;16;0;0;0;0;0;0
24;16,1;0;0;0;0;0;0
24;16,2;0;0;0;0;0;0
24;16,3;0;0;0;0;0;0
24;16,4;0;0;0;0;0;0
24;16,5;0;0;0;0;0;0
24;16,6;0;0;0;0;0;0
24;16,7;0;0;0;0;0;0
24;16,8;0;0;0;0;0;0
24;16,9;0;0;0;0;0;0
24;17;0;0;0;0;0;0
24;17,1;0;0;0;0;0;0
24;17,2;0;0;0;0;0;0
24;17,3;0;0;0;0;0;0
24;17,4;0;0;0;0;0;0
24;17,5;0;0;0;0;0;0
24;17,6;0;0;0;0;0;0
24;17,7;0;0;0;0;0;0
24;17,8;0;0;0;0;0;0
24;17,9;0;0;0;0;0;0
24;18;0;0;0;0;0;0
24;18,1;0;0;0;0;0;0
24;18,2;0;0;0;0;0;0
24;18,3;0;0;0;0;0;0
24;18,4;0;0;0;0;0;0
24;18,5;0;0;0;0;0;0
24;18,6;0;0;0;0;0;0
24;18,7;0;0;0;0;0;0
24;18,8;0;0;0;0;0;0
24;18,9;0;0;0;0;0;0
24;19;0;0;0;0;0;0
24;19,1;0;0;0;0;0;0
24;19,2;0;0;0;0;0;0
24;19,3;0;0;0;0;0;0
24;19,4;0;0;0;0;0;0
24;19,5;0;0;0;0;0;0
24;19,6;0;0;0;0;0;0
24;19,7;0;0;0;0;0;0
24;19,8;0;0;0;0;0;0
24;19,9;0;0;0;0;0;0
24;20;0;0;0;0;0;0
24;20,1;0;0;0;0;0;0
24;20,2;0;0;0;0;0;0
24;20,3;0;0;0;0;0;0
24;20,4;0;0;0;0;0;0
24;20,5;0;0;0;0;0;0
24;20,6;0;0;0;0;0;0
24;20,7;0;0;0;0;0;0
24;20,8;0;0;0;0;0;0
24;20,9;0;0;0;0;0;0
24;21;0;0;0;0;0;0
24;21,1;0;0;0;0;0;0
24;21,2;0;0;0;0;0;0
24;21,3;0;0;0;0;0;0
24;21,4;0;0;0;0;0;0
24;21,5;0;0;0;0;0;0
24;21,6;0;0;0;0;0;0
24;21,7;0;0;0;0;0;0
24;21,8;0;0;0;0;0;0
24;21,9;0;0;0;0;0;0
24;22;0;0;0;0;0;0
24;22,1;0;0;0;0;0;0
24;22,2;0;0;0;0;0;0
24;22,3;0;0;0;0;0;0
24;22,4;0;0;0;0;0;0
24;22,5;0;0;0;0;0;0
24;22,6;0;0;0;0;0;0
24;22,7;0;0;0;0;0;0
24;22,8;0;0;0;0;0;0
24;22,9;0;0;0;0;0;0
24;23;0;0;0;0;0;0
24;23,1;0;0;0;0;0;0
24;23,2;0;0;0;0;0;0
24;23,3;0;0;0;0;0;0
24;23,4;0;0;0;0;0;0
24;23,5;0;0;0;0;0;0
24;23,6;0;0;0;0;0;0
24;23,7;0;0;0;0;0;0
24;23,8;0;0;0;0;0;0
24;23,9;0;0;0;0;0;0
24;24;0;0;0;0;0;0
24;24,1;0;0;0;0;0;0
24;24,2;0;0;0;0;0;0
24;24,3;0;0;0;0;0;0
24;24,4;0;0;0;0;0;0
24;24,5;0;0;0;0;0;0
24;24,6;0;0;0;0;0;0
24;24,7;0;0;0;0;0;0
24;24,8;0;0;0;0;0;0
24;24,9;0;0;0;0;0;0
24;25;0;0;0;0;0;0
24;25,1;0;0;0;0;0;0
24;25,2;0;0;0;0;0;0
24;25,3;0;0;0;0;0;0
24;25,4;0;0;0;0;0;0
24;25,5;0;0;0;0;0;0
24;25,6;0;0;0;0;0;0
24;25,7;0;0;0;0;0;0
24;25,8;0;0;0;0;0;0
24;25,9;0;0;0;0;0;0
24;26;0;0;0;0;0;0
24;26,1;0;0;0;0;0;0
24;26,2;0;0;0;0;0;0
24;26,3;0;0;0;0;0;0
24;26,4;0;0;0;0;0;0
24;26,5;0;0;0;0;0;0
24;26,6;0;0;0;0;0;0
24;26,7;0;0;0;0;0;0
24;26,8;0;0;0;0;0;0
24;26,9;0;0;0;0;0;0
24;27;0;0;0;0;0;0
24;27,1;0;0;0;0;0;0
24;27,2;0;0;0;0;0;0
24;27,3;0;0;0;0;0;0
24;27,4;0;0;0;0;0;0
24;27,5;0;0;0;0;0;0
24;27,6;0;0;0;0;0;0
24;27,7;0;0;0;0;0;0
24;27,8;0;0;0;0;0;0
24;27,9;0;0;0;0;0;0
24;28;0;0;0;0;0;0
24;28,1;0;0;0;0;0;0
24;28,2;0;0;0;0;0;0
24;28,3;0;0;0;0;0;0
24;28,4;0;0;0;0;0;0
24;28,5;0;0;0;0;0;0
24;28,6;0;0;0;0;0;0
24;28,7;0;0;0;0;0;0
24;28,8;0;0;0;0;0;0
24;28,9;0;0;0;0;0;0
24;29;0;0;0;0;0;0
24;29,1;0;0;0;0;0;0
24;29,2;0;0;0;0;0;0
24;29,3;0;0;0;0;0;0
24;29,4;0;0;0;0;0;0
24;29,5;0;0;0;0;0;0
24;29,6;0;0;0;0;0;0
24;29,7;0;0;0;0;0;0
24;29,8;0;0;0;0;0;0
24;29,9;0;0;0;0;0;0
24;30;0;0;0;0;0;0
24;30,1;0;0;0;0;0;0
24;30,2;0;0;0;0;0;0
24;30,3;0;0;0;0;0;0
24;30,4;0;0;0;0;0;0
24;30,5;0;0;0;0;0;0
24;30,6;0;0;0;0;0;0
24;30,7;0;0;0;0;0;0
24;30,8;0;0;0;0;0;0
24;30,9;0;0;0;0;0;0
24;31;0;0;0;0;0;0
24;31,1;0;0;0;0;0;0
24;31,2;0;0;0;0;0;0
24;31,3;0;0;0;0;0;0
24;31,4;0;0;0;0;0;0
24;31,5;0;0;0;0;0;0
24;31,6;0;0;0;0;0;0
24;31,7;0;0;0;0;0;0
24;31,8;0;0;0;0;0;0
24;31,9;0;0;0;0;0;0
24;32;0;0;0;0;0;0
24;32,1;0;0;0;0;0;0
24;32,2;0;0;0;0;0;0
24;32,3;0;0;0;0;0;0
24;32,4;0;0;0;0;0;0
24;32,5;0;0;0;0;0;0
24;32,6;0;0;0;0;0;0
24;32,7;0;0;0;0;0;0
24;32,8;0;0;0;0;0;0
24;32,9;0;0;0;0;0;0
24;33;0;0;0;0;0;0
24;33,1;0;0;0;0;0;0
24;33,2;0;0;0;0;0;0
24;33,3;0;0;0;0;0;0
24;33,4;0;0;0;0;0;0
24;33,5;0;0;0;0;0;0
24;33,6;0;0;0;0;0;0
24;33,7;0;0;0;0;0;0
24;33,8;0;0;0;0;0;0
24;33,9;0;0;0;0;0;0
24;34;0;0;0;0;0;0
24;34,1;0;0;0;0;0;0
24;34,2;0;0;0;0;0;0
24;34,3;0;0;0;0;0;0
24;34,4;0;0;0;0;0;0
24;34,5;0;0;0;0;0;0
24;34,6;0;0;0;0;0;0
24;34,7;0;0;0;0;0;0
24;34,8;0;0;0;0;0;0
24;34,9;0;0;0;0;0;0
24;35;0;0;0;0;0;0
24;35,1;0;0;0;0;0;0
24;35,2;0;0;0;0;0;0
24;35,3;0;0;0;0;0;0
24;35,4;0;0;0;0;0;0
24;35,5;0;0;0;0;0;0
24;35,6;0;0;0;0;0;0
24;35,7;0;0;0;0;0;0
24;35,8;0;0;0;0;0;0
24;35,9;0;0;0;0;0;0
24;36;0;0;0;0;0;0
24;36,1;0;0;0;0;0;0
24;36,2;0;0;0;0;0;0
24;36,3;0;0;0;0;0;0
24;36,4;0;0;0;0;0;0
24;36,5;0;0;0;0;0;0
24;36,6;0;0;0;0;0;0
24;36,7;0;0;0;0;0;0
24;36,8;0;0;0;0;0;0
24;36,9;0;0;0;0;0;0
24;37;0;0;0;0;0;0
24;37,1;0;0;0;0;0;0
24;37,2;0;0;0;0;0;0
24;37,3;0;0;0;0;0;0
24;37,4;0;0;0;0;0;0
24;37,5;0;0;0;0;0;0
24;37,6;0;0;0;0;0;0
24;37,7;0;0;0;0;0;0
24;37,8;0;0;0;0;0;0
24;37,9;0;0;0;0;0;0
24;38;0;0;0;0;0;0
24;38,1;0;0;0;0;0;0
24;38,2;0;0;0;0;0;0
24;38,3;0;0;0;0;0;0
24;38,4;0;0;0;0;0;0
24;38,5;0;0;0;0;0;0
24;38,6;0;0;0;0;0;0
24;38,7;0;0;0;0;0;0
24;38,8;0;0;0;0;0;0
24;38,9;0;0;0;0;0;0
24;39;0;0;0;0;0;0
24;39,1;0;0;0;0;0;0
24;39,2;0;0;0;0;0;0
24;39,3;0;0;0;0;0;0
24;39,4;0;0;0;0;0;0
24;39,5;0;0;0;0;0;0
24;39,6;0;0;0;0;0;0
24;39,7;0;0;0;0;0;0
24;39,8;0;0;0;0;0;0
24;39,9;0;0;0;0;0;0
24;40;0;0;0;0;0;0
25;0;0;0;0;0;0;0
25;0,1;0;0;0;0;0;0
25;0,2;0;0;0;0;0;0
25;0,3;0;0;0;0;0;0
25;0,4;0;0;0;0;0;0
25;0,5;0;0;0;0;0;0
25;0,6;0;0;0;0;0;0
25;0,7;0;0;0;0;0;0
25;0,8;0;0;0;0;0;0
25;0,9;0;0;0;0;0;0
25;1;0;0;0;0;0;0
25;1,1;0;0;0;0;0;0
25;1,2;0;0;0;0;0;0
25;1,3;0;0;0;0;0;0
25;1,4;0;0;0;0;0;0
25;1,5;0;0;0;0;0;0
25;1,6;0;0;0;0;0;0
25;1,7;0;0;0;0;0;0
25;1,8;0;0;0;0;0;0
25;1,9;0;0;0;0;0;0
25;2;0;0;0;0;0;0
25;2,1;0;0;0;0;0;0
25;2,2;0;0;0;0;0;0
25;2,3;0;0;0;0;0;0
25;2,4;0;0;0;0;0;0
25;2,5;0;0;0;0;0;0
25;2,6;0;0;0;0;0;0
25;2,7;0;0;0;0;0;0
25;2,8;0;0;0;0;0;0
25;2,9;0;0;0;0;0;0
25;3;0;0;0;0;0;0
25;3,1;0;0;0;0;0;0
25;3,2;0;0;0;0;0;0
25;3,3;0;0;0;0;0;0
25;3,4;0;0;0;0;0;0
25;3,5;0;0;0;0;0;0
25;3,6;0;0;0;0;0;0
25;3,7;0;0;0;0;0;0
25;3,8;0;0;0;0;0;0
25;3,9;0;0;0;0;0;0
25;4;0;0;0;0;0;0
25;4,1;0;0;0;0;0;0
25;4,2;0;0;0;0;0;0
25;4,3;0;0;0;0;0;0
25;4,4;0;0;0;0;0;0
25;4,5;0;0;0;0;0;0
25;4,6;0;0;0;0;0;0
25;4,7;0;0;0;0;0;0
25;4,8;0;0;0;0;0;0
25;4,9;0;0;0;0;0;0
25;5;0;0;0;0;0;0
25;5,1;0;0;0;0;0;0
25;5,2;0;0;0;0;0;0
25;5,3;0;0;0;0;0;0
25;5,4;0;0;0;0;0;0
25;5,5;0;0;0;0;0;0
25;5,6;0;0;0;0;0;0
25;5,7;0;0;0;0;0;0
25;5,8;0;0;0;0;0;0
25;5,9;0;0;0;0;0;0
25;6;0;0;0;0;0;0
25;6,1;0;0;0;0;0;0
25;6,2;0;0;0;0;0;0
25;6,3;0;0;0;0;0;0
25;6,4;0;0;0;0;0;0
25;6,5;0;0;0;0;0;0
25;6,6;0;0;0;0;0;0
25;6,7;0;0;0;0;0;0
25;6,8;0;0;0;0;0;0
25;6,9;0;0;0;0;0;0
25;7;0;0;0;0;0;0
25;7,1;0;0;0;0;0;0
25;7,2;0;0;0;0;0;0
25;7,3;0;0;0;0;0;0
25;7,4;0;0;0;0;0;0
25;7,5;0;0;0;0;0;0
25;7,6;0;0;0;0;0;0
25;7,7;0;0;0;0;0;0
25;7,8;0;0;0;0;0;0
25;7,9;0;0;0;0;0;0
25;8;0;0;0;0;0;0
25;8,1;0;0;0;0;0;0
25;8,2;0;0;0;0;0;0
25;8,3;0;0;0;0;0;0
25;8,4;0;0;0;0;0;0
25;8,5;0;0;0;0;0;0
25;8,6;0;0;0;0;0;0
25;8,7;0;0;0;0;0;0
25;8,8;0;0;0;0;0;0
25;8,9;0;0;0;0;0;0
25;9;0;0;0;0;0;0
25;9,1;0;0;0;0;0;0
25;9,2;0;0;0;0;0;0
25;9,3;0;0;0;0;0;0
25;9,4;0;0;0;0;0;0
25;9,5;0;0;0;0;0;0
25;9,6;0;0;0;0;0;0
25;9,7;0;0;0;0;0;0
25;9,8;0;0;0;0;0;0
25;9,9;0;0;0;0;0;0
25;10;0;0;0;0;0;0
25;10,1;0;0;0;0;0;0
25;10,2;0;0;0;0;0;0
25;10,3;0;0;0;0;0;0
25;10,4;0;0;0;0;0;0
25;10,5;0;0;0;0;0;0
25;10,6;0;0;0;0;0;0
25;10,7;0;0;0;0;0;0
25;10,8;0;0;0;0;0;0
25;10,9;0;0;0;0;0;0
25;11;0;0;0;0;0;0
25;11,1;0;0;0;0;0;0
25;11,2;0;0;0;0;0;0
25;11,3;0;0;0;0;0;0
25;11,4;0;0;0;0;0;0
25;11,5;0;0;0;0;0;0
25;11,6;0;0;0;0;0;0
25;11,7;0;0;0;0;0;0
25;11,8;0;0;0;0;0;0
25;11,9;0;0;0;0;0;0
25;12;0;0;0;0;0;0
25;12,1;0;0;0;0;0;0
25;12,2;0;0;0;0;0;0
25;12,3;0;0;0;0;0;0
25;12,4;0;0;0;0;0;0
25;12,5;0;0;0;0;0;0
25;12,6;0;0;0;0;0;0
25;12,7;0;0;0;0;0;0
25;12,8;0;0;0;0;0;0
25;12,9;0;0;0;0;0;0
25;13;0;0;0;0;0;0
25;13,1;0;0;0;0;0;0
25;13,2;0;0;0;0;0;0
25;13,3;0;0;0;0;0;0
25;13,4;0;0;0;0;0;0
25;13,5;0;0;0;0;0;0
25;13,6;0;0;0;0;0;0
25;13,7;0;0;0;0;0;0
25;13,8;0;0;0;0;0;0
25;13,9;0;0;0;0;0;0
25;14;0;0;0;0;0;0
25;14,1;0;0;0;0;0;0
25;14,2;0;0;0;0;0;0
25;14,3;0;0;0;0;0;0
25;14,4;0;0;0;0;0;0
25;14,5;0;0;0;0;0;0
25;14,6;0;0;0;0;0;0
25;14,7;0;0;0;0;0;0
25;14,8;0;0;0;0;0;0
25;14,9;0;0;0;0;0;0
25;15;0;0;0;0;0;0
25;15,1;0;0;0;0;0;0
25;15,2;0;0;0;0;0;0
25;15,3;0;0;0;0;0;0
25;15,4;0;0;0;0;0;0
25;15,5;0;0;0;0;0;0
25;15,6;0;0;0;0;0;0
25;15,7;0;0;0;0;0;0
25;15,8;0;0;0;0;0;0
25;15,9;0;0;0;0;0;0
25;16;0;0;0;0;0;0
25;16,1;0;0;0;0;0;0
25;16,2;0;0;0;0;0;0
25;16,3;0;0;0;0;0;0
25;16,4;0;0;0;0;0;0
25;16,5;0;0;0;0;0;0
25;16,6;0;0;0;0;0;0
25;16,7;0;0;0;0;0;0
25;16,8;0;0;0;0;0;0
25;16,9;0;0;0;0;0;0
25;17;0;0;0;0;0;0
25;17,1;0;0;0;0;0;0
25;17,2;0;0;0;0;0;0
25;17,3;0;0;0;0;0;0
25;17,4;0;0;0;0;0;0
25;17,5;0;0;0;0;0;0
25;17,6;0;0;0;0;0;0
25;17,7;0;0;0;0;0;0
25;17,8;0;0;0;0;0;0
25;17,9;0;0;0;0;0;0
25;18;0;0;0;0;0;0
25;18,1;0;0;0;0;0;0
25;18,2;0;0;0;0;0;0
25;18,3;0;0;0;0;0;0
25;18,4;0;0;0;0;0;0
25;18,5;0;0;0;0;0;0
25;18,6;0;0;0;0;0;0
25;18,7;0;0;0;0;0;0
25;18,8;0;0;0;0;0;0
25;18,9;0;0;0;0;0;0
25;19;0;0;0;0;0;0
25;19,1;0;0;0;0;0;0
25;19,2;0;0;0;0;0;0
25;19,3;0;0;0;0;0;0
25;19,4;0;0;0;0;0;0
25;19,5;0;0;0;0;0;0
25;19,6;0;0;0;0;0;0
25;19,7;0;0;0;0;0;0
25;19,8;0;0;0;0;0;0
25;19,9;0;0;0;0;0;0
25;20;0;0;0;0;0;0
25;20,1;0;0;0;0;0;0
25;20,2;0;0;0;0;0;0
25;20,3;0;0;0;0;0;0
25;20,4;0;0;0;0;0;0
25;20,5;0;0;0;0;0;0
25;20,6;0;0;0;0;0;0
25;20,7;0;0;0;0;0;0
25;20,8;0;0;0;0;0;0
25;20,9;0;0;0;0;0;0
25;21;0;0;0;0;0;0
25;21,1;0;0;0;0;0;0
25;21,2;0;0;0;0;0;0
25;21,3;0;0;0;0;0;0
25;21,4;0;0;0;0;0;0
25;21,5;0;0;0;0;0;0
25;21,6;0;0;0;0;0;0
25;21,7;0;0;0;0;0;0
25;21,8;0;0;0;0;0;0
25;21,9;0;0;0;0;0;0
25;22;0;0;0;0;0;0
25;22,1;0;0;0;0;0;0
25;22,2;0;0;0;0;0;0
25;22,3;0;0;0;0;0;0
25;22,4;0;0;0;0;0;0
25;22,5;0;0;0;0;0;0
25;22,6;0;0;0;0;0;0
25;22,7;0;0;0;0;0;0
25;22,8;0;0;0;0;0;0
25;22,9;0;0;0;0;0;0
25;23;0;0;0;0;0;0
25;23,1;0;0;0;0;0;0
25;23,2;0;0;0;0;0;0
25;23,3;0;0;0;0;0;0
25;23,4;0;0;0;0;0;0
25;23,5;0;0;0;0;0;0
25;23,6;0;0;0;0;0;0
25;23,7;0;0;0;0;0;0
25;23,8;0;0;0;0;0;0
25;23,9;0;0;0;0;0;0
25;24;0;0;0;0;0;0
25;24,1;0;0;0;0;0;0
25;24,2;0;0;0;0;0;0
25;24,3;0;0;0;0;0;0
25;24,4;0;0;0;0;0;0
25;24,5;0;0;0;0;0;0
25;24,6;0;0;0;0;0;0
25;24,7;0;0;0;0;0;0
25;24,8;0;0;0;0;0;0
25;24,9;0;0;0;0;0;0
25;25;0;0;0;0;0;0
25;25,1;0;0;0;0;0;0
25;25,2;0;0;0;0;0;0
25;25,3;0;0;0;0;0;0
25;25,4;0;0;0;0;0;0
25;25,5;0;0;0;0;0;0
25;25,6;0;0;0;0;0;0
25;25,7;0;0;0;0;0;0
25;25,8;0;0;0;0;0;0
25;25,9;0;0;0;0;0;0
25;26;0;0;0;0;0;0
25;26,1;0;0;0;0;0;0
25;26,2;0;0;0;0;0;0
25;26,3;0;0;0;0;0;0
25;26,4;0;0;0;0;0;0
25;26,5;0;0;0;0;0;0
25;26,6;0;0;0;0;0;0
25;26,7;0;0;0;0;0;0
25;26,8;0;0;0;0;0;0
25;26,9;0;0;0;0;0;0
25;27;0;0;0;0;0;0
25;27,1;0;0;0;0;0;0
25;27,2;0;0;0;0;0;0
25;27,3;0;0;0;0;0;0
25;27,4;0;0;0;0;0;0
25;27,5;0;0;0;0;0;0
25;27,6;0;0;0;0;0;0
25;27,7;0;0;0;0;0;0
25;27,8;0;0;0;0;0;0
25;27,9;0;0;0;0;0;0
25;28;0;0;0;0;0;0
25;28,1;0;0;0;0;0;0
25;28,2;0;0;0;0;0;0
25;28,3;0;0;0;0;0;0
25;28,4;0;0;0;0;0;0
25;28,5;0;0;0;0;0;0
25;28,6;0;0;0;0;0;0
25;28,7;0;0;0;0;0;0
25;28,8;0;0;0;0;0;0
25;28,9;0;0;0;0;0;0
25;29;0;0;0;0;0;0
25;29,1;0;0;0;0;0;0
25;29,2;0;0;0;0;0;0
25;29,3;0;0;0;0;0;0
25;29,4;0;0;0;0;0;0
25;29,5;0;0;0;0;0;0
25;29,6;0;0;0;0;0;0
25;29,7;0;0;0;0;0;0
25;29,8;0;0;0;0;0;0
25;29,9;0;0;0;0;0;0
25;30;0;0;0;0;0;0
25;30,1;0;0;0;0;0;0
25;30,2;0;0;0;0;0;0
25;30,3;0;0;0;0;0;0
25;30,4;0;0;0;0;0;0
25;30,5;0;0;0;0;0;0
25;30,6;0;0;0;0;0;0
25;30,7;0;0;0;0;0;0
25;30,8;0;0;0;0;0;0
25;30,9;0;0;0;0;0;0
25;31;0;0;0;0;0;0
25;31,1;0;0;0;0;0;0
25;31,2;0;0;0;0;0;0
25;31,3;0;0;0;0;0;0
25;31,4;0;0;0;0;0;0
25;31,5;0;0;0;0;0;0
25;31,6;0;0;0;0;0;0
25;31,7;0;0;0;0;0;0
25;31,8;0;0;0;0;0;0
25;31,9;0;0;0;0;0;0
25;32;0;0;0;0;0;0
25;32,1;0;0;0;0;0;0
25;32,2;0;0;0;0;0;0
25;32,3;0;0;0;0;0;0
25;32,4;0;0;0;0;0;0
25;32,5;0;0;0;0;0;0
25;32,6;0;0;0;0;0;0
25;32,7;0;0;0;0;0;0
25;32,8;0;0;0;0;0;0
25;32,9;0;0;0;0;0;0
25;33;0;0;0;0;0;0
25;33,1;0;0;0;0;0;0
25;33,2;0;0;0;0;0;0
25;33,3;0;0;0;0;0;0
25;33,4;0;0;0;0;0;0
25;33,5;0;0;0;0;0;0
25;33,6;0;0;0;0;0;0
25;33,7;0;0;0;0;0;0
25;33,8;0;0;0;0;0;0
25;33,9;0;0;0;0;0;0
25;34;0;0;0;0;0;0
25;34,1;0;0;0;0;0;0
25;34,2;0;0;0;0;0;0
25;34,3;0;0;0;0;0;0
25;34,4;0;0;0;0;0;0
25;34,5;0;0;0;0;0;0
25;34,6;0;0;0;0;0;0
25;34,7;0;0;0;0;0;0
25;34,8;0;0;0;0;0;0
25;34,9;0;0;0;0;0;0
25;35;0;0;0;0;0;0
25;35,1;0;0;0;0;0;0
25;35,2;0;0;0;0;0;0
25;35,3;0;0;0;0;0;0
25;35,4;0;0;0;0;0;0
25;35,5;0;0;0;0;0;0
25;35,6;0;0;0;0;0;0
25;35,7;0;0;0;0;0;0
25;35,8;0;0;0;0;0;0
25;35,9;0;0;0;0;0;0
25;36;0;0;0;0;0;0
25;36,1;0;0;0;0;0;0
25;36,2;0;0;0;0;0;0
25;36,3;0;0;0;0;0;0
25;36,4;0;0;0;0;0;0
25;36,5;0;0;0;0;0;0
25;36,6;0;0;0;0;0;0
25;36,7;0;0;0;0;0;0
25;36,8;0;0;0;0;0;0
25;36,9;0;0;0;0;0;0
25;37;0;0;0;0;0;0
25;37,1;0;0;0;0;0;0
25;37,2;0;0;0;0;0;0
25;37,3;0;0;0;0;0;0
25;37,4;0;0;0;0;0;0
25;37,5;0;0;0;0;0;0
25;37,6;0;0;0;0;0;0
25;37,7;0;0;0;0;0;0
25;37,8;0;0;0;0;0;0
25;37,9;0;0;0;0;0;0
25;38;0;0;0;0;0;0
25;38,1;0;0;0;0;0;0
25;38,2;0;0;0;0;0;0
25;38,3;0;0;0;0;0;0
25;38,4;0;0;0;0;0;0
25;38,5;0;0;0;0;0;0
25;38,6;0;0;0;0;0;0
25;38,7;0;0;0;0;0;0
25;38,8;0;0;0;0;0;0
25;38,9;0;0;0;0;0;0
25;39;0;0;0;0;0;0
25;39,1;0;0;0;0;0;0
25;39,2;0;0;0;0;0;0
25;39,3;0;0;0;0;0;0
25;39,4;0;0;0;0;0;0
25;39,5;0;0;0;0;0;0
25;39,6;0;0;0;0;0;0
25;39,7;0;0;0;0;0;0
25;39,8;0;0;0;0;0;0
25;39,9;0;0;0;0;0;0
25;40;0;0;0;0;0;0
26;0;0;0;0;0;0;0
26;0,1;-20,19768;14,9512;0,11667;-0,001939;-0,779;99,675
26;0,2;-22,59675;16,71067;0,12418;-0,002213;-0,829;111,405
26;0,3;25,74529;-18,92629;-0,18994;0,002742;1,268;-126,176
26;0,4;-21,65864;15,79639;0,21642;-0,002555;-1,444;105,311
26;0,5;12,92864;-9,24039;-0,21567;0,001901;1,439;-61,604
26;0,6;-2,84922;1,69993;0,20206;-0,00109;-1,349;11,334
26;0,7;-5,59151;4,60968;-0,18843;0,0004038;1,258;30,73
26;0,8;10,4426;-8,24259;0,18342;-0,00002669;-1,224;-54,95
26;0,9;-11,10415;8,75557;-0,19026;0,00001774;1,27;58,369
26;1;8,22124;-6,62937;0,20726;-0,0003208;-1,383;-44,195
26;1,1;-3,26759;2,95965;-0,22944;0,0008027;1,531;19,73
26;1,2;-2,01008;0,95552;0,25062;-0,001305;-1,673;6,372
26;1,3;6,1123;-4,00182;-0,26551;0,001691;1,772;-26,68
26;1,4;-8,13998;5,51094;0,27102;-0,00188;-1,809;36,741
26;1,5;7,91913;-5,35303;-0,26677;0,001856;1,781;-35,688
26;1,6;-5,90804;3,86783;0,25474;-0,001663;-1,7;25,787
26;1,7;2,95401;-1,684;-0,23838;0,001379;1,591;-11,228
26;1,8;0,00663;-0,50361;0,22141;-0,001091;-1,478;-3,356
26;1,9;-2,21427;2,1313;-0,20689;0,0008701;1,381;14,207
26;2;3,25349;-2,89087;0,19651;-0,0007542;-1,312;-19,271
26;2,1;-3,0967;2,76204;-0,19048;0,0007465;1,271;18,412
26;2,2;2,0364;-1,96213;0,18776;-0,0008205;-1,253;-13,08
26;2,3;-0,5454;0,84235;-0,18661;0,0009331;1,246;5,615
26;2,4;-0,88358;0,23138;0,18521;-0,001039;-1,236;1,544
26;2,5;1,87259;-0,97836;-0,18216;0,001105;1,216;-6,524
26;2,6;-2,23637;1,26096;0,1768;-0,001112;-1,18;8,408
26;2,7;1,99395;-1,09325;-0,16922;0,001064;1,13;-7,289
26;2,8;-1,32363;0,60758;0,16015;-0,0009764;-1,069;4,052
26;2,9;0,48435;0,00384;-0,15059;0,0008738;1,005;0,024
26;3;0,26913;-0,55187;0,14152;-0,0007795;-0,945;-3,678
26;3,1;-0,75346;0,9004;-0,13367;0,0007105;0,892;6,002
26;3,2;0,8919;-0,99247;0,12733;-0,000674;-0,85;-6,615
26;3,3;-0,71424;0,85021;-0,1224;0,0006673;0,817;5,667
26;3,4;0,32846;-0,55377;0,11847;-0,0006805;-0,791;-3,691
26;3,5;0,12307;0,20887;-0,11499;0,0007005;0,768;1,391
26;3,6;-0,50799;0,08621;0,11146;-0,0007151;-0,744;0,576
26;3,7;0,73715;-0,26529;-0,10753;0,0007163;0,718;-1,77
26;3,8;-0,77987;0,30561;0,10308;-0,000701;-0,688;2,038
26;3,9;0,66081;-0,22546;-0,0982;0,0006717;0,656;-1,504
26;4;-0,4426;0,07138;0,09313;-0,000634;-0,622;0,477
26;4,1;0,20188;0,09972;-0,08815;0,000595;0,589;0,664
26;4,2;-0,00621;-0,23769;0,08352;-0,0005608;-0,558;-1,584
26;4,3;-0,10216;0,31113;-0,07938;0,0005354;0,53;2,073
26;4,4;0,11252;-0,31208;0,07578;-0,0005196;-0,506;-2,08
26;4,5;-0,04246;0,2536;-0,07263;0,0005118;0,485;1,69
26;4,6;-0,07235;-0,16214;0,0698;-0,0005087;-0,466;-1,08
26;4,7;0,19119;0,06795;-0,06713;0,0005065;0,448;0,452
26;4,8;-0,28012;0,0038;0,06447;-0,0005022;-0,431;0,026
26;4,9;0,31974;-0,0387;-0,06175;0,0004937;0,412;-0,259
26;5;-0,30753;0,0349;0,05895;-0,0004811;-0,394;0,234
26;5,1;0,25528;-0,00117;-0,05612;0,0004651;0,375;-0,00871
26;5,2;-0,18322;-0,04748;0,05332;-0,0004478;-0,356;-0,316
26;5,3;0,11298;0,09497;-0,05063;0,0004311;0,338;0,632
26;5,4;-0,06159;-0,12864;0,04812;-0,0004165;-0,321;-0,857
26;5,5;0,03785;0,14197;-0,0458;0,0004048;0,306;0,946
26;5,6;-0,04159;-0,13507;0,04369;-0,000396;-0,292;-0,9
26;5,7;0,06542;0,11341;-0,04174;0,0003894;0,279;0,755
26;5,8;-0,09815;-0,0853;0,03991;-0,000384;-0,267;-0,568
26;5,9;0,12846;0,05914;-0,03815;0,0003787;0,255;0,393
26;6;-0,14793;-0,04117;0,03643;-0,0003726;-0,243;-0,274
26;6,1;0,15273;0,03423;-0,03472;0,0003656;0,232;0,227
26;6,2;-0,14374;-0,03766;0,03304;-0,0003575;-0,221;-0,25
26;6,3;0,12537;0,04818;-0,03139;0,0003488;0,21;0,32
26;6,4;-0,10376;-0,06123;0,02979;-0,0003401;-0,199;-0,407
26;6,5;0,08471;0,0725;-0,02827;0,0003319;0,189;0,482
26;6,6;-0,0723;-0,07895;0,02683;-0,0003246;-0,179;-0,525
26;6,7;0,06805;0,07945;-0,02549;0,0003183;0,17;0,529
26;6,8;-0,07105;-0,07466;0,02423;-0,0003128;-0,162;-0,497
26;6,9;0,07867;0,06655;-0,02304;0,000308;0,154;0,443
26;7;-0,08757;-0,05759;0,0219;-0,0003035;-0,146;-0,383
26;7,1;0,09472;0,05;-0,02081;0,000299;0,139;0,333
26;7,2;-0,09819;-0,04525;0,01975;-0,0002945;-0,132;-0,301
26;7,3;0,09738;0,04375;-0,01873;0,0002897;0,125;0,291
26;7,4;-0,09297;-0,04501;0,01773;-0,0002847;-0,119;-0,299
26;7,5;0,08648;0,04789;-0,01676;0,0002797;0,112;0,318
26;7,6;-0,07968;-0,05108;0,01584;-0,0002749;-0,106;-0,34
26;7,7;0,0741;0,05342;-0,01496;0,0002703;0,1;0,355
26;7,8;-0,07065;-0,05425;0,01412;-0,0002661;-0,095;-0,361
26;7,9;0,06952;0,05343;-0,01333;0,0002623;0,089;0,355
26;8;-0,07023;-0,0513;0,01258;-0,0002587;-0,084;-0,341
26;8,1;0,07193;0,0485;-0,01186;0,0002554;0,079;0,323
26;8,2;-0,07366;-0,04573;0,01118;-0,0002522;-0,075;-0,304
26;8,3;0,07468;0,04354;-0,01052;0,000249;0,071;0,29
26;8,4;-0,07455;-0,04226;0,00989;-0,0002459;-0,066;-0,281
26;8,5;0,07326;0,04189;-0,00928;0,0002427;0,062;0,279
26;8,6;-0,07111;-0,04221;0,00869;-0,0002396;-0,058;-0,281
26;8,7;0,06857;0,04286;-0,00812;0,0002366;0,055;0,285
26;8,8;-0,06615;-0,04347;0,00758;-0,0002337;-0,051;-0,289
26;8,9;0,06422;0,04376;-0,00707;0,0002309;0,047;0,291
26;9;-0,06296;-0,04358;0,00658;-0,0002282;-0,044;-0,29
26;9,1;0,06236;0,04296;-0,00611;0,0002257;0,041;0,286
26;9,2;-0,06223;-0,04203;0,00567;-0,0002233;-0,038;-0,279
26;9,3;0,06231;0,04098;-0,00524;0,0002211;0,035;0,272
26;9,4;-0,06232;-0,04001;0,00483;-0,0002189;-0,033;-0,266
26;9,5;0,06209;0,03925;-0,00444;0,0002167;0,03;0,261
26;9,6;-0,06154;-0,03876;0,00407;-0,0002146;-0,027;-0,258
26;9,7;0,0607;0,03852;-0,00371;0,0002125;0,025;0,256
26;9,8;-0,05967;-0,03845;0,00336;-0,0002105;-0,023;-0,256
26;9,9;0,0586;0,03843;-0,00303;0,0002085;0,021;0,255
26;10;-0,05762;-0,03838;0,00272;-0,0002066;-0,018;-0,255
26;10,1;0,05681;0,03822;-0,00242;0,0002047;0,016;0,254
26;10,2;-0,05622;-0,03793;0,00213;-0,000203;-0,015;-0,252
26;10,3;0,05581;0,03752;-0,00185;0,0002013;0,013;0,249
26;10,4;-0,05551;-0,03706;0,00159;-0,0001997;-0,011;-0,246
26;10,5;0,05525;0,03658;-0,00134;0,0001981;0,009256;0,243
26;10,6;-0,05496;-0,03615;0,0011;-0,0001965;-0,007657;-0,24
26;10,7;0,0546;0,0358;-0,00087;0,000195;0,006126;0,238
26;10,8;-0,05415;-0,03553;0,00065;-0,0001936;-0,004661;-0,236
26;10,9;0,05363;0,03532;-0,00044;0,0001921;0,003258;0,235
26;11;-0,05308;-0,03516;0,00024;-0,0001907;-0,001916;-0,234
26;11,1;0,05254;0,03501;-0,0000509;0,0001894;0,0006337;0,233
26;11,2;-0,05204;-0,03484;-0,00013;-0,000188;0,0005911;-0,232
26;11,3;0,0516;0,03464;0,00031;0,0001867;-0,00176;0,23
26;11,4;-0,05123;-0,03441;-0,00047;-0,0001855;0,002876;-0,229
26;11,5;0,05091;0,03415;0,00063;0,0001843;-0,00394;0,227
26;11,6;-0,05062;-0,03389;-0,00079;-0,0001831;0,004956;-0,225
26;11,7;0,05034;0,03363;0,00093;0,000182;-0,005926;0,224
26;11,8;-0,05004;-0,0334;-0,00107;-0,0001808;0,006853;-0,222
26;11,9;0,04973;0,03318;0,0012;0,0001797;-0,007738;0,221
26;12;-0,0494;-0,033;-0,00133;-0,0001787;0,008584;-0,219
26;12,1;0,04906;0,03283;0,00145;0,0001776;-0,009392;0,218
26;12,2;-0,04872;-0,03267;-0,00157;-0,0001766;0,01;-0,217
26;12,3;0,04839;0,03252;0,00168;0,0001756;-0,011;0,216
26;12,4;-0,04808;-0,03236;-0,00178;-0,0001746;0,012;-0,215
26;12,5;0,04779;0,0322;0,00188;0,0001737;-0,012;0,214
26;12,6;-0,04752;-0,03203;-0,00198;-0,0001727;0,013;-0,213
26;12,7;0,04727;0,03185;0,00207;0,0001718;-0,014;0,212
26;12,8;-0,04703;-0,03168;-0,00215;-0,0001709;0,014;-0,211
26;12,9;0,04679;0,03151;0,00224;0,0001701;-0,015;0,209
26;13;-0,04655;-0,03135;-0,00231;-0,0001692;0,015;-0,208
26;13,1;0,04631;0,03119;0,00239;0,0001684;-0,016;0,207
26;13,2;-0,04606;-0,03105;-0,00246;-0,0001675;0,016;-0,206
26;13,3;0,04582;0,03091;0,00253;0,0001667;-0,017;0,205
26;13,4;-0,04558;-0,03078;-0,00259;-0,0001659;0,017;-0,205
26;13,5;0,04535;0,03065;0,00265;0,0001651;-0,017;0,204
26;13,6;-0,04513;-0,03052;-0,00271;-0,0001644;0,018;-0,203
26;13,7;0,04491;0,03038;0,00277;0,0001636;-0,018;0,202
26;13,8;-0,04471;-0,03025;-0,00282;-0,0001629;0,019;-0,201
26;13,9;0,04451;0,03012;0,00287;0,0001622;-0,019;0,2
26;14;-0,04431;-0,02999;-0,00292;-0,0001615;0,019;-0,199
26;14,1;0,04412;0,02986;0,00296;0,0001607;-0,02;0,198
26;14,2;-0,04392;-0,02973;-0,00301;-0,0001601;0,02;-0,198
26;14,3;0,04373;0,02961;0,00305;0,0001594;-0,02;0,197
26;14,4;-0,04354;-0,0295;-0,00309;-0,0001587;0,02;-0,196
26;14,5;0,04336;0,02938;0,00312;0,000158;-0,021;0,195
26;14,6;-0,04317;-0,02927;-0,00316;-0,0001574;0,021;-0,194
26;14,7;0,04299;0,02916;0,00319;0,0001567;-0,021;0,194
26;14,8;-0,04282;-0,02905;-0,00322;-0,0001561;0,021;-0,193
26;14,9;0,04265;0,02894;0,00325;0,0001555;-0,021;0,192
26;15;-0,04248;-0,02883;-0,00328;-0,0001549;0,022;-0,192
26;15,1;0,04231;0,02872;0,0033;0,0001543;-0,022;0,191
26;15,2;-0,04215;-0,02861;-0,00333;-0,0001537;0,022;-0,19
26;15,3;0,04199;0,02851;0,00335;0,0001531;-0,022;0,189
26;15,4;-0,04183;-0,0284;-0,00337;-0,0001525;0,022;-0,189
26;15,5;0,04167;0,0283;0,00339;0,0001519;-0,022;0,188
26;15,6;-0,04151;-0,0282;-0,00341;-0,0001513;0,023;-0,187
26;15,7;0,04136;0,0281;0,00343;0,0001508;-0,023;0,187
26;15,8;-0,04121;-0,028;-0,00345;-0,0001502;0,023;-0,186
26;15,9;0,04106;0,02791;0,00346;0,0001496;-0,023;0,185
26;16;-0,04091;-0,02781;-0,00348;-0,0001491;0,023;-0,185
26;16,1;0,04076;0,02772;0,00349;0,0001485;-0,023;0,184
26;16,2;-0,04062;-0,02762;-0,0035;-0,000148;0,023;-0,184
26;16,3;0,04048;0,02753;0,00351;0,0001475;-0,023;0,183
26;16,4;-0,04034;-0,02744;-0,00352;-0,0001469;0,023;-0,182
26;16,5;0,0402;0,02734;0,00353;0,0001464;-0,023;0,182
26;16,6;-0,04006;-0,02725;-0,00354;-0,0001459;0,023;-0,181
26;16,7;0,03992;0,02716;0,00355;0,0001454;-0,023;0,18
26;16,8;-0,03979;-0,02708;-0,00356;-0,0001449;0,024;-0,18
26;16,9;0,03965;0,02699;0,00357;0,0001444;-0,024;0,179
26;17;-0,03952;-0,0269;-0,00357;-0,0001439;0,024;-0,179
26;17,1;0,03939;0,02681;0,00358;0,0001434;-0,024;0,178
26;17,2;-0,03926;-0,02673;-0,00358;-0,0001429;0,024;-0,178
26;17,3;0,03913;0,02664;0,00359;0,0001424;-0,024;0,177
26;17,4;-0,03901;-0,02656;-0,00359;-0,0001419;0,024;-0,176
26;17,5;0,03888;0,02647;0,00359;0,0001414;-0,024;0,176
26;17,6;-0,03875;-0,02639;-0,0036;-0,000141;0,024;-0,175
26;17,7;0,03863;0,02631;0,0036;0,0001405;-0,024;0,175
26;17,8;-0,03851;-0,02623;-0,0036;-0,00014;0,024;-0,174
26;17,9;0,03838;0,02615;0,0036;0,0001395;-0,024;0,174
26;18;-0,03826;-0,02607;-0,0036;-0,0001391;0,024;-0,173
26;18,1;0,03814;0,02598;0,0036;0,0001386;-0,024;0,173
26;18,2;-0,03802;-0,02591;-0,0036;-0,0001382;0,024;-0,172
26;18,3;0,0379;0,02583;0,0036;0,0001377;-0,024;0,172
26;18,4;-0,03779;-0,02575;-0,0036;-0,0001372;0,024;-0,171
26;18,5;0,03767;0,02567;0,0036;0,0001368;-0,024;0,171
26;18,6;-0,03755;-0,02559;-0,0036;-0,0001363;0,024;-0,17
26;18,7;0,03744;0,02551;0,0036;0,0001359;-0,024;0,17
26;18,8;-0,03732;-0,02544;-0,00359;-0,0001355;0,024;-0,169
26;18,9;0,03721;0,02536;0,00359;0,000135;-0,024;0,169
26;19;-0,0371;-0,02529;-0,00359;-0,0001346;0,024;-0,168
26;19,1;0,03699;0,02521;0,00359;0,0001342;-0,024;0,167
26;19,2;-0,03687;-0,02513;-0,00358;-0,0001337;0,024;-0,167
26;19,3;0,03676;0,02506;0,00358;0,0001333;-0,024;0,167
26;19,4;-0,03665;-0,02499;-0,00358;-0,0001329;0,024;-0,166
26;19,5;0,03654;0,02491;0,00357;0,0001324;-0,024;0,166
26;19,6;-0,03643;-0,02484;-0,00357;-0,000132;0,024;-0,165
26;19,7;0,03633;0,02477;0,00357;0,0001316;-0,024;0,165
26;19,8;-0,03622;-0,02469;-0,00356;-0,0001312;0,024;-0,164
26;19,9;0,03611;0,02462;0,00356;0,0001308;-0,024;0,164
26;20;-0,036;-0,02455;-0,00355;-0,0001303;0,023;-0,163
26;20,1;0,0359;0,02448;0,00355;0,0001299;-0,023;0,163
26;20,2;-0,03579;-0,02441;-0,00354;-0,0001295;0,023;-0,162
26;20,3;0,03569;0,02433;0,00354;0,0001291;-0,023;0,162
26;20,4;-0,03558;-0,02426;-0,00353;-0,0001287;0,023;-0,161
26;20,5;0,03548;0,02419;0,00353;0,0001283;-0,023;0,161
26;20,6;-0,03537;-0,02412;-0,00352;-0,0001279;0,023;-0,16
26;20,7;0,03527;0,02405;0,00351;0,0001275;-0,023;0,16
26;20,8;-0,03517;-0,02398;-0,00351;-0,0001271;0,023;-0,159
26;20,9;0,03507;0,02392;0,0035;0,0001267;-0,023;0,159
26;21;-0,03497;-0,02385;-0,0035;-0,0001263;0,023;-0,158
26;21,1;0,03486;0,02378;0,00349;0,0001259;-0,023;0,158
26;21,2;-0,03476;-0,02371;-0,00349;-0,0001255;0,023;-0,158
26;21,3;0,03466;0,02364;0,00348;0,0001251;-0,023;0,157
26;21,4;-0,03456;-0,02357;-0,00347;-0,0001247;0,023;-0,157
26;21,5;0,03446;0,02351;0,00347;0,0001243;-0,023;0,156
26;21,6;-0,03436;-0,02344;-0,00346;-0,0001239;0,023;-0,156
26;21,7;0,03427;0,02337;0,00345;0,0001235;-0,023;0,155
26;21,8;-0,03417;-0,02331;-0,00345;-0,0001232;0,023;-0,155
26;21,9;0,03407;0,02324;0,00344;0,0001228;-0,023;0,154
26;22;-0,03397;-0,02317;-0,00343;-0,0001224;0,023;-0,154
26;22,1;0,03388;0,02311;0,00343;0,000122;-0,023;0,154
26;22,2;-0,03378;-0,02304;-0,00342;-0,0001216;0,023;-0,153
26;22,3;0,03368;0,02298;0,00341;0,0001213;-0,023;0,153
26;22,4;-0,03359;-0,02291;-0,00341;-0,0001209;0,023;-0,152
26;22,5;0,03349;0,02285;0,0034;0,0001205;-0,022;0,152
26;22,6;-0,0334;-0,02278;-0,00339;-0,0001201;0,022;-0,151
26;22,7;0,0333;0,02272;0,00338;0,0001198;-0,022;0,151
26;22,8;-0,03321;-0,02265;-0,00338;-0,0001194;0,022;-0,15
26;22,9;0,03311;0,02259;0,00337;0,000119;-0,022;0,15
26;23;-0,03302;-0,02252;-0,00336;-0,0001187;0,022;-0,15
26;23,1;0,03293;0,02246;0,00336;0,0001183;-0,022;0,149
26;23,2;-0,03283;-0,0224;-0,00335;-0,0001179;0,022;-0,149
26;23,3;0,03274;0,02233;0,00334;0,0001176;-0,022;0,148
26;23,4;-0,03265;-0,02227;-0,00333;-0,0001172;0,022;-0,148
26;23,5;0,03255;0,02221;0,00333;0,0001168;-0,022;0,148
26;23,6;-0,03246;-0,02215;-0,00332;-0,0001165;0,022;-0,147
26;23,7;0,03237;0,02208;0,00331;0,0001161;-0,022;0,147
26;23,8;-0,03228;-0,02202;-0,00331;-0,0001158;0,022;-0,146
26;23,9;0,03219;0,02196;0,0033;0,0001154;-0,022;0,146
26;24;-0,0321;-0,0219;-0,00329;-0,000115;0,022;-0,145
26;24,1;0,03201;0,02184;0,00328;0,0001147;-0,022;0,145
26;24,2;-0,03192;-0,02178;-0,00328;-0,0001143;0,022;-0,145
26;24,3;0,03183;0,02172;0,00327;0,000114;-0,022;0,144
26;24,4;-0,03174;-0,02165;-0,00326;-0,0001136;0,022;-0,144
26;24,5;0,03165;0,02159;0,00325;0,0001133;-0,022;0,143
26;24,6;-0,03156;-0,02153;-0,00325;-0,0001129;0,021;-0,143
26;24,7;0,03147;0,02147;0,00324;0,0001126;-0,021;0,143
26;24,8;-0,03139;-0,02141;-0,00323;-0,0001122;0,021;-0,142
26;24,9;0,0313;0,02135;0,00322;0,0001119;-0,021;0,142
26;25;-0,03121;-0,02129;-0,00322;-0,0001116;0,021;-0,141
26;25,1;0,03112;0,02123;0,00321;0,0001112;-0,021;0,141
26;25,2;-0,03104;-0,02117;-0,0032;-0,0001109;0,021;-0,141
26;25,3;0,03095;0,02112;0,0032;0,0001105;-0,021;0,14
26;25,4;-0,03086;-0,02106;-0,00319;-0,0001102;0,021;-0,14
26;25,5;0,03078;0,021;0,00318;0,0001099;-0,021;0,139
26;25,6;-0,03069;-0,02094;-0,00317;-0,0001095;0,021;-0,139
26;25,7;0,0306;0,02088;0,00317;0,0001092;-0,021;0,139
26;25,8;-0,03052;-0,02082;-0,00316;-0,0001088;0,021;-0,138
26;25,9;0,03043;0,02076;0,00315;0,0001085;-0,021;0,138
26;26;-0,03035;-0,02071;-0,00314;-0,0001082;0,021;-0,138
26;26,1;0,03027;0,02065;0,00314;0,0001078;-0,021;0,137
26;26,2;-0,03018;-0,02059;-0,00313;-0,0001075;0,021;-0,137
26;26,3;0,0301;0,02053;0,00312;0,0001072;-0,021;0,136
26;26,4;-0,03001;-0,02048;-0,00311;-0,0001069;0,021;-0,136
26;26,5;0,02993;0,02042;0,00311;0,0001065;-0,021;0,136
26;26,6;-0,02985;-0,02036;-0,0031;-0,0001062;0,02;-0,135
26;26,7;0,02976;0,02031;0,00309;0,0001059;-0,02;0,135
26;26,8;-0,02968;-0,02025;-0,00309;-0,0001055;0,02;-0,135
26;26,9;0,0296;0,02019;0,00308;0,0001052;-0,02;0,134
26;27;-0,02952;-0,02014;-0,00307;-0,0001049;0,02;-0,134
26;27,1;0,02943;0,02008;0,00306;0,0001046;-0,02;0,133
26;27,2;-0,02935;-0,02003;-0,00306;-0,0001043;0,02;-0,133
26;27,3;0,02927;0,01997;0,00305;0,0001039;-0,02;0,133
26;27,4;-0,02919;-0,01992;-0,00304;-0,0001036;0,02;-0,132
26;27,5;0,02911;0,01986;0,00303;0,0001033;-0,02;0,132
26;27,6;-0,02903;-0,0198;-0,00303;-0,000103;0,02;-0,132
26;27,7;0,02895;0,01975;0,00302;0,0001027;-0,02;0,131
26;27,8;-0,02887;-0,0197;-0,00301;-0,0001024;0,02;-0,131
26;27,9;0,02879;0,01964;0,00301;0,000102;-0,02;0,13
26;28;-0,02871;-0,01959;-0,003;-0,0001017;0,02;-0,13
26;28,1;0,02863;0,01953;0,00299;0,0001014;-0,02;0,13
26;28,2;-0,02855;-0,01948;-0,00298;-0,0001011;0,02;-0,129
26;28,3;0,02847;0,01942;0,00298;0,0001008;-0,02;0,129
26;28,4;-0,02839;-0,01937;-0,00297;-0,0001005;0,02;-0,129
26;28,5;0,02831;0,01932;0,00296;0,0001002;-0,02;0,128
26;28,6;-0,02823;-0,01926;-0,00296;-0,00009987;0,02;-0,128
26;28,7;0,02816;0,01921;0,00295;0,00009956;-0,02;0,128
26;28,8;-0,02808;-0,01916;-0,00294;-0,00009926;0,019;-0,127
26;28,9;0,028;0,0191;0,00294;0,00009895;-0,019;0,127
26;29;-0,02792;-0,01905;-0,00293;-0,00009865;0,019;-0,127
26;29,1;0,02784;0,019;0,00292;0,00009835;-0,019;0,126
26;29,2;-0,02777;-0,01895;-0,00291;-0,00009805;0,019;-0,126
26;29,3;0,02769;0,01889;0,00291;0,00009774;-0,019;0,126
26;29,4;-0,02761;-0,01884;-0,0029;-0,00009744;0,019;-0,125
26;29,5;0,02754;0,01879;0,00289;0,00009715;-0,019;0,125
26;29,6;-0,02746;-0,01874;-0,00289;-0,00009685;0,019;-0,124
26;29,7;0,02739;0,01869;0,00288;0,00009655;-0,019;0,124
26;29,8;-0,02731;-0,01863;-0,00287;-0,00009625;0,019;-0,124
26;29,9;0,02724;0,01858;0,00287;0,00009596;-0,019;0,123
26;30;-0,02716;-0,01853;-0,00286;-0,00009566;0,019;-0,123
26;30,1;0,02709;0,01848;0,00285;0,00009537;-0,019;0,123
26;30,2;-0,02701;-0,01843;-0,00285;-0,00009508;0,019;-0,122
26;30,3;0,02694;0,01838;0,00284;0,00009479;-0,019;0,122
26;30,4;-0,02686;-0,01833;-0,00283;-0,0000945;0,019;-0,122
26;30,5;0,02679;0,01828;0,00283;0,00009421;-0,019;0,121
26;30,6;-0,02671;-0,01823;-0,00282;-0,00009392;0,019;-0,121
26;30,7;0,02664;0,01818;0,00281;0,00009363;-0,019;0,121
26;30,8;-0,02657;-0,01813;-0,00281;-0,00009334;0,019;-0,12
26;30,9;0,02649;0,01808;0,0028;0,00009306;-0,019;0,12
26;31;-0,02642;-0,01803;-0,00279;-0,00009277;0,018;-0,12
26;31,1;0,02635;0,01798;0,00279;0,00009249;-0,018;0,119
26;31,2;-0,02628;-0,01793;-0,00278;-0,0000922;0,018;-0,119
26;31,3;0,0262;0,01788;0,00277;0,00009192;-0,018;0,119
26;31,4;-0,02613;-0,01783;-0,00277;-0,00009164;0,018;-0,118
26;31,5;0,02606;0,01778;0,00276;0,00009135;-0,018;0,118
26;31,6;-0,02599;-0,01773;-0,00275;-0,00009107;0,018;-0,118
26;31,7;0,02592;0,01768;0,00275;0,00009079;-0,018;0,117
26;31,8;-0,02584;-0,01763;-0,00274;-0,00009052;0,018;-0,117
26;31,9;0,02577;0,01758;0,00273;0,00009024;-0,018;0,117
26;32;-0,0257;-0,01754;-0,00273;-0,00008996;0,018;-0,116
26;32,1;0,02563;0,01749;0,00272;0,00008968;-0,018;0,116
26;32,2;-0,02556;-0,01744;-0,00272;-0,00008941;0,018;-0,116
26;32,3;0,02549;0,01739;0,00271;0,00008914;-0,018;0,116
26;32,4;-0,02542;-0,01734;-0,0027;-0,00008886;0,018;-0,115
26;32,5;0,02535;0,0173;0,0027;0,00008859;-0,018;0,115
26;32,6;-0,02528;-0,01725;-0,00269;-0,00008832;0,018;-0,115
26;32,7;0,02521;0,0172;0,00268;0,00008805;-0,018;0,114
26;32,8;-0,02514;-0,01715;-0,00268;-0,00008777;0,018;-0,114
26;32,9;0,02507;0,01711;0,00267;0,00008751;-0,018;0,114
26;33;-0,02501;-0,01706;-0,00266;-0,00008724;0,018;-0,113
26;33,1;0,02494;0,01701;0,00266;0,00008697;-0,018;0,113
26;33,2;-0,02487;-0,01697;-0,00265;-0,0000867;0,018;-0,113
26;33,3;0,0248;0,01692;0,00265;0,00008643;-0,018;0,112
26;33,4;-0,02473;-0,01687;-0,00264;-0,00008617;0,017;-0,112
26;33,5;0,02466;0,01683;0,00263;0,0000859;-0,017;0,112
26;33,6;-0,0246;-0,01678;-0,00263;-0,00008564;0,017;-0,111
26;33,7;0,02453;0,01673;0,00262;0,00008538;-0,017;0,111
26;33,8;-0,02446;-0,01669;-0,00261;-0,00008512;0,017;-0,111
26;33,9;0,02439;0,01664;0,00261;0,00008485;-0,017;0,111
26;34;-0,02433;-0,0166;-0,0026;-0,00008459;0,017;-0,11
26;34,1;0,02426;0,01655;0,0026;0,00008433;-0,017;0,11
26;34,2;-0,02419;-0,01651;-0,00259;-0,00008407;0,017;-0,11
26;34,3;0,02413;0,01646;0,00258;0,00008382;-0,017;0,109
26;34,4;-0,02406;-0,01642;-0,00258;-0,00008356;0,017;-0,109
26;34,5;0,024;0,01637;0,00257;0,0000833;-0,017;0,109
26;34,6;-0,02393;-0,01633;-0,00257;-0,00008304;0,017;-0,108
26;34,7;0,02387;0,01628;0,00256;0,00008279;-0,017;0,108
26;34,8;-0,0238;-0,01624;-0,00255;-0,00008253;0,017;-0,108
26;34,9;0,02373;0,01619;0,00255;0,00008228;-0,017;0,108
26;35;-0,02367;-0,01615;-0,00254;-0,00008203;0,017;-0,107
26;35,1;0,02361;0,0161;0,00254;0,00008178;-0,017;0,107
26;35,2;-0,02354;-0,01606;-0,00253;-0,00008152;0,017;-0,107
26;35,3;0,02348;0,01602;0,00252;0,00008127;-0,017;0,106
26;35,4;-0,02341;-0,01597;-0,00252;-0,00008102;0,017;-0,106
26;35,5;0,02335;0,01593;0,00251;0,00008077;-0,017;0,106
26;35,6;-0,02328;-0,01589;-0,00251;-0,00008053;0,017;-0,106
26;35,7;0,02322;0,01584;0,0025;0,00008028;-0,017;0,105
26;35,8;-0,02316;-0,0158;-0,0025;-0,00008003;0,017;-0,105
26;35,9;0,02309;0,01576;0,00249;0,00007978;-0,016;0,105
26;36;-0,02303;-0,01571;-0,00248;-0,00007954;0,016;-0,104
26;36,1;0,02297;0,01567;0,00248;0,00007929;-0,016;0,104
26;36,2;-0,02291;-0,01563;-0,00247;-0,00007905;0,016;-0,104
26;36,3;0,02284;0,01558;0,00247;0,00007881;-0,016;0,104
26;36,4;-0,02278;-0,01554;-0,00246;-0,00007856;0,016;-0,103
26;36,5;0,02272;0,0155;0,00246;0,00007832;-0,016;0,103
26;36,6;-0,02266;-0,01546;-0,00245;-0,00007808;0,016;-0,103
26;36,7;0,02259;0,01541;0,00244;0,00007784;-0,016;0,102
26;36,8;-0,02253;-0,01537;-0,00244;-0,0000776;0,016;-0,102
26;36,9;0,02247;0,01533;0,00243;0,00007736;-0,016;0,102
26;37;-0,02241;-0,01529;-0,00243;-0,00007712;0,016;-0,102
26;37,1;0,02235;0,01525;0,00242;0,00007689;-0,016;0,101
26;37,2;-0,02229;-0,01521;-0,00242;-0,00007665;0,016;-0,101
26;37,3;0,02223;0,01516;0,00241;0,00007641;-0,016;0,101
26;37,4;-0,02217;-0,01512;-0,0024;-0,00007618;0,016;-0,1
26;37,5;0,02211;0,01508;0,0024;0,00007594;-0,016;0,1
26;37,6;-0,02205;-0,01504;-0,00239;-0,00007571;0,016;-0,1
26;37,7;0,02199;0,015;0,00239;0,00007548;-0,016;0,1
26;37,8;-0,02193;-0,01496;-0,00238;-0,00007524;0,016;-0,099
26;37,9;0,02187;0,01492;0,00238;0,00007501;-0,016;0,099
26;38;-0,02181;-0,01488;-0,00237;-0,00007478;0,016;-0,099
26;38,1;0,02175;0,01484;0,00237;0,00007455;-0,016;0,099
26;38,2;-0,02169;-0,0148;-0,00236;-0,00007432;0,016;-0,098
26;38,3;0,02163;0,01476;0,00236;0,00007409;-0,016;0,098
26;38,4;-0,02157;-0,01472;-0,00235;-0,00007386;0,016;-0,098
26;38,5;0,02151;0,01468;0,00234;0,00007364;-0,016;0,097
26;38,6;-0,02145;-0,01464;-0,00234;-0,00007341;0,015;-0,097
26;38,7;0,0214;0,0146;0,00233;0,00007318;-0,015;0,097
26;38,8;-0,02134;-0,01456;-0,00233;-0,00007296;0,015;-0,097
26;38,9;0,02128;0,01452;0,00232;0,00007273;-0,015;0,096
26;39;-0,02122;-0,01448;-0,00232;-0,00007251;0,015;-0,096
26;39,1;0,02116;0,01444;0,00231;0,00007228;-0,015;0,096
26;39,2;-0,02111;-0,0144;-0,00231;-0,00007206;0,015;-0,096
26;39,3;0,02105;0,01436;0,0023;0,00007184;-0,015;0,095
26;39,4;-0,02099;-0,01432;-0,0023;-0,00007162;0,015;-0,095
26;39,5;0,02093;0,01428;0,00229;0,0000714;-0,015;0,095
26;39,6;-0,02088;-0,01424;-0,00229;-0,00007118;0,015;-0,095
26;39,7;0,02082;0,0142;0,00228;0,00007096;-0,015;0,094
26;39,8;-0,02076;-0,01417;-0,00228;-0,00007074;0,015;-0,094
26;39,9;0,02071;0,01413;0,00227;0,00007052;-0,015;0,094
26;40;-0,02065;-0,01409;-0,00227;-0,0000703;0,015;-0,094
27;0;0;0;0;0;0;0
27;0,1;-36,04243;26,48336;0,17848;-0,001383;-1,19;176,557
27;0,2;-40,36407;29,66491;0,18363;-0,001522;-1,225;197,767
27;0,3;45,34187;-33,06084;-0,27838;0,001816;1,857;-220,407
27;0,4;-37,42139;26,98001;0,31526;-0,001628;-2,103;179,868
27;0,5;21,26894;-14,86193;-0,31212;0,001128;2,082;-99,081
27;0,6;-2,81969;1,08656;0,29025;-0,0005323;-1,936;7,245
27;0,7;-12,5445;10,37367;-0,26873;0,00003467;1,792;69,157
27;0,8;21,31703;-16,93176;0,26033;0,0002379;-1,736;-112,878
27;0,9;-22,4337;17,80585;-0,26985;-0,000246;1,8;118,705
27;1;17,08043;-13,87721;0,29469;0,00003066;-1,966;-92,514
27;1,1;-7,93993;7,13329;-0,32738;0,0003136;2,184;47,554
27;1,2;-1,81353;0,07556;0,35868;-0,0006746;-2,392;0,505
27;1,3;9,45506;-5,73184;-0,38066;0,0009557;2,539;-38,214
27;1,4;-13,34797;8,62323;0,38868;-0,001099;-2,593;57,49
27;1,5;13,16911;-8,50919;-0,38217;0,001094;2,549;-56,73
27;1,6;-9,74094;5,99668;0,36409;-0,0009699;-2,428;39,979
27;1,7;4,59128;-2,21455;-0,33953;0,0007812;2,265;-14,765
27;1,8;0,58943;-1,58793;0,31407;-0,0005885;-2,095;-10,585
27;1,9;-4,42904;4,39668;-0,29224;0,000441;1,949;29,31
27;2;6,17683;-5,65711;0,27658;-0,0003656;-1,845;-37,713
27;2,1;-5,78271;5,33264;-0,2674;0,0003646;1,784;35,55
27;2,2;3,77471;-3,81417;0,26314;-0,0004194;-1,755;-25,427
27;2,3;-1,0066;1,73343;-0,26121;0,0005;1,742;11,555
27;2,4;-1,63228;0,25162;0,2589;-0,0005751;-1,727;1,679
27;2,5;3,46034;-1,6367;-0,25414;0,0006206;1,695;-10,913
27;2,6;-4,14462;2,17541;0,24591;-0,0006249;-1,64;14,504
27;2,7;3,72165;-1,89463;-0,23439;0,0005897;1,563;-12,632
27;2,8;-2,51595;1,03425;0,22064;-0,0005266;-1,472;6,896
27;2,9;0,99777;0,05805;-0,20616;0,0004526;1,375;0,386
27;3;0,3704;-1,04027;0,19243;-0,0003843;-1,283;-6,934
27;3,1;-1,25543;1,66611;-0,18051;0,0003336;1,204;11,106
27;3,2;1,51722;-1,83196;0,17087;-0,0003057;-1,14;-12,212
27;3,3;-1,20858;1,57691;-0,16333;0,0002987;1,089;10,512
27;3,4;0,52391;-1,04473;0,15729;-0,0003058;-1,049;-6,964
27;3,5;0,27993;0,42536;-0,15194;0,0003178;1,013;2,835
27;3,6;-0,96404;0,10452;0,14652;-0,0003263;-0,977;0,698
27;3,7;1,36751;-0,42592;-0,14052;0,0003256;0,937;-2,84
27;3,8;-1,43509;0,49801;0,13376;-0,0003137;-0,892;3,321
27;3,9;1,21144;-0,35385;-0,12638;0,0002921;0,843;-2,36
27;4;-0,80989;0,07726;0,11871;-0,0002649;-0,792;0,516
27;4,1;0,36898;0,22925;-0,11119;0,000237;0,742;1,528
27;4,2;-0,01078;-0,4754;0,10419;-0,0002126;-0,695;-3,169
27;4,3;-0,18839;0,60471;-0,09795;0,0001946;0,653;4,031
27;4,4;0,20936;-0,60297;0,0925;-0,0001834;-0,617;-4,019
27;4,5;-0,08411;0,49381;-0,08775;0,0001779;0,585;3,291
27;4,6;-0,12269;-0,32502;0,08348;-0,0001758;-0,557;-2,166
27;4,7;0,33722;0,15117;-0,07944;0,0001744;0,53;1,007
27;4,8;-0,49794;-0,01773;0,07543;-0,0001716;-0,503;-0,118
27;4,9;0,56963;-0,04926;-0,07134;0,0001659;0,476;-0,329
27;5;-0,54763;0,04638;0,06713;-0,0001573;-0,448;0,31
27;5,1;0,4532;0,01061;-0,06288;0,0001465;0,419;0,07
27;5,2;-0,32283;-0,09472;0,05868;-0,0001347;-0,391;-0,631
27;5,3;0,19559;0,177;-0,05465;0,0001233;0,365;1,179
27;5,4;-0,10228;-0,23469;0,05088;-0,0001133;-0,339;-1,564
27;5,5;0,05878;0,256;-0,04742;0,0001055;0,316;1,706
27;5,6;-0,06477;-0,24116;0,04425;-0,0000996;-0,295;-1,607
27;5,7;0,10692;0,2;-0,04133;0,00009526;0,276;1,333
27;5,8;-0,16499;-0,14748;0,0386;-0,00009173;-0,257;-0,983
27;5,9;0,21851;0,09871;-0,03597;0,00008825;0,24;0,657
27;6;-0,25231;-0,06491;0,0334;-0,00008429;-0,223;-0,432
27;6,1;0,25946;0,05117;-0,03086;0,00007958;0,206;0,341
27;6,2;-0,2416;-0,05628;0,02836;-0,00007418;-0,189;-0,375
27;6,3;0,20674;0,07429;-0,0259;0,00006837;0,173;0,495
27;6,4;-0,16598;-0,09699;0,02353;-0,00006254;-0,157;-0,646
27;6,5;0,12987;0,11655;-0,02127;0,00005706;0,142;0,776
27;6,6;-0,10578;-0,12751;0,01914;-0,00005218;-0,128;-0,85
27;6,7;0,0965;0,1278;-0,01715;0,00004799;0,114;0,852
27;6,8;-0,10041;-0,11861;0,01528;-0,00004444;-0,102;-0,79
27;6,9;0,11273;0,10346;-0,01353;0,00004135;0,09;0,689
27;7;-0,12744;-0,08678;0,01186;-0,00003849;-0,079;-0,578
27;7,1;0,1391;0,0726;-0,01025;0,00003567;0,068;0,484
27;7,2;-0,14416;-0,06353;0,0087;-0,00003276;-0,058;-0,423
27;7,3;0,14159;0,06032;-0,00719;0,00002972;0,048;0,402
27;7,4;-0,13259;-0,06208;0,00573;-0,00002657;-0,038;-0,413
27;7,5;0,1199;0,06676;-0,00433;0,00002342;0,029;0,445
27;7,6;-0,10674;-0,07198;0,00298;-0,00002038;-0,02;-0,479
27;7,7;0,09587;0,07569;-0,00169;0,00001753;0,011;0,504
27;7,8;-0,08894;-0,07667;0,00048;-0,00001493;-0,003228;-0,511
27;7,9;0,08624;0,07468;0,00067;0,00001258;-0,004424;0,497
27;8;-0,08694;-0,07034;-0,00175;-0,00001046;0,012;-0,468
27;8,1;0,08948;0,06479;0,00278;0,000008498;-0,019;0,432
27;8,2;-0,09215;-0,0593;-0,00376;-0,000006633;0,025;-0,395
27;8,3;0,09354;0,0549;0,00471;0,000004812;-0,031;0,366
27;8,4;-0,09291;-0,05212;-0,00561;-0,000003002;0,037;-0,347
27;8,5;0,09021;0,05101;0,00648;0,000001198;-0,043;0,34
27;8,6;-0,08597;-0,05116;-0,00732;0,0000005833;0,049;-0,341
27;8,7;0,08107;0,05192;0,00812;-0,000002315;-0,054;0,346
27;8,8;-0,07639;-0,05263;-0,00888;0,00000397;0,059;-0,35
27;8,9;0,07262;0,05277;0,0096;-0,000005524;-0,064;0,351
27;9;-0,0701;-0,0521;-0,01029;0,000006971;0,069;-0,347
27;9,1;0,06878;0,05065;0,01094;-0,000008314;-0,073;0,337
27;9,2;-0,06831;-0,04865;-0,01156;0,000009567;0,077;-0,324
27;9,3;0,06823;0,04646;0,01215;-0,00001075;-0,081;0,309
27;9,4;-0,06806;-0,04443;-0,01271;0,00001188;0,085;-0,296
27;9,5;0,06745;0,0428;0,01325;-0,00001298;-0,088;0,285
27;9,6;-0,06628;-0,04168;-0,01376;0,00001405;0,092;-0,277
27;9,7;0,06458;0,04102;0,01425;-0,00001509;-0,095;0,273
27;9,8;-0,06256;-0,04068;-0,01471;0,0000161;0,098;-0,271
27;9,9;0,06047;0,04045;0,01516;-0,00001706;-0,101;0,269
27;10;-0,05855;-0,04017;-0,01558;0,00001798;0,104;-0,267
27;10,1;0,05697;0,03971;0,01598;-0,00001885;-0,107;0,264
27;10,2;-0,05577;-0,03902;-0,01636;0,00001966;0,109;-0,26
27;10,3;0,05491;0,03815;0,01672;-0,00002043;-0,111;0,254
27;10,4;-0,05427;-0,03716;-0,01706;0,00002115;0,114;-0,247
27;10,5;0,05371;0,03618;0,01738;-0,00002184;-0,116;0,241
27;10,6;-0,0531;-0,03529;-0,01768;0,00002249;0,118;-0,235
27;10,7;0,05237;0,03454;0,01797;-0,00002312;-0,12;0,23
27;10,8;-0,05148;-0,03394;-0,01825;0,00002373;0,122;-0,226
27;10,9;0,05049;0,03348;0,01851;-0,00002431;-0,123;0,223
27;11;-0,04944;-0,0331;-0,01876;0,00002486;0,125;-0,22
27;11,1;0,04842;0,03275;0,019;-0,00002539;-0,127;0,218
27;11,2;-0,04748;-0,03237;-0,01922;0,0000259;0,128;-0,215
27;11,3;0,04666;0,03195;0,01943;-0,00002637;-0,13;0,213
27;11,4;-0,04596;-0,03147;-0,01962;0,00002682;0,131;-0,209
27;11,5;0,04536;0,03095;0,01981;-0,00002724;-0,132;0,206
27;11,6;-0,04482;-0,03043;-0,01998;0,00002764;0,133;-0,203
27;11,7;0,04431;0,02992;0,02015;-0,00002801;-0,134;0,199
27;11,8;-0,04378;-0,02946;-0,0203;0,00002837;0,135;-0,196
27;11,9;0,04322;0,02904;0,02044;-0,00002871;-0,136;0,193
27;12;-0,04264;-0,02867;-0,02058;0,00002904;0,137;-0,191
27;12,1;0,04203;0,02835;0,02071;-0,00002935;-0,138;0,189
27;12,2;-0,04144;-0,02805;-0,02083;0,00002964;0,139;-0,187
27;12,3;0,04086;0,02776;0,02094;-0,00002992;-0,14;0,185
27;12,4;-0,04033;-0,02746;-0,02104;0,00003018;0,14;-0,183
27;12,5;0,03983;0,02715;0,02114;-0,00003042;-0,141;0,181
27;12,6;-0,03938;-0,02684;-0,02123;0,00003065;0,142;-0,179
27;12,7;0,03897;0,02652;0,02131;-0,00003087;-0,142;0,177
27;12,8;-0,03857;-0,02621;-0,02139;0,00003107;0,143;-0,174
27;12,9;0,03818;0,02591;0,02146;-0,00003127;-0,143;0,172
27;13;-0,0378;-0,02563;-0,02152;0,00003145;0,144;-0,171
27;13,1;0,03741;0,02537;0,02158;-0,00003161;-0,144;0,169
27;13,2;-0,03703;-0,02513;-0,02163;0,00003177;0,144;-0,167
27;13,3;0,03665;0,0249;0,02168;-0,00003192;-0,145;0,166
27;13,4;-0,03627;-0,02468;-0,02172;0,00003206;0,145;-0,164
27;13,5;0,03591;0,02447;0,02176;-0,00003219;-0,145;0,163
27;13,6;-0,03557;-0,02425;-0,0218;0,00003231;0,145;-0,161
27;13,7;0,03525;0,02404;0,02183;-0,00003242;-0,146;0,16
27;13,8;-0,03494;-0,02383;-0,02185;0,00003252;0,146;-0,159
27;13,9;0,03465;0,02362;0,02188;-0,00003262;-0,146;0,157
27;14;-0,03437;-0,02342;-0,02189;0,0000327;0,146;-0,156
27;14,1;0,03409;0,02322;0,02191;-0,00003278;-0,146;0,155
27;14,2;-0,03382;-0,02304;-0,02192;0,00003286;0,146;-0,153
27;14,3;0,03355;0,02286;0,02193;-0,00003292;-0,146;0,152
27;14,4;-0,03328;-0,02269;-0,02193;0,00003298;0,146;-0,151
27;14,5;0,03302;0,02252;0,02194;-0,00003304;-0,146;0,15
27;14,6;-0,03277;-0,02236;-0,02193;0,00003309;0,146;-0,149
27;14,7;0,03253;0,02221;0,02193;-0,00003313;-0,146;0,148
27;14,8;-0,03229;-0,02205;-0,02193;0,00003317;0,146;-0,147
27;14,9;0,03207;0,0219;0,02192;-0,0000332;-0,146;0,146
27;15;-0,03185;-0,02175;-0,02191;0,00003323;0,146;-0,145
27;15,1;0,03164;0,02161;0,02189;-0,00003325;-0,146;0,144
27;15,2;-0,03143;-0,02146;-0,02188;0,00003327;0,146;-0,143
27;15,3;0,03123;0,02133;0,02186;-0,00003328;-0,146;0,142
27;15,4;-0,03103;-0,02119;-0,02184;0,00003329;0,146;-0,141
27;15,5;0,03083;0,02106;0,02182;-0,0000333;-0,146;0,14
27;15,6;-0,03064;-0,02094;-0,0218;0,0000333;0,145;-0,139
27;15,7;0,03045;0,02081;0,02177;-0,0000333;-0,145;0,138
27;15,8;-0,03027;-0,02069;-0,02175;0,0000333;0,145;-0,138
27;15,9;0,03009;0,02057;0,02172;-0,00003329;-0,145;0,137
27;16;-0,02992;-0,02046;-0,02169;0,00003328;0,145;-0,136
27;16,1;0,02975;0,02035;0,02166;-0,00003327;-0,144;0,135
27;16,2;-0,02958;-0,02023;-0,02163;0,00003325;0,144;-0,135
27;16,3;0,02942;0,02012;0,0216;-0,00003323;-0,144;0,134
27;16,4;-0,02926;-0,02002;-0,02156;0,00003321;0,144;-0,133
27;16,5;0,02911;0,01991;0,02153;-0,00003319;-0,144;0,132
27;16,6;-0,02896;-0,01981;-0,02149;0,00003316;0,143;-0,132
27;16,7;0,02881;0,01971;0,02145;-0,00003313;-0,143;0,131
27;16,8;-0,02866;-0,01961;-0,02141;0,0000331;0,143;-0,13
27;16,9;0,02852;0,01951;0,02137;-0,00003307;-0,143;0,13
27;17;-0,02837;-0,01942;-0,02133;0,00003303;0,142;-0,129
27;17,1;0,02824;0,01933;0,02129;-0,000033;-0,142;0,129
27;17,2;-0,0281;-0,01924;-0,02125;0,00003296;0,142;-0,128
27;17,3;0,02797;0,01914;0,02121;-0,00003292;-0,141;0,127
27;17,4;-0,02783;-0,01906;-0,02116;0,00003288;0,141;-0,127
27;17,5;0,02771;0,01897;0,02112;-0,00003284;-0,141;0,126
27;17,6;-0,02758;-0,01888;-0,02107;0,00003279;0,141;-0,126
27;17,7;0,02745;0,0188;0,02103;-0,00003275;-0,14;0,125
27;17,8;-0,02733;-0,01872;-0,02098;0,0000327;0,14;-0,125
27;17,9;0,02721;0,01863;0,02094;-0,00003265;-0,14;0,124
27;18;-0,02709;-0,01855;-0,02089;0,0000326;0,139;-0,123
27;18,1;0,02697;0,01847;0,02084;-0,00003255;-0,139;0,123
27;18,2;-0,02686;-0,01839;-0,02079;0,0000325;0,139;-0,122
27;18,3;0,02674;0,01832;0,02075;-0,00003245;-0,138;0,122
27;18,4;-0,02663;-0,01824;-0,0207;0,0000324;0,138;-0,121
27;18,5;0,02652;0,01817;0,02065;-0,00003234;-0,138;0,121
27;18,6;-0,02641;-0,01809;-0,0206;0,00003229;0,137;-0,12
27;18,7;0,0263;0,01802;0,02055;-0,00003223;-0,137;0,12
27;18,8;-0,02619;-0,01794;-0,0205;0,00003217;0,137;-0,119
27;18,9;0,02609;0,01787;0,02045;-0,00003212;-0,136;0,119
27;19;-0,02598;-0,0178;-0,0204;0,00003206;0,136;-0,118
27;19,1;0,02588;0,01773;0,02035;-0,000032;-0,136;0,118
27;19,2;-0,02578;-0,01766;-0,0203;0,00003194;0,135;-0,118
27;19,3;0,02567;0,01759;0,02024;-0,00003188;-0,135;0,117
27;19,4;-0,02557;-0,01753;-0,02019;0,00003182;0,135;-0,117
27;19,5;0,02548;0,01746;0,02014;-0,00003176;-0,134;0,116
27;19,6;-0,02538;-0,01739;-0,02009;0,0000317;0,134;-0,116
27;19,7;0,02528;0,01733;0,02004;-0,00003163;-0,134;0,115
27;19,8;-0,02519;-0,01726;-0,01998;0,00003157;0,133;-0,115
27;19,9;0,02509;0,0172;0,01993;-0,00003151;-0,133;0,114
27;20;-0,025;-0,01713;-0,01988;0,00003145;0,133;-0,114
27;20,1;0,0249;0,01707;0,01983;-0,00003138;-0,132;0,114
27;20,2;-0,02481;-0,01701;-0,01977;0,00003132;0,132;-0,113
27;20,3;0,02472;0,01695;0,01972;-0,00003125;-0,132;0,113
27;20,4;-0,02463;-0,01688;-0,01967;0,00003119;0,131;-0,112
27;20,5;0,02454;0,01682;0,01961;-0,00003112;-0,131;0,112
27;20,6;-0,02445;-0,01676;-0,01956;0,00003106;0,13;-0,112
27;20,7;0,02436;0,0167;0,01951;-0,00003099;-0,13;0,111
27;20,8;-0,02427;-0,01664;-0,01945;0,00003093;0,13;-0,111
27;20,9;0,02419;0,01658;0,0194;-0,00003086;-0,129;0,11
27;21;-0,0241;-0,01652;-0,01935;0,0000308;0,129;-0,11
27;21,1;0,02401;0,01646;0,01929;-0,00003073;-0,129;0,11
27;21,2;-0,02393;-0,01641;-0,01924;0,00003066;0,128;-0,109
27;21,3;0,02384;0,01635;0,01919;-0,0000306;-0,128;0,109
27;21,4;-0,02376;-0,01629;-0,01914;0,00003053;0,128;-0,108
27;21,5;0,02368;0,01623;0,01908;-0,00003046;-0,127;0,108
27;21,6;-0,02359;-0,01618;-0,01903;0,0000304;0,127;-0,108
27;21,7;0,02351;0,01612;0,01898;-0,00003033;-0,127;0,107
27;21,8;-0,02343;-0,01607;-0,01892;0,00003026;0,126;-0,107
27;21,9;0,02335;0,01601;0,01887;-0,0000302;-0,126;0,107
27;22;-0,02327;-0,01596;-0,01882;0,00003013;0,125;-0,106
27;22,1;0,02319;0,0159;0,01876;-0,00003006;-0,125;0,106
27;22,2;-0,02311;-0,01585;-0,01871;0,00003;0,125;-0,105
27;22,3;0,02303;0,01579;0,01866;-0,00002993;-0,124;0,105
27;22,4;-0,02295;-0,01574;-0,0186;0,00002986;0,124;-0,105
27;22,5;0,02287;0,01569;0,01855;-0,0000298;-0,124;0,104
27;22,6;-0,02279;-0,01563;-0,0185;0,00002973;0,123;-0,104
27;22,7;0,02272;0,01558;0,01845;-0,00002966;-0,123;0,104
27;22,8;-0,02264;-0,01553;-0,01839;0,00002959;0,123;-0,103
27;22,9;0,02256;0,01547;0,01834;-0,00002953;-0,122;0,103
27;23;-0,02249;-0,01542;-0,01829;0,00002946;0,122;-0,103
27;23,1;0,02241;0,01537;0,01824;-0,00002939;-0,122;0,102
27;23,2;-0,02234;-0,01532;-0,01818;0,00002933;0,121;-0,102
27;23,3;0,02226;0,01527;0,01813;-0,00002926;-0,121;0,102
27;23,4;-0,02219;-0,01522;-0,01808;0,00002919;0,121;-0,101
27;23,5;0,02211;0,01517;0,01803;-0,00002913;-0,12;0,101
27;23,6;-0,02204;-0,01511;-0,01798;0,00002906;0,12;-0,101
27;23,7;0,02196;0,01506;0,01792;-0,00002899;-0,12;0,1
27;23,8;-0,02189;-0,01501;-0,01787;0,00002893;0,119;-0,1
27;23,9;0,02182;0,01496;0,01782;-0,00002886;-0,119;0,1
27;24;-0,02175;-0,01491;-0,01777;0,00002879;0,119;-0,099
27;24,1;0,02167;0,01487;0,01772;-0,00002873;-0,118;0,099
27;24,2;-0,0216;-0,01482;-0,01767;0,00002866;0,118;-0,099
27;24,3;0,02153;0,01477;0,01762;-0,0000286;-0,117;0,098
27;24,4;-0,02146;-0,01472;-0,01756;0,00002853;0,117;-0,098
27;24,5;0,02139;0,01467;0,01751;-0,00002846;-0,117;0,098
27;24,6;-0,02132;-0,01462;-0,01746;0,0000284;0,116;-0,097
27;24,7;0,02125;0,01457;0,01741;-0,00002833;-0,116;0,097
27;24,8;-0,02118;-0,01452;-0,01736;0,00002827;0,116;-0,097
27;24,9;0,02111;0,01448;0,01731;-0,0000282;-0,115;0,096
27;25;-0,02104;-0,01443;-0,01726;0,00002814;0,115;-0,096
27;25,1;0,02097;0,01438;0,01721;-0,00002807;-0,115;0,096
27;25,2;-0,0209;-0,01433;-0,01716;0,00002801;0,114;-0,095
27;25,3;0,02083;0,01429;0,01711;-0,00002794;-0,114;0,095
27;25,4;-0,02076;-0,01424;-0,01706;0,00002788;0,114;-0,095
27;25,5;0,02069;0,01419;0,01701;-0,00002781;-0,113;0,094
27;25,6;-0,02063;-0,01415;-0,01696;0,00002775;0,113;-0,094
27;25,7;0,02056;0,0141;0,01691;-0,00002768;-0,113;0,094
27;25,8;-0,02049;-0,01405;-0,01686;0,00002762;0,112;-0,094
27;25,9;0,02042;0,01401;0,01681;-0,00002755;-0,112;0,093
27;26;-0,02036;-0,01396;-0,01676;0,00002749;0,112;-0,093
27;26,1;0,02029;0,01392;0,01671;-0,00002742;-0,111;0,093
27;26,2;-0,02022;-0,01387;-0,01667;0,00002736;0,111;-0,092
27;26,3;0,02016;0,01383;0,01662;-0,0000273;-0,111;0,092
27;26,4;-0,02009;-0,01378;-0,01657;0,00002723;0,11;-0,092
27;26,5;0,02002;0,01374;0,01652;-0,00002717;-0,11;0,091
27;26,6;-0,01996;-0,01369;-0,01647;0,00002711;0,11;-0,091
27;26,7;0,01989;0,01365;0,01642;-0,00002704;-0,11;0,091
27;26,8;-0,01983;-0,0136;-0,01637;0,00002698;0,109;-0,091
27;26,9;0,01976;0,01356;0,01633;-0,00002692;-0,109;0,09
27;27;-0,0197;-0,01351;-0,01628;0,00002686;0,109;-0,09
27;27,1;0,01964;0,01347;0,01623;-0,00002679;-0,108;0,09
27;27,2;-0,01957;-0,01343;-0,01618;0,00002673;0,108;-0,089
27;27,3;0,01951;0,01338;0,01614;-0,00002667;-0,108;0,089
27;27,4;-0,01944;-0,01334;-0,01609;0,00002661;0,107;-0,089
27;27,5;0,01938;0,01329;0,01604;-0,00002654;-0,107;0,088
27;27,6;-0,01932;-0,01325;-0,01599;0,00002648;0,107;-0,088
27;27,7;0,01925;0,01321;0,01595;-0,00002642;-0,106;0,088
27;27,8;-0,01919;-0,01316;-0,0159;0,00002636;0,106;-0,088
27;27,9;0,01913;0,01312;0,01585;-0,0000263;-0,106;0,087
27;28;-0,01907;-0,01308;-0,01581;0,00002624;0,105;-0,087
27;28,1;0,019;0,01304;0,01576;-0,00002618;-0,105;0,087
27;28,2;-0,01894;-0,01299;-0,01571;0,00002611;0,105;-0,086
27;28,3;0,01888;0,01295;0,01567;-0,00002605;-0,104;0,086
27;28,4;-0,01882;-0,01291;-0,01562;0,00002599;0,104;-0,086
27;28,5;0,01876;0,01287;0,01558;-0,00002593;-0,104;0,086
27;28,6;-0,0187;-0,01283;-0,01553;0,00002587;0,104;-0,085
27;28,7;0,01864;0,01278;0,01549;-0,00002581;-0,103;0,085
27;28,8;-0,01857;-0,01274;-0,01544;0,00002575;0,103;-0,085
27;28,9;0,01851;0,0127;0,01539;-0,00002569;-0,103;0,085
27;29;-0,01845;-0,01266;-0,01535;0,00002563;0,102;-0,084
27;29,1;0,01839;0,01262;0,0153;-0,00002557;-0,102;0,084
27;29,2;-0,01833;-0,01258;-0,01526;0,00002551;0,102;-0,084
27;29,3;0,01827;0,01254;0,01521;-0,00002545;-0,101;0,083
27;29,4;-0,01821;-0,0125;-0,01517;0,00002539;0,101;-0,083
27;29,5;0,01815;0,01245;0,01512;-0,00002533;-0,101;0,083
27;29,6;-0,0181;-0,01241;-0,01508;0,00002528;0,101;-0,083
27;29,7;0,01804;0,01237;0,01504;-0,00002522;-0,1;0,082
27;29,8;-0,01798;-0,01233;-0,01499;0,00002516;0,1;-0,082
27;29,9;0,01792;0,01229;0,01495;-0,0000251;-0,1;0,082
27;30;-0,01786;-0,01225;-0,0149;0,00002504;0,099;-0,082
27;30,1;0,0178;0,01221;0,01486;-0,00002498;-0,099;0,081
27;30,2;-0,01774;-0,01217;-0,01482;0,00002493;0,099;-0,081
27;30,3;0,01769;0,01213;0,01477;-0,00002487;-0,099;0,081
27;30,4;-0,01763;-0,01209;-0,01473;0,00002481;0,098;-0,08
27;30,5;0,01757;0,01205;0,01469;-0,00002475;-0,098;0,08
27;30,6;-0,01751;-0,01202;-0,01464;0,0000247;0,098;-0,08
27;30,7;0,01746;0,01198;0,0146;-0,00002464;-0,097;0,08
27;30,8;-0,0174;-0,01194;-0,01456;0,00002458;0,097;-0,079
27;30,9;0,01734;0,0119;0,01451;-0,00002452;-0,097;0,079
27;31;-0,01729;-0,01186;-0,01447;0,00002447;0,097;-0,079
27;31,1;0,01723;0,01182;0,01443;-0,00002441;-0,096;0,079
27;31,2;-0,01717;-0,01178;-0,01439;0,00002435;0,096;-0,078
27;31,3;0,01712;0,01174;0,01434;-0,0000243;-0,096;0,078
27;31,4;-0,01706;-0,01171;-0,0143;0,00002424;0,095;-0,078
27;31,5;0,01701;0,01167;0,01426;-0,00002419;-0,095;0,078
27;31,6;-0,01695;-0,01163;-0,01422;0,00002413;0,095;-0,077
27;31,7;0,01689;0,01159;0,01417;-0,00002407;-0,095;0,077
27;31,8;-0,01684;-0,01155;-0,01413;0,00002402;0,094;-0,077
27;31,9;0,01678;0,01152;0,01409;-0,00002396;-0,094;0,077
27;32;-0,01673;-0,01148;-0,01405;0,00002391;0,094;-0,076
27;32,1;0,01668;0,01144;0,01401;-0,00002385;-0,093;0,076
27;32,2;-0,01662;-0,0114;-0,01397;0,0000238;0,093;-0,076
27;32,3;0,01657;0,01137;0,01393;-0,00002374;-0,093;0,076
27;32,4;-0,01651;-0,01133;-0,01389;0,00002369;0,093;-0,075
27;32,5;0,01646;0,01129;0,01384;-0,00002363;-0,092;0,075
27;32,6;-0,0164;-0,01125;-0,0138;0,00002358;0,092;-0,075
27;32,7;0,01635;0,01122;0,01376;-0,00002352;-0,092;0,075
27;32,8;-0,0163;-0,01118;-0,01372;0,00002347;0,092;-0,074
27;32,9;0,01624;0,01114;0,01368;-0,00002342;-0,091;0,074
27;33;-0,01619;-0,01111;-0,01364;0,00002336;0,091;-0,074
27;33,1;0,01614;0,01107;0,0136;-0,00002331;-0,091;0,074
27;33,2;-0,01608;-0,01104;-0,01356;0,00002326;0,09;-0,073
27;33,3;0,01603;0,011;0,01352;-0,0000232;-0,09;0,073
27;33,4;-0,01598;-0,01096;-0,01348;0,00002315;0,09;-0,073
27;33,5;0,01593;0,01093;0,01344;-0,0000231;-0,09;0,073
27;33,6;-0,01587;-0,01089;-0,0134;0,00002304;0,089;-0,072
27;33,7;0,01582;0,01086;0,01336;-0,00002299;-0,089;0,072
27;33,8;-0,01577;-0,01082;-0,01332;0,00002294;0,089;-0,072
27;33,9;0,01572;0,01078;0,01328;-0,00002288;-0,089;0,072
27;34;-0,01567;-0,01075;-0,01325;0,00002283;0,088;-0,072
27;34,1;0,01562;0,01071;0,01321;-0,00002278;-0,088;0,071
27;34,2;-0,01556;-0,01068;-0,01317;0,00002273;0,088;-0,071
27;34,3;0,01551;0,01064;0,01313;-0,00002268;-0,088;0,071
27;34,4;-0,01546;-0,01061;-0,01309;0,00002262;0,087;-0,071
27;34,5;0,01541;0,01057;0,01305;-0,00002257;-0,087;0,07
27;34,6;-0,01536;-0,01054;-0,01301;0,00002252;0,087;-0,07
27;34,7;0,01531;0,0105;0,01297;-0,00002247;-0,087;0,07
27;34,8;-0,01526;-0,01047;-0,01294;0,00002242;0,086;-0,07
27;34,9;0,01521;0,01044;0,0129;-0,00002237;-0,086;0,069
27;35;-0,01516;-0,0104;-0,01286;0,00002231;0,086;-0,069
27;35,1;0,01511;0,01037;0,01282;-0,00002226;-0,086;0,069
27;35,2;-0,01506;-0,01033;-0,01278;0,00002221;0,085;-0,069
27;35,3;0,01501;0,0103;0,01275;-0,00002216;-0,085;0,069
27;35,4;-0,01496;-0,01027;-0,01271;0,00002211;0,085;-0,068
27;35,5;0,01491;0,01023;0,01267;-0,00002206;-0,085;0,068
27;35,6;-0,01486;-0,0102;-0,01263;0,00002201;0,084;-0,068
27;35,7;0,01481;0,01016;0,0126;-0,00002196;-0,084;0,068
27;35,8;-0,01477;-0,01013;-0,01256;0,00002191;0,084;-0,067
27;35,9;0,01472;0,0101;0,01252;-0,00002186;-0,084;0,067
27;36;-0,01467;-0,01006;-0,01249;0,00002181;0,083;-0,067
27;36,1;0,01462;0,01003;0,01245;-0,00002176;-0,083;0,067
27;36,2;-0,01457;-0,01;-0,01241;0,00002171;0,083;-0,067
27;36,3;0,01452;0,00997;0,01238;-0,00002166;-0,083;0,066
27;36,4;-0,01448;-0,00993;-0,01234;0,00002161;0,082;-0,066
27;36,5;0,01443;0,0099;0,0123;-0,00002156;-0,082;0,066
27;36,6;-0,01438;-0,00987;-0,01227;0,00002152;0,082;-0,066
27;36,7;0,01433;0,00983;0,01223;-0,00002147;-0,082;0,065
27;36,8;-0,01429;-0,0098;-0,0122;0,00002142;0,081;-0,065
27;36,9;0,01424;0,00977;0,01216;-0,00002137;-0,081;0,065
27;37;-0,01419;-0,00974;-0,01212;0,00002132;0,081;-0,065
27;37,1;0,01414;0,00971;0,01209;-0,00002127;-0,081;0,065
27;37,2;-0,0141;-0,00967;-0,01205;0,00002122;0,08;-0,064
27;37,3;0,01405;0,00964;0,01202;-0,00002118;-0,08;0,064
27;37,4;-0,014;-0,00961;-0,01198;0,00002113;0,08;-0,064
27;37,5;0,01396;0,00958;0,01195;-0,00002108;-0,08;0,064
27;37,6;-0,01391;-0,00955;-0,01191;0,00002103;0,079;-0,064
27;37,7;0,01387;0,00951;0,01188;-0,00002099;-0,079;0,063
27;37,8;-0,01382;-0,00948;-0,01184;0,00002094;0,079;-0,063
27;37,9;0,01377;0,00945;0,01181;-0,00002089;-0,079;0,063
27;38;-0,01373;-0,00942;-0,01177;0,00002084;0,079;-0,063
27;38,1;0,01368;0,00939;0,01174;-0,0000208;-0,078;0,062
27;38,2;-0,01364;-0,00936;-0,0117;0,00002075;0,078;-0,062
27;38,3;0,01359;0,00933;0,01167;-0,0000207;-0,078;0,062
27;38,4;-0,01355;-0,0093;-0,01163;0,00002066;0,078;-0,062
27;38,5;0,0135;0,00927;0,0116;-0,00002061;-0,077;0,062
27;38,6;-0,01346;-0,00924;-0,01157;0,00002056;0,077;-0,061
27;38,7;0,01341;0,0092;0,01153;-0,00002052;-0,077;0,061
27;38,8;-0,01337;-0,00917;-0,0115;0,00002047;0,077;-0,061
27;38,9;0,01332;0,00914;0,01146;-0,00002042;-0,076;0,061
27;39;-0,01328;-0,00911;-0,01143;0,00002038;0,076;-0,061
27;39,1;0,01324;0,00908;0,0114;-0,00002033;-0,076;0,06
27;39,2;-0,01319;-0,00905;-0,01136;0,00002029;0,076;-0,06
27;39,3;0,01315;0,00902;0,01133;-0,00002024;-0,076;0,06
27;39,4;-0,0131;-0,00899;-0,0113;0,0000202;0,075;-0,06
27;39,5;0,01306;0,00896;0,01126;-0,00002015;-0,075;0,06
27;39,6;-0,01302;-0,00893;-0,01123;0,00002011;0,075;-0,059
27;39,7;0,01297;0,0089;0,0112;-0,00002006;-0,075;0,059
27;39,8;-0,01293;-0,00887;-0,01116;0,00002002;0,074;-0,059
27;39,9;0,01289;0,00884;0,01113;-0,00001997;-0,074;0,059
27;40;-0,01285;-0,00882;-0,0111;0,00001993;0,074;-0,059
28;0;0;0;0;0;0;0
28;0,1;-45,62816;33,28957;0,1962;-0,0005007;-1,308;221,932
28;0,2;-51,11328;37,33999;0,19885;-0,0005399;-1,326;248,935
28;0,3;57,04749;-41,25571;-0,30109;0,0006344;2,008;-275,04
28;0,4;-46,66769;33,25551;0,34041;-0,0005566;-2,27;221,705
28;0,5;25,90855;-17,6922;-0,33625;0,0003683;2,242;-117,949
28;0,6;-2,31839;0,11022;0,3118;-0,0001474;-2,079;0,736
28;0,7;-17,26102;14,46371;-0,28785;-0,00003577;1,919;96,424
28;0,8;28,37758;-22,76069;0,27833;0,0001355;-1,856;-151,738
28;0,9;-29,69051;23,80152;-0,28843;-0,0001379;1,923;158,677
28;1;22,72481;-18,71618;0,31533;0,00005798;-2,102;-124,774
28;1,1;-10,91109;10,03694;-0,35081;0,00006936;2,339;66,912
28;1,2;-1,69535;-0,75514;0,38482;-0,0002031;-2,566;-5,033
28;1,3;11,6134;-6,56157;-0,40867;0,0003079;2,725;-43,745
28;1,4;-16,75005;10,36859;0,41729;-0,0003625;-2,782;69,125
28;1,5;16,6874;-10,3556;-0,41006;0,0003629;2,734;-69,039
28;1,6;-12,4687;7,28884;0,39019;-0,0003196;-2,602;48,594
28;1,7;6,03726;-2,59788;-0,36325;0,0002525;2,422;-17,32
28;1,8;0,45506;-2,13386;0,33532;-0,0001836;-2,236;-14,225
28;1,9;-5,26078;5,62047;-0,31136;0,0001307;2,076;37,469
28;2;7,4231;-7,15824;0,29412;-0,0001036;-1,961;-47,721
28;2,1;-6,87708;6,70009;-0,28394;0,0001033;1,893;44,667
28;2,2;4,29372;-4,74085;0,27914;-0,0001229;-1,861;-31,605
28;2,3;-0,75859;2,08055;-0,27688;0,0001516;1,846;13,87
28;2,4;-2,59766;0,44765;0,2742;-0,0001781;-1,828;2,985
28;2,5;4,90911;-2,20569;-0,26884;0,0001936;1,793;-14,705
28;2,6;-5,75402;2,88269;0,2597;-0,000194;-1,732;19,219
28;2,7;5,18123;-2,51441;-0,24698;0,0001799;1,647;-16,763
28;2,8;-3,60633;1,40677;0,23181;-0,0001556;-1,546;9,379
28;2,9;1,63031;-0,00231;-0,21586;0,0001274;1,439;-0,016
28;3;0,15592;-1,26387;0,20073;-0,0001012;-1,338;-8,425
28;3,1;-1,32653;2,07819;-0,18759;0,00008154;1,251;13,854
28;3,2;1,70186;-2,30837;0,17693;-0,00007019;-1,18;-15,389
28;3,3;-1,34829;2,00332;-0,16858;0,00006655;1,124;13,355
28;3,4;0,51277;-1,34492;0,16188;-0,00006813;-1,079;-8,966
28;3,5;0,47792;0,57381;-0,15593;0,00007163;1,04;3,825
28;3,6;-1,31972;0,08605;0,14992;-0,00007396;-1;0,574
28;3,7;1,80772;-0,4838;-0,14328;0,00007303;0,955;-3,226
28;3,8;-1,87152;0,56762;0,13581;-0,00006814;-0,906;3,784
28;3,9;1,56787;-0,37934;-0,12767;0,00005984;0,851;-2,529
28;4;-1,04091;0,02516;0,11923;-0,00004958;-0,795;0,168
28;4,1;0,46685;0,36508;-0,11096;0,00003914;0,74;2,434
28;4,2;-0,00088;-0,67705;0,10326;-0,00003008;-0,688;-4,514
28;4,3;-0,26013;0,83935;-0,09639;0,00002335;0,643;5,596
28;4,4;0,2921;-0,8342;0,0904;-0,0000192;-0,603;-5,561
28;4,5;-0,13611;0,69182;-0,08516;0,00001717;0,568;4,612
28;4,6;-0,1251;-0,47307;0,08046;-0,00001641;-0,536;-3,154
28;4,7;0,39721;0,2474;-0,07601;0,00001595;0,507;1,649
28;4,8;-0,60156;-0,07269;0,0716;-0,00001497;-0,477;-0,485
28;4,9;0,69302;-0,01786;-0,06711;0,000013;0,447;-0,119
28;5;-0,66547;0,01979;0,06249;-0,000009963;-0,417;0,132
28;5,1;0,54582;0,04704;-0,05782;0,000006117;0,385;0,314
28;5,2;-0,38041;-0,14846;0,05321;-0,000001927;-0,355;-0,99
28;5,3;0,21895;0,24783;-0,0488;-0,000002112;0,325;1,652
28;5,4;-0,10056;-0,3163;0,04467;0,000005609;-0,298;-2,109
28;5,5;0,04545;0,33895;-0,04087;-0,000008365;0,272;2,26
28;5,6;-0,05316;-0,31608;0,0374;0,00001039;-0,249;-2,107
28;5,7;0,10671;0,26017;-0,03421;-0,00001186;0,228;1,735
28;5,8;-0,18031;-0,19019;0,03121;0,00001305;-0,208;-1,268
28;5,9;0,2479;0,1253;-0,02834;-0,00001422;0,189;0,835
28;6;-0,29016;-0,07971;0,02553;0,00001556;-0,17;-0,531
28;6,1;0,29832;0,05983;-0,02276;-0,00001718;0,152;0,399
28;6,2;-0,27445;-0,06413;0,02002;0,00001905;-0,133;-0,428
28;6,3;0,22884;0,08501;-0,01734;-0,00002108;0,116;0,567
28;6,4;-0,17561;-0,11203;0,01475;0,00002311;-0,098;-0,747
28;6,5;0,12827;0,13523;-0,01229;-0,00002501;0,082;0,902
28;6,6;-0,09621;-0,14768;0,00997;0,0000267;-0,066;-0,985
28;6,7;0,08301;0,1467;-0,0078;-0,00002813;0,052;0,978
28;6,8;-0,08663;-0,13379;0,00577;0,00002933;-0,038;-0,892
28;6,9;0,101;0,1134;-0,00386;-0,00003036;0,026;0,756
28;7;-0,11847;-0,09114;0,00205;0,00003131;-0,014;-0,608
28;7,1;0,13211;0,07211;-0,00031;-0,00003223;0,001992;0,481
28;7,2;-0,13741;-0,05959;-0,00138;0,00003319;0,00923;-0,397
28;7,3;0,13304;0,05457;0,00301;-0,0000342;-0,02;0,364
28;7,4;-0,12057;-0,05587;-0,00459;0,00003524;0,031;-0,373
28;7,5;0,10347;0,06091;0,00611;-0,00003628;-0,041;0,406
28;7,6;-0,08585;-0,06666;-0,00757;0,00003728;0,051;-0,445
28;7,7;0,0712;0,07052;0,00895;-0,0000382;-0,06;0,47
28;7,8;-0,06163;-0,07095;-0,01026;0,00003904;0,068;-0,473
28;7,9;0,05753;0,06763;0,0115;-0,00003977;-0,077;0,451
28;8;-0,05781;-0,06136;-0,01266;0,00004043;0,084;-0,409
28;8,1;0,06048;0,05358;0,01377;-0,00004102;-0,092;0,357
28;8,2;-0,06335;-0,0459;-0,01482;0,00004158;0,099;-0,306
28;8,3;0,06465;0,03963;0,01583;-0,00004213;-0,106;0,264
28;8,4;-0,0634;-0,03545;-0,0168;0,00004266;0,112;-0,237
28;8,5;0,05955;0,03341;0,01772;-0,0000432;-0,118;0,223
28;8,6;-0,05378;-0,033;-0,01861;0,00004372;0,124;-0,22
28;8,7;0,04718;0,0334;0,01946;-0,00004423;-0,13;0,223
28;8,8;-0,04089;-0,03376;-0,02027;0,0000447;0,135;-0,225
28;8,9;0,03578;0,03343;0,02104;-0,00004514;-0,14;0,223
28;9;-0,03228;-0,0321;-0,02177;0,00004554;0,145;-0,214
28;9,1;0,03032;0,0298;0,02245;-0,0000459;-0,15;0,199
28;9,2;-0,02947;-0,02685;-0,0231;0,00004623;0,154;-0,179
28;9,3;0,02913;0,02367;0,02372;-0,00004653;-0,158;0,158
28;9,4;-0,02868;-0,02073;-0,02431;0,00004681;0,162;-0,138
28;9,5;0,0277;0,01831;0,02487;-0,00004708;-0,166;0,122
28;9,6;-0,02601;-0,01656;-0,0254;0,00004734;0,169;-0,111
28;9,7;0,02366;0,01542;0,0259;-0,00004759;-0,173;0,103
28;9,8;-0,02091;-0,0147;-0,02639;0,00004783;0,176;-0,098
28;9,9;0,0181;0,01416;0,02684;-0,00004805;-0,179;0,095
28;10;-0,01551;-0,01355;-0,02728;0,00004825;0,182;-0,091
28;10,1;0,01336;0,01274;0,02769;-0,00004843;-0,185;0,085
28;10,2;-0,01171;-0,01165;-0,02807;0,0000486;0,187;-0,078
28;10,3;0,01051;0,01035;0,02843;-0,00004874;-0,19;0,069
28;10,4;-0,0096;-0,00892;-0,02878;0,00004888;0,192;-0,06
28;10,5;0,0088;0,00751;0,0291;-0,00004899;-0,194;0,05
28;10,6;-0,00795;-0,00622;-0,02941;0,0000491;0,196;-0,042
28;10,7;0,00695;0,00512;0,0297;-0,0000492;-0,198;0,034
28;10,8;-0,00577;-0,00424;-0,02997;0,00004928;0,2;-0,028
28;10,9;0,00446;0,00353;0,03023;-0,00004936;-0,202;0,024
28;11;-0,0031;-0,00293;-0,03047;0,00004943;0,203;-0,02
28;11,1;0,00178;0,00238;0,03069;-0,00004949;-0,205;0,016
28;11,2;-0,00057;-0,00181;-0,03091;0,00004954;0,206;-0,012
28;11,3;-0,00048;0,00119;0,0311;-0,00004958;-0,207;0,008183
28;11,4;0,00136;-0,00051;-0,03129;0,00004961;0,209;-0,003647
28;11,5;-0,00211;-0,00021;0,03146;-0,00004963;-0,21;-0,001149
28;11,6;0,00277;0,00093;-0,03162;0,00004964;0,211;0,005982
28;11,7;-0,0034;-0,00163;0,03177;-0,00004965;-0,212;-0,011
28;11,8;0,00404;0,00226;-0,03191;0,00004964;0,213;0,015
28;11,9;-0,00471;-0,00283;0,03204;-0,00004963;-0,214;-0,019
28;12;0,0054;0,00332;-0,03216;0,00004962;0,214;0,022
28;12,1;-0,00612;-0,00376;0,03227;-0,0000496;-0,215;-0,025
28;12,2;0,00682;0,00416;-0,03237;0,00004957;0,216;0,027
28;12,3;-0,00748;-0,00454;0,03246;-0,00004954;-0,216;-0,03
28;12,4;0,0081;0,00492;-0,03254;0,0000495;0,217;0,033
28;12,5;-0,00865;-0,00531;0,03261;-0,00004946;-0,218;-0,035
28;12,6;0,00914;0,0057;-0,03268;0,00004941;0,218;0,038
28;12,7;-0,00959;-0,00609;0,03274;-0,00004936;-0,218;-0,04
28;12,8;0,01001;0,00647;-0,03279;0,0000493;0,219;0,043
28;12,9;-0,01041;-0,00683;0,03284;-0,00004924;-0,219;-0,045
28;13;0,0108;0,00716;-0,03288;0,00004917;0,219;0,048
28;13,1;-0,01119;-0,00747;0,03291;-0,0000491;-0,22;-0,05
28;13,2;0,01158;0,00774;-0,03294;0,00004903;0,22;0,051
28;13,3;-0,01197;-0,008;0,03297;-0,00004895;-0,22;-0,053
28;13,4;0,01233;0,00824;-0,03298;0,00004887;0,22;0,055
28;13,5;-0,01268;-0,00847;0,033;-0,00004879;-0,22;-0,056
28;13,6;0,013;0,00869;-0,033;0,00004871;0,22;0,058
28;13,7;-0,0133;-0,00891;0,03301;-0,00004862;-0,22;-0,059
28;13,8;0,01357;0,00913;-0,033;0,00004852;0,22;0,061
28;13,9;-0,01382;-0,00934;0,033;-0,00004843;-0,22;-0,062
28;14;0,01406;0,00954;-0,03299;0,00004833;0,22;0,063
28;14,1;-0,01429;-0,00972;0,03297;-0,00004823;-0,22;-0,065
28;14,2;0,01451;0,0099;-0,03296;0,00004813;0,22;0,066
28;14,3;-0,01472;-0,01006;0,03294;-0,00004803;-0,22;-0,067
28;14,4;0,01493;0,01021;-0,03291;0,00004792;0,219;0,068
28;14,5;-0,01513;-0,01035;0,03288;-0,00004781;-0,219;-0,069
28;14,6;0,01531;0,01048;-0,03285;0,0000477;0,219;0,07
28;14,7;-0,01549;-0,01061;0,03282;-0,00004759;-0,219;-0,07
28;14,8;0,01565;0,01073;-0,03278;0,00004748;0,219;0,071
28;14,9;-0,0158;-0,01084;0,03274;-0,00004737;-0,218;-0,072
28;15;0,01594;0,01095;-0,0327;0,00004725;0,218;0,073
28;15,1;-0,01607;-0,01106;0,03266;-0,00004713;-0,218;-0,073
28;15,2;0,0162;0,01116;-0,03261;0,00004701;0,218;0,074
28;15,3;-0,01631;-0,01125;0,03257;-0,00004689;-0,217;-0,075
28;15,4;0,01642;0,01133;-0,03252;0,00004677;0,217;0,075
28;15,5;-0,01653;-0,01141;0,03246;-0,00004665;-0,216;-0,076
28;15,6;0,01662;0,01149;-0,03241;0,00004653;0,216;0,076
28;15,7;-0,01672;-0,01156;0,03235;-0,0000464;-0,216;-0,077
28;15,8;0,0168;0,01162;-0,0323;0,00004628;0,215;0,077
28;15,9;-0,01688;-0,01168;0,03224;-0,00004615;-0,215;-0,078
28;16;0,01695;0,01174;-0,03218;0,00004603;0,215;0,078
28;16,1;-0,01702;-0,01179;0,03211;-0,0000459;-0,214;-0,078
28;16,2;0,01708;0,01184;-0,03205;0,00004577;0,214;0,079
28;16,3;-0,01714;-0,01188;0,03199;-0,00004564;-0,213;-0,079
28;16,4;0,01719;0,01192;-0,03192;0,00004551;0,213;0,079
28;16,5;-0,01724;-0,01196;0,03185;-0,00004538;-0,212;-0,08
28;16,6;0,01728;0,012;-0,03178;0,00004525;0,212;0,08
28;16,7;-0,01732;-0,01203;0,03171;-0,00004512;-0,212;-0,08
28;16,8;0,01735;0,01206;-0,03164;0,00004499;0,211;0,08
28;16,9;-0,01739;-0,01208;0,03157;-0,00004486;-0,211;-0,08
28;17;0,01741;0,01211;-0,0315;0,00004473;0,21;0,08
28;17,1;-0,01744;-0,01213;0,03143;-0,00004459;-0,21;-0,081
28;17,2;0,01746;0,01214;-0,03135;0,00004446;0,209;0,081
28;17,3;-0,01748;-0,01216;0,03128;-0,00004433;-0,209;-0,081
28;17,4;0,01749;0,01217;-0,0312;0,0000442;0,208;0,081
28;17,5;-0,0175;-0,01218;0,03113;-0,00004406;-0,208;-0,081
28;17,6;0,01751;0,01219;-0,03105;0,00004393;0,207;0,081
28;17,7;-0,01752;-0,0122;0,03097;-0,0000438;-0,207;-0,081
28;17,8;0,01752;0,01221;-0,0309;0,00004366;0,206;0,081
28;17,9;-0,01752;-0,01221;0,03082;-0,00004353;-0,206;-0,081
28;18;0,01752;0,01221;-0,03074;0,00004339;0,205;0,081
28;18,1;-0,01752;-0,01221;0,03066;-0,00004326;-0,204;-0,081
28;18,2;0,01751;0,01221;-0,03058;0,00004313;0,204;0,081
28;18,3;-0,0175;-0,01221;0,0305;-0,00004299;-0,203;-0,081
28;18,4;0,01749;0,0122;-0,03042;0,00004286;0,203;0,081
28;18,5;-0,01748;-0,0122;0,03034;-0,00004272;-0,202;-0,081
28;18,6;0,01747;0,01219;-0,03026;0,00004259;0,202;0,081
28;18,7;-0,01746;-0,01218;0,03017;-0,00004246;-0,201;-0,081
28;18,8;0,01744;0,01217;-0,03009;0,00004232;0,201;0,081
28;18,9;-0,01742;-0,01216;0,03001;-0,00004219;-0,2;-0,081
28;19;0,0174;0,01215;-0,02993;0,00004205;0,2;0,081
28;19,1;-0,01738;-0,01213;0,02985;-0,00004192;-0,199;-0,081
28;19,2;0,01736;0,01212;-0,02976;0,00004179;0,198;0,081
28;19,3;-0,01734;-0,01211;0,02968;-0,00004165;-0,198;-0,081
28;19,4;0,01731;0,01209;-0,0296;0,00004152;0,197;0,08
28;19,5;-0,01729;-0,01207;0,02952;-0,00004139;-0,197;-0,08
28;19,6;0,01726;0,01206;-0,02943;0,00004125;0,196;0,08
28;19,7;-0,01723;-0,01204;0,02935;-0,00004112;-0,196;-0,08
28;19,8;0,0172;0,01202;-0,02927;0,00004099;0,195;0,08
28;19,9;-0,01717;-0,012;0,02918;-0,00004086;-0,195;-0,08
28;20;0,01714;0,01198;-0,0291;0,00004072;0,194;0,08
28;20,1;-0,01711;-0,01196;0,02902;-0,00004059;-0,194;-0,08
28;20,2;0,01708;0,01194;-0,02893;0,00004046;0,193;0,079
28;20,3;-0,01705;-0,01192;0,02885;-0,00004033;-0,192;-0,079
28;20,4;0,01701;0,01189;-0,02877;0,0000402;0,192;0,079
28;20,5;-0,01698;-0,01187;0,02868;-0,00004007;-0,191;-0,079
28;20,6;0,01695;0,01185;-0,0286;0,00003993;0,191;0,079
28;20,7;-0,01691;-0,01182;0,02851;-0,0000398;-0,19;-0,079
28;20,8;0,01687;0,0118;-0,02843;0,00003967;0,19;0,078
28;20,9;-0,01684;-0,01177;0,02835;-0,00003954;-0,189;-0,078
28;21;0,0168;0,01175;-0,02826;0,00003941;0,188;0,078
28;21,1;-0,01676;-0,01172;0,02818;-0,00003928;-0,188;-0,078
28;21,2;0,01672;0,0117;-0,0281;0,00003915;0,187;0,078
28;21,3;-0,01669;-0,01167;0,02801;-0,00003903;-0,187;-0,078
28;21,4;0,01665;0,01164;-0,02793;0,0000389;0,186;0,077
28;21,5;-0,01661;-0,01162;0,02785;-0,00003877;-0,186;-0,077
28;21,6;0,01657;0,01159;-0,02777;0,00003864;0,185;0,077
28;21,7;-0,01653;-0,01156;0,02768;-0,00003851;-0,185;-0,077
28;21,8;0,01649;0,01153;-0,0276;0,00003838;0,184;0,077
28;21,9;-0,01645;-0,0115;0,02752;-0,00003826;-0,184;-0,077
28;22;0,01641;0,01148;-0,02744;0,00003813;0,183;0,076
28;22,1;-0,01636;-0,01145;0,02735;-0,000038;-0,182;-0,076
28;22,2;0,01632;0,01142;-0,02727;0,00003788;0,182;0,076
28;22,3;-0,01628;-0,01139;0,02719;-0,00003775;-0,181;-0,076
28;22,4;0,01624;0,01136;-0,02711;0,00003762;0,181;0,076
28;22,5;-0,0162;-0,01133;0,02703;-0,0000375;-0,18;-0,075
28;22,6;0,01615;0,0113;-0,02694;0,00003737;0,18;0,075
28;22,7;-0,01611;-0,01127;0,02686;-0,00003725;-0,179;-0,075
28;22,8;0,01607;0,01124;-0,02678;0,00003712;0,179;0,075
28;22,9;-0,01603;-0,01121;0,0267;-0,000037;-0,178;-0,075
28;23;0,01598;0,01118;-0,02662;0,00003688;0,178;0,074
28;23,1;-0,01594;-0,01115;0,02654;-0,00003675;-0,177;-0,074
28;23,2;0,0159;0,01112;-0,02646;0,00003663;0,176;0,074
28;23,3;-0,01585;-0,01109;0,02638;-0,00003651;-0,176;-0,074
28;23,4;0,01581;0,01106;-0,0263;0,00003638;0,175;0,074
28;23,5;-0,01577;-0,01103;0,02622;-0,00003626;-0,175;-0,073
28;23,6;0,01572;0,011;-0,02614;0,00003614;0,174;0,073
28;23,7;-0,01568;-0,01097;0,02606;-0,00003602;-0,174;-0,073
28;23,8;0,01563;0,01094;-0,02598;0,0000359;0,173;0,073
28;23,9;-0,01559;-0,01091;0,0259;-0,00003578;-0,173;-0,073
28;24;0,01555;0,01088;-0,02582;0,00003565;0,172;0,072
28;24,1;-0,0155;-0,01085;0,02574;-0,00003553;-0,172;-0,072
28;24,2;0,01546;0,01082;-0,02566;0,00003541;0,171;0,072
28;24,3;-0,01542;-0,01079;0,02558;-0,00003529;-0,171;-0,072
28;24,4;0,01537;0,01076;-0,0255;0,00003518;0,17;0,072
28;24,5;-0,01533;-0,01073;0,02542;-0,00003506;-0,17;-0,071
28;24,6;0,01528;0,0107;-0,02535;0,00003494;0,169;0,071
28;24,7;-0,01524;-0,01067;0,02527;-0,00003482;-0,169;-0,071
28;24,8;0,0152;0,01064;-0,02519;0,0000347;0,168;0,071
28;24,9;-0,01515;-0,01061;0,02511;-0,00003458;-0,167;-0,071
28;25;0,01511;0,01057;-0,02504;0,00003447;0,167;0,07
28;25,1;-0,01506;-0,01054;0,02496;-0,00003435;-0,166;-0,07
28;25,2;0,01502;0,01051;-0,02488;0,00003423;0,166;0,07
28;25,3;-0,01498;-0,01048;0,02481;-0,00003412;-0,165;-0,07
28;25,4;0,01493;0,01045;-0,02473;0,000034;0,165;0,07
28;25,5;-0,01489;-0,01042;0,02465;-0,00003389;-0,164;-0,069
28;25,6;0,01484;0,01039;-0,02458;0,00003377;0,164;0,069
28;25,7;-0,0148;-0,01036;0,0245;-0,00003366;-0,163;-0,069
28;25,8;0,01476;0,01033;-0,02442;0,00003354;0,163;0,069
28;25,9;-0,01471;-0,0103;0,02435;-0,00003343;-0,162;-0,069
28;26;0,01467;0,01027;-0,02427;0,00003331;0,162;0,068
28;26,1;-0,01463;-0,01024;0,0242;-0,0000332;-0,161;-0,068
28;26,2;0,01458;0,01021;-0,02412;0,00003309;0,161;0,068
28;26,3;-0,01454;-0,01018;0,02405;-0,00003297;-0,16;-0,068
28;26,4;0,0145;0,01015;-0,02397;0,00003286;0,16;0,067
28;26,5;-0,01445;-0,01012;0,0239;-0,00003275;-0,159;-0,067
28;26,6;0,01441;0,01009;-0,02383;0,00003264;0,159;0,067
28;26,7;-0,01437;-0,01006;0,02375;-0,00003253;-0,158;-0,067
28;26,8;0,01432;0,01003;-0,02368;0,00003241;0,158;0,067
28;26,9;-0,01428;-0,01;0,02361;-0,0000323;-0,157;-0,066
28;27;0,01424;0,00997;-0,02353;0,00003219;0,157;0,066
28;27,1;-0,01419;-0,00994;0,02346;-0,00003208;-0,156;-0,066
28;27,2;0,01415;0,00991;-0,02339;0,00003197;0,156;0,066
28;27,3;-0,01411;-0,00988;0,02331;-0,00003186;-0,155;-0,066
28;27,4;0,01407;0,00985;-0,02324;0,00003175;0,155;0,066
28;27,5;-0,01402;-0,00982;0,02317;-0,00003164;-0,155;-0,065
28;27,6;0,01398;0,00979;-0,0231;0,00003154;0,154;0,065
28;27,7;-0,01394;-0,00976;0,02303;-0,00003143;-0,154;-0,065
28;27,8;0,0139;0,00973;-0,02295;0,00003132;0,153;0,065
28;27,9;-0,01386;-0,0097;0,02288;-0,00003121;-0,153;-0,065
28;28;0,01381;0,00967;-0,02281;0,0000311;0,152;0,064
28;28,1;-0,01377;-0,00964;0,02274;-0,000031;-0,152;-0,064
28;28,2;0,01373;0,00961;-0,02267;0,00003089;0,151;0,064
28;28,3;-0,01369;-0,00958;0,0226;-0,00003078;-0,151;-0,064
28;28,4;0,01365;0,00956;-0,02253;0,00003068;0,15;0,064
28;28,5;-0,01361;-0,00953;0,02246;-0,00003057;-0,15;-0,063
28;28,6;0,01356;0,0095;-0,02239;0,00003047;0,149;0,063
28;28,7;-0,01352;-0,00947;0,02232;-0,00003036;-0,149;-0,063
28;28,8;0,01348;0,00944;-0,02225;0,00003026;0,148;0,063
28;28,9;-0,01344;-0,00941;0,02218;-0,00003015;-0,148;-0,063
28;29;0,0134;0,00938;-0,02211;0,00003005;0,147;0,062
28;29,1;-0,01336;-0,00935;0,02204;-0,00002995;-0,147;-0,062
28;29,2;0,01332;0,00933;-0,02197;0,00002984;0,147;0,062
28;29,3;-0,01328;-0,0093;0,0219;-0,00002974;-0,146;-0,062
28;29,4;0,01324;0,00927;-0,02184;0,00002964;0,146;0,062
28;29,5;-0,0132;-0,00924;0,02177;-0,00002953;-0,145;-0,061
28;29,6;0,01316;0,00921;-0,0217;0,00002943;0,145;0,061
28;29,7;-0,01312;-0,00918;0,02163;-0,00002933;-0,144;-0,061
28;29,8;0,01308;0,00916;-0,02156;0,00002923;0,144;0,061
28;29,9;-0,01304;-0,00913;0,0215;-0,00002913;-0,143;-0,061
28;30;0,013;0,0091;-0,02143;0,00002903;0,143;0,061
28;30,1;-0,01296;-0,00907;0,02136;-0,00002893;-0,142;-0,06
28;30,2;0,01292;0,00904;-0,0213;0,00002882;0,142;0,06
28;30,3;-0,01288;-0,00902;0,02123;-0,00002872;-0,142;-0,06
28;30,4;0,01284;0,00899;-0,02116;0,00002863;0,141;0,06
28;30,5;-0,0128;-0,00896;0,0211;-0,00002853;-0,141;-0,06
28;30,6;0,01276;0,00893;-0,02103;0,00002843;0,14;0,059
28;30,7;-0,01272;-0,00891;0,02097;-0,00002833;-0,14;-0,059
28;30,8;0,01268;0,00888;-0,0209;0,00002823;0,139;0,059
28;30,9;-0,01264;-0,00885;0,02083;-0,00002813;-0,139;-0,059
28;31;0,0126;0,00883;-0,02077;0,00002803;0,139;0,059
28;31,1;-0,01256;-0,0088;0,0207;-0,00002794;-0,138;-0,059
28;31,2;0,01253;0,00877;-0,02064;0,00002784;0,138;0,058
28;31,3;-0,01249;-0,00874;0,02058;-0,00002774;-0,137;-0,058
28;31,4;0,01245;0,00872;-0,02051;0,00002764;0,137;0,058
28;31,5;-0,01241;-0,00869;0,02045;-0,00002755;-0,136;-0,058
28;31,6;0,01237;0,00866;-0,02038;0,00002745;0,136;0,058
28;31,7;-0,01233;-0,00864;0,02032;-0,00002736;-0,136;-0,057
28;31,8;0,0123;0,00861;-0,02026;0,00002726;0,135;0,057
28;31,9;-0,01226;-0,00858;0,02019;-0,00002717;-0,135;-0,057
28;32;0,01222;0,00856;-0,02013;0,00002707;0,134;0,057
28;32,1;-0,01218;-0,00853;0,02007;-0,00002698;-0,134;-0,057
28;32,2;0,01215;0,00851;-0,02;0,00002688;0,133;0,057
28;32,3;-0,01211;-0,00848;0,01994;-0,00002679;-0,133;-0,056
28;32,4;0,01207;0,00845;-0,01988;0,00002669;0,133;0,056
28;32,5;-0,01203;-0,00843;0,01982;-0,0000266;-0,132;-0,056
28;32,6;0,012;0,0084;-0,01975;0,00002651;0,132;0,056
28;32,7;-0,01196;-0,00838;0,01969;-0,00002641;-0,131;-0,056
28;32,8;0,01192;0,00835;-0,01963;0,00002632;0,131;0,056
28;32,9;-0,01189;-0,00832;0,01957;-0,00002623;-0,13;-0,055
28;33;0,01185;0,0083;-0,01951;0,00002614;0,13;0,055
28;33,1;-0,01181;-0,00827;0,01945;-0,00002604;-0,13;-0,055
28;33,2;0,01178;0,00825;-0,01938;0,00002595;0,129;0,055
28;33,3;-0,01174;-0,00822;0,01932;-0,00002586;-0,129;-0,055
28;33,4;0,0117;0,0082;-0,01926;0,00002577;0,128;0,055
28;33,5;-0,01167;-0,00817;0,0192;-0,00002568;-0,128;-0,054
28;33,6;0,01163;0,00815;-0,01914;0,00002559;0,128;0,054
28;33,7;-0,0116;-0,00812;0,01908;-0,0000255;-0,127;-0,054
28;33,8;0,01156;0,0081;-0,01902;0,00002541;0,127;0,054
28;33,9;-0,01152;-0,00807;0,01896;-0,00002532;-0,126;-0,054
28;34;0,01149;0,00805;-0,0189;0,00002523;0,126;0,054
28;34,1;-0,01145;-0,00802;0,01884;-0,00002514;-0,126;-0,053
28;34,2;0,01142;0,008;-0,01878;0,00002505;0,125;0,053
28;34,3;-0,01138;-0,00797;0,01872;-0,00002497;-0,125;-0,053
28;34,4;0,01135;0,00795;-0,01867;0,00002488;0,124;0,053
28;34,5;-0,01131;-0,00792;0,01861;-0,00002479;-0,124;-0,053
28;34,6;0,01128;0,0079;-0,01855;0,0000247;0,124;0,053
28;34,7;-0,01124;-0,00787;0,01849;-0,00002461;-0,123;-0,052
28;34,8;0,01121;0,00785;-0,01843;0,00002453;0,123;0,052
28;34,9;-0,01117;-0,00782;0,01837;-0,00002444;-0,123;-0,052
28;35;0,01114;0,0078;-0,01832;0,00002435;0,122;0,052
28;35,1;-0,0111;-0,00778;0,01826;-0,00002427;-0,122;-0,052
28;35,2;0,01107;0,00775;-0,0182;0,00002418;0,121;0,052
28;35,3;-0,01103;-0,00773;0,01814;-0,0000241;-0,121;-0,051
28;35,4;0,011;0,0077;-0,01809;0,00002401;0,121;0,051
28;35,5;-0,01097;-0,00768;0,01803;-0,00002392;-0,12;-0,051
28;35,6;0,01093;0,00766;-0,01797;0,00002384;0,12;0,051
28;35,7;-0,0109;-0,00763;0,01792;-0,00002376;-0,119;-0,051
28;35,8;0,01086;0,00761;-0,01786;0,00002367;0,119;0,051
28;35,9;-0,01083;-0,00759;0,0178;-0,00002359;-0,119;-0,05
28;36;0,0108;0,00756;-0,01775;0,0000235;0,118;0,05
28;36,1;-0,01076;-0,00754;0,01769;-0,00002342;-0,118;-0,05
28;36,2;0,01073;0,00752;-0,01764;0,00002334;0,118;0,05
28;36,3;-0,0107;-0,00749;0,01758;-0,00002325;-0,117;-0,05
28;36,4;0,01066;0,00747;-0,01753;0,00002317;0,117;0,05
28;36,5;-0,01063;-0,00745;0,01747;-0,00002309;-0,117;-0,05
28;36,6;0,0106;0,00742;-0,01742;0,00002301;0,116;0,049
28;36,7;-0,01057;-0,0074;0,01736;-0,00002292;-0,116;-0,049
28;36,8;0,01053;0,00738;-0,01731;0,00002284;0,115;0,049
28;36,9;-0,0105;-0,00735;0,01725;-0,00002276;-0,115;-0,049
28;37;0,01047;0,00733;-0,0172;0,00002268;0,115;0,049
28;37,1;-0,01043;-0,00731;0,01714;-0,0000226;-0,114;-0,049
28;37,2;0,0104;0,00729;-0,01709;0,00002252;0,114;0,048
28;37,3;-0,01037;-0,00726;0,01703;-0,00002244;-0,114;-0,048
28;37,4;0,01034;0,00724;-0,01698;0,00002236;0,113;0,048
28;37,5;-0,01031;-0,00722;0,01693;-0,00002228;-0,113;-0,048
28;37,6;0,01027;0,0072;-0,01687;0,0000222;0,113;0,048
28;37,7;-0,01024;-0,00717;0,01682;-0,00002212;-0,112;-0,048
28;37,8;0,01021;0,00715;-0,01677;0,00002204;0,112;0,048
28;37,9;-0,01018;-0,00713;0,01671;-0,00002196;-0,111;-0,047
28;38;0,01015;0,00711;-0,01666;0,00002188;0,111;0,047
28;38,1;-0,01012;-0,00709;0,01661;-0,0000218;-0,111;-0,047
28;38,2;0,01008;0,00706;-0,01656;0,00002172;0,11;0,047
28;38,3;-0,01005;-0,00704;0,0165;-0,00002164;-0,11;-0,047
28;38,4;0,01002;0,00702;-0,01645;0,00002157;0,11;0,047
28;38,5;-0,00999;-0,007;0,0164;-0,00002149;-0,109;-0,047
28;38,6;0,00996;0,00698;-0,01635;0,00002141;0,109;0,046
28;38,7;-0,00993;-0,00695;0,0163;-0,00002133;-0,109;-0,046
28;38,8;0,0099;0,00693;-0,01625;0,00002126;0,108;0,046
28;38,9;-0,00987;-0,00691;0,01619;-0,00002118;-0,108;-0,046
28;39;0,00984;0,00689;-0,01614;0,0000211;0,108;0,046
28;39,1;-0,00981;-0,00687;0,01609;-0,00002103;-0,107;-0,046
28;39,2;0,00977;0,00685;-0,01604;0,00002095;0,107;0,046
28;39,3;-0,00974;-0,00683;0,01599;-0,00002088;-0,107;-0,045
28;39,4;0,00971;0,0068;-0,01594;0,0000208;0,106;0,045
28;39,5;-0,00968;-0,00678;0,01589;-0,00002072;-0,106;-0,045
28;39,6;0,00965;0,00676;-0,01584;0,00002065;0,106;0,045
28;39,7;-0,00962;-0,00674;0,01579;-0,00002057;-0,105;-0,045
28;39,8;0,00959;0,00672;-0,01574;0,0000205;0,105;0,045
28;39,9;-0,00956;-0,0067;0,01569;-0,00002043;-0,105;-0,045
28;40;0,00953;0,00668;-0,01564;0,00002035;0,104;0,044
29;0;0;0;0;0;0;0
29;0,1;0;0;0;0;0;0
29;0,2;0;0;0;0;0;0
29;0,3;0;0;0;0;0;0
29;0,4;0;0;0;0;0;0
29;0,5;0;0;0;0;0;0
29;0,6;0;0;0;0;0;0
29;0,7;0;0;0;0;0;0
29;0,8;0;0;0;0;0;0
29;0,9;0;0;0;0;0;0
29;1;0;0;0;0;0;0
29;1,1;0;0;0;0;0;0
29;1,2;0;0;0;0;0;0
29;1,3;0;0;0;0;0;0
29;1,4;0;0;0;0;0;0
29;1,5;0;0;0;0;0;0
29;1,6;0;0;0;0;0;0
29;1,7;0;0;0;0;0;0
29;1,8;0;0;0;0;0;0
29;1,9;0;0;0;0;0;0
29;2;0;0;0;0;0;0
29;2,1;0;0;0;0;0;0
29;2,2;0;0;0;0;0;0
29;2,3;0;0;0;0;0;0
29;2,4;0;0;0;0;0;0
29;2,5;0;0;0;0;0;0
29;2,6;0;0;0;0;0;0
29;2,7;0;0;0;0;0;0
29;2,8;0;0;0;0;0;0
29;2,9;0;0;0;0;0;0
29;3;0;0;0;0;0;0
29;3,1;0;0;0;0;0;0
29;3,2;0;0;0;0;0;0
29;3,3;0;0;0;0;0;0
29;3,4;0;0;0;0;0;0
29;3,5;0;0;0;0;0;0
29;3,6;0;0;0;0;0;0
29;3,7;0;0;0;0;0;0
29;3,8;0;0;0;0;0;0
29;3,9;0;0;0;0;0;0
29;4;0;0;0;0;0;0
29;4,1;0;0;0;0;0;0
29;4,2;0;0;0;0;0;0
29;4,3;0;0;0;0;0;0
29;4,4;0;0;0;0;0;0
29;4,5;0;0;0;0;0;0
29;4,6;0;0;0;0;0;0
29;4,7;0;0;0;0;0;0
29;4,8;0;0;0;0;0;0
29;4,9;0;0;0;0;0;0
29;5;0;0;0;0;0;0
29;5,1;0;0;0;0;0;0
29;5,2;0;0;0;0;0;0
29;5,3;0;0;0;0;0;0
29;5,4;0;0;0;0;0;0
29;5,5;0;0;0;0;0;0
29;5,6;0;0;0;0;0;0
29;5,7;0;0;0;0;0;0
29;5,8;0;0;0;0;0;0
29;5,9;0;0;0;0;0;0
29;6;0;0;0;0;0;0
29;6,1;0;0;0;0;0;0
29;6,2;0;0;0;0;0;0
29;6,3;0;0;0;0;0;0
29;6,4;0;0;0;0;0;0
29;6,5;0;0;0;0;0;0
29;6,6;0;0;0;0;0;0
29;6,7;0;0;0;0;0;0
29;6,8;0;0;0;0;0;0
29;6,9;0;0;0;0;0;0
29;7;0;0;0;0;0;0
29;7,1;0;0;0;0;0;0
29;7,2;0;0;0;0;0;0
29;7,3;0;0;0;0;0;0
29;7,4;0;0;0;0;0;0
29;7,5;0;0;0;0;0;0
29;7,6;0;0;0;0;0;0
29;7,7;0;0;0;0;0;0
29;7,8;0;0;0;0;0;0
29;7,9;0;0;0;0;0;0
29;8;0;0;0;0;0;0
29;8,1;0;0;0;0;0;0
29;8,2;0;0;0;0;0;0
29;8,3;0;0;0;0;0;0
29;8,4;0;0;0;0;0;0
29;8,5;0;0;0;0;0;0
29;8,6;0;0;0;0;0;0
29;8,7;0;0;0;0;0;0
29;8,8;0;0;0;0;0;0
29;8,9;0;0;0;0;0;0
29;9;0;0;0;0;0;0
29;9,1;0;0;0;0;0;0
29;9,2;0;0;0;0;0;0
29;9,3;0;0;0;0;0;0
29;9,4;0;0;0;0;0;0
29;9,5;0;0;0;0;0;0
29;9,6;0;0;0;0;0;0
29;9,7;0;0;0;0;0;0
29;9,8;0;0;0;0;0;0
29;9,9;0;0;0;0;0;0
29;10;0;0;0;0;0;0
29;10,1;0;0;0;0;0;0
29;10,2;0;0;0;0;0;0
29;10,3;0;0;0;0;0;0
29;10,4;0;0;0;0;0;0
29;10,5;0;0;0;0;0;0
29;10,6;0;0;0;0;0;0
29;10,7;0;0;0;0;0;0
29;10,8;0;0;0;0;0;0
29;10,9;0;0;0;0;0;0
29;11;0;0;0;0;0;0
29;11,1;0;0;0;0;0;0
29;11,2;0;0;0;0;0;0
29;11,3;0;0;0;0;0;0
29;11,4;0;0;0;0;0;0
29;11,5;0;0;0;0;0;0
29;11,6;0;0;0;0;0;0
29;11,7;0;0;0;0;0;0
29;11,8;0;0;0;0;0;0
29;11,9;0;0;0;0;0;0
29;12;0;0;0;0;0;0
29;12,1;0;0;0;0;0;0
29;12,2;0;0;0;0;0;0
29;12,3;0;0;0;0;0;0
29;12,4;0;0;0;0;0;0
29;12,5;0;0;0;0;0;0
29;12,6;0;0;0;0;0;0
29;12,7;0;0;0;0;0;0
29;12,8;0;0;0;0;0;0
29;12,9;0;0;0;0;0;0
29;13;0;0;0;0;0;0
29;13,1;0;0;0;0;0;0
29;13,2;0;0;0;0;0;0
29;13,3;0;0;0;0;0;0
29;13,4;0;0;0;0;0;0
29;13,5;0;0;0;0;0;0
29;13,6;0;0;0;0;0;0
29;13,7;0;0;0;0;0;0
29;13,8;0;0;0;0;0;0
29;13,9;0;0;0;0;0;0
29;14;0;0;0;0;0;0
29;14,1;0;0;0;0;0;0
29;14,2;0;0;0;0;0;0
29;14,3;0;0;0;0;0;0
29;14,4;0;0;0;0;0;0
29;14,5;0;0;0;0;0;0
29;14,6;0;0;0;0;0;0
29;14,7;0;0;0;0;0;0
29;14,8;0;0;0;0;0;0
29;14,9;0;0;0;0;0;0
29;15;0;0;0;0;0;0
29;15,1;0;0;0;0;0;0
29;15,2;0;0;0;0;0;0
29;15,3;0;0;0;0;0;0
29;15,4;0;0;0;0;0;0
29;15,5;0;0;0;0;0;0
29;15,6;0;0;0;0;0;0
29;15,7;0;0;0;0;0;0
29;15,8;0;0;0;0;0;0
29;15,9;0;0;0;0;0;0
29;16;0;0;0;0;0;0
29;16,1;0;0;0;0;0;0
29;16,2;0;0;0;0;0;0
29;16,3;0;0;0;0;0;0
29;16,4;0;0;0;0;0;0
29;16,5;0;0;0;0;0;0
29;16,6;0;0;0;0;0;0
29;16,7;0;0;0;0;0;0
29;16,8;0;0;0;0;0;0
29;16,9;0;0;0;0;0;0
29;17;0;0;0;0;0;0
29;17,1;0;0;0;0;0;0
29;17,2;0;0;0;0;0;0
29;17,3;0;0;0;0;0;0
29;17,4;0;0;0;0;0;0
29;17,5;0;0;0;0;0;0
29;17,6;0;0;0;0;0;0
29;17,7;0;0;0;0;0;0
29;17,8;0;0;0;0;0;0
29;17,9;0;0;0;0;0;0
29;18;0;0;0;0;0;0
29;18,1;0;0;0;0;0;0
29;18,2;0;0;0;0;0;0
29;18,3;0;0;0;0;0;0
29;18,4;0;0;0;0;0;0
29;18,5;0;0;0;0;0;0
29;18,6;0;0;0;0;0;0
29;18,7;0;0;0;0;0;0
29;18,8;0;0;0;0;0;0
29;18,9;0;0;0;0;0;0
29;19;0;0;0;0;0;0
29;19,1;0;0;0;0;0;0
29;19,2;0;0;0;0;0;0
29;19,3;0;0;0;0;0;0
29;19,4;0;0;0;0;0;0
29;19,5;0;0;0;0;0;0
29;19,6;0;0;0;0;0;0
29;19,7;0;0;0;0;0;0
29;19,8;0;0;0;0;0;0
29;19,9;0;0;0;0;0;0
29;20;0;0;0;0;0;0
29;20,1;0;0;0;0;0;0
29;20,2;0;0;0;0;0;0
29;20,3;0;0;0;0;0;0
29;20,4;0;0;0;0;0;0
29;20,5;0;0;0;0;0;0
29;20,6;0;0;0;0;0;0
29;20,7;0;0;0;0;0;0
29;20,8;0;0;0;0;0;0
29;20,9;0;0;0;0;0;0
29;21;0;0;0;0;0;0
29;21,1;0;0;0;0;0;0
29;21,2;0;0;0;0;0;0
29;21,3;0;0;0;0;0;0
29;21,4;0;0;0;0;0;0
29;21,5;0;0;0;0;0;0
29;21,6;0;0;0;0;0;0
29;21,7;0;0;0;0;0;0
29;21,8;0;0;0;0;0;0
29;21,9;0;0;0;0;0;0
29;22;0;0;0;0;0;0
29;22,1;0;0;0;0;0;0
29;22,2;0;0;0;0;0;0
29;22,3;0;0;0;0;0;0
29;22,4;0;0;0;0;0;0
29;22,5;0;0;0;0;0;0
29;22,6;0;0;0;0;0;0
29;22,7;0;0;0;0;0;0
29;22,8;0;0;0;0;0;0
29;22,9;0;0;0;0;0;0
29;23;0;0;0;0;0;0
29;23,1;0;0;0;0;0;0
29;23,2;0;0;0;0;0;0
29;23,3;0;0;0;0;0;0
29;23,4;0;0;0;0;0;0
29;23,5;0;0;0;0;0;0
29;23,6;0;0;0;0;0;0
29;23,7;0;0;0;0;0;0
29;23,8;0;0;0;0;0;0
29;23,9;0;0;0;0;0;0
29;24;0;0;0;0;0;0
29;24,1;0;0;0;0;0;0
29;24,2;0;0;0;0;0;0
29;24,3;0;0;0;0;0;0
29;24,4;0;0;0;0;0;0
29;24,5;0;0;0;0;0;0
29;24,6;0;0;0;0;0;0
29;24,7;0;0;0;0;0;0
29;24,8;0;0;0;0;0;0
29;24,9;0;0;0;0;0;0
29;25;0;0;0;0;0;0
29;25,1;0;0;0;0;0;0
29;25,2;0;0;0;0;0;0
29;25,3;0;0;0;0;0;0
29;25,4;0;0;0;0;0;0
29;25,5;0;0;0;0;0;0
29;25,6;0;0;0;0;0;0
29;25,7;0;0;0;0;0;0
29;25,8;0;0;0;0;0;0
29;25,9;0;0;0;0;0;0
29;26;0;0;0;0;0;0
29;26,1;0;0;0;0;0;0
29;26,2;0;0;0;0;0;0
29;26,3;0;0;0;0;0;0
29;26,4;0;0;0;0;0;0
29;26,5;0;0;0;0;0;0
29;26,6;0;0;0;0;0;0
29;26,7;0;0;0;0;0;0
29;26,8;0;0;0;0;0;0
29;26,9;0;0;0;0;0;0
29;27;0;0;0;0;0;0
29;27,1;0;0;0;0;0;0
29;27,2;0;0;0;0;0;0
29;27,3;0;0;0;0;0;0
29;27,4;0;0;0;0;0;0
29;27,5;0;0;0;0;0;0
29;27,6;0;0;0;0;0;0
29;27,7;0;0;0;0;0;0
29;27,8;0;0;0;0;0;0
29;27,9;0;0;0;0;0;0
29;28;0;0;0;0;0;0
29;28,1;0;0;0;0;0;0
29;28,2;0;0;0;0;0;0
29;28,3;0;0;0;0;0;0
29;28,4;0;0;0;0;0;0
29;28,5;0;0;0;0;0;0
29;28,6;0;0;0;0;0;0
29;28,7;0;0;0;0;0;0
29;28,8;0;0;0;0;0;0
29;28,9;0;0;0;0;0;0
29;29;0;0;0;0;0;0
29;29,1;0;0;0;0;0;0
29;29,2;0;0;0;0;0;0
29;29,3;0;0;0;0;0;0
29;29,4;0;0;0;0;0;0
29;29,5;0;0;0;0;0;0
29;29,6;0;0;0;0;0;0
29;29,7;0;0;0;0;0;0
29;29,8;0;0;0;0;0;0
29;29,9;0;0;0;0;0;0
29;30;0;0;0;0;0;0
29;30,1;0;0;0;0;0;0
29;30,2;0;0;0;0;0;0
29;30,3;0;0;0;0;0;0
29;30,4;0;0;0;0;0;0
29;30,5;0;0;0;0;0;0
29;30,6;0;0;0;0;0;0
29;30,7;0;0;0;0;0;0
29;30,8;0;0;0;0;0;0
29;30,9;0;0;0;0;0;0
29;31;0;0;0;0;0;0
29;31,1;0;0;0;0;0;0
29;31,2;0;0;0;0;0;0
29;31,3;0;0;0;0;0;0
29;31,4;0;0;0;0;0;0
29;31,5;0;0;0;0;0;0
29;31,6;0;0;0;0;0;0
29;31,7;0;0;0;0;0;0
29;31,8;0;0;0;0;0;0
29;31,9;0;0;0;0;0;0
29;32;0;0;0;0;0;0
29;32,1;0;0;0;0;0;0
29;32,2;0;0;0;0;0;0
29;32,3;0;0;0;0;0;0
29;32,4;0;0;0;0;0;0
29;32,5;0;0;0;0;0;0
29;32,6;0;0;0;0;0;0
29;32,7;0;0;0;0;0;0
29;32,8;0;0;0;0;0;0
29;32,9;0;0;0;0;0;0
29;33;0;0;0;0;0;0
29;33,1;0;0;0;0;0;0
29;33,2;0;0;0;0;0;0
29;33,3;0;0;0;0;0;0
29;33,4;0;0;0;0;0;0
29;33,5;0;0;0;0;0;0
29;33,6;0;0;0;0;0;0
29;33,7;0;0;0;0;0;0
29;33,8;0;0;0;0;0;0
29;33,9;0;0;0;0;0;0
29;34;0;0;0;0;0;0
29;34,1;0;0;0;0;0;0
29;34,2;0;0;0;0;0;0
29;34,3;0;0;0;0;0;0
29;34,4;0;0;0;0;0;0
29;34,5;0;0;0;0;0;0
29;34,6;0;0;0;0;0;0
29;34,7;0;0;0;0;0;0
29;34,8;0;0;0;0;0;0
29;34,9;0;0;0;0;0;0
29;35;0;0;0;0;0;0
29;35,1;0;0;0;0;0;0
29;35,2;0;0;0;0;0;0
29;35,3;0;0;0;0;0;0
29;35,4;0;0;0;0;0;0
29;35,5;0;0;0;0;0;0
29;35,6;0;0;0;0;0;0
29;35,7;0;0;0;0;0;0
29;35,8;0;0;0;0;0;0
29;35,9;0;0;0;0;0;0
29;36;0;0;0;0;0;0
29;36,1;0;0;0;0;0;0
29;36,2;0;0;0;0;0;0
29;36,3;0;0;0;0;0;0
29;36,4;0;0;0;0;0;0
29;36,5;0;0;0;0;0;0
29;36,6;0;0;0;0;0;0
29;36,7;0;0;0;0;0;0
29;36,8;0;0;0;0;0;0
29;36,9;0;0;0;0;0;0
29;37;0;0;0;0;0;0
29;37,1;0;0;0;0;0;0
29;37,2;0;0;0;0;0;0
29;37,3;0;0;0;0;0;0
29;37,4;0;0;0;0;0;0
29;37,5;0;0;0;0;0;0
29;37,6;0;0;0;0;0;0
29;37,7;0;0;0;0;0;0
29;37,8;0;0;0;0;0;0
29;37,9;0;0;0;0;0;0
29;38;0;0;0;0;0;0
29;38,1;0;0;0;0;0;0
29;38,2;0;0;0;0;0;0
29;38,3;0;0;0;0;0;0
29;38,4;0;0;0;0;0;0
29;38,5;0;0;0;0;0;0
29;38,6;0;0;0;0;0;0
29;38,7;0;0;0;0;0;0
29;38,8;0;0;0;0;0;0
29;38,9;0;0;0;0;0;0
29;39;0;0;0;0;0;0
29;39,1;0;0;0;0;0;0
29;39,2;0;0;0;0;0;0
29;39,3;0;0;0;0;0;0
29;39,4;0;0;0;0;0;0
29;39,5;0;0;0;0;0;0
29;39,6;0;0;0;0;0;0
29;39,7;0;0;0;0;0;0
29;39,8;0;0;0;0;0;0
29;39,9;0;0;0;0;0;0
29;40;0;0;0;0;0;0
30;0;0;0;0;0;0;0
30;0,1;-20,19768;-14,9512;-0,11667;0,001939;-0,779;99,675
30;0,2;-22,59675;-16,71067;-0,12418;0,002213;-0,829;111,405
30;0,3;25,74529;18,92629;0,18994;-0,002742;1,268;-126,176
30;0,4;-21,65864;-15,79639;-0,21642;0,002555;-1,444;105,311
30;0,5;12,92864;9,24039;0,21567;-0,001901;1,439;-61,604
30;0,6;-2,84922;-1,69993;-0,20206;0,00109;-1,349;11,334
30;0,7;-5,59151;-4,60968;0,18843;-0,0004038;1,258;30,73
30;0,8;10,4426;8,24259;-0,18342;0,00002668;-1,224;-54,95
30;0,9;-11,10415;-8,75557;0,19026;-0,00001774;1,27;58,369
30;1;8,22124;6,62937;-0,20726;0,0003208;-1,383;-44,195
30;1,1;-3,26759;-2,95965;0,22944;-0,0008027;1,531;19,73
30;1,2;-2,01008;-0,95552;-0,25062;0,001305;-1,673;6,372
30;1,3;6,1123;4,00182;0,26551;-0,001691;1,772;-26,68
30;1,4;-8,13998;-5,51094;-0,27102;0,00188;-1,809;36,741
30;1,5;7,91913;5,35303;0,26677;-0,001856;1,781;-35,688
30;1,6;-5,90804;-3,86783;-0,25474;0,001663;-1,7;25,787
30;1,7;2,95401;1,684;0,23838;-0,001379;1,591;-11,228
30;1,8;0,00663;0,50361;-0,22141;0,001091;-1,478;-3,356
30;1,9;-2,21427;-2,1313;0,20689;-0,0008701;1,381;14,207
30;2;3,25349;2,89087;-0,19651;0,0007542;-1,312;-19,271
30;2,1;-3,0967;-2,76204;0,19048;-0,0007465;1,271;18,412
30;2,2;2,0364;1,96213;-0,18776;0,0008205;-1,253;-13,08
30;2,3;-0,5454;-0,84235;0,18661;-0,0009331;1,246;5,615
30;2,4;-0,88358;-0,23138;-0,18521;0,001039;-1,236;1,544
30;2,5;1,87259;0,97836;0,18216;-0,001105;1,216;-6,524
30;2,6;-2,23637;-1,26096;-0,1768;0,001112;-1,18;8,408
30;2,7;1,99395;1,09325;0,16922;-0,001064;1,13;-7,289
30;2,8;-1,32363;-0,60758;-0,16015;0,0009764;-1,069;4,052
30;2,9;0,48435;-0,00384;0,15059;-0,0008737;1,005;0,024
30;3;0,26913;0,55187;-0,14152;0,0007795;-0,945;-3,678
30;3,1;-0,75346;-0,9004;0,13367;-0,0007105;0,892;6,002
30;3,2;0,8919;0,99247;-0,12733;0,000674;-0,85;-6,615
30;3,3;-0,71424;-0,85021;0,1224;-0,0006673;0,817;5,667
30;3,4;0,32846;0,55377;-0,11847;0,0006805;-0,791;-3,691
30;3,5;0,12307;-0,20887;0,11499;-0,0007005;0,768;1,391
30;3,6;-0,50799;-0,08621;-0,11146;0,0007151;-0,744;0,576
30;3,7;0,73715;0,26529;0,10753;-0,0007162;0,718;-1,77
30;3,8;-0,77987;-0,30561;-0,10308;0,000701;-0,688;2,038
30;3,9;0,66081;0,22546;0,0982;-0,0006717;0,656;-1,504
30;4;-0,4426;-0,07138;-0,09313;0,000634;-0,622;0,477
30;4,1;0,20188;-0,09972;0,08815;-0,000595;0,589;0,664
30;4,2;-0,00621;0,23769;-0,08352;0,0005608;-0,558;-1,584
30;4,3;-0,10216;-0,31113;0,07938;-0,0005353;0,53;2,073
30;4,4;0,11252;0,31208;-0,07578;0,0005195;-0,506;-2,08
30;4,5;-0,04246;-0,2536;0,07263;-0,0005117;0,485;1,69
30;4,6;-0,07235;0,16214;-0,0698;0,0005087;-0,466;-1,08
30;4,7;0,19119;-0,06795;0,06713;-0,0005065;0,448;0,452
30;4,8;-0,28012;-0,0038;-0,06447;0,0005021;-0,431;0,026
30;4,9;0,31974;0,0387;0,06175;-0,0004937;0,412;-0,259
30;5;-0,30753;-0,0349;-0,05895;0,000481;-0,394;0,234
30;5,1;0,25528;0,00117;0,05612;-0,0004651;0,375;-0,00871
30;5,2;-0,18322;0,04748;-0,05332;0,0004478;-0,356;-0,316
30;5,3;0,11298;-0,09497;0,05063;-0,0004311;0,338;0,632
30;5,4;-0,06159;0,12864;-0,04812;0,0004165;-0,321;-0,857
30;5,5;0,03785;-0,14197;0,0458;-0,0004048;0,306;0,946
30;5,6;-0,04159;0,13507;-0,04369;0,000396;-0,292;-0,9
30;5,7;0,06542;-0,11341;0,04174;-0,0003894;0,279;0,755
30;5,8;-0,09815;0,0853;-0,03991;0,000384;-0,267;-0,568
30;5,9;0,12846;-0,05914;0,03815;-0,0003786;0,255;0,393
30;6;-0,14793;0,04117;-0,03643;0,0003726;-0,243;-0,274
30;6,1;0,15273;-0,03423;0,03472;-0,0003655;0,232;0,227
30;6,2;-0,14374;0,03766;-0,03304;0,0003575;-0,221;-0,25
30;6,3;0,12537;-0,04818;0,03139;-0,0003488;0,21;0,32
30;6,4;-0,10376;0,06123;-0,02979;0,0003401;-0,199;-0,407
30;6,5;0,08471;-0,0725;0,02827;-0,0003319;0,189;0,482
30;6,6;-0,0723;0,07895;-0,02683;0,0003246;-0,179;-0,525
30;6,7;0,06805;-0,07945;0,02549;-0,0003182;0,17;0,529
30;6,8;-0,07105;0,07466;-0,02423;0,0003128;-0,162;-0,497
30;6,9;0,07867;-0,06655;0,02304;-0,000308;0,154;0,443
30;7;-0,08757;0,05759;-0,0219;0,0003035;-0,146;-0,383
30;7,1;0,09472;-0,05;0,02081;-0,000299;0,139;0,333
30;7,2;-0,09819;0,04525;-0,01975;0,0002944;-0,132;-0,301
30;7,3;0,09738;-0,04375;0,01873;-0,0002896;0,125;0,291
30;7,4;-0,09297;0,04501;-0,01773;0,0002847;-0,119;-0,299
30;7,5;0,08648;-0,04789;0,01676;-0,0002797;0,112;0,318
30;7,6;-0,07968;0,05108;-0,01584;0,0002749;-0,106;-0,34
30;7,7;0,0741;-0,05342;0,01496;-0,0002703;0,1;0,355
30;7,8;-0,07065;0,05425;-0,01412;0,0002661;-0,095;-0,361
30;7,9;0,06952;-0,05343;0,01333;-0,0002622;0,089;0,355
30;8;-0,07023;0,0513;-0,01258;0,0002587;-0,084;-0,341
30;8,1;0,07193;-0,0485;0,01186;-0,0002553;0,079;0,323
30;8,2;-0,07366;0,04573;-0,01118;0,0002521;-0,075;-0,304
30;8,3;0,07468;-0,04354;0,01052;-0,000249;0,071;0,29
30;8,4;-0,07455;0,04226;-0,00989;0,0002458;-0,066;-0,281
30;8,5;0,07326;-0,04189;0,00928;-0,0002427;0,062;0,279
30;8,6;-0,07111;0,04221;-0,00869;0,0002396;-0,058;-0,281
30;8,7;0,06857;-0,04286;0,00812;-0,0002366;0,055;0,285
30;8,8;-0,06615;0,04347;-0,00758;0,0002336;-0,051;-0,289
30;8,9;0,06422;-0,04376;0,00707;-0,0002308;0,047;0,291
30;9;-0,06296;0,04358;-0,00658;0,0002282;-0,044;-0,29
30;9,1;0,06236;-0,04296;0,00611;-0,0002257;0,041;0,286
30;9,2;-0,06223;0,04203;-0,00567;0,0002233;-0,038;-0,279
30;9,3;0,06231;-0,04098;0,00524;-0,000221;0,035;0,272
30;9,4;-0,06232;0,04001;-0,00483;0,0002188;-0,033;-0,266
30;9,5;0,06209;-0,03925;0,00444;-0,0002167;0,03;0,261
30;9,6;-0,06154;0,03876;-0,00407;0,0002146;-0,027;-0,258
30;9,7;0,0607;-0,03852;0,00371;-0,0002125;0,025;0,256
30;9,8;-0,05967;0,03845;-0,00336;0,0002104;-0,023;-0,256
30;9,9;0,0586;-0,03843;0,00303;-0,0002085;0,021;0,255
30;10;-0,05762;0,03838;-0,00272;0,0002066;-0,018;-0,255
30;10,1;0,05681;-0,03822;0,00242;-0,0002047;0,016;0,254
30;10,2;-0,05622;0,03793;-0,00213;0,000203;-0,015;-0,252
30;10,3;0,05581;-0,03752;0,00185;-0,0002013;0,013;0,249
30;10,4;-0,05551;0,03706;-0,00159;0,0001996;-0,011;-0,246
30;10,5;0,05525;-0,03658;0,00134;-0,000198;0,009256;0,243
30;10,6;-0,05496;0,03615;-0,0011;0,0001965;-0,007657;-0,24
30;10,7;0,0546;-0,0358;0,00087;-0,000195;0,006126;0,238
30;10,8;-0,05415;0,03553;-0,00065;0,0001935;-0,004661;-0,236
30;10,9;0,05363;-0,03532;0,00044;-0,0001921;0,003258;0,235
30;11;-0,05308;0,03516;-0,00024;0,0001907;-0,001916;-0,234
30;11,1;0,05254;-0,03501;0,00005091;-0,0001893;0,0006337;0,233
30;11,2;-0,05204;0,03484;0,00013;0,000188;0,0005911;-0,232
30;11,3;0,0516;-0,03464;-0,00031;-0,0001867;-0,00176;0,23
30;11,4;-0,05123;0,03441;0,00047;0,0001855;0,002876;-0,229
30;11,5;0,05091;-0,03415;-0,00063;-0,0001843;-0,00394;0,227
30;11,6;-0,05062;0,03389;0,00079;0,0001831;0,004956;-0,225
30;11,7;0,05034;-0,03363;-0,00093;-0,0001819;-0,005926;0,224
30;11,8;-0,05004;0,0334;0,00107;0,0001808;0,006853;-0,222
30;11,9;0,04973;-0,03318;-0,0012;-0,0001797;-0,007738;0,221
30;12;-0,0494;0,033;0,00133;0,0001787;0,008584;-0,219
30;12,1;0,04906;-0,03283;-0,00145;-0,0001776;-0,009392;0,218
30;12,2;-0,04872;0,03267;0,00157;0,0001766;0,01;-0,217
30;12,3;0,04839;-0,03252;-0,00168;-0,0001756;-0,011;0,216
30;12,4;-0,04808;0,03236;0,00178;0,0001746;0,012;-0,215
30;12,5;0,04779;-0,0322;-0,00188;-0,0001736;-0,012;0,214
30;12,6;-0,04752;0,03203;0,00198;0,0001727;0,013;-0,213
30;12,7;0,04727;-0,03185;-0,00207;-0,0001718;-0,014;0,212
30;12,8;-0,04703;0,03168;0,00215;0,0001709;0,014;-0,211
30;12,9;0,04679;-0,03151;-0,00224;-0,00017;-0,015;0,209
30;13;-0,04655;0,03135;0,00231;0,0001692;0,015;-0,208
30;13,1;0,04631;-0,03119;-0,00239;-0,0001683;-0,016;0,207
30;13,2;-0,04606;0,03105;0,00246;0,0001675;0,016;-0,206
30;13,3;0,04582;-0,03091;-0,00253;-0,0001667;-0,017;0,205
30;13,4;-0,04558;0,03078;0,00259;0,0001659;0,017;-0,205
30;13,5;0,04535;-0,03065;-0,00265;-0,0001651;-0,017;0,204
30;13,6;-0,04513;0,03052;0,00271;0,0001644;0,018;-0,203
30;13,7;0,04491;-0,03038;-0,00277;-0,0001636;-0,018;0,202
30;13,8;-0,04471;0,03025;0,00282;0,0001629;0,019;-0,201
30;13,9;0,04451;-0,03012;-0,00287;-0,0001621;-0,019;0,2
30;14;-0,04431;0,02999;0,00292;0,0001614;0,019;-0,199
30;14,1;0,04412;-0,02986;-0,00296;-0,0001607;-0,02;0,198
30;14,2;-0,04392;0,02973;0,00301;0,00016;0,02;-0,198
30;14,3;0,04373;-0,02961;-0,00305;-0,0001594;-0,02;0,197
30;14,4;-0,04354;0,0295;0,00309;0,0001587;0,02;-0,196
30;14,5;0,04336;-0,02938;-0,00312;-0,000158;-0,021;0,195
30;14,6;-0,04317;0,02927;0,00316;0,0001574;0,021;-0,194
30;14,7;0,04299;-0,02916;-0,00319;-0,0001567;-0,021;0,194
30;14,8;-0,04282;0,02905;0,00322;0,0001561;0,021;-0,193
30;14,9;0,04265;-0,02894;-0,00325;-0,0001555;-0,021;0,192
30;15;-0,04248;0,02883;0,00328;0,0001548;0,022;-0,192
30;15,1;0,04231;-0,02872;-0,0033;-0,0001542;-0,022;0,191
30;15,2;-0,04215;0,02861;0,00333;0,0001536;0,022;-0,19
30;15,3;0,04199;-0,02851;-0,00335;-0,000153;-0,022;0,189
30;15,4;-0,04183;0,0284;0,00337;0,0001525;0,022;-0,189
30;15,5;0,04167;-0,0283;-0,00339;-0,0001519;-0,022;0,188
30;15,6;-0,04151;0,0282;0,00341;0,0001513;0,023;-0,187
30;15,7;0,04136;-0,0281;-0,00343;-0,0001507;-0,023;0,187
30;15,8;-0,04121;0,028;0,00345;0,0001502;0,023;-0,186
30;15,9;0,04106;-0,02791;-0,00346;-0,0001496;-0,023;0,185
30;16;-0,04091;0,02781;0,00348;0,0001491;0,023;-0,185
30;16,1;0,04076;-0,02772;-0,00349;-0,0001485;-0,023;0,184
30;16,2;-0,04062;0,02762;0,0035;0,000148;0,023;-0,184
30;16,3;0,04048;-0,02753;-0,00351;-0,0001475;-0,023;0,183
30;16,4;-0,04034;0,02744;0,00352;0,0001469;0,023;-0,182
30;16,5;0,0402;-0,02734;-0,00353;-0,0001464;-0,023;0,182
30;16,6;-0,04006;0,02725;0,00354;0,0001459;0,023;-0,181
30;16,7;0,03992;-0,02716;-0,00355;-0,0001454;-0,023;0,18
30;16,8;-0,03979;0,02708;0,00356;0,0001449;0,024;-0,18
30;16,9;0,03965;-0,02699;-0,00357;-0,0001444;-0,024;0,179
30;17;-0,03952;0,0269;0,00357;0,0001439;0,024;-0,179
30;17,1;0,03939;-0,02681;-0,00358;-0,0001434;-0,024;0,178
30;17,2;-0,03926;0,02673;0,00358;0,0001429;0,024;-0,178
30;17,3;0,03913;-0,02664;-0,00359;-0,0001424;-0,024;0,177
30;17,4;-0,03901;0,02656;0,00359;0,0001419;0,024;-0,176
30;17,5;0,03888;-0,02647;-0,00359;-0,0001414;-0,024;0,176
30;17,6;-0,03875;0,02639;0,0036;0,0001409;0,024;-0,175
30;17,7;0,03863;-0,02631;-0,0036;-0,0001405;-0,024;0,175
30;17,8;-0,03851;0,02623;0,0036;0,00014;0,024;-0,174
30;17,9;0,03838;-0,02615;-0,0036;-0,0001395;-0,024;0,174
30;18;-0,03826;0,02607;0,0036;0,0001391;0,024;-0,173
30;18,1;0,03814;-0,02598;-0,0036;-0,0001386;-0,024;0,173
30;18,2;-0,03802;0,02591;0,0036;0,0001381;0,024;-0,172
30;18,3;0,0379;-0,02583;-0,0036;-0,0001377;-0,024;0,172
30;18,4;-0,03779;0,02575;0,0036;0,0001372;0,024;-0,171
30;18,5;0,03767;-0,02567;-0,0036;-0,0001368;-0,024;0,171
30;18,6;-0,03755;0,02559;0,0036;0,0001363;0,024;-0,17
30;18,7;0,03744;-0,02551;-0,0036;-0,0001359;-0,024;0,17
30;18,8;-0,03732;0,02544;0,00359;0,0001354;0,024;-0,169
30;18,9;0,03721;-0,02536;-0,00359;-0,000135;-0,024;0,169
30;19;-0,0371;0,02529;0,00359;0,0001346;0,024;-0,168
30;19,1;0,03699;-0,02521;-0,00359;-0,0001341;-0,024;0,167
30;19,2;-0,03687;0,02513;0,00358;0,0001337;0,024;-0,167
30;19,3;0,03676;-0,02506;-0,00358;-0,0001333;-0,024;0,167
30;19,4;-0,03665;0,02499;0,00358;0,0001328;0,024;-0,166
30;19,5;0,03654;-0,02491;-0,00357;-0,0001324;-0,024;0,166
30;19,6;-0,03643;0,02484;0,00357;0,000132;0,024;-0,165
30;19,7;0,03633;-0,02477;-0,00357;-0,0001316;-0,024;0,165
30;19,8;-0,03622;0,02469;0,00356;0,0001312;0,024;-0,164
30;19,9;0,03611;-0,02462;-0,00356;-0,0001307;-0,024;0,164
30;20;-0,036;0,02455;0,00355;0,0001303;0,023;-0,163
30;20,1;0,0359;-0,02448;-0,00355;-0,0001299;-0,023;0,163
30;20,2;-0,03579;0,02441;0,00354;0,0001295;0,023;-0,162
30;20,3;0,03569;-0,02433;-0,00354;-0,0001291;-0,023;0,162
30;20,4;-0,03558;0,02426;0,00353;0,0001287;0,023;-0,161
30;20,5;0,03548;-0,02419;-0,00353;-0,0001283;-0,023;0,161
30;20,6;-0,03537;0,02412;0,00352;0,0001279;0,023;-0,16
30;20,7;0,03527;-0,02405;-0,00351;-0,0001275;-0,023;0,16
30;20,8;-0,03517;0,02398;0,00351;0,0001271;0,023;-0,159
30;20,9;0,03507;-0,02392;-0,0035;-0,0001267;-0,023;0,159
30;21;-0,03497;0,02385;0,0035;0,0001263;0,023;-0,158
30;21,1;0,03486;-0,02378;-0,00349;-0,0001259;-0,023;0,158
30;21,2;-0,03476;0,02371;0,00349;0,0001255;0,023;-0,158
30;21,3;0,03466;-0,02364;-0,00348;-0,0001251;-0,023;0,157
30;21,4;-0,03456;0,02357;0,00347;0,0001247;0,023;-0,157
30;21,5;0,03446;-0,02351;-0,00347;-0,0001243;-0,023;0,156
30;21,6;-0,03436;0,02344;0,00346;0,0001239;0,023;-0,156
30;21,7;0,03427;-0,02337;-0,00345;-0,0001235;-0,023;0,155
30;21,8;-0,03417;0,02331;0,00345;0,0001231;0,023;-0,155
30;21,9;0,03407;-0,02324;-0,00344;-0,0001228;-0,023;0,154
30;22;-0,03397;0,02317;0,00343;0,0001224;0,023;-0,154
30;22,1;0,03388;-0,02311;-0,00343;-0,000122;-0,023;0,154
30;22,2;-0,03378;0,02304;0,00342;0,0001216;0,023;-0,153
30;22,3;0,03368;-0,02298;-0,00341;-0,0001212;-0,023;0,153
30;22,4;-0,03359;0,02291;0,00341;0,0001209;0,023;-0,152
30;22,5;0,03349;-0,02285;-0,0034;-0,0001205;-0,022;0,152
30;22,6;-0,0334;0,02278;0,00339;0,0001201;0,022;-0,151
30;22,7;0,0333;-0,02272;-0,00338;-0,0001198;-0,022;0,151
30;22,8;-0,03321;0,02265;0,00338;0,0001194;0,022;-0,15
30;22,9;0,03311;-0,02259;-0,00337;-0,000119;-0,022;0,15
30;23;-0,03302;0,02252;0,00336;0,0001186;0,022;-0,15
30;23,1;0,03293;-0,02246;-0,00336;-0,0001183;-0,022;0,149
30;23,2;-0,03283;0,0224;0,00335;0,0001179;0,022;-0,149
30;23,3;0,03274;-0,02233;-0,00334;-0,0001175;-0,022;0,148
30;23,4;-0,03265;0,02227;0,00333;0,0001172;0,022;-0,148
30;23,5;0,03255;-0,02221;-0,00333;-0,0001168;-0,022;0,148
30;23,6;-0,03246;0,02215;0,00332;0,0001165;0,022;-0,147
30;23,7;0,03237;-0,02208;-0,00331;-0,0001161;-0,022;0,147
30;23,8;-0,03228;0,02202;0,00331;0,0001157;0,022;-0,146
30;23,9;0,03219;-0,02196;-0,0033;-0,0001154;-0,022;0,146
30;24;-0,0321;0,0219;0,00329;0,000115;0,022;-0,145
30;24,1;0,03201;-0,02184;-0,00328;-0,0001147;-0,022;0,145
30;24,2;-0,03192;0,02178;0,00328;0,0001143;0,022;-0,145
30;24,3;0,03183;-0,02172;-0,00327;-0,000114;-0,022;0,144
30;24,4;-0,03174;0,02165;0,00326;0,0001136;0,022;-0,144
30;24,5;0,03165;-0,02159;-0,00325;-0,0001133;-0,022;0,143
30;24,6;-0,03156;0,02153;0,00325;0,0001129;0,021;-0,143
30;24,7;0,03147;-0,02147;-0,00324;-0,0001126;-0,021;0,143
30;24,8;-0,03139;0,02141;0,00323;0,0001122;0,021;-0,142
30;24,9;0,0313;-0,02135;-0,00322;-0,0001119;-0,021;0,142
30;25;-0,03121;0,02129;0,00322;0,0001115;0,021;-0,141
30;25,1;0,03112;-0,02123;-0,00321;-0,0001112;-0,021;0,141
30;25,2;-0,03104;0,02117;0,0032;0,0001109;0,021;-0,141
30;25,3;0,03095;-0,02112;-0,0032;-0,0001105;-0,021;0,14
30;25,4;-0,03086;0,02106;0,00319;0,0001102;0,021;-0,14
30;25,5;0,03078;-0,021;-0,00318;-0,0001098;-0,021;0,139
30;25,6;-0,03069;0,02094;0,00317;0,0001095;0,021;-0,139
30;25,7;0,0306;-0,02088;-0,00317;-0,0001092;-0,021;0,139
30;25,8;-0,03052;0,02082;0,00316;0,0001088;0,021;-0,138
30;25,9;0,03043;-0,02076;-0,00315;-0,0001085;-0,021;0,138
30;26;-0,03035;0,02071;0,00314;0,0001082;0,021;-0,138
30;26,1;0,03027;-0,02065;-0,00314;-0,0001078;-0,021;0,137
30;26,2;-0,03018;0,02059;0,00313;0,0001075;0,021;-0,137
30;26,3;0,0301;-0,02053;-0,00312;-0,0001072;-0,021;0,136
30;26,4;-0,03001;0,02048;0,00311;0,0001068;0,021;-0,136
30;26,5;0,02993;-0,02042;-0,00311;-0,0001065;-0,021;0,136
30;26,6;-0,02985;0,02036;0,0031;0,0001062;0,02;-0,135
30;26,7;0,02976;-0,02031;-0,00309;-0,0001059;-0,02;0,135
30;26,8;-0,02968;0,02025;0,00309;0,0001055;0,02;-0,135
30;26,9;0,0296;-0,02019;-0,00308;-0,0001052;-0,02;0,134
30;27;-0,02952;0,02014;0,00307;0,0001049;0,02;-0,134
30;27,1;0,02943;-0,02008;-0,00306;-0,0001046;-0,02;0,133
30;27,2;-0,02935;0,02003;0,00306;0,0001042;0,02;-0,133
30;27,3;0,02927;-0,01997;-0,00305;-0,0001039;-0,02;0,133
30;27,4;-0,02919;0,01992;0,00304;0,0001036;0,02;-0,132
30;27,5;0,02911;-0,01986;-0,00303;-0,0001033;-0,02;0,132
30;27,6;-0,02903;0,0198;0,00303;0,000103;0,02;-0,132
30;27,7;0,02895;-0,01975;-0,00302;-0,0001027;-0,02;0,131
30;27,8;-0,02887;0,0197;0,00301;0,0001023;0,02;-0,131
30;27,9;0,02879;-0,01964;-0,00301;-0,000102;-0,02;0,13
30;28;-0,02871;0,01959;0,003;0,0001017;0,02;-0,13
30;28,1;0,02863;-0,01953;-0,00299;-0,0001014;-0,02;0,13
30;28,2;-0,02855;0,01948;0,00298;0,0001011;0,02;-0,129
30;28,3;0,02847;-0,01942;-0,00298;-0,0001008;-0,02;0,129
30;28,4;-0,02839;0,01937;0,00297;0,0001005;0,02;-0,129
30;28,5;0,02831;-0,01932;-0,00296;-0,0001002;-0,02;0,128
30;28,6;-0,02823;0,01926;0,00296;0,00009986;0,02;-0,128
30;28,7;0,02816;-0,01921;-0,00295;-0,00009955;-0,02;0,128
30;28,8;-0,02808;0,01916;0,00294;0,00009925;0,019;-0,127
30;28,9;0,028;-0,0191;-0,00294;-0,00009894;-0,019;0,127
30;29;-0,02792;0,01905;0,00293;0,00009864;0,019;-0,127
30;29,1;0,02784;-0,019;-0,00292;-0,00009834;-0,019;0,126
30;29,2;-0,02777;0,01895;0,00291;0,00009804;0,019;-0,126
30;29,3;0,02769;-0,01889;-0,00291;-0,00009773;-0,019;0,126
30;29,4;-0,02761;0,01884;0,0029;0,00009743;0,019;-0,125
30;29,5;0,02754;-0,01879;-0,00289;-0,00009714;-0,019;0,125
30;29,6;-0,02746;0,01874;0,00289;0,00009684;0,019;-0,124
30;29,7;0,02739;-0,01869;-0,00288;-0,00009654;-0,019;0,124
30;29,8;-0,02731;0,01863;0,00287;0,00009624;0,019;-0,124
30;29,9;0,02724;-0,01858;-0,00287;-0,00009595;-0,019;0,123
30;30;-0,02716;0,01853;0,00286;0,00009566;0,019;-0,123
30;30,1;0,02709;-0,01848;-0,00285;-0,00009536;-0,019;0,123
30;30,2;-0,02701;0,01843;0,00285;0,00009507;0,019;-0,122
30;30,3;0,02694;-0,01838;-0,00284;-0,00009478;-0,019;0,122
30;30,4;-0,02686;0,01833;0,00283;0,00009449;0,019;-0,122
30;30,5;0,02679;-0,01828;-0,00283;-0,0000942;-0,019;0,121
30;30,6;-0,02671;0,01823;0,00282;0,00009391;0,019;-0,121
30;30,7;0,02664;-0,01818;-0,00281;-0,00009362;-0,019;0,121
30;30,8;-0,02657;0,01813;0,00281;0,00009333;0,019;-0,12
30;30,9;0,02649;-0,01808;-0,0028;-0,00009305;-0,019;0,12
30;31;-0,02642;0,01803;0,00279;0,00009276;0,018;-0,12
30;31,1;0,02635;-0,01798;-0,00279;-0,00009248;-0,018;0,119
30;31,2;-0,02628;0,01793;0,00278;0,00009219;0,018;-0,119
30;31,3;0,0262;-0,01788;-0,00277;-0,00009191;-0,018;0,119
30;31,4;-0,02613;0,01783;0,00277;0,00009163;0,018;-0,118
30;31,5;0,02606;-0,01778;-0,00276;-0,00009135;-0,018;0,118
30;31,6;-0,02599;0,01773;0,00275;0,00009107;0,018;-0,118
30;31,7;0,02592;-0,01768;-0,00275;-0,00009079;-0,018;0,117
30;31,8;-0,02584;0,01763;0,00274;0,00009051;0,018;-0,117
30;31,9;0,02577;-0,01758;-0,00273;-0,00009023;-0,018;0,117
30;32;-0,0257;0,01754;0,00273;0,00008995;0,018;-0,116
30;32,1;0,02563;-0,01749;-0,00272;-0,00008968;-0,018;0,116
30;32,2;-0,02556;0,01744;0,00272;0,0000894;0,018;-0,116
30;32,3;0,02549;-0,01739;-0,00271;-0,00008913;-0,018;0,116
30;32,4;-0,02542;0,01734;0,0027;0,00008885;0,018;-0,115
30;32,5;0,02535;-0,0173;-0,0027;-0,00008858;-0,018;0,115
30;32,6;-0,02528;0,01725;0,00269;0,00008831;0,018;-0,115
30;32,7;0,02521;-0,0172;-0,00268;-0,00008804;-0,018;0,114
30;32,8;-0,02514;0,01715;0,00268;0,00008777;0,018;-0,114
30;32,9;0,02507;-0,01711;-0,00267;-0,0000875;-0,018;0,114
30;33;-0,02501;0,01706;0,00266;0,00008723;0,018;-0,113
30;33,1;0,02494;-0,01701;-0,00266;-0,00008696;-0,018;0,113
30;33,2;-0,02487;0,01697;0,00265;0,00008669;0,018;-0,113
30;33,3;0,0248;-0,01692;-0,00265;-0,00008643;-0,018;0,112
30;33,4;-0,02473;0,01687;0,00264;0,00008616;0,017;-0,112
30;33,5;0,02466;-0,01683;-0,00263;-0,0000859;-0,017;0,112
30;33,6;-0,0246;0,01678;0,00263;0,00008563;0,017;-0,111
30;33,7;0,02453;-0,01673;-0,00262;-0,00008537;-0,017;0,111
30;33,8;-0,02446;0,01669;0,00261;0,00008511;0,017;-0,111
30;33,9;0,02439;-0,01664;-0,00261;-0,00008485;-0,017;0,111
30;34;-0,02433;0,0166;0,0026;0,00008458;0,017;-0,11
30;34,1;0,02426;-0,01655;-0,0026;-0,00008432;-0,017;0,11
30;34,2;-0,02419;0,01651;0,00259;0,00008407;0,017;-0,11
30;34,3;0,02413;-0,01646;-0,00258;-0,00008381;-0,017;0,109
30;34,4;-0,02406;0,01642;0,00258;0,00008355;0,017;-0,109
30;34,5;0,024;-0,01637;-0,00257;-0,00008329;-0,017;0,109
30;34,6;-0,02393;0,01633;0,00257;0,00008304;0,017;-0,108
30;34,7;0,02387;-0,01628;-0,00256;-0,00008278;-0,017;0,108
30;34,8;-0,0238;0,01624;0,00255;0,00008253;0,017;-0,108
30;34,9;0,02373;-0,01619;-0,00255;-0,00008227;-0,017;0,108
30;35;-0,02367;0,01615;0,00254;0,00008202;0,017;-0,107
30;35,1;0,02361;-0,0161;-0,00254;-0,00008177;-0,017;0,107
30;35,2;-0,02354;0,01606;0,00253;0,00008152;0,017;-0,107
30;35,3;0,02348;-0,01602;-0,00252;-0,00008127;-0,017;0,106
30;35,4;-0,02341;0,01597;0,00252;0,00008102;0,017;-0,106
30;35,5;0,02335;-0,01593;-0,00251;-0,00008077;-0,017;0,106
30;35,6;-0,02328;0,01589;0,00251;0,00008052;0,017;-0,106
30;35,7;0,02322;-0,01584;-0,0025;-0,00008027;-0,017;0,105
30;35,8;-0,02316;0,0158;0,0025;0,00008002;0,017;-0,105
30;35,9;0,02309;-0,01576;-0,00249;-0,00007978;-0,016;0,105
30;36;-0,02303;0,01571;0,00248;0,00007953;0,016;-0,104
30;36,1;0,02297;-0,01567;-0,00248;-0,00007929;-0,016;0,104
30;36,2;-0,02291;0,01563;0,00247;0,00007904;0,016;-0,104
30;36,3;0,02284;-0,01558;-0,00247;-0,0000788;-0,016;0,104
30;36,4;-0,02278;0,01554;0,00246;0,00007856;0,016;-0,103
30;36,5;0,02272;-0,0155;-0,00246;-0,00007832;-0,016;0,103
30;36,6;-0,02266;0,01546;0,00245;0,00007807;0,016;-0,103
30;36,7;0,02259;-0,01541;-0,00244;-0,00007783;-0,016;0,102
30;36,8;-0,02253;0,01537;0,00244;0,00007759;0,016;-0,102
30;36,9;0,02247;-0,01533;-0,00243;-0,00007736;-0,016;0,102
30;37;-0,02241;0,01529;0,00243;0,00007712;0,016;-0,102
30;37,1;0,02235;-0,01525;-0,00242;-0,00007688;-0,016;0,101
30;37,2;-0,02229;0,01521;0,00242;0,00007664;0,016;-0,101
30;37,3;0,02223;-0,01516;-0,00241;-0,00007641;-0,016;0,101
30;37,4;-0,02217;0,01512;0,0024;0,00007617;0,016;-0,1
30;37,5;0,02211;-0,01508;-0,0024;-0,00007594;-0,016;0,1
30;37,6;-0,02205;0,01504;0,00239;0,0000757;0,016;-0,1
30;37,7;0,02199;-0,015;-0,00239;-0,00007547;-0,016;0,1
30;37,8;-0,02193;0,01496;0,00238;0,00007524;0,016;-0,099
30;37,9;0,02187;-0,01492;-0,00238;-0,00007501;-0,016;0,099
30;38;-0,02181;0,01488;0,00237;0,00007477;0,016;-0,099
30;38,1;0,02175;-0,01484;-0,00237;-0,00007454;-0,016;0,099
30;38,2;-0,02169;0,0148;0,00236;0,00007431;0,016;-0,098
30;38,3;0,02163;-0,01476;-0,00236;-0,00007409;-0,016;0,098
30;38,4;-0,02157;0,01472;0,00235;0,00007386;0,016;-0,098
30;38,5;0,02151;-0,01468;-0,00234;-0,00007363;-0,016;0,097
30;38,6;-0,02145;0,01464;0,00234;0,0000734;0,015;-0,097
30;38,7;0,0214;-0,0146;-0,00233;-0,00007318;-0,015;0,097
30;38,8;-0,02134;0,01456;0,00233;0,00007295;0,015;-0,097
30;38,9;0,02128;-0,01452;-0,00232;-0,00007273;-0,015;0,096
30;39;-0,02122;0,01448;0,00232;0,0000725;0,015;-0,096
30;39,1;0,02116;-0,01444;-0,00231;-0,00007228;-0,015;0,096
30;39,2;-0,02111;0,0144;0,00231;0,00007206;0,015;-0,096
30;39,3;0,02105;-0,01436;-0,0023;-0,00007183;-0,015;0,095
30;39,4;-0,02099;0,01432;0,0023;0,00007161;0,015;-0,095
30;39,5;0,02093;-0,01428;-0,00229;-0,00007139;-0,015;0,095
30;39,6;-0,02088;0,01424;0,00229;0,00007117;0,015;-0,095
30;39,7;0,02082;-0,0142;-0,00228;-0,00007095;-0,015;0,094
30;39,8;-0,02076;0,01417;0,00228;0,00007073;0,015;-0,094
30;39,9;0,02071;-0,01413;-0,00227;-0,00007051;-0,015;0,094
30;40;-0,02065;0,01409;0,00227;0,0000703;0,015;-0,094
31;0;0;0;0;0;0;0
31;0,1;-36,04243;-26,48336;-0,17848;0,001383;-1,19;176,557
31;0,2;-40,36407;-29,66491;-0,18363;0,001522;-1,225;197,767
31;0,3;45,34187;33,06084;0,27838;-0,001816;1,857;-220,407
31;0,4;-37,42139;-26,98001;-0,31526;0,001628;-2,103;179,868
31;0,5;21,26894;14,86193;0,31212;-0,001128;2,082;-99,081
31;0,6;-2,81969;-1,08656;-0,29025;0,0005323;-1,936;7,245
31;0,7;-12,5445;-10,37367;0,26873;-0,00003466;1,792;69,157
31;0,8;21,31703;16,93176;-0,26033;-0,0002379;-1,736;-112,878
31;0,9;-22,4337;-17,80585;0,26985;0,0002461;1,8;118,705
31;1;17,08043;13,87721;-0,29469;-0,00003067;-1,966;-92,514
31;1,1;-7,93993;-7,13329;0,32738;-0,0003136;2,184;47,554
31;1,2;-1,81353;-0,07556;-0,35868;0,0006746;-2,392;0,505
31;1,3;9,45506;5,73184;0,38066;-0,0009557;2,539;-38,214
31;1,4;-13,34797;-8,62323;-0,38868;0,001099;-2,593;57,49
31;1,5;13,16911;8,50919;0,38217;-0,001094;2,549;-56,73
31;1,6;-9,74094;-5,99668;-0,36409;0,0009699;-2,428;39,979
31;1,7;4,59128;2,21455;0,33953;-0,0007812;2,265;-14,765
31;1,8;0,58943;1,58793;-0,31407;0,0005885;-2,095;-10,585
31;1,9;-4,42904;-4,39668;0,29224;-0,000441;1,949;29,31
31;2;6,17683;5,65711;-0,27658;0,0003656;-1,845;-37,713
31;2,1;-5,78271;-5,33264;0,2674;-0,0003646;1,784;35,55
31;2,2;3,77471;3,81417;-0,26314;0,0004194;-1,755;-25,427
31;2,3;-1,0066;-1,73343;0,26121;-0,0005;1,742;11,555
31;2,4;-1,63228;-0,25162;-0,2589;0,000575;-1,727;1,679
31;2,5;3,46034;1,6367;0,25414;-0,0006205;1,695;-10,913
31;2,6;-4,14462;-2,17541;-0,24591;0,0006249;-1,64;14,504
31;2,7;3,72165;1,89463;0,23439;-0,0005897;1,563;-12,632
31;2,8;-2,51595;-1,03425;-0,22064;0,0005266;-1,472;6,896
31;2,9;0,99777;-0,05805;0,20616;-0,0004526;1,375;0,386
31;3;0,3704;1,04027;-0,19243;0,0003843;-1,283;-6,934
31;3,1;-1,25543;-1,66611;0,18051;-0,0003336;1,204;11,106
31;3,2;1,51722;1,83196;-0,17087;0,0003057;-1,14;-12,212
31;3,3;-1,20858;-1,57691;0,16333;-0,0002987;1,089;10,512
31;3,4;0,52391;1,04473;-0,15729;0,0003057;-1,049;-6,964
31;3,5;0,27993;-0,42536;0,15194;-0,0003178;1,013;2,835
31;3,6;-0,96404;-0,10452;-0,14652;0,0003263;-0,977;0,698
31;3,7;1,36751;0,42592;0,14052;-0,0003256;0,937;-2,84
31;3,8;-1,43509;-0,49801;-0,13376;0,0003136;-0,892;3,321
31;3,9;1,21144;0,35385;0,12638;-0,0002921;0,843;-2,36
31;4;-0,80989;-0,07726;-0,11871;0,0002649;-0,792;0,516
31;4,1;0,36898;-0,22925;0,11119;-0,000237;0,742;1,528
31;4,2;-0,01078;0,4754;-0,10419;0,0002126;-0,695;-3,169
31;4,3;-0,18839;-0,60471;0,09795;-0,0001945;0,653;4,031
31;4,4;0,20936;0,60297;-0,0925;0,0001833;-0,617;-4,019
31;4,5;-0,08411;-0,49381;0,08775;-0,0001778;0,585;3,291
31;4,6;-0,12269;0,32502;-0,08348;0,0001757;-0,557;-2,166
31;4,7;0,33722;-0,15117;0,07944;-0,0001744;0,53;1,007
31;4,8;-0,49794;0,01773;-0,07543;0,0001715;-0,503;-0,118
31;4,9;0,56963;0,04926;0,07134;-0,0001659;0,476;-0,329
31;5;-0,54763;-0,04638;-0,06713;0,0001573;-0,448;0,31
31;5,1;0,4532;-0,01061;0,06288;-0,0001464;0,419;0,07
31;5,2;-0,32283;0,09472;-0,05868;0,0001346;-0,391;-0,631
31;5,3;0,19559;-0,177;0,05465;-0,0001232;0,365;1,179
31;5,4;-0,10228;0,23469;-0,05088;0,0001133;-0,339;-1,564
31;5,5;0,05878;-0,256;0,04742;-0,0001054;0,316;1,706
31;5,6;-0,06477;0,24116;-0,04425;0,00009956;-0,295;-1,607
31;5,7;0,10692;-0,2;0,04133;-0,00009522;0,276;1,333
31;5,8;-0,16499;0,14748;-0,0386;0,00009168;-0,257;-0,983
31;5,9;0,21851;-0,09871;0,03597;-0,00008821;0,24;0,657
31;6;-0,25231;0,06491;-0,0334;0,00008424;-0,223;-0,432
31;6,1;0,25946;-0,05117;0,03086;-0,00007954;0,206;0,341
31;6,2;-0,2416;0,05628;-0,02836;0,00007414;-0,189;-0,375
31;6,3;0,20674;-0,07429;0,0259;-0,00006833;0,173;0,495
31;6,4;-0,16598;0,09699;-0,02353;0,0000625;-0,157;-0,646
31;6,5;0,12987;-0,11655;0,02127;-0,00005702;0,142;0,776
31;6,6;-0,10578;0,12751;-0,01914;0,00005214;-0,128;-0,85
31;6,7;0,0965;-0,1278;0,01715;-0,00004795;0,114;0,852
31;6,8;-0,10041;0,11861;-0,01528;0,0000444;-0,102;-0,79
31;6,9;0,11273;-0,10346;0,01353;-0,0000413;0,09;0,689
31;7;-0,12744;0,08678;-0,01186;0,00003845;-0,079;-0,578
31;7,1;0,1391;-0,0726;0,01025;-0,00003563;0,068;0,484
31;7,2;-0,14416;0,06353;-0,0087;0,00003272;-0,058;-0,423
31;7,3;0,14159;-0,06032;0,00719;-0,00002967;0,048;0,402
31;7,4;-0,13259;0,06208;-0,00573;0,00002653;-0,038;-0,413
31;7,5;0,1199;-0,06676;0,00433;-0,00002338;0,029;0,445
31;7,6;-0,10674;0,07198;-0,00298;0,00002033;-0,02;-0,479
31;7,7;0,09587;-0,07569;0,00169;-0,00001748;0,011;0,504
31;7,8;-0,08894;0,07667;-0,00048;0,00001488;-0,003228;-0,511
31;7,9;0,08624;-0,07468;-0,00067;-0,00001254;-0,004424;0,497
31;8;-0,08694;0,07034;0,00175;0,00001042;0,012;-0,468
31;8,1;0,08948;-0,06479;-0,00278;-0,000008456;-0,019;0,432
31;8,2;-0,09215;0,0593;0,00376;0,000006591;0,025;-0,395
31;8,3;0,09354;-0,0549;-0,00471;-0,00000477;-0,031;0,366
31;8,4;-0,09291;0,05212;0,00561;0,00000296;0,037;-0,347
31;8,5;0,09021;-0,05101;-0,00648;-0,000001156;-0,043;0,34
31;8,6;-0,08597;0,05116;0,00732;-0,0000006249;0,049;-0,341
31;8,7;0,08107;-0,05192;-0,00812;0,000002357;-0,054;0,346
31;8,8;-0,07639;0,05263;0,00888;-0,000004011;0,059;-0,35
31;8,9;0,07262;-0,05277;-0,0096;0,000005565;-0,064;0,351
31;9;-0,0701;0,0521;0,01029;-0,000007012;0,069;-0,347
31;9,1;0,06878;-0,05065;-0,01094;0,000008354;-0,073;0,337
31;9,2;-0,06831;0,04865;0,01156;-0,000009608;0,077;-0,324
31;9,3;0,06823;-0,04646;-0,01215;0,00001079;-0,081;0,309
31;9,4;-0,06806;0,04443;0,01271;-0,00001192;0,085;-0,296
31;9,5;0,06745;-0,0428;-0,01325;0,00001302;-0,088;0,285
31;9,6;-0,06628;0,04168;0,01376;-0,00001409;0,092;-0,277
31;9,7;0,06458;-0,04102;-0,01425;0,00001513;-0,095;0,273
31;9,8;-0,06256;0,04068;0,01471;-0,00001614;0,098;-0,271
31;9,9;0,06047;-0,04045;-0,01516;0,0000171;-0,101;0,269
31;10;-0,05855;0,04017;0,01558;-0,00001802;0,104;-0,267
31;10,1;0,05697;-0,03971;-0,01598;0,00001888;-0,107;0,264
31;10,2;-0,05577;0,03902;0,01636;-0,0000197;0,109;-0,26
31;10,3;0,05491;-0,03815;-0,01672;0,00002046;-0,111;0,254
31;10,4;-0,05427;0,03716;0,01706;-0,00002119;0,114;-0,247
31;10,5;0,05371;-0,03618;-0,01738;0,00002187;-0,116;0,241
31;10,6;-0,0531;0,03529;0,01768;-0,00002253;0,118;-0,235
31;10,7;0,05237;-0,03454;-0,01797;0,00002316;-0,12;0,23
31;10,8;-0,05148;0,03394;0,01825;-0,00002376;0,122;-0,226
31;10,9;0,05049;-0,03348;-0,01851;0,00002435;-0,123;0,223
31;11;-0,04944;0,0331;0,01876;-0,0000249;0,125;-0,22
31;11,1;0,04842;-0,03275;-0,019;0,00002543;-0,127;0,218
31;11,2;-0,04748;0,03237;0,01922;-0,00002593;0,128;-0,215
31;11,3;0,04666;-0,03195;-0,01943;0,00002641;-0,13;0,213
31;11,4;-0,04596;0,03147;0,01962;-0,00002685;0,131;-0,209
31;11,5;0,04536;-0,03095;-0,01981;0,00002727;-0,132;0,206
31;11,6;-0,04482;0,03043;0,01998;-0,00002767;0,133;-0,203
31;11,7;0,04431;-0,02992;-0,02015;0,00002805;-0,134;0,199
31;11,8;-0,04378;0,02946;0,0203;-0,00002841;0,135;-0,196
31;11,9;0,04322;-0,02904;-0,02044;0,00002875;-0,136;0,193
31;12;-0,04264;0,02867;0,02058;-0,00002907;0,137;-0,191
31;12,1;0,04203;-0,02835;-0,02071;0,00002938;-0,138;0,189
31;12,2;-0,04144;0,02805;0,02083;-0,00002968;0,139;-0,187
31;12,3;0,04086;-0,02776;-0,02094;0,00002995;-0,14;0,185
31;12,4;-0,04033;0,02746;0,02104;-0,00003021;0,14;-0,183
31;12,5;0,03983;-0,02715;-0,02114;0,00003046;-0,141;0,181
31;12,6;-0,03938;0,02684;0,02123;-0,00003069;0,142;-0,179
31;12,7;0,03897;-0,02652;-0,02131;0,0000309;-0,142;0,177
31;12,8;-0,03857;0,02621;0,02139;-0,00003111;0,143;-0,174
31;12,9;0,03818;-0,02591;-0,02146;0,0000313;-0,143;0,172
31;13;-0,0378;0,02563;0,02152;-0,00003148;0,144;-0,171
31;13,1;0,03741;-0,02537;-0,02158;0,00003165;-0,144;0,169
31;13,2;-0,03703;0,02513;0,02163;-0,0000318;0,144;-0,167
31;13,3;0,03665;-0,0249;-0,02168;0,00003195;-0,145;0,166
31;13,4;-0,03627;0,02468;0,02172;-0,00003209;0,145;-0,164
31;13,5;0,03591;-0,02447;-0,02176;0,00003222;-0,145;0,163
31;13,6;-0,03557;0,02425;0,0218;-0,00003234;0,145;-0,161
31;13,7;0,03525;-0,02404;-0,02183;0,00003245;-0,146;0,16
31;13,8;-0,03494;0,02383;0,02185;-0,00003255;0,146;-0,159
31;13,9;0,03465;-0,02362;-0,02188;0,00003265;-0,146;0,157
31;14;-0,03437;0,02342;0,02189;-0,00003273;0,146;-0,156
31;14,1;0,03409;-0,02322;-0,02191;0,00003281;-0,146;0,155
31;14,2;-0,03382;0,02304;0,02192;-0,00003289;0,146;-0,153
31;14,3;0,03355;-0,02286;-0,02193;0,00003295;-0,146;0,152
31;14,4;-0,03328;0,02269;0,02193;-0,00003301;0,146;-0,151
31;14,5;0,03302;-0,02252;-0,02194;0,00003307;-0,146;0,15
31;14,6;-0,03277;0,02236;0,02193;-0,00003312;0,146;-0,149
31;14,7;0,03253;-0,02221;-0,02193;0,00003316;-0,146;0,148
31;14,8;-0,03229;0,02205;0,02193;-0,0000332;0,146;-0,147
31;14,9;0,03207;-0,0219;-0,02192;0,00003323;-0,146;0,146
31;15;-0,03185;0,02175;0,02191;-0,00003326;0,146;-0,145
31;15,1;0,03164;-0,02161;-0,02189;0,00003328;-0,146;0,144
31;15,2;-0,03143;0,02146;0,02188;-0,0000333;0,146;-0,143
31;15,3;0,03123;-0,02133;-0,02186;0,00003331;-0,146;0,142
31;15,4;-0,03103;0,02119;0,02184;-0,00003332;0,146;-0,141
31;15,5;0,03083;-0,02106;-0,02182;0,00003333;-0,146;0,14
31;15,6;-0,03064;0,02094;0,0218;-0,00003333;0,145;-0,139
31;15,7;0,03045;-0,02081;-0,02177;0,00003333;-0,145;0,138
31;15,8;-0,03027;0,02069;0,02175;-0,00003332;0,145;-0,138
31;15,9;0,03009;-0,02057;-0,02172;0,00003332;-0,145;0,137
31;16;-0,02992;0,02046;0,02169;-0,00003331;0,145;-0,136
31;16,1;0,02975;-0,02035;-0,02166;0,00003329;-0,144;0,135
31;16,2;-0,02958;0,02023;0,02163;-0,00003328;0,144;-0,135
31;16,3;0,02942;-0,02012;-0,0216;0,00003326;-0,144;0,134
31;16,4;-0,02926;0,02002;0,02156;-0,00003324;0,144;-0,133
31;16,5;0,02911;-0,01991;-0,02153;0,00003321;-0,144;0,132
31;16,6;-0,02896;0,01981;0,02149;-0,00003319;0,143;-0,132
31;16,7;0,02881;-0,01971;-0,02145;0,00003316;-0,143;0,131
31;16,8;-0,02866;0,01961;0,02141;-0,00003313;0,143;-0,13
31;16,9;0,02852;-0,01951;-0,02137;0,00003309;-0,143;0,13
31;17;-0,02837;0,01942;0,02133;-0,00003306;0,142;-0,129
31;17,1;0,02824;-0,01933;-0,02129;0,00003302;-0,142;0,129
31;17,2;-0,0281;0,01924;0,02125;-0,00003298;0,142;-0,128
31;17,3;0,02797;-0,01914;-0,02121;0,00003295;-0,141;0,127
31;17,4;-0,02783;0,01906;0,02116;-0,0000329;0,141;-0,127
31;17,5;0,02771;-0,01897;-0,02112;0,00003286;-0,141;0,126
31;17,6;-0,02758;0,01888;0,02107;-0,00003282;0,141;-0,126
31;17,7;0,02745;-0,0188;-0,02103;0,00003277;-0,14;0,125
31;17,8;-0,02733;0,01872;0,02098;-0,00003272;0,14;-0,125
31;17,9;0,02721;-0,01863;-0,02094;0,00003268;-0,14;0,124
31;18;-0,02709;0,01855;0,02089;-0,00003263;0,139;-0,123
31;18,1;0,02697;-0,01847;-0,02084;0,00003258;-0,139;0,123
31;18,2;-0,02686;0,01839;0,02079;-0,00003252;0,139;-0,122
31;18,3;0,02674;-0,01832;-0,02075;0,00003247;-0,138;0,122
31;18,4;-0,02663;0,01824;0,0207;-0,00003242;0,138;-0,121
31;18,5;0,02652;-0,01817;-0,02065;0,00003236;-0,138;0,121
31;18,6;-0,02641;0,01809;0,0206;-0,00003231;0,137;-0,12
31;18,7;0,0263;-0,01802;-0,02055;0,00003225;-0,137;0,12
31;18,8;-0,02619;0,01794;0,0205;-0,0000322;0,137;-0,119
31;18,9;0,02609;-0,01787;-0,02045;0,00003214;-0,136;0,119
31;19;-0,02598;0,0178;0,0204;-0,00003208;0,136;-0,118
31;19,1;0,02588;-0,01773;-0,02035;0,00003202;-0,136;0,118
31;19,2;-0,02578;0,01766;0,0203;-0,00003196;0,135;-0,118
31;19,3;0,02567;-0,01759;-0,02024;0,0000319;-0,135;0,117
31;19,4;-0,02557;0,01753;0,02019;-0,00003184;0,135;-0,117
31;19,5;0,02548;-0,01746;-0,02014;0,00003178;-0,134;0,116
31;19,6;-0,02538;0,01739;0,02009;-0,00003172;0,134;-0,116
31;19,7;0,02528;-0,01733;-0,02004;0,00003165;-0,134;0,115
31;19,8;-0,02519;0,01726;0,01998;-0,00003159;0,133;-0,115
31;19,9;0,02509;-0,0172;-0,01993;0,00003153;-0,133;0,114
31;20;-0,025;0,01713;0,01988;-0,00003147;0,133;-0,114
31;20,1;0,0249;-0,01707;-0,01983;0,0000314;-0,132;0,114
31;20,2;-0,02481;0,01701;0,01977;-0,00003134;0,132;-0,113
31;20,3;0,02472;-0,01695;-0,01972;0,00003127;-0,132;0,113
31;20,4;-0,02463;0,01688;0,01967;-0,00003121;0,131;-0,112
31;20,5;0,02454;-0,01682;-0,01961;0,00003114;-0,131;0,112
31;20,6;-0,02445;0,01676;0,01956;-0,00003108;0,13;-0,112
31;20,7;0,02436;-0,0167;-0,01951;0,00003101;-0,13;0,111
31;20,8;-0,02427;0,01664;0,01945;-0,00003095;0,13;-0,111
31;20,9;0,02419;-0,01658;-0,0194;0,00003088;-0,129;0,11
31;21;-0,0241;0,01652;0,01935;-0,00003082;0,129;-0,11
31;21,1;0,02401;-0,01646;-0,01929;0,00003075;-0,129;0,11
31;21,2;-0,02393;0,01641;0,01924;-0,00003068;0,128;-0,109
31;21,3;0,02384;-0,01635;-0,01919;0,00003062;-0,128;0,109
31;21,4;-0,02376;0,01629;0,01914;-0,00003055;0,128;-0,108
31;21,5;0,02368;-0,01623;-0,01908;0,00003048;-0,127;0,108
31;21,6;-0,02359;0,01618;0,01903;-0,00003042;0,127;-0,108
31;21,7;0,02351;-0,01612;-0,01898;0,00003035;-0,127;0,107
31;21,8;-0,02343;0,01607;0,01892;-0,00003028;0,126;-0,107
31;21,9;0,02335;-0,01601;-0,01887;0,00003022;-0,126;0,107
31;22;-0,02327;0,01596;0,01882;-0,00003015;0,125;-0,106
31;22,1;0,02319;-0,0159;-0,01876;0,00003008;-0,125;0,106
31;22,2;-0,02311;0,01585;0,01871;-0,00003002;0,125;-0,105
31;22,3;0,02303;-0,01579;-0,01866;0,00002995;-0,124;0,105
31;22,4;-0,02295;0,01574;0,0186;-0,00002988;0,124;-0,105
31;22,5;0,02287;-0,01569;-0,01855;0,00002981;-0,124;0,104
31;22,6;-0,02279;0,01563;0,0185;-0,00002975;0,123;-0,104
31;22,7;0,02272;-0,01558;-0,01845;0,00002968;-0,123;0,104
31;22,8;-0,02264;0,01553;0,01839;-0,00002961;0,123;-0,103
31;22,9;0,02256;-0,01547;-0,01834;0,00002955;-0,122;0,103
31;23;-0,02249;0,01542;0,01829;-0,00002948;0,122;-0,103
31;23,1;0,02241;-0,01537;-0,01824;0,00002941;-0,122;0,102
31;23,2;-0,02234;0,01532;0,01818;-0,00002934;0,121;-0,102
31;23,3;0,02226;-0,01527;-0,01813;0,00002928;-0,121;0,102
31;23,4;-0,02219;0,01522;0,01808;-0,00002921;0,121;-0,101
31;23,5;0,02211;-0,01517;-0,01803;0,00002914;-0,12;0,101
31;23,6;-0,02204;0,01511;0,01798;-0,00002908;0,12;-0,101
31;23,7;0,02196;-0,01506;-0,01792;0,00002901;-0,12;0,1
31;23,8;-0,02189;0,01501;0,01787;-0,00002894;0,119;-0,1
31;23,9;0,02182;-0,01496;-0,01782;0,00002888;-0,119;0,1
31;24;-0,02175;0,01491;0,01777;-0,00002881;0,119;-0,099
31;24,1;0,02167;-0,01487;-0,01772;0,00002874;-0,118;0,099
31;24,2;-0,0216;0,01482;0,01767;-0,00002868;0,118;-0,099
31;24,3;0,02153;-0,01477;-0,01762;0,00002861;-0,117;0,098
31;24,4;-0,02146;0,01472;0,01756;-0,00002854;0,117;-0,098
31;24,5;0,02139;-0,01467;-0,01751;0,00002848;-0,117;0,098
31;24,6;-0,02132;0,01462;0,01746;-0,00002841;0,116;-0,097
31;24,7;0,02125;-0,01457;-0,01741;0,00002835;-0,116;0,097
31;24,8;-0,02118;0,01452;0,01736;-0,00002828;0,116;-0,097
31;24,9;0,02111;-0,01448;-0,01731;0,00002822;-0,115;0,096
31;25;-0,02104;0,01443;0,01726;-0,00002815;0,115;-0,096
31;25,1;0,02097;-0,01438;-0,01721;0,00002808;-0,115;0,096
31;25,2;-0,0209;0,01433;0,01716;-0,00002802;0,114;-0,095
31;25,3;0,02083;-0,01429;-0,01711;0,00002795;-0,114;0,095
31;25,4;-0,02076;0,01424;0,01706;-0,00002789;0,114;-0,095
31;25,5;0,02069;-0,01419;-0,01701;0,00002782;-0,113;0,094
31;25,6;-0,02063;0,01415;0,01696;-0,00002776;0,113;-0,094
31;25,7;0,02056;-0,0141;-0,01691;0,0000277;-0,113;0,094
31;25,8;-0,02049;0,01405;0,01686;-0,00002763;0,112;-0,094
31;25,9;0,02042;-0,01401;-0,01681;0,00002757;-0,112;0,093
31;26;-0,02036;0,01396;0,01676;-0,0000275;0,112;-0,093
31;26,1;0,02029;-0,01392;-0,01671;0,00002744;-0,111;0,093
31;26,2;-0,02022;0,01387;0,01667;-0,00002737;0,111;-0,092
31;26,3;0,02016;-0,01383;-0,01662;0,00002731;-0,111;0,092
31;26,4;-0,02009;0,01378;0,01657;-0,00002725;0,11;-0,092
31;26,5;0,02002;-0,01374;-0,01652;0,00002718;-0,11;0,091
31;26,6;-0,01996;0,01369;0,01647;-0,00002712;0,11;-0,091
31;26,7;0,01989;-0,01365;-0,01642;0,00002706;-0,11;0,091
31;26,8;-0,01983;0,0136;0,01637;-0,00002699;0,109;-0,091
31;26,9;0,01976;-0,01356;-0,01633;0,00002693;-0,109;0,09
31;27;-0,0197;0,01351;0,01628;-0,00002687;0,109;-0,09
31;27,1;0,01964;-0,01347;-0,01623;0,0000268;-0,108;0,09
31;27,2;-0,01957;0,01343;0,01618;-0,00002674;0,108;-0,089
31;27,3;0,01951;-0,01338;-0,01614;0,00002668;-0,108;0,089
31;27,4;-0,01944;0,01334;0,01609;-0,00002662;0,107;-0,089
31;27,5;0,01938;-0,01329;-0,01604;0,00002655;-0,107;0,088
31;27,6;-0,01932;0,01325;0,01599;-0,00002649;0,107;-0,088
31;27,7;0,01925;-0,01321;-0,01595;0,00002643;-0,106;0,088
31;27,8;-0,01919;0,01316;0,0159;-0,00002637;0,106;-0,088
31;27,9;0,01913;-0,01312;-0,01585;0,00002631;-0,106;0,087
31;28;-0,01907;0,01308;0,01581;-0,00002625;0,105;-0,087
31;28,1;0,019;-0,01304;-0,01576;0,00002619;-0,105;0,087
31;28,2;-0,01894;0,01299;0,01571;-0,00002612;0,105;-0,086
31;28,3;0,01888;-0,01295;-0,01567;0,00002606;-0,104;0,086
31;28,4;-0,01882;0,01291;0,01562;-0,000026;0,104;-0,086
31;28,5;0,01876;-0,01287;-0,01558;0,00002594;-0,104;0,086
31;28,6;-0,0187;0,01283;0,01553;-0,00002588;0,104;-0,085
31;28,7;0,01864;-0,01278;-0,01549;0,00002582;-0,103;0,085
31;28,8;-0,01857;0,01274;0,01544;-0,00002576;0,103;-0,085
31;28,9;0,01851;-0,0127;-0,01539;0,0000257;-0,103;0,085
31;29;-0,01845;0,01266;0,01535;-0,00002564;0,102;-0,084
31;29,1;0,01839;-0,01262;-0,0153;0,00002558;-0,102;0,084
31;29,2;-0,01833;0,01258;0,01526;-0,00002552;0,102;-0,084
31;29,3;0,01827;-0,01254;-0,01521;0,00002546;-0,101;0,083
31;29,4;-0,01821;0,0125;0,01517;-0,0000254;0,101;-0,083
31;29,5;0,01815;-0,01245;-0,01512;0,00002534;-0,101;0,083
31;29,6;-0,0181;0,01241;0,01508;-0,00002529;0,101;-0,083
31;29,7;0,01804;-0,01237;-0,01504;0,00002523;-0,1;0,082
31;29,8;-0,01798;0,01233;0,01499;-0,00002517;0,1;-0,082
31;29,9;0,01792;-0,01229;-0,01495;0,00002511;-0,1;0,082
31;30;-0,01786;0,01225;0,0149;-0,00002505;0,099;-0,082
31;30,1;0,0178;-0,01221;-0,01486;0,00002499;-0,099;0,081
31;30,2;-0,01774;0,01217;0,01482;-0,00002493;0,099;-0,081
31;30,3;0,01769;-0,01213;-0,01477;0,00002488;-0,099;0,081
31;30,4;-0,01763;0,01209;0,01473;-0,00002482;0,098;-0,08
31;30,5;0,01757;-0,01205;-0,01469;0,00002476;-0,098;0,08
31;30,6;-0,01751;0,01202;0,01464;-0,0000247;0,098;-0,08
31;30,7;0,01746;-0,01198;-0,0146;0,00002465;-0,097;0,08
31;30,8;-0,0174;0,01194;0,01456;-0,00002459;0,097;-0,079
31;30,9;0,01734;-0,0119;-0,01451;0,00002453;-0,097;0,079
31;31;-0,01729;0,01186;0,01447;-0,00002448;0,097;-0,079
31;31,1;0,01723;-0,01182;-0,01443;0,00002442;-0,096;0,079
31;31,2;-0,01717;0,01178;0,01439;-0,00002436;0,096;-0,078
31;31,3;0,01712;-0,01174;-0,01434;0,00002431;-0,096;0,078
31;31,4;-0,01706;0,01171;0,0143;-0,00002425;0,095;-0,078
31;31,5;0,01701;-0,01167;-0,01426;0,00002419;-0,095;0,078
31;31,6;-0,01695;0,01163;0,01422;-0,00002414;0,095;-0,077
31;31,7;0,01689;-0,01159;-0,01417;0,00002408;-0,095;0,077
31;31,8;-0,01684;0,01155;0,01413;-0,00002403;0,094;-0,077
31;31,9;0,01678;-0,01152;-0,01409;0,00002397;-0,094;0,077
31;32;-0,01673;0,01148;0,01405;-0,00002392;0,094;-0,076
31;32,1;0,01668;-0,01144;-0,01401;0,00002386;-0,093;0,076
31;32,2;-0,01662;0,0114;0,01397;-0,0000238;0,093;-0,076
31;32,3;0,01657;-0,01137;-0,01393;0,00002375;-0,093;0,076
31;32,4;-0,01651;0,01133;0,01389;-0,0000237;0,093;-0,075
31;32,5;0,01646;-0,01129;-0,01384;0,00002364;-0,092;0,075
31;32,6;-0,0164;0,01125;0,0138;-0,00002359;0,092;-0,075
31;32,7;0,01635;-0,01122;-0,01376;0,00002353;-0,092;0,075
31;32,8;-0,0163;0,01118;0,01372;-0,00002348;0,092;-0,074
31;32,9;0,01624;-0,01114;-0,01368;0,00002342;-0,091;0,074
31;33;-0,01619;0,01111;0,01364;-0,00002337;0,091;-0,074
31;33,1;0,01614;-0,01107;-0,0136;0,00002332;-0,091;0,074
31;33,2;-0,01608;0,01104;0,01356;-0,00002326;0,09;-0,073
31;33,3;0,01603;-0,011;-0,01352;0,00002321;-0,09;0,073
31;33,4;-0,01598;0,01096;0,01348;-0,00002315;0,09;-0,073
31;33,5;0,01593;-0,01093;-0,01344;0,0000231;-0,09;0,073
31;33,6;-0,01587;0,01089;0,0134;-0,00002305;0,089;-0,072
31;33,7;0,01582;-0,01086;-0,01336;0,000023;-0,089;0,072
31;33,8;-0,01577;0,01082;0,01332;-0,00002294;0,089;-0,072
31;33,9;0,01572;-0,01078;-0,01328;0,00002289;-0,089;0,072
31;34;-0,01567;0,01075;0,01325;-0,00002284;0,088;-0,072
31;34,1;0,01562;-0,01071;-0,01321;0,00002279;-0,088;0,071
31;34,2;-0,01556;0,01068;0,01317;-0,00002273;0,088;-0,071
31;34,3;0,01551;-0,01064;-0,01313;0,00002268;-0,088;0,071
31;34,4;-0,01546;0,01061;0,01309;-0,00002263;0,087;-0,071
31;34,5;0,01541;-0,01057;-0,01305;0,00002258;-0,087;0,07
31;34,6;-0,01536;0,01054;0,01301;-0,00002253;0,087;-0,07
31;34,7;0,01531;-0,0105;-0,01297;0,00002247;-0,087;0,07
31;34,8;-0,01526;0,01047;0,01294;-0,00002242;0,086;-0,07
31;34,9;0,01521;-0,01044;-0,0129;0,00002237;-0,086;0,069
31;35;-0,01516;0,0104;0,01286;-0,00002232;0,086;-0,069
31;35,1;0,01511;-0,01037;-0,01282;0,00002227;-0,086;0,069
31;35,2;-0,01506;0,01033;0,01278;-0,00002222;0,085;-0,069
31;35,3;0,01501;-0,0103;-0,01275;0,00002217;-0,085;0,069
31;35,4;-0,01496;0,01027;0,01271;-0,00002212;0,085;-0,068
31;35,5;0,01491;-0,01023;-0,01267;0,00002207;-0,085;0,068
31;35,6;-0,01486;0,0102;0,01263;-0,00002202;0,084;-0,068
31;35,7;0,01481;-0,01016;-0,0126;0,00002197;-0,084;0,068
31;35,8;-0,01477;0,01013;0,01256;-0,00002192;0,084;-0,067
31;35,9;0,01472;-0,0101;-0,01252;0,00002187;-0,084;0,067
31;36;-0,01467;0,01006;0,01249;-0,00002182;0,083;-0,067
31;36,1;0,01462;-0,01003;-0,01245;0,00002177;-0,083;0,067
31;36,2;-0,01457;0,01;0,01241;-0,00002172;0,083;-0,067
31;36,3;0,01452;-0,00997;-0,01238;0,00002167;-0,083;0,066
31;36,4;-0,01448;0,00993;0,01234;-0,00002162;0,082;-0,066
31;36,5;0,01443;-0,0099;-0,0123;0,00002157;-0,082;0,066
31;36,6;-0,01438;0,00987;0,01227;-0,00002152;0,082;-0,066
31;36,7;0,01433;-0,00983;-0,01223;0,00002147;-0,082;0,065
31;36,8;-0,01429;0,0098;0,0122;-0,00002142;0,081;-0,065
31;36,9;0,01424;-0,00977;-0,01216;0,00002137;-0,081;0,065
31;37;-0,01419;0,00974;0,01212;-0,00002132;0,081;-0,065
31;37,1;0,01414;-0,00971;-0,01209;0,00002128;-0,081;0,065
31;37,2;-0,0141;0,00967;0,01205;-0,00002123;0,08;-0,064
31;37,3;0,01405;-0,00964;-0,01202;0,00002118;-0,08;0,064
31;37,4;-0,014;0,00961;0,01198;-0,00002113;0,08;-0,064
31;37,5;0,01396;-0,00958;-0,01195;0,00002108;-0,08;0,064
31;37,6;-0,01391;0,00955;0,01191;-0,00002104;0,079;-0,064
31;37,7;0,01387;-0,00951;-0,01188;0,00002099;-0,079;0,063
31;37,8;-0,01382;0,00948;0,01184;-0,00002094;0,079;-0,063
31;37,9;0,01377;-0,00945;-0,01181;0,00002089;-0,079;0,063
31;38;-0,01373;0,00942;0,01177;-0,00002085;0,079;-0,063
31;38,1;0,01368;-0,00939;-0,01174;0,0000208;-0,078;0,062
31;38,2;-0,01364;0,00936;0,0117;-0,00002075;0,078;-0,062
31;38,3;0,01359;-0,00933;-0,01167;0,00002071;-0,078;0,062
31;38,4;-0,01355;0,0093;0,01163;-0,00002066;0,078;-0,062
31;38,5;0,0135;-0,00927;-0,0116;0,00002061;-0,077;0,062
31;38,6;-0,01346;0,00924;0,01157;-0,00002057;0,077;-0,061
31;38,7;0,01341;-0,0092;-0,01153;0,00002052;-0,077;0,061
31;38,8;-0,01337;0,00917;0,0115;-0,00002047;0,077;-0,061
31;38,9;0,01332;-0,00914;-0,01146;0,00002043;-0,076;0,061
31;39;-0,01328;0,00911;0,01143;-0,00002038;0,076;-0,061
31;39,1;0,01324;-0,00908;-0,0114;0,00002033;-0,076;0,06
31;39,2;-0,01319;0,00905;0,01136;-0,00002029;0,076;-0,06
31;39,3;0,01315;-0,00902;-0,01133;0,00002024;-0,076;0,06
31;39,4;-0,0131;0,00899;0,0113;-0,0000202;0,075;-0,06
31;39,5;0,01306;-0,00896;-0,01126;0,00002015;-0,075;0,06
31;39,6;-0,01302;0,00893;0,01123;-0,00002011;0,075;-0,059
31;39,7;0,01297;-0,0089;-0,0112;0,00002006;-0,075;0,059
31;39,8;-0,01293;0,00887;0,01116;-0,00002002;0,074;-0,059
31;39,9;0,01289;-0,00884;-0,01113;0,00001997;-0,074;0,059
31;40;-0,01285;0,00882;0,0111;-0,00001993;0,074;-0,059
32;0;0;0;0;0;0;0
32;0,1;-45,62816;-33,28957;-0,1962;0,0005007;-1,308;221,932
32;0,2;-51,11328;-37,33999;-0,19885;0,0005398;-1,326;248,935
32;0,3;57,04749;41,25571;0,30109;-0,0006344;2,008;-275,04
32;0,4;-46,66769;-33,25551;-0,34041;0,0005566;-2,27;221,705
32;0,5;25,90855;17,6922;0,33625;-0,0003683;2,242;-117,949
32;0,6;-2,31839;-0,11022;-0,3118;0,0001474;-2,079;0,736
32;0,7;-17,26102;-14,46371;0,28785;0,00003578;1,919;96,424
32;0,8;28,37758;22,76069;-0,27833;-0,0001355;-1,856;-151,738
32;0,9;-29,69051;-23,80152;0,28843;0,0001379;1,923;158,677
32;1;22,72481;18,71618;-0,31533;-0,000058;-2,102;-124,774
32;1,1;-10,91109;-10,03694;0,35081;-0,00006935;2,339;66,912
32;1,2;-1,69535;0,75514;-0,38482;0,0002031;-2,566;-5,033
32;1,3;11,6134;6,56157;0,40867;-0,0003079;2,725;-43,745
32;1,4;-16,75005;-10,36859;-0,41729;0,0003625;-2,782;69,125
32;1,5;16,6874;10,3556;0,41006;-0,0003629;2,734;-69,039
32;1,6;-12,4687;-7,28884;-0,39019;0,0003196;-2,602;48,594
32;1,7;6,03726;2,59788;0,36325;-0,0002525;2,422;-17,32
32;1,8;0,45506;2,13386;-0,33532;0,0001836;-2,236;-14,225
32;1,9;-5,26078;-5,62047;0,31136;-0,0001306;2,076;37,469
32;2;7,4231;7,15824;-0,29412;0,0001036;-1,961;-47,721
32;2,1;-6,87708;-6,70009;0,28394;-0,0001033;1,893;44,667
32;2,2;4,29372;4,74085;-0,27914;0,0001229;-1,861;-31,605
32;2,3;-0,75859;-2,08055;0,27688;-0,0001516;1,846;13,87
32;2,4;-2,59766;-0,44765;-0,2742;0,000178;-1,828;2,985
32;2,5;4,90911;2,20569;0,26884;-0,0001935;1,793;-14,705
32;2,6;-5,75402;-2,88269;-0,2597;0,000194;-1,732;19,219
32;2,7;5,18123;2,51441;0,24698;-0,0001799;1,647;-16,763
32;2,8;-3,60633;-1,40677;-0,23181;0,0001556;-1,546;9,379
32;2,9;1,63031;0,00231;0,21586;-0,0001273;1,439;-0,016
32;3;0,15592;1,26387;-0,20073;0,0001012;-1,338;-8,425
32;3,1;-1,32653;-2,07819;0,18759;-0,00008149;1,251;13,854
32;3,2;1,70186;2,30837;-0,17693;0,00007014;-1,18;-15,389
32;3,3;-1,34829;-2,00332;0,16858;-0,0000665;1,124;13,355
32;3,4;0,51277;1,34492;-0,16188;0,00006808;-1,079;-8,966
32;3,5;0,47792;-0,57381;0,15593;-0,00007157;1,04;3,825
32;3,6;-1,31972;-0,08605;-0,14992;0,0000739;-1;0,574
32;3,7;1,80772;0,4838;0,14328;-0,00007297;0,955;-3,226
32;3,8;-1,87152;-0,56762;-0,13581;0,00006808;-0,906;3,784
32;3,9;1,56787;0,37934;0,12767;-0,00005977;0,851;-2,529
32;4;-1,04091;-0,02516;-0,11923;0,00004952;-0,795;0,168
32;4,1;0,46685;-0,36508;0,11096;-0,00003908;0,74;2,434
32;4,2;-0,00088;0,67705;-0,10326;0,00003001;-0,688;-4,514
32;4,3;-0,26013;-0,83935;0,09639;-0,00002329;0,643;5,596
32;4,4;0,2921;0,8342;-0,0904;0,00001913;-0,603;-5,561
32;4,5;-0,13611;-0,69182;0,08516;-0,0000171;0,568;4,612
32;4,6;-0,1251;0,47307;-0,08046;0,00001635;-0,536;-3,154
32;4,7;0,39721;-0,2474;0,07601;-0,00001588;0,507;1,649
32;4,8;-0,60156;0,07269;-0,0716;0,0000149;-0,477;-0,485
32;4,9;0,69302;0,01786;0,06711;-0,00001293;0,447;-0,119
32;5;-0,66547;-0,01979;-0,06249;0,000009891;-0,417;0,132
32;5,1;0,54582;-0,04704;0,05782;-0,000006046;0,385;0,314
32;5,2;-0,38041;0,14846;-0,05321;0,000001855;-0,355;-0,99
32;5,3;0,21895;-0,24783;0,0488;0,000002183;0,325;1,652
32;5,4;-0,10056;0,3163;-0,04467;-0,000005681;-0,298;-2,109
32;5,5;0,04545;-0,33895;0,04087;0,000008437;0,272;2,26
32;5,6;-0,05316;0,31608;-0,0374;-0,00001046;-0,249;-2,107
32;5,7;0,10671;-0,26017;0,03421;0,00001194;0,228;1,735
32;5,8;-0,18031;0,19019;-0,03121;-0,00001312;-0,208;-1,268
32;5,9;0,2479;-0,1253;0,02834;0,00001429;0,189;0,835
32;6;-0,29016;0,07971;-0,02553;-0,00001564;-0,17;-0,531
32;6,1;0,29832;-0,05983;0,02276;0,00001725;0,152;0,399
32;6,2;-0,27445;0,06413;-0,02002;-0,00001913;-0,133;-0,428
32;6,3;0,22884;-0,08501;0,01734;0,00002115;0,116;0,567
32;6,4;-0,17561;0,11203;-0,01475;-0,00002318;-0,098;-0,747
32;6,5;0,12827;-0,13523;0,01229;0,00002509;0,082;0,902
32;6,6;-0,09621;0,14768;-0,00997;-0,00002677;-0,066;-0,985
32;6,7;0,08301;-0,1467;0,0078;0,0000282;0,052;0,978
32;6,8;-0,08663;0,13379;-0,00577;-0,0000294;-0,038;-0,892
32;6,9;0,101;-0,1134;0,00386;0,00003043;0,026;0,756
32;7;-0,11847;0,09114;-0,00205;-0,00003138;-0,014;-0,608
32;7,1;0,13211;-0,07211;0,00031;0,0000323;0,001992;0,481
32;7,2;-0,13741;0,05959;0,00138;-0,00003326;0,00923;-0,397
32;7,3;0,13304;-0,05457;-0,00301;0,00003427;-0,02;0,364
32;7,4;-0,12057;0,05587;0,00459;-0,00003531;0,031;-0,373
32;7,5;0,10347;-0,06091;-0,00611;0,00003635;-0,041;0,406
32;7,6;-0,08585;0,06666;0,00757;-0,00003735;0,051;-0,445
32;7,7;0,0712;-0,07052;-0,00895;0,00003827;-0,06;0,47
32;7,8;-0,06163;0,07095;0,01026;-0,00003911;0,068;-0,473
32;7,9;0,05753;-0,06763;-0,0115;0,00003984;-0,077;0,451
32;8;-0,05781;0,06136;0,01266;-0,0000405;0,084;-0,409
32;8,1;0,06048;-0,05358;-0,01377;0,00004109;-0,092;0,357
32;8,2;-0,06335;0,0459;0,01482;-0,00004165;0,099;-0,306
32;8,3;0,06465;-0,03963;-0,01583;0,0000422;-0,106;0,264
32;8,4;-0,0634;0,03545;0,0168;-0,00004273;0,112;-0,237
32;8,5;0,05955;-0,03341;-0,01772;0,00004327;-0,118;0,223
32;8,6;-0,05378;0,033;0,01861;-0,00004379;0,124;-0,22
32;8,7;0,04718;-0,0334;-0,01946;0,00004429;-0,13;0,223
32;8,8;-0,04089;0,03376;0,02027;-0,00004477;0,135;-0,225
32;8,9;0,03578;-0,03343;-0,02104;0,00004521;-0,14;0,223
32;9;-0,03228;0,0321;0,02177;-0,00004561;0,145;-0,214
32;9,1;0,03032;-0,0298;-0,02245;0,00004597;-0,15;0,199
32;9,2;-0,02947;0,02685;0,0231;-0,0000463;0,154;-0,179
32;9,3;0,02913;-0,02367;-0,02372;0,0000466;-0,158;0,158
32;9,4;-0,02868;0,02073;0,02431;-0,00004688;0,162;-0,138
32;9,5;0,0277;-0,01831;-0,02487;0,00004715;-0,166;0,122
32;9,6;-0,02601;0,01656;0,0254;-0,00004741;0,169;-0,111
32;9,7;0,02366;-0,01542;-0,0259;0,00004766;-0,173;0,103
32;9,8;-0,02091;0,0147;0,02639;-0,00004789;0,176;-0,098
32;9,9;0,0181;-0,01416;-0,02684;0,00004811;-0,179;0,095
32;10;-0,01551;0,01355;0,02728;-0,00004832;0,182;-0,091
32;10,1;0,01336;-0,01274;-0,02769;0,0000485;-0,185;0,085
32;10,2;-0,01171;0,01165;0,02807;-0,00004866;0,187;-0,078
32;10,3;0,01051;-0,01035;-0,02843;0,00004881;-0,19;0,069
32;10,4;-0,0096;0,00892;0,02878;-0,00004894;0,192;-0,06
32;10,5;0,0088;-0,00751;-0,0291;0,00004906;-0,194;0,05
32;10,6;-0,00795;0,00622;0,02941;-0,00004916;0,196;-0,042
32;10,7;0,00695;-0,00512;-0,0297;0,00004926;-0,198;0,034
32;10,8;-0,00577;0,00424;0,02997;-0,00004935;0,2;-0,028
32;10,9;0,00446;-0,00353;-0,03023;0,00004942;-0,202;0,024
32;11;-0,0031;0,00293;0,03047;-0,00004949;0,203;-0,02
32;11,1;0,00178;-0,00238;-0,03069;0,00004955;-0,205;0,016
32;11,2;-0,00057;0,00181;0,03091;-0,0000496;0,206;-0,012
32;11,3;-0,00048;-0,00119;-0,0311;0,00004964;-0,207;0,008183
32;11,4;0,00136;0,00051;0,03129;-0,00004967;0,209;-0,003647
32;11,5;-0,00211;0,00021;-0,03146;0,00004969;-0,21;-0,001149
32;11,6;0,00277;-0,00093;0,03162;-0,0000497;0,211;0,005982
32;11,7;-0,0034;0,00163;-0,03177;0,0000497;-0,212;-0,011
32;11,8;0,00404;-0,00226;0,03191;-0,0000497;0,213;0,015
32;11,9;-0,00471;0,00283;-0,03204;0,00004969;-0,214;-0,019
32;12;0,0054;-0,00332;0,03216;-0,00004968;0,214;0,022
32;12,1;-0,00612;0,00376;-0,03227;0,00004966;-0,215;-0,025
32;12,2;0,00682;-0,00416;0,03237;-0,00004963;0,216;0,027
32;12,3;-0,00748;0,00454;-0,03246;0,0000496;-0,216;-0,03
32;12,4;0,0081;-0,00492;0,03254;-0,00004956;0,217;0,033
32;12,5;-0,00865;0,00531;-0,03261;0,00004952;-0,218;-0,035
32;12,6;0,00914;-0,0057;0,03268;-0,00004947;0,218;0,038
32;12,7;-0,00959;0,00609;-0,03274;0,00004941;-0,218;-0,04
32;12,8;0,01001;-0,00647;0,03279;-0,00004936;0,219;0,043
32;12,9;-0,01041;0,00683;-0,03284;0,00004929;-0,219;-0,045
32;13;0,0108;-0,00716;0,03288;-0,00004923;0,219;0,048
32;13,1;-0,01119;0,00747;-0,03291;0,00004916;-0,22;-0,05
32;13,2;0,01158;-0,00774;0,03294;-0,00004908;0,22;0,051
32;13,3;-0,01197;0,008;-0,03297;0,00004901;-0,22;-0,053
32;13,4;0,01233;-0,00824;0,03298;-0,00004893;0,22;0,055
32;13,5;-0,01268;0,00847;-0,033;0,00004884;-0,22;-0,056
32;13,6;0,013;-0,00869;0,033;-0,00004876;0,22;0,058
32;13,7;-0,0133;0,00891;-0,03301;0,00004867;-0,22;-0,059
32;13,8;0,01357;-0,00913;0,033;-0,00004857;0,22;0,061
32;13,9;-0,01382;0,00934;-0,033;0,00004848;-0,22;-0,062
32;14;0,01406;-0,00954;0,03299;-0,00004838;0,22;0,063
32;14,1;-0,01429;0,00972;-0,03297;0,00004828;-0,22;-0,065
32;14,2;0,01451;-0,0099;0,03296;-0,00004818;0,22;0,066
32;14,3;-0,01472;0,01006;-0,03294;0,00004808;-0,22;-0,067
32;14,4;0,01493;-0,01021;0,03291;-0,00004797;0,219;0,068
32;14,5;-0,01513;0,01035;-0,03288;0,00004786;-0,219;-0,069
32;14,6;0,01531;-0,01048;0,03285;-0,00004775;0,219;0,07
32;14,7;-0,01549;0,01061;-0,03282;0,00004764;-0,219;-0,07
32;14,8;0,01565;-0,01073;0,03278;-0,00004753;0,219;0,071
32;14,9;-0,0158;0,01084;-0,03274;0,00004741;-0,218;-0,072
32;15;0,01594;-0,01095;0,0327;-0,0000473;0,218;0,073
32;15,1;-0,01607;0,01106;-0,03266;0,00004718;-0,218;-0,073
32;15,2;0,0162;-0,01116;0,03261;-0,00004706;0,218;0,074
32;15,3;-0,01631;0,01125;-0,03257;0,00004694;-0,217;-0,075
32;15,4;0,01642;-0,01133;0,03252;-0,00004682;0,217;0,075
32;15,5;-0,01653;0,01141;-0,03246;0,0000467;-0,216;-0,076
32;15,6;0,01662;-0,01149;0,03241;-0,00004657;0,216;0,076
32;15,7;-0,01672;0,01156;-0,03235;0,00004645;-0,216;-0,077
32;15,8;0,0168;-0,01162;0,0323;-0,00004632;0,215;0,077
32;15,9;-0,01688;0,01168;-0,03224;0,0000462;-0,215;-0,078
32;16;0,01695;-0,01174;0,03218;-0,00004607;0,215;0,078
32;16,1;-0,01702;0,01179;-0,03211;0,00004594;-0,214;-0,078
32;16,2;0,01708;-0,01184;0,03205;-0,00004582;0,214;0,079
32;16,3;-0,01714;0,01188;-0,03199;0,00004569;-0,213;-0,079
32;16,4;0,01719;-0,01192;0,03192;-0,00004556;0,213;0,079
32;16,5;-0,01724;0,01196;-0,03185;0,00004543;-0,212;-0,08
32;16,6;0,01728;-0,012;0,03178;-0,0000453;0,212;0,08
32;16,7;-0,01732;0,01203;-0,03171;0,00004517;-0,212;-0,08
32;16,8;0,01735;-0,01206;0,03164;-0,00004503;0,211;0,08
32;16,9;-0,01739;0,01208;-0,03157;0,0000449;-0,211;-0,08
32;17;0,01741;-0,01211;0,0315;-0,00004477;0,21;0,08
32;17,1;-0,01744;0,01213;-0,03143;0,00004464;-0,21;-0,081
32;17,2;0,01746;-0,01214;0,03135;-0,0000445;0,209;0,081
32;17,3;-0,01748;0,01216;-0,03128;0,00004437;-0,209;-0,081
32;17,4;0,01749;-0,01217;0,0312;-0,00004424;0,208;0,081
32;17,5;-0,0175;0,01218;-0,03113;0,0000441;-0,208;-0,081
32;17,6;0,01751;-0,01219;0,03105;-0,00004397;0,207;0,081
32;17,7;-0,01752;0,0122;-0,03097;0,00004384;-0,207;-0,081
32;17,8;0,01752;-0,01221;0,0309;-0,0000437;0,206;0,081
32;17,9;-0,01752;0,01221;-0,03082;0,00004357;-0,206;-0,081
32;18;0,01752;-0,01221;0,03074;-0,00004343;0,205;0,081
32;18,1;-0,01752;0,01221;-0,03066;0,0000433;-0,204;-0,081
32;18,2;0,01751;-0,01221;0,03058;-0,00004317;0,204;0,081
32;18,3;-0,0175;0,01221;-0,0305;0,00004303;-0,203;-0,081
32;18,4;0,01749;-0,0122;0,03042;-0,0000429;0,203;0,081
32;18,5;-0,01748;0,0122;-0,03034;0,00004276;-0,202;-0,081
32;18,6;0,01747;-0,01219;0,03026;-0,00004263;0,202;0,081
32;18,7;-0,01746;0,01218;-0,03017;0,0000425;-0,201;-0,081
32;18,8;0,01744;-0,01217;0,03009;-0,00004236;0,201;0,081
32;18,9;-0,01742;0,01216;-0,03001;0,00004223;-0,2;-0,081
32;19;0,0174;-0,01215;0,02993;-0,00004209;0,2;0,081
32;19,1;-0,01738;0,01213;-0,02985;0,00004196;-0,199;-0,081
32;19,2;0,01736;-0,01212;0,02976;-0,00004183;0,198;0,081
32;19,3;-0,01734;0,01211;-0,02968;0,00004169;-0,198;-0,081
32;19,4;0,01731;-0,01209;0,0296;-0,00004156;0,197;0,08
32;19,5;-0,01729;0,01207;-0,02952;0,00004142;-0,197;-0,08
32;19,6;0,01726;-0,01206;0,02943;-0,00004129;0,196;0,08
32;19,7;-0,01723;0,01204;-0,02935;0,00004116;-0,196;-0,08
32;19,8;0,0172;-0,01202;0,02927;-0,00004103;0,195;0,08
32;19,9;-0,01717;0,012;-0,02918;0,00004089;-0,195;-0,08
32;20;0,01714;-0,01198;0,0291;-0,00004076;0,194;0,08
32;20,1;-0,01711;0,01196;-0,02902;0,00004063;-0,194;-0,08
32;20,2;0,01708;-0,01194;0,02893;-0,0000405;0,193;0,079
32;20,3;-0,01705;0,01192;-0,02885;0,00004036;-0,192;-0,079
32;20,4;0,01701;-0,01189;0,02877;-0,00004023;0,192;0,079
32;20,5;-0,01698;0,01187;-0,02868;0,0000401;-0,191;-0,079
32;20,6;0,01695;-0,01185;0,0286;-0,00003997;0,191;0,079
32;20,7;-0,01691;0,01182;-0,02851;0,00003984;-0,19;-0,079
32;20,8;0,01687;-0,0118;0,02843;-0,00003971;0,19;0,078
32;20,9;-0,01684;0,01177;-0,02835;0,00003958;-0,189;-0,078
32;21;0,0168;-0,01175;0,02826;-0,00003945;0,188;0,078
32;21,1;-0,01676;0,01172;-0,02818;0,00003932;-0,188;-0,078
32;21,2;0,01672;-0,0117;0,0281;-0,00003919;0,187;0,078
32;21,3;-0,01669;0,01167;-0,02801;0,00003906;-0,187;-0,078
32;21,4;0,01665;-0,01164;0,02793;-0,00003893;0,186;0,077
32;21,5;-0,01661;0,01162;-0,02785;0,0000388;-0,186;-0,077
32;21,6;0,01657;-0,01159;0,02777;-0,00003867;0,185;0,077
32;21,7;-0,01653;0,01156;-0,02768;0,00003855;-0,185;-0,077
32;21,8;0,01649;-0,01153;0,0276;-0,00003842;0,184;0,077
32;21,9;-0,01645;0,0115;-0,02752;0,00003829;-0,184;-0,077
32;22;0,01641;-0,01148;0,02744;-0,00003816;0,183;0,076
32;22,1;-0,01636;0,01145;-0,02735;0,00003804;-0,182;-0,076
32;22,2;0,01632;-0,01142;0,02727;-0,00003791;0,182;0,076
32;22,3;-0,01628;0,01139;-0,02719;0,00003778;-0,181;-0,076
32;22,4;0,01624;-0,01136;0,02711;-0,00003766;0,181;0,076
32;22,5;-0,0162;0,01133;-0,02703;0,00003753;-0,18;-0,075
32;22,6;0,01615;-0,0113;0,02694;-0,00003741;0,18;0,075
32;22,7;-0,01611;0,01127;-0,02686;0,00003728;-0,179;-0,075
32;22,8;0,01607;-0,01124;0,02678;-0,00003716;0,179;0,075
32;22,9;-0,01603;0,01121;-0,0267;0,00003703;-0,178;-0,075
32;23;0,01598;-0,01118;0,02662;-0,00003691;0,178;0,074
32;23,1;-0,01594;0,01115;-0,02654;0,00003678;-0,177;-0,074
32;23,2;0,0159;-0,01112;0,02646;-0,00003666;0,176;0,074
32;23,3;-0,01585;0,01109;-0,02638;0,00003654;-0,176;-0,074
32;23,4;0,01581;-0,01106;0,0263;-0,00003641;0,175;0,074
32;23,5;-0,01577;0,01103;-0,02622;0,00003629;-0,175;-0,073
32;23,6;0,01572;-0,011;0,02614;-0,00003617;0,174;0,073
32;23,7;-0,01568;0,01097;-0,02606;0,00003605;-0,174;-0,073
32;23,8;0,01563;-0,01094;0,02598;-0,00003593;0,173;0,073
32;23,9;-0,01559;0,01091;-0,0259;0,0000358;-0,173;-0,073
32;24;0,01555;-0,01088;0,02582;-0,00003568;0,172;0,072
32;24,1;-0,0155;0,01085;-0,02574;0,00003556;-0,172;-0,072
32;24,2;0,01546;-0,01082;0,02566;-0,00003544;0,171;0,072
32;24,3;-0,01542;0,01079;-0,02558;0,00003532;-0,171;-0,072
32;24,4;0,01537;-0,01076;0,0255;-0,0000352;0,17;0,072
32;24,5;-0,01533;0,01073;-0,02542;0,00003508;-0,17;-0,071
32;24,6;0,01528;-0,0107;0,02535;-0,00003497;0,169;0,071
32;24,7;-0,01524;0,01067;-0,02527;0,00003485;-0,169;-0,071
32;24,8;0,0152;-0,01064;0,02519;-0,00003473;0,168;0,071
32;24,9;-0,01515;0,01061;-0,02511;0,00003461;-0,167;-0,071
32;25;0,01511;-0,01057;0,02504;-0,00003449;0,167;0,07
32;25,1;-0,01506;0,01054;-0,02496;0,00003438;-0,166;-0,07
32;25,2;0,01502;-0,01051;0,02488;-0,00003426;0,166;0,07
32;25,3;-0,01498;0,01048;-0,02481;0,00003414;-0,165;-0,07
32;25,4;0,01493;-0,01045;0,02473;-0,00003403;0,165;0,07
32;25,5;-0,01489;0,01042;-0,02465;0,00003391;-0,164;-0,069
32;25,6;0,01484;-0,01039;0,02458;-0,0000338;0,164;0,069
32;25,7;-0,0148;0,01036;-0,0245;0,00003368;-0,163;-0,069
32;25,8;0,01476;-0,01033;0,02442;-0,00003357;0,163;0,069
32;25,9;-0,01471;0,0103;-0,02435;0,00003345;-0,162;-0,069
32;26;0,01467;-0,01027;0,02427;-0,00003334;0,162;0,068
32;26,1;-0,01463;0,01024;-0,0242;0,00003322;-0,161;-0,068
32;26,2;0,01458;-0,01021;0,02412;-0,00003311;0,161;0,068
32;26,3;-0,01454;0,01018;-0,02405;0,000033;-0,16;-0,068
32;26,4;0,0145;-0,01015;0,02397;-0,00003288;0,16;0,067
32;26,5;-0,01445;0,01012;-0,0239;0,00003277;-0,159;-0,067
32;26,6;0,01441;-0,01009;0,02383;-0,00003266;0,159;0,067
32;26,7;-0,01437;0,01006;-0,02375;0,00003255;-0,158;-0,067
32;26,8;0,01432;-0,01003;0,02368;-0,00003244;0,158;0,067
32;26,9;-0,01428;0,01;-0,02361;0,00003233;-0,157;-0,066
32;27;0,01424;-0,00997;0,02353;-0,00003222;0,157;0,066
32;27,1;-0,01419;0,00994;-0,02346;0,0000321;-0,156;-0,066
32;27,2;0,01415;-0,00991;0,02339;-0,00003199;0,156;0,066
32;27,3;-0,01411;0,00988;-0,02331;0,00003189;-0,155;-0,066
32;27,4;0,01407;-0,00985;0,02324;-0,00003178;0,155;0,066
32;27,5;-0,01402;0,00982;-0,02317;0,00003167;-0,155;-0,065
32;27,6;0,01398;-0,00979;0,0231;-0,00003156;0,154;0,065
32;27,7;-0,01394;0,00976;-0,02303;0,00003145;-0,154;-0,065
32;27,8;0,0139;-0,00973;0,02295;-0,00003134;0,153;0,065
32;27,9;-0,01386;0,0097;-0,02288;0,00003123;-0,153;-0,065
32;28;0,01381;-0,00967;0,02281;-0,00003113;0,152;0,064
32;28,1;-0,01377;0,00964;-0,02274;0,00003102;-0,152;-0,064
32;28,2;0,01373;-0,00961;0,02267;-0,00003091;0,151;0,064
32;28,3;-0,01369;0,00958;-0,0226;0,00003081;-0,151;-0,064
32;28,4;0,01365;-0,00956;0,02253;-0,0000307;0,15;0,064
32;28,5;-0,01361;0,00953;-0,02246;0,00003059;-0,15;-0,063
32;28,6;0,01356;-0,0095;0,02239;-0,00003049;0,149;0,063
32;28,7;-0,01352;0,00947;-0,02232;0,00003038;-0,149;-0,063
32;28,8;0,01348;-0,00944;0,02225;-0,00003028;0,148;0,063
32;28,9;-0,01344;0,00941;-0,02218;0,00003017;-0,148;-0,063
32;29;0,0134;-0,00938;0,02211;-0,00003007;0,147;0,062
32;29,1;-0,01336;0,00935;-0,02204;0,00002997;-0,147;-0,062
32;29,2;0,01332;-0,00933;0,02197;-0,00002986;0,147;0,062
32;29,3;-0,01328;0,0093;-0,0219;0,00002976;-0,146;-0,062
32;29,4;0,01324;-0,00927;0,02184;-0,00002966;0,146;0,062
32;29,5;-0,0132;0,00924;-0,02177;0,00002955;-0,145;-0,061
32;29,6;0,01316;-0,00921;0,0217;-0,00002945;0,145;0,061
32;29,7;-0,01312;0,00918;-0,02163;0,00002935;-0,144;-0,061
32;29,8;0,01308;-0,00916;0,02156;-0,00002925;0,144;0,061
32;29,9;-0,01304;0,00913;-0,0215;0,00002915;-0,143;-0,061
32;30;0,013;-0,0091;0,02143;-0,00002904;0,143;0,061
32;30,1;-0,01296;0,00907;-0,02136;0,00002894;-0,142;-0,06
32;30,2;0,01292;-0,00904;0,0213;-0,00002884;0,142;0,06
32;30,3;-0,01288;0,00902;-0,02123;0,00002874;-0,142;-0,06
32;30,4;0,01284;-0,00899;0,02116;-0,00002864;0,141;0,06
32;30,5;-0,0128;0,00896;-0,0211;0,00002854;-0,141;-0,06
32;30,6;0,01276;-0,00893;0,02103;-0,00002844;0,14;0,059
32;30,7;-0,01272;0,00891;-0,02097;0,00002834;-0,14;-0,059
32;30,8;0,01268;-0,00888;0,0209;-0,00002825;0,139;0,059
32;30,9;-0,01264;0,00885;-0,02083;0,00002815;-0,139;-0,059
32;31;0,0126;-0,00883;0,02077;-0,00002805;0,139;0,059
32;31,1;-0,01256;0,0088;-0,0207;0,00002795;-0,138;-0,059
32;31,2;0,01253;-0,00877;0,02064;-0,00002785;0,138;0,058
32;31,3;-0,01249;0,00874;-0,02058;0,00002776;-0,137;-0,058
32;31,4;0,01245;-0,00872;0,02051;-0,00002766;0,137;0,058
32;31,5;-0,01241;0,00869;-0,02045;0,00002756;-0,136;-0,058
32;31,6;0,01237;-0,00866;0,02038;-0,00002747;0,136;0,058
32;31,7;-0,01233;0,00864;-0,02032;0,00002737;-0,136;-0,057
32;31,8;0,0123;-0,00861;0,02026;-0,00002728;0,135;0,057
32;31,9;-0,01226;0,00858;-0,02019;0,00002718;-0,135;-0,057
32;32;0,01222;-0,00856;0,02013;-0,00002709;0,134;0,057
32;32,1;-0,01218;0,00853;-0,02007;0,00002699;-0,134;-0,057
32;32,2;0,01215;-0,00851;0,02;-0,0000269;0,133;0,057
32;32,3;-0,01211;0,00848;-0,01994;0,0000268;-0,133;-0,056
32;32,4;0,01207;-0,00845;0,01988;-0,00002671;0,133;0,056
32;32,5;-0,01203;0,00843;-0,01982;0,00002661;-0,132;-0,056
32;32,6;0,012;-0,0084;0,01975;-0,00002652;0,132;0,056
32;32,7;-0,01196;0,00838;-0,01969;0,00002643;-0,131;-0,056
32;32,8;0,01192;-0,00835;0,01963;-0,00002634;0,131;0,056
32;32,9;-0,01189;0,00832;-0,01957;0,00002624;-0,13;-0,055
32;33;0,01185;-0,0083;0,01951;-0,00002615;0,13;0,055
32;33,1;-0,01181;0,00827;-0,01945;0,00002606;-0,13;-0,055
32;33,2;0,01178;-0,00825;0,01938;-0,00002597;0,129;0,055
32;33,3;-0,01174;0,00822;-0,01932;0,00002588;-0,129;-0,055
32;33,4;0,0117;-0,0082;0,01926;-0,00002578;0,128;0,055
32;33,5;-0,01167;0,00817;-0,0192;0,00002569;-0,128;-0,054
32;33,6;0,01163;-0,00815;0,01914;-0,0000256;0,128;0,054
32;33,7;-0,0116;0,00812;-0,01908;0,00002551;-0,127;-0,054
32;33,8;0,01156;-0,0081;0,01902;-0,00002542;0,127;0,054
32;33,9;-0,01152;0,00807;-0,01896;0,00002533;-0,126;-0,054
32;34;0,01149;-0,00805;0,0189;-0,00002524;0,126;0,054
32;34,1;-0,01145;0,00802;-0,01884;0,00002516;-0,126;-0,053
32;34,2;0,01142;-0,008;0,01878;-0,00002507;0,125;0,053
32;34,3;-0,01138;0,00797;-0,01872;0,00002498;-0,125;-0,053
32;34,4;0,01135;-0,00795;0,01867;-0,00002489;0,124;0,053
32;34,5;-0,01131;0,00792;-0,01861;0,0000248;-0,124;-0,053
32;34,6;0,01128;-0,0079;0,01855;-0,00002471;0,124;0,053
32;34,7;-0,01124;0,00787;-0,01849;0,00002463;-0,123;-0,052
32;34,8;0,01121;-0,00785;0,01843;-0,00002454;0,123;0,052
32;34,9;-0,01117;0,00782;-0,01837;0,00002445;-0,123;-0,052
32;35;0,01114;-0,0078;0,01832;-0,00002437;0,122;0,052
32;35,1;-0,0111;0,00778;-0,01826;0,00002428;-0,122;-0,052
32;35,2;0,01107;-0,00775;0,0182;-0,00002419;0,121;0,052
32;35,3;-0,01103;0,00773;-0,01814;0,00002411;-0,121;-0,051
32;35,4;0,011;-0,0077;0,01809;-0,00002402;0,121;0,051
32;35,5;-0,01097;0,00768;-0,01803;0,00002394;-0,12;-0,051
32;35,6;0,01093;-0,00766;0,01797;-0,00002385;0,12;0,051
32;35,7;-0,0109;0,00763;-0,01792;0,00002377;-0,119;-0,051
32;35,8;0,01086;-0,00761;0,01786;-0,00002368;0,119;0,051
32;35,9;-0,01083;0,00759;-0,0178;0,0000236;-0,119;-0,05
32;36;0,0108;-0,00756;0,01775;-0,00002351;0,118;0,05
32;36,1;-0,01076;0,00754;-0,01769;0,00002343;-0,118;-0,05
32;36,2;0,01073;-0,00752;0,01764;-0,00002335;0,118;0,05
32;36,3;-0,0107;0,00749;-0,01758;0,00002326;-0,117;-0,05
32;36,4;0,01066;-0,00747;0,01753;-0,00002318;0,117;0,05
32;36,5;-0,01063;0,00745;-0,01747;0,0000231;-0,117;-0,05
32;36,6;0,0106;-0,00742;0,01742;-0,00002301;0,116;0,049
32;36,7;-0,01057;0,0074;-0,01736;0,00002293;-0,116;-0,049
32;36,8;0,01053;-0,00738;0,01731;-0,00002285;0,115;0,049
32;36,9;-0,0105;0,00735;-0,01725;0,00002277;-0,115;-0,049
32;37;0,01047;-0,00733;0,0172;-0,00002269;0,115;0,049
32;37,1;-0,01043;0,00731;-0,01714;0,00002261;-0,114;-0,049
32;37,2;0,0104;-0,00729;0,01709;-0,00002253;0,114;0,048
32;37,3;-0,01037;0,00726;-0,01703;0,00002244;-0,114;-0,048
32;37,4;0,01034;-0,00724;0,01698;-0,00002236;0,113;0,048
32;37,5;-0,01031;0,00722;-0,01693;0,00002228;-0,113;-0,048
32;37,6;0,01027;-0,0072;0,01687;-0,0000222;0,113;0,048
32;37,7;-0,01024;0,00717;-0,01682;0,00002212;-0,112;-0,048
32;37,8;0,01021;-0,00715;0,01677;-0,00002204;0,112;0,048
32;37,9;-0,01018;0,00713;-0,01671;0,00002197;-0,111;-0,047
32;38;0,01015;-0,00711;0,01666;-0,00002189;0,111;0,047
32;38,1;-0,01012;0,00709;-0,01661;0,00002181;-0,111;-0,047
32;38,2;0,01008;-0,00706;0,01656;-0,00002173;0,11;0,047
32;38,3;-0,01005;0,00704;-0,0165;0,00002165;-0,11;-0,047
32;38,4;0,01002;-0,00702;0,01645;-0,00002157;0,11;0,047
32;38,5;-0,00999;0,007;-0,0164;0,0000215;-0,109;-0,047
32;38,6;0,00996;-0,00698;0,01635;-0,00002142;0,109;0,046
32;38,7;-0,00993;0,00695;-0,0163;0,00002134;-0,109;-0,046
32;38,8;0,0099;-0,00693;0,01625;-0,00002126;0,108;0,046
32;38,9;-0,00987;0,00691;-0,01619;0,00002119;-0,108;-0,046
32;39;0,00984;-0,00689;0,01614;-0,00002111;0,108;0,046
32;39,1;-0,00981;0,00687;-0,01609;0,00002103;-0,107;-0,046
32;39,2;0,00977;-0,00685;0,01604;-0,00002096;0,107;0,046
32;39,3;-0,00974;0,00683;-0,01599;0,00002088;-0,107;-0,045
32;39,4;0,00971;-0,0068;0,01594;-0,00002081;0,106;0,045
32;39,5;-0,00968;0,00678;-0,01589;0,00002073;-0,106;-0,045
32;39,6;0,00965;-0,00676;0,01584;-0,00002066;0,106;0,045
32;39,7;-0,00962;0,00674;-0,01579;0,00002058;-0,105;-0,045
32;39,8;0,00959;-0,00672;0,01574;-0,00002051;0,105;0,045
32;39,9;-0,00956;0,0067;-0,01569;0,00002043;-0,105;-0,045
32;40;0,00953;-0,00668;0,01564;-0,00002036;0,104;0,044