Joint;Time;U1;U2;U3;R1;R2;R3
Text;Unitless;m/sec2;m/sec2;m/sec2;rad/sec2;rad/sec2;rad/sec2
1;0;0;0;0;0;0;0
1;0,1;0;0;0;0;0;0
1;0,2;0;0;0;0;0;0
1;0,3;0;0;0;0;0;0
1;0,4;0;0;0;0;0;0
1;0,5;0;0;0;0;0;0
1;0,6;0;0;0;0;0;0
1;0,7;0;0;0;0;0;0
1;0,8;0;0;0;0;0;0
1;0,9;0;0;0;0;0;0
1;1;0;0;0;0;0;0
1;1,1;0;0;0;0;0;0
1;1,2;0;0;0;0;0;0
1;1,3;0;0;0;0;0;0
1;1,4;0;0;0;0;0;0
1;1,5;0;0;0;0;0;0
1;1,6;0;0;0;0;0;0
1;1,7;0;0;0;0;0;0
1;1,8;0;0;0;0;0;0
1;1,9;0;0;0;0;0;0
1;2;0;0;0;0;0;0
1;2,1;0;0;0;0;0;0
1;2,2;0;0;0;0;0;0
1;2,3;0;0;0;0;0;0
1;2,4;0;0;0;0;0;0
1;2,5;0;0;0;0;0;0
1;2,6;0;0;0;0;0;0
1;2,7;0;0;0;0;0;0
1;2,8;0;0;0;0;0;0
1;2,9;0;0;0;0;0;0
1;3;0;0;0;0;0;0
1;3,1;0;0;0;0;0;0
1;3,2;0;0;0;0;0;0
1;3,3;0;0;0;0;0;0
1;3,4;0;0;0;0;0;0
1;3,5;0;0;0;0;0;0
1;3,6;0;0;0;0;0;0
1;3,7;0;0;0;0;0;0
1;3,8;0;0;0;0;0;0
1;3,9;0;0;0;0;0;0
1;4;0;0;0;0;0;0
1;4,1;0;0;0;0;0;0
1;4,2;0;0;0;0;0;0
1;4,3;0;0;0;0;0;0
1;4,4;0;0;0;0;0;0
1;4,5;0;0;0;0;0;0
1;4,6;0;0;0;0;0;0
1;4,7;0;0;0;0;0;0
1;4,8;0;0;0;0;0;0
1;4,9;0;0;0;0;0;0
1;5;0;0;0;0;0;0
1;5,1;0;0;0;0;0;0
1;5,2;0;0;0;0;0;0
1;5,3;0;0;0;0;0;0
1;5,4;0;0;0;0;0;0
1;5,5;0;0;0;0;0;0
1;5,6;0;0;0;0;0;0
1;5,7;0;0;0;0;0;0
1;5,8;0;0;0;0;0;0
1;5,9;0;0;0;0;0;0
1;6;0;0;0;0;0;0
1;6,1;0;0;0;0;0;0
1;6,2;0;0;0;0;0;0
1;6,3;0;0;0;0;0;0
1;6,4;0;0;0;0;0;0
1;6,5;0;0;0;0;0;0
1;6,6;0;0;0;0;0;0
1;6,7;0;0;0;0;0;0
1;6,8;0;0;0;0;0;0
1;6,9;0;0;0;0;0;0
1;7;0;0;0;0;0;0
1;7,1;0;0;0;0;0;0
1;7,2;0;0;0;0;0;0
1;7,3;0;0;0;0;0;0
1;7,4;0;0;0;0;0;0
1;7,5;0;0;0;0;0;0
1;7,6;0;0;0;0;0;0
1;7,7;0;0;0;0;0;0
1;7,8;0;0;0;0;0;0
1;7,9;0;0;0;0;0;0
1;8;0;0;0;0;0;0
1;8,1;0;0;0;0;0;0
1;8,2;0;0;0;0;0;0
1;8,3;0;0;0;0;0;0
1;8,4;0;0;0;0;0;0
1;8,5;0;0;0;0;0;0
1;8,6;0;0;0;0;0;0
1;8,7;0;0;0;0;0;0
1;8,8;0;0;0;0;0;0
1;8,9;0;0;0;0;0;0
1;9;0;0;0;0;0;0
1;9,1;0;0;0;0;0;0
1;9,2;0;0;0;0;0;0
1;9,3;0;0;0;0;0;0
1;9,4;0;0;0;0;0;0
1;9,5;0;0;0;0;0;0
1;9,6;0;0;0;0;0;0
1;9,7;0;0;0;0;0;0
1;9,8;0;0;0;0;0;0
1;9,9;0;0;0;0;0;0
1;10;0;0;0;0;0;0
1;10,1;0;0;0;0;0;0
1;10,2;0;0;0;0;0;0
1;10,3;0;0;0;0;0;0
1;10,4;0;0;0;0;0;0
1;10,5;0;0;0;0;0;0
1;10,6;0;0;0;0;0;0
1;10,7;0;0;0;0;0;0
1;10,8;0;0;0;0;0;0
1;10,9;0;0;0;0;0;0
1;11;0;0;0;0;0;0
1;11,1;0;0;0;0;0;0
1;11,2;0;0;0;0;0;0
1;11,3;0;0;0;0;0;0
1;11,4;0;0;0;0;0;0
1;11,5;0;0;0;0;0;0
1;11,6;0;0;0;0;0;0
1;11,7;0;0;0;0;0;0
1;11,8;0;0;0;0;0;0
1;11,9;0;0;0;0;0;0
1;12;0;0;0;0;0;0
1;12,1;0;0;0;0;0;0
1;12,2;0;0;0;0;0;0
1;12,3;0;0;0;0;0;0
1;12,4;0;0;0;0;0;0
1;12,5;0;0;0;0;0;0
1;12,6;0;0;0;0;0;0
1;12,7;0;0;0;0;0;0
1;12,8;0;0;0;0;0;0
1;12,9;0;0;0;0;0;0
1;13;0;0;0;0;0;0
1;13,1;0;0;0;0;0;0
1;13,2;0;0;0;0;0;0
1;13,3;0;0;0;0;0;0
1;13,4;0;0;0;0;0;0
1;13,5;0;0;0;0;0;0
1;13,6;0;0;0;0;0;0
1;13,7;0;0;0;0;0;0
1;13,8;0;0;0;0;0;0
1;13,9;0;0;0;0;0;0
1;14;0;0;0;0;0;0
1;14,1;0;0;0;0;0;0
1;14,2;0;0;0;0;0;0
1;14,3;0;0;0;0;0;0
1;14,4;0;0;0;0;0;0
1;14,5;0;0;0;0;0;0
1;14,6;0;0;0;0;0;0
1;14,7;0;0;0;0;0;0
1;14,8;0;0;0;0;0;0
1;14,9;0;0;0;0;0;0
1;15;0;0;0;0;0;0
1;15,1;0;0;0;0;0;0
1;15,2;0;0;0;0;0;0
1;15,3;0;0;0;0;0;0
1;15,4;0;0;0;0;0;0
1;15,5;0;0;0;0;0;0
1;15,6;0;0;0;0;0;0
1;15,7;0;0;0;0;0;0
1;15,8;0;0;0;0;0;0
1;15,9;0;0;0;0;0;0
1;16;0;0;0;0;0;0
1;16,1;0;0;0;0;0;0
1;16,2;0;0;0;0;0;0
1;16,3;0;0;0;0;0;0
1;16,4;0;0;0;0;0;0
1;16,5;0;0;0;0;0;0
1;16,6;0;0;0;0;0;0
1;16,7;0;0;0;0;0;0
1;16,8;0;0;0;0;0;0
1;16,9;0;0;0;0;0;0
1;17;0;0;0;0;0;0
1;17,1;0;0;0;0;0;0
1;17,2;0;0;0;0;0;0
1;17,3;0;0;0;0;0;0
1;17,4;0;0;0;0;0;0
1;17,5;0;0;0;0;0;0
1;17,6;0;0;0;0;0;0
1;17,7;0;0;0;0;0;0
1;17,8;0;0;0;0;0;0
1;17,9;0;0;0;0;0;0
1;18;0;0;0;0;0;0
1;18,1;0;0;0;0;0;0
1;18,2;0;0;0;0;0;0
1;18,3;0;0;0;0;0;0
1;18,4;0;0;0;0;0;0
1;18,5;0;0;0;0;0;0
1;18,6;0;0;0;0;0;0
1;18,7;0;0;0;0;0;0
1;18,8;0;0;0;0;0;0
1;18,9;0;0;0;0;0;0
1;19;0;0;0;0;0;0
1;19,1;0;0;0;0;0;0
1;19,2;0;0;0;0;0;0
1;19,3;0;0;0;0;0;0
1;19,4;0;0;0;0;0;0
1;19,5;0;0;0;0;0;0
1;19,6;0;0;0;0;0;0
1;19,7;0;0;0;0;0;0
1;19,8;0;0;0;0;0;0
1;19,9;0;0;0;0;0;0
1;20;0;0;0;0;0;0
1;20,1;0;0;0;0;0;0
1;20,2;0;0;0;0;0;0
1;20,3;0;0;0;0;0;0
1;20,4;0;0;0;0;0;0
1;20,5;0;0;0;0;0;0
1;20,6;0;0;0;0;0;0
1;20,7;0;0;0;0;0;0
1;20,8;0;0;0;0;0;0
1;20,9;0;0;0;0;0;0
1;21;0;0;0;0;0;0
1;21,1;0;0;0;0;0;0
1;21,2;0;0;0;0;0;0
1;21,3;0;0;0;0;0;0
1;21,4;0;0;0;0;0;0
1;21,5;0;0;0;0;0;0
1;21,6;0;0;0;0;0;0
1;21,7;0;0;0;0;0;0
1;21,8;0;0;0;0;0;0
1;21,9;0;0;0;0;0;0
1;22;0;0;0;0;0;0
1;22,1;0;0;0;0;0;0
1;22,2;0;0;0;0;0;0
1;22,3;0;0;0;0;0;0
1;22,4;0;0;0;0;0;0
1;22,5;0;0;0;0;0;0
1;22,6;0;0;0;0;0;0
1;22,7;0;0;0;0;0;0
1;22,8;0;0;0;0;0;0
1;22,9;0;0;0;0;0;0
1;23;0;0;0;0;0;0
1;23,1;0;0;0;0;0;0
1;23,2;0;0;0;0;0;0
1;23,3;0;0;0;0;0;0
1;23,4;0;0;0;0;0;0
1;23,5;0;0;0;0;0;0
1;23,6;0;0;0;0;0;0
1;23,7;0;0;0;0;0;0
1;23,8;0;0;0;0;0;0
1;23,9;0;0;0;0;0;0
1;24;0;0;0;0;0;0
1;24,1;0;0;0;0;0;0
1;24,2;0;0;0;0;0;0
1;24,3;0;0;0;0;0;0
1;24,4;0;0;0;0;0;0
1;24,5;0;0;0;0;0;0
1;24,6;0;0;0;0;0;0
1;24,7;0;0;0;0;0;0
1;24,8;0;0;0;0;0;0
1;24,9;0;0;0;0;0;0
1;25;0;0;0;0;0;0
1;25,1;0;0;0;0;0;0
1;25,2;0;0;0;0;0;0
1;25,3;0;0;0;0;0;0
1;25,4;0;0;0;0;0;0
1;25,5;0;0;0;0;0;0
1;25,6;0;0;0;0;0;0
1;25,7;0;0;0;0;0;0
1;25,8;0;0;0;0;0;0
1;25,9;0;0;0;0;0;0
1;26;0;0;0;0;0;0
1;26,1;0;0;0;0;0;0
1;26,2;0;0;0;0;0;0
1;26,3;0;0;0;0;0;0
1;26,4;0;0;0;0;0;0
1;26,5;0;0;0;0;0;0
1;26,6;0;0;0;0;0;0
1;26,7;0;0;0;0;0;0
1;26,8;0;0;0;0;0;0
1;26,9;0;0;0;0;0;0
1;27;0;0;0;0;0;0
1;27,1;0;0;0;0;0;0
1;27,2;0;0;0;0;0;0
1;27,3;0;0;0;0;0;0
1;27,4;0;0;0;0;0;0
1;27,5;0;0;0;0;0;0
1;27,6;0;0;0;0;0;0
1;27,7;0;0;0;0;0;0
1;27,8;0;0;0;0;0;0
1;27,9;0;0;0;0;0;0
1;28;0;0;0;0;0;0
1;28,1;0;0;0;0;0;0
1;28,2;0;0;0;0;0;0
1;28,3;0;0;0;0;0;0
1;28,4;0;0;0;0;0;0
1;28,5;0;0;0;0;0;0
1;28,6;0;0;0;0;0;0
1;28,7;0;0;0;0;0;0
1;28,8;0;0;0;0;0;0
1;28,9;0;0;0;0;0;0
1;29;0;0;0;0;0;0
1;29,1;0;0;0;0;0;0
1;29,2;0;0;0;0;0;0
1;29,3;0;0;0;0;0;0
1;29,4;0;0;0;0;0;0
1;29,5;0;0;0;0;0;0
1;29,6;0;0;0;0;0;0
1;29,7;0;0;0;0;0;0
1;29,8;0;0;0;0;0;0
1;29,9;0;0;0;0;0;0
1;30;0;0;0;0;0;0
1;30,1;0;0;0;0;0;0
1;30,2;0;0;0;0;0;0
1;30,3;0;0;0;0;0;0
1;30,4;0;0;0;0;0;0
1;30,5;0;0;0;0;0;0
1;30,6;0;0;0;0;0;0
1;30,7;0;0;0;0;0;0
1;30,8;0;0;0;0;0;0
1;30,9;0;0;0;0;0;0
1;31;0;0;0;0;0;0
1;31,1;0;0;0;0;0;0
1;31,2;0;0;0;0;0;0
1;31,3;0;0;0;0;0;0
1;31,4;0;0;0;0;0;0
1;31,5;0;0;0;0;0;0
1;31,6;0;0;0;0;0;0
1;31,7;0;0;0;0;0;0
1;31,8;0;0;0;0;0;0
1;31,9;0;0;0;0;0;0
1;32;0;0;0;0;0;0
1;32,1;0;0;0;0;0;0
1;32,2;0;0;0;0;0;0
1;32,3;0;0;0;0;0;0
1;32,4;0;0;0;0;0;0
1;32,5;0;0;0;0;0;0
1;32,6;0;0;0;0;0;0
1;32,7;0;0;0;0;0;0
1;32,8;0;0;0;0;0;0
1;32,9;0;0;0;0;0;0
1;33;0;0;0;0;0;0
1;33,1;0;0;0;0;0;0
1;33,2;0;0;0;0;0;0
1;33,3;0;0;0;0;0;0
1;33,4;0;0;0;0;0;0
1;33,5;0;0;0;0;0;0
1;33,6;0;0;0;0;0;0
1;33,7;0;0;0;0;0;0
1;33,8;0;0;0;0;0;0
1;33,9;0;0;0;0;0;0
1;34;0;0;0;0;0;0
1;34,1;0;0;0;0;0;0
1;34,2;0;0;0;0;0;0
1;34,3;0;0;0;0;0;0
1;34,4;0;0;0;0;0;0
1;34,5;0;0;0;0;0;0
1;34,6;0;0;0;0;0;0
1;34,7;0;0;0;0;0;0
1;34,8;0;0;0;0;0;0
1;34,9;0;0;0;0;0;0
1;35;0;0;0;0;0;0
1;35,1;0;0;0;0;0;0
1;35,2;0;0;0;0;0;0
1;35,3;0;0;0;0;0;0
1;35,4;0;0;0;0;0;0
1;35,5;0;0;0;0;0;0
1;35,6;0;0;0;0;0;0
1;35,7;0;0;0;0;0;0
1;35,8;0;0;0;0;0;0
1;35,9;0;0;0;0;0;0
1;36;0;0;0;0;0;0
1;36,1;0;0;0;0;0;0
1;36,2;0;0;0;0;0;0
1;36,3;0;0;0;0;0;0
1;36,4;0;0;0;0;0;0
1;36,5;0;0;0;0;0;0
1;36,6;0;0;0;0;0;0
1;36,7;0;0;0;0;0;0
1;36,8;0;0;0;0;0;0
1;36,9;0;0;0;0;0;0
1;37;0;0;0;0;0;0
1;37,1;0;0;0;0;0;0
1;37,2;0;0;0;0;0;0
1;37,3;0;0;0;0;0;0
1;37,4;0;0;0;0;0;0
1;37,5;0;0;0;0;0;0
1;37,6;0;0;0;0;0;0
1;37,7;0;0;0;0;0;0
1;37,8;0;0;0;0;0;0
1;37,9;0;0;0;0;0;0
1;38;0;0;0;0;0;0
1;38,1;0;0;0;0;0;0
1;38,2;0;0;0;0;0;0
1;38,3;0;0;0;0;0;0
1;38,4;0;0;0;0;0;0
1;38,5;0;0;0;0;0;0
1;38,6;0;0;0;0;0;0
1;38,7;0;0;0;0;0;0
1;38,8;0;0;0;0;0;0
1;38,9;0;0;0;0;0;0
1;39;0;0;0;0;0;0
1;39,1;0;0;0;0;0;0
1;39,2;0;0;0;0;0;0
1;39,3;0;0;0;0;0;0
1;39,4;0;0;0;0;0;0
1;39,5;0;0;0;0;0;0
1;39,6;0;0;0;0;0;0
1;39,7;0;0;0;0;0;0
1;39,8;0;0;0;0;0;0
1;39,9;0;0;0;0;0;0
1;40;0;0;0;0;0;0
2;0;0;0;0;0;0;0
2;0,1;-1,80449;-0,0000000006807;0,00048;0,000001394;0,003181;0,000000002937
2;0,2;-1,91548;-0,0000000005625;0,00106;0,0000003169;0,007056;0,000000001795
2;0,3;-9,70266;0,0000000001729;-0,00007334;-0,00000004642;-0,0004893;0,0000000001964
2;0,4;4,55169;0,0000000002646;-0,00157;-0,000001534;-0,01;-0,000000002132
2;0,5;-7,40644;-0,0000000005806;-0,0006;-0,0000009467;-0,004029;0,000000003239
2;0,6;-7,53595;0,0000000007734;0,00049;0,00000005846;0,003265;-0,000000003611
2;0,7;12,01911;-0,0000000008309;0,00028;0,0000006462;0,00187;0,000000003091
2;0,8;6,18124;0,0000000007226;0,00061;0,000001534;0,004112;-0,000000001623
2;0,9;-2,88408;-0,0000000005492;0,00079;0,0000004225;0,005243;0,0000000000655
2;1;0,54243;0,0000000003325;-0,00041;-0,0000008715;-0,00277;0,000000001383
2;1,1;-4,06489;-0,00000000007365;-0,00111;-0,0000006425;-0,007437;-0,000000002607
2;1,2;-6,34885;-0,0000000001359;-0,00037;-0,0000009108;-0,002449;0,000000003084
2;1,3;0,32613;0,0000000002863;0,00021;-0,0000002963;0,001423;-0,000000003018
2;1,4;5,13229;-0,0000000003033;0,00034;0,000001251;0,002282;0,000000002507
2;1,5;5,40515;0,0000000001889;0,00066;0,0000009315;0,004427;-0,000000001772
2;1,6;0,43961;-0,0000000001737;0,0005;0,00000006911;0,003311;0,000000001751
2;1,7;-2,89817;0,000000000265;-0,00047;-0,0000002424;-0,003108;-0,000000002304
2;1,8;-2,50056;-0,0000000003965;-0,00082;-0,0000009485;-0,0055;0,000000003123
2;1,9;-4,49;0,0000000005801;-0,00029;-0,0000008214;-0,001909;-0,000000004334
2;2;-0,91627;-0,0000000006915;0,00013;0,0000002453;0,0008915;0,000000005219
2;2,1;6,29501;0,0000000006893;0,00035;0,0000007596;0,002346;-0,000000005338
2;2,2;3,53;-0,000000000692;0,00063;0,0000007562;0,004231;0,000000004986
2;2,3;-0,7492;0,0000000007165;0,00029;0,0000002735;0,001947;-0,00000000423
2;2,4;-0,54077;-0,0000000006879;-0,00046;-0,0000005119;-0,003065;0,000000003103
2;2,5;-3,7406;0,0000000005086;-0,00061;-0,000000767;-0,004106;-0,000000001325
2;2,6;-4,18806;-0,0000000001715;-0,00023;-0,0000005166;-0,001535;-0,000000001111
2;2,7;1,66464;-0,00000000009283;0,00007381;0,00000009446;0,0004928;0,000000002942
2;2,8;3,9809;0,0000000002024;0,00039;0,0000007595;0,002627;-0,000000003632
2;2,9;2,3697;-0,0000000002572;0,00054;0,0000006517;0,003591;0,000000003575
2;3;0,81902;0,0000000002239;0,00015;0,00000006908;0,0009744;-0,000000002716
2;3,1;-1,74291;-0,0000000001307;-0,0004;-0,0000003673;-0,002694;0,000000001467
2;3,2;-3,56615;0,00000000004819;-0,00047;-0,0000006831;-0,003143;-0,0000000003399
2;3,3;-2,28685;0,00000000006426;-0,00022;-0,0000004706;-0,001455;-0,0000000007942
2;3,4;1,0408;-0,0000000001567;0,00009179;0,0000002431;0,0006139;0,000000001632
2;3,5;3,33533;0,0000000001547;0,00038;0,0000006078;0,002545;-0,000000001698
2;3,6;2,34404;-0,0000000001151;0,00044;0,0000004852;0,002934;0,000000001181
2;3,7;0,1619;0,00000000007819;0,00005645;0,0000001124;0,0003773;-0,0000000004923
2;3,8;-1,51654;-0,00000000005133;-0,00034;-0,0000004035;-0,00227;-0,00000000009345
2;3,9;-3,02933;0,00000000001296;-0,00039;-0,0000006061;-0,0026;0,0000000006894
2;4;-1,94043;0,00000000007348;-0,00018;-0,0000002897;-0,001182;-0,000000001479
2;4,1;1,43802;-0,0000000001333;0,00009674;0,0000002;0,0006465;0,000000001986
2;4,2;2,66348;0,0000000001299;0,00037;0,0000005184;0,002438;-0,000000001973
2;4,3;1,7212;-0,000000000106;0,00034;0,0000004352;0,002273;0,000000001726
2;4,4;0,39158;0,00000000006003;0,00001069;0,00000002329;0,00007147;-0,000000001287
2;4,5;-1,69664;-0,00000000003344;-0,0003;-0,0000003678;-0,001972;0,000000000896
2;4,6;-2,72843;0,00000000004022;-0,00032;-0,0000004895;-0,002113;-0,0000000006853
2;4,7;-1,07236;-0,00000000003397;-0,00015;-0,0000002375;-0,001029;0,0000000004246
2;4,8;1,18417;0,00000000004549;0,00012;0,0000002169;0,0008089;-0,0000000002038
2;4,9;2,13772;-0,0000000001041;0,00032;0,0000004521;0,002147;0,0000000001652
2;5;1,65819;0,0000000002153;0,00027;0,0000003327;0,00179;-0,000000000443
2;5,1;0,05704;-0,000000000381;-0,00002357;0,000000005627;-0,0001571;0,000000001104
2;5,2;-1,66398;0,0000000005137;-0,00025;-0,0000003393;-0,001647;-0,000000001687
2;5,3;-2,12972;-0,0000000005683;-0,00028;-0,0000004225;-0,001839;0,000000001987
2;5,4;-0,81284;0,0000000005814;-0,00011;-0,0000001525;-0,0007434;-0,0000000022
2;5,5;1,10302;-0,0000000005138;0,00012;0,0000002029;0,0008187;0,000000002127
2;5,6;1,88071;0,0000000003588;0,00029;0,0000003797;0,001915;-0,000000001731
2;5,7;1,29343;-0,0000000001808;0,0002;0,0000002807;0,001336;0,00000000123
2;5,8;-0,05755;-0,000000000005677;-0,00003224;-0,0000000309;-0,0002152;-0,0000000005908
2;5,9;-1,52524;0,0000000001594;-0,00022;-0,0000003117;-0,00148;-0,00000000001232
2;6;-1,79814;-0,0000000002539;-0,00023;-0,0000003388;-0,001506;0,0000000004637
2;6,1;-0,48426;0,000000000335;-0,00008722;-0,0000001103;-0,0005824;-0,0000000009692
2;6,2;0,99775;-0,000000000371;0,00013;0,0000001914;0,0008826;0,000000001381
2;6,3;1,56818;0,0000000003512;0,00024;0,0000003318;0,001597;-0,000000001613
2;6,4;1,10427;-0,0000000003384;0,00016;0,0000002173;0,001064;0,000000001823
2;6,5;-0,20698;0,0000000003051;-0,00004828;-0,00000005052;-0,0003223;-0,000000001821
2;6,6;-1,40825;-0,0000000002334;-0,00019;-0,0000002745;-0,001252;0,000000001533
2;6,7;-1,41059;0,0000000001477;-0,0002;-0,0000002828;-0,001311;-0,000000001048
2;6,8;-0,32039;-0,00000000004219;-0,00005218;-0,00000006917;-0,0003484;0,0000000003937
2;6,9;0,89307;-0,00000000003927;0,00012;0,0000001803;0,0008131;0,00000000009459
2;7;1,38119;0,00000000007464;0,00021;0,0000002801;0,001393;-0,0000000003122
2;7,1;0,85686;-0,0000000001046;0,00012;0,0000001721;0,0007716;0,000000000505
2;7,2;-0,30165;0,0000000001085;-0,0000463;-0,00000006395;-0,0003092;-0,0000000005235
2;7,3;-1,22594;-0,00000000007705;-0,00017;-0,0000002451;-0,001148;0,0000000003243
2;7,4;-1,1528;0,00000000003554;-0,00016;-0,0000002277;-0,001044;-0,00000000008291
2;7,5;-0,18229;0,00000000002934;-0,00003682;-0,00000004113;-0,0002458;-0,0000000002286
2;7,6;0,82711;-0,00000000007491;0,00012;0,0000001654;0,0008122;0,0000000003827
2;7,7;1,16938;0,00000000007169;0,00017;0,0000002401;0,001128;-0,0000000002445
2;7,8;0,66826;-0,00000000005158;0,0000938;0,0000001313;0,0006264;-0,00000000001584
2;7,9;-0,35013;0,0000000000007481;-0,00005617;-0,00000007299;-0,0003751;0,0000000004092
2;8;-1,08168;0,00000000006193;-0,00014;-0,0000002127;-0,000964;-0,0000000007501
2;8,1;-0,91828;-0,00000000009059;-0,00013;-0,0000001857;-0,0008989;0,000000000805
2;8,2;-0,08209;0,00000000009935;-0,00001249;-0,0000000192;-0,00008341;-0,0000000007219
2;8,3;0,74677;-0,0000000001059;0,00011;0,0000001526;0,0007053;0,0000000005962
2;8,4;1,00303;0,0000000001157;0,00015;0,0000002021;0,0009855;-0,0000000004775
2;8,5;0,50061;-0,0000000001291;0,00006429;0,0000000985;0,0004294;0,000000000443
2;8,6;-0,38018;0,0000000001195;-0,00005034;-0,00000007563;-0,0003362;-0,0000000003523
2;8,7;-0,92926;-0,00000000008163;-0,00013;-0,0000001859;-0,0008862;0,0000000001546
2;8,8;-0,73848;0,00000000003952;-0,0001;-0,0000001489;-0,0006864;0,00000000004601
2;8,9;-0,00998;0,000000000001796;-0,000006373;-0,000000002742;-0,00004251;-0,0000000002444
2;9;0,68387;-0,00000000002453;0,0001;0,0000001382;0,0006834;0,0000000003537
2;9,1;0,84298;0,00000000001761;0,00012;0,0000001698;0,00078;-0,000000000345
2;9,2;0,36427;-0,00000000001132;0,00005307;0,00000007228;0,0003544;0,0000000003658
2;9,3;-0,3806;0,000000000008019;-0,0000568;-0,00000007659;-0,0003793;-0,0000000003631
2;9,4;-0,80201;-0,000000000002037;-0,00011;-0,0000001599;-0,0007278;0,0000000002645
2;9,5;-0,58861;0,000000000004487;-0,00008825;-0,0000001192;-0,0005893;-0,0000000001664
2;9,6;0,04803;-0,000000000001341;0,000009547;0,000000009215;0,00006372;0,00000000007534
2;9,7;0,6149;-0,00000000001198;0,00008554;0,0000001246;0,0005713;0,00000000001515
2;9,8;0,70549;0,00000000002527;0,0001;0,0000001416;0,0006881;-0,00000000006199
2;9,9;0,25706;-0,0000000000376;0,00003207;0,00000005075;0,0002142;0,00000000005241
2;10;-0,37295;0,00000000003611;-0,00004868;-0,00000007407;-0,0003251;0,00000000003723
2;10,1;-0,68533;-0,00000000001688;-0,0001;-0,0000001377;-0,0006688;-0,0000000001911
2;10,2;-0,46562;-0,000000000006968;-0,00006384;-0,0000000941;-0,0004263;0,0000000003601
2;10,3;0,08716;0,00000000003469;0,000009328;0,00000001766;0,00006233;-0,0000000005269
2;10,4;0,55181;-0,00000000005049;0,00008229;0,0000001113;0,0005495;0,0000000005969
2;10,5;0,58434;0,00000000003773;0,00007917;0,000000117;0,0005287;-0,0000000004917
2;10,6;0,17138;-0,00000000001352;0,00002723;0,00000003444;0,0001818;0,0000000002839
2;10,7;-0,35357;-0,00000000001449;-0,00005281;-0,00000007089;-0,0003526;-0,00000000001808
2;10,8;-0,58457;0,0000000000423;-0,00007976;-0,0000001173;-0,0005326;-0,0000000002496
2;10,9;-0,36505;-0,00000000005289;-0,00005555;-0,00000007373;-0,0003709;0,0000000004067
2;11;0,11593;0,00000000005104;0,00001991;0,00000002349;0,000133;-0,0000000004691
2;11,1;0,48946;-0,00000000004626;0,00006662;0,00000009847;0,0004449;0,0000000004595
2;11,2;0,47997;0,00000000004227;0,0000709;0,00000009634;0,0004734;-0,0000000004043
2;11,3;0,10659;-0,00000000004652;0,00001187;0,0000000212;0,00007931;0,0000000003922
2;11,4;-0,3308;0,00000000004609;-0,00004337;-0,00000006608;-0,0002896;-0,0000000003469
2;11,5;-0,49609;-0,0000000000347;-0,00007374;-0,00000009988;-0,0004924;0,0000000002107
2;11,6;-0,28164;0,00000000002637;-0,0000371;-0,00000005668;-0,0002478;-0,00000000007209
2;11,7;0,13308;-0,00000000001888;0,00001604;0,00000002685;0,0001072;-0,00000000004957
2;11,8;0,43115;0,00000000001041;0,0000644;0,00000008677;0,00043;0,0000000001367
2;11,9;0,3914;-0,000000000009648;0,00005214;0,00000007836;0,0003482;-0,0000000001337
2;12;0,05657;0,0000000000135;0,00001125;0,00000001156;0,00007508;0,00000000005333
2;12,1;-0,3047;-0,00000000001664;-0,00004617;-0,00000006123;-0,0003083;0,00000000005424
2;12,2;-0,41893;0,00000000001211;-0,00005654;-0,00000008419;-0,0003776;-0,0000000001168
2;12,3;-0,21395;0,000000000006647;-0,00003352;-0,00000004312;-0,0002238;0,00000000008597
2;12,4;0,14257;-0,00000000002855;0,0000235;0,00000002885;0,0001569;-0,00000000001342
2;12,5;0,37678;0,00000000004432;0,00005037;0,00000007557;0,0003364;-0,00000000004002
2;12,6;0,31633;-0,00000000005269;0,00004783;0,00000006361;0,0003194;0,00000000006172
2;12,7;0,01957;0,00000000004985;-0,0000001857;0,00000000386;-0,000001206;-0,00000000006126
2;12,8;-0,27778;-0,00000000003799;-0,0000363;-0,00000005566;-0,0002425;0,00000000004365
2;12,9;-0,35202;0,00000000001986;-0,00005313;-0,00000007091;-0,0003548;0,000000000009358
2;13;-0,15868;0,000000000003494;-0,00001948;-0,00000003178;-0,0001301;-0,00000000008878
2;13,1;0,14536;-0,00000000002153;0,00001771;0,00000002917;0,0001183;0,0000000001375
2;13,2;0,32695;0,00000000002957;0,00004937;0,00000006578;0,0003296;-0,0000000001477
2;13,3;0,25367;-0,00000000003487;0,00003293;0,00000005082;0,0002199;0,0000000001498
2;13,4;-0,00775;0,00000000003724;0,000001995;-0,000000001394;0,00001329;-0,0000000001331
2;13,5;-0,25079;-0,00000000003636;-0,00003859;-0,0000000505;-0,0002577;0,0000000001072
2;13,6;-0,29396;0,00000000003336;-0,00003881;-0,00000005902;-0,0002592;-0,00000000007869
2;13,7;-0,11442;-0,00000000002417;-0,00001919;-0,00000002307;-0,0001281;0,00000000002628
2;13,8;0,14345;0,00000000001234;0,00002338;0,00000002896;0,0001561;0,00000000002514
2;13,9;0,28192;0,00000000000117;0,00003699;0,00000005651;0,0002471;-0,00000000007055
2;14;0,20139;-0,00000000001769;0,00003154;0,00000004057;0,0002106;0,0000000001275
2;14,1;-0,02713;0,00000000002735;-0,000006751;-0,00000000553;-0,00004505;-0,0000000001602
2;14,2;-0,2245;-0,00000000002948;-0,00002894;-0,00000004502;-0,0001933;0,0000000001602
2;14,3;-0,24404;0,00000000002759;-0,00003761;-0,00000004916;-0,0002511;-0,0000000001357
2;14,4;-0,07916;-0,00000000001693;-0,000008272;-0,00000001578;-0,00005528;0,00000000006835
2;14,5;0,13808;0,000000000001977;0,00001669;0,00000002765;0,0001115;0,00000000001825
2;14,6;0,24156;0,000000000009036;0,00003717;0,00000004863;0,0002482;-0,0000000000917
2;14,7;0,15823;-0,00000000001471;0,00001956;0,00000003169;0,0001306;0,0000000001526
2;14,8;-0,04041;0,00000000001536;-0,000002809;-0,000000007994;-0,00001879;-0,0000000002005
2;14,9;-0,19942;-0,00000000001702;-0,00003122;-0,00000004019;-0,0002084;0,0000000002478
2;15;-0,20121;0,00000000002505;-0,00002569;-0,00000004033;-0,0001716;-0,0000000002972
2;15,1;-0,05151;-0,00000000003294;-0,00001016;-0,00000001045;-0,00006783;0,0000000003086
2;15,2;0,13037;0,00000000003672;0,00002137;0,00000002631;0,0001427;-0,0000000002733
2;15,3;0,20581;-0,00000000003668;0,00002633;0,00000004123;0,0001759;0,000000000203
2;15,4;0,12271;0,00000000002997;0,00002028;0,00000002477;0,0001354;-0,0000000001028
2;15,5;-0,04891;-0,00000000002095;-0,000009778;-0,000000009926;-0,00006527;0,00000000001806
2;15,6;-0,17584;0,0000000000145;-0,00002214;-0,00000003524;-0,0001479;0,00000000002094
2;15,7;-0,16474;-0,00000000001175;-0,00002622;-0,00000003321;-0,000175;-0,00000000001884
2;15,8;-0,03009;0,00000000001542;-0,000001432;-0,000000005933;-0,000009595;-0,00000000001918
2;15,9;0,1212;-0,0000000000196;0,00001438;0,00000002424;0,00009605;0,00000000005702
2;16;0,17431;0,0000000000183;0,00002754;0,00000003513;0,0001839;-0,00000000006451
2;16,1;0,09371;-0,00000000001413;0,00001051;0,00000001873;0,00007021;0,00000000004975
2;16,2;-0,05371;0,000000000007743;-0,000004827;-0,00000001069;-0,00003226;-0,00000000002023
2;16,3;-0,154;-0,000000000003872;-0,00002466;-0,00000003106;-0,0001646;0,00000000001275
2;16,4;-0,13385;0,000000000007149;-0,00001621;-0,00000002679;-0,0001083;-0,00000000005325
2;16,5;-0,0138;-0,0000000000125;-0,000004727;-0,000000002877;-0,00003153;0,0000000001051
2;16,6;0,11123;0,00000000001759;0,00001855;0,00000002246;0,0001238;-0,0000000001516
2;16,7;0,14679;-0,0000000000214;0,00001807;0,00000002939;0,0001207;0,0000000001893
2;16,8;0,0702;0,00000000002046;0,00001272;0,00000001422;0,00008494;-0,0000000001984
2;16,9;-0,05573;-0,0000000000167;-0,00001066;-0,00000001131;-0,00007114;0,0000000001825
2;17;-0,13399;0,000000000009888;-0,00001629;-0,00000002682;-0,0001088;-0,0000000001326
2;17,1;-0,10785;0,000000000000657;-0,00001804;-0,00000002178;-0,0001204;0,00000000004403
2;17,2;-0,00166;-0,00000000000847;0,000002491;-0,0000000002264;0,0000166;0,00000000003935
2;17,3;0,10098;0,00000000001121;0,00001161;0,00000002018;0,00007757;-0,00000000009256
2;17,4;0,12289;-0,00000000001017;0,00002015;0,0000000248;0,0001346;0,0000000001132
2;17,5;0,05129;0,000000000004406;0,00000458;0,00000001021;0,00003062;-0,00000000008962
2;17,6;-0,05566;0,000000000003565;-0,000005206;-0,00000001108;-0,0000348;0,00000000003573
2;17,7;-0,11586;-0,00000000001074;-0,00001914;-0,00000002339;-0,0001278;0,00000000002599
2;17,8;-0,08611;0,00000000001614;-0,000009536;-0,0000000172;-0,00006371;-0,00000000008409
2;17,9;0,00716;-0,00000000001793;-0,00000166;0,000000001332;-0,00001106;0,0000000001237
2;18;0,0908;0,00000000001761;0,00001555;0,00000001835;0,0001038;-0,0000000001437
2;18,1;0,10226;-0,00000000001753;0,00001185;0,00000002044;0,00007919;0,0000000001496
2;18,2;0,03622;0,00000000001552;0,000007797;0,000000007385;0,00005204;-0,0000000001346
2;18,3;-0,05409;-0,00000000001175;-0,00001033;-0,00000001098;-0,00006894;0,0000000001029
2;18,4;-0,09958;0,000000000008216;-0,00001149;-0,0000000199;-0,00007679;-0,00000000006549
2;18,5;-0,06803;-0,000000000004003;-0,00001229;-0,00000001378;-0,00008204;0,00000000002458
2;18,6;0,01332;-0,0000000000003307;0,000004518;0,000000002783;0,00003014;0,00000000001202
2;18,7;0,08095;0,000000000003977;0,000008868;0,00000001616;0,00005925;-0,0000000000423
2;18,8;0,08455;-0,00000000000667;0,00001462;0,0000000171;0,00009758;0,00000000006662
2;18,9;0,02433;0,00000000000633;0,000000847;0,000000004785;0,000005686;-0,0000000000739
2;19;-0,05147;-0,000000000003665;-0,000004707;-0,00000001024;-0,00003146;0,00000000006407
2;19,1;-0,08509;-0,000000000000334;-0,00001467;-0,0000000172;-0,00009794;-0,00000000003818
2;19,2;-0,05311;0,000000000006255;-0,000004951;-0,00000001057;-0,00003309;-0,000000000002601
2;19,3;0,01741;-0,00000000001103;-0,0000001097;0,000000003395;-0,000000703;0,00000000003703
2;19,4;0,07162;0,00000000001404;0,00001274;0,00000001449;0,00008504;-0,00000000006039
2;19,5;0,06944;-0,00000000001744;0,00000729;0,00000001385;0,00004871;0,0000000000817
2;19,6;0,01508;0,00000000001901;0,0000047;0,000000003132;0,00003136;-0,00000000009021
2;19,7;-0,04817;-0,00000000001708;-0,000009391;-0,000000009781;-0,00006269;0,00000000007927
2;19,8;-0,07228;0,00000000001236;-0,000007712;-0,00000001442;-0,00005153;-0,00000000005058
2;19,9;-0,04087;-0,000000000005803;-0,000008342;-0,000000008314;-0,00005568;0,000000000009582
2;20;0,01989;-0,00000000000006516;0,000005356;0,000000004097;0,00003574;0,00000000002657
2;20,1;0,06291;0,000000000004496;0,000006402;0,00000001254;0,00004278;-0,00000000005326
2;20,2;0,05661;-0,000000000008119;0,00001056;0,00000001148;0,00007047;0,00000000007065
2;20,3;0,00798;0,000000000009368;-0,000001382;0,000000001502;-0,000009202;-0,00000000006724
2;20,4;-0,04446;-0,000000000008625;-0,000003803;-0,000000008833;-0,00002542;0,00000000004784
2;20,5;-0,06105;0,00000000000772;-0,00001117;-0,00000001237;-0,00007454;-0,00000000002659
2;20,6;-0,03091;-0,000000000006413;-0,000001892;-0,000000006109;-0,00001267;0,000000000006571
2;20,7;0,02113;0,000000000005047;0,0000005103;0,000000004144;0,000003436;0,000000000009702
2;20,8;0,0549;-0,000000000002401;0,00001027;0,00000001113;0,00006858;-0,00000000003122
2;20,9;0,0458;-0,000000000003259;0,000004025;0,000000009101;0,00002691;0,0000000000693
2;21;0,00263;0,000000000008851;0,000002842;0,0000000006303;0,00001895;-0,0000000001052
2;21,1;-0,04056;-0,0000000000117;-0,00000822;-0,000000008252;-0,00005487;0,0000000001181
2;21,2;-0,05125;0,00000000001139;-0,000004818;-0,0000000102;-0,0000322;-0,0000000001039
2;21,3;-0,02287;-0,000000000007667;-0,000005696;-0,000000004696;-0,00003801;0,00000000006733
2;21,4;0,02145;0,000000000003013;0,000005488;0,00000000441;0,00003662;-0,0000000000256
2;21,5;0,0476;0,000000000001127;0,000004319;0,000000009465;0,00002887;-0,00000000001216
2;21,6;0,03673;-0,000000000005081;0,000007644;0,00000000748;0,00005102;0,00000000004505
2;21,7;-0,00131;0,000000000006966;-0,000002611;-0,0000000003622;-0,00001741;-0,00000000006225
2;21,8;-0,03663;-0,000000000006445;-0,000002781;-0,000000007262;-0,0000186;0,00000000006039
2;21,9;-0,04277;0,000000000004272;-0,000008483;-0,000000008694;-0,00005663;-0,00000000004176
2;22;-0,01643;-0,0000000000006644;0,0000000747;-0,000000003202;0,0000004716;0,00000000001075
2;22,1;0,02109;-0,000000000002242;0,0000005933;0,000000004138;0,000003989;0,00000000001705
2;22,2;0,04102;0,000000000003256;0,000008217;0,000000008343;0,00005485;-0,00000000003383
2;22,3;0,02917;-0,000000000002955;0,000001752;0,000000005761;0,00001173;0,00000000004084
2;22,4;-0,00412;0,00000000000126;0,000001797;-0,000000000727;0,00001198;-0,00000000003658
2;22,5;-0,03279;0,000000000001559;-0,000007029;-0,000000006689;-0,00004692;0,00000000002267
2;22,6;-0,03547;-0,00000000000474;-0,000002665;-0,000000007028;-0,00001783;-0,00000000000184
2;22,7;-0,01132;0,000000000007646;-0,000003971;-0,000000002376;-0,00002649;-0,00000000002185
2;22,8;0,02025;-0,000000000009037;0,000005232;0,000000004169;0,00003491;0,00000000003835
2;22,9;0,03515;0,000000000008608;0,000002638;0,000000006963;0,00001764;-0,00000000004409
2;23;0,0229;-0,000000000007034;0,000005596;0,000000004701;0,00003734;0,00000000004199
2;23,1;-0,00603;0,000000000004194;-0,000003195;-0,000000001311;-0,00002131;-0,00000000003119
2;23,2;-0,02911;-0,000000000001288;-0,000001799;-0,000000005751;-0,00001204;0,00000000001769
2;23,3;-0,02922;-0,000000000000352;-0,000006475;-0,000000005971;-0,00004321;-0,000000000008744
2;23,4;-0,00733;0,000000000001741;0,000001281;-0,000000001374;0,000008528;0,0000000000004267
2;23,5;0,01909;-0,000000000002688;0,000000395;0,000000003738;0,000002664;0,000000000006512
2;23,6;0,02994;0,000000000002291;0,000006559;0,000000006114;0,00004377;-0,000000000007586
2;23,7;0,01775;-0,000000000001431;0,0000002163;0,000000003468;0,00000147;0,000000000006089
2;23,8;-0,00725;0,0000000000005946;0,000001268;-0,000000001358;0,000008442;-0,000000000004252
2;23,9;-0,02566;0,0000000000001674;-0,000005933;-0,000000005254;-0,00003959;0,000000000002371
2;24;-0,02391;-0,0000000000006041;-0,000001108;-0,000000004706;-0,000007428;-0,0000000000006043
2;24,1;-0,00424;0,0000000000009236;-0,000002881;-0,0000000009503;-0,00001921;-0,000000000002377
2;24,2;0,01773;-0,0000000000006161;0,00000479;0,000000003661;0,00003196;0,000000000002995
2;24,3;0,02535;-0,0000000000006462;0,000001331;0,000000004996;0,000008913;0,000000000001283
2;24,4;0,01354;0,000000000002035;0,000004184;0,000000002819;0,00002791;-0,000000000006908
2;24,5;-0,00793;-0,000000000003303;-0,000003382;-0,000000001692;-0,00002256;0,00000000001245
2;24,6;-0,02246;0,000000000004393;-0,0000009373;-0,000000004415;-0,000006285;-0,00000000001788
2;24,7;-0,01941;-0,00000000000494;-0,000005;-0,000000003999;-0,00003337;0,00000000002127
2;24,8;-0,00189;0,000000000004958;0,00000197;-0,0000000002827;0,00001313;-0,00000000002123
2;24,9;0,01626;-0,000000000004611;0,00000007504;0,00000000317;0,0000005264;0,0000000000192
2;25;0,02135;0,000000000004362;0,000005257;0,000000004386;0,00003508;-0,00000000001934
2;25,1;0,01013;-0,000000000004502;-0,000000784;0,000000001938;-0,000005211;0,00000000002279
2;25,2;-0,00821;0,000000000004224;0,000001051;-0,000000001552;0,000006993;-0,000000000024
2;25,3;-0,01953;-0,000000000003137;-0,000004982;-0,000000004021;-0,00003325;0,00000000002023
2;25,4;-0,01563;0,000000000001783;-0,00000001467;-0,000000003045;-0,0000001229;-0,00000000001359
2;25,5;-0,00014;-0,0000000000003175;-0,000002219;-0,0000000001255;-0,00001479;0,00000000000508
2;25,6;0,01475;-0,0000000000009928;0,000004287;0,000000003061;0,0000286;0,000000000002899
2;25,7;0,01786;0,000000000001976;0,0000003482;0,000000003493;0,00000235;-0,000000000008926
2;25,8;0,00738;-0,000000000002836;0,00000323;0,00000000158;0,00002154;0,00000000001356
2;25,9;-0,00818;0,00000000000304;-0,000003337;-0,00000000174;-0,00002226;-0,00000000001449
2;26;-0,01688;-0,000000000002222;-0,0000002252;-0,000000003295;-0,000001528;0,00000000001007
2;26,1;-0,01247;0,0000000000008443;-0,000003936;-0,000000002603;-0,00002626;-0,000000000001844
2;26,2;0,00112;0,0000000000006487;0,000002319;0,0000000003218;0,00001546;-0,000000000007094
2;26,3;0,01326;-0,000000000001804;-0,0000002721;0,000000002568;-0,000001793;0,0000000000133
2;26,4;0,01486;0,00000000000224;0,000004257;0,000000003082;0,00002841;-0,00000000001564
2;26,5;0,0052;-0,000000000002039;-0,000001405;0,000000000949;-0,000009357;0,00000000001517
2;26,6;-0,00794;0,000000000001253;0,000001011;-0,000000001499;0,000006726;-0,00000000001104
2;26,7;-0,0145;-0,00000000000007003;-0,00000419;-0,00000000301;-0,00002796;0,000000000003996
2;26,8;-0,00985;-0,000000000001139;0,0000007285;-0,000000001883;0,000004841;0,000000000003213
2;26,9;0,00201;0,000000000002304;-0,000001836;0,0000000003077;-0,00001224;-0,00000000001014
2;27;0,01181;-0,000000000002904;0,000003792;0,00000000247;0,0000253;0,00000000001396
2;27,1;0,01228;0,000000000002518;-0,000000367;0,000000002372;-0,000002427;-0,00000000001236
2;27,2;0,00348;-0,000000000001603;0,000002598;0,0000000007944;0,00001733;0,000000000007822
2;27,3;-0,00754;0,0000000000003641;-0,00000317;-0,000000001611;-0,00002114;-0,000000000001562
2;27,4;-0,01239;0,000000000001098;0,0000003359;-0,000000002394;0,00000222;-0,000000000005652
2;27,5;-0,00768;-0,000000000002351;-0,000003179;-0,000000001639;-0,0000212;0,00000000001167
2;27,6;0,00259;0,000000000003277;0,000002451;0,0000000006155;0,00001634;-0,00000000001602
2;27,7;0,01045;-0,000000000003678;-0,0000005948;0,000000002005;-0,000003949;0,00000000001731
2;27,8;0,01008;0,000000000003304;0,000003503;0,00000000212;0,00002337;-0,0000000000146
2;27,9;0,00214;-0,000000000002444;-0,000001763;0,0000000003357;-0,00001175;0,00000000001009
2;28;-0,00705;0,000000000001297;0,000001061;-0,000000001323;0,000007061;-0,000000000004664
2;28,1;-0,01052;-0,00000000000004036;-0,000003549;-0,000000002208;-0,00002368;-0,00000000000132
2;28,2;-0,00591;-0,0000000000009825;0,000001213;-0,000000001093;0,000008077;0,000000000006609
2;28,3;0,00294;0,000000000001713;-0,000001628;0,0000000004971;-0,00001085;-0,00000000001068
2;28,4;0,00917;-0,000000000001903;0,000003343;0,000000001937;0,0000223;0,00000000001179
2;28,5;0,00822;0,000000000001322;-0,0000008695;0,000000001557;-0,000005783;-0,000000000008706
2;28,6;0,00111;-0,0000000000004364;0,000002188;0,0000000003177;0,00001459;0,000000000003615
2;28,7;-0,0065;-0,0000000000003542;-0,000002948;-0,000000001401;-0,00001966;0,000000000001314
2;28,8;-0,00888;0,000000000000974;0,0000007597;-0,00000000169;0,00000505;-0,000000000005412
2;28,9;-0,00446;-0,000000000001234;-0,000002648;-0,0000000009899;-0,00001766;0,000000000007537
2;29;0,00312;0,000000000001128;0,000002452;0,0000000007194;0,00001635;-0,000000000007186
2;29,1;0,008;-0,0000000000007061;-0,0000008686;0,000000001515;-0,000005778;0,000000000004045
2;29,2;0,00664;0,00000000000003334;0,000002942;0,000000001428;0,00001962;0,0000000000009497
2;29,3;0,00034;0,0000000000005138;-0,000001946;-0,00000000002435;-0,00001297;-0,000000000004693
2;29,4;-0,00593;-0,0000000000008089;0,000001148;-0,000000001098;0,000007641;0,000000000006516
2;29,5;-0,00745;0,0000000000009081;-0,000003042;-0,00000000159;-0,00002029;-0,000000000007233
2;29,6;-0,00329;-0,000000000000816;0,000001511;-0,0000000005691;0,00001007;0,000000000007128
2;29,7;0,00315;0,0000000000006356;-0,000001526;0,0000000005411;-0,00001017;-0,000000000006474
2;29,8;0,00694;-0,0000000000004046;0,000002953;0,000000001486;0,0000197;0,000000000004975
2;29,9;0,00532;0,0000000000001036;-0,000001208;0,000000000977;-0,000008046;-0,000000000002439
2;30;-0,00022;0,0000000000001925;0,000001927;0,00000000004747;0,00001284;-0,0000000000003959
2;30,1;-0,00535;-0,0000000000004325;-0,000002713;-0,000000001168;-0,0000181;0,000000000002565
2;30,2;-0,00622;0,0000000000005608;0,000001066;-0,000000001157;0,000007099;-0,000000000003396
2;30,3;-0,00236;-0,0000000000004433;-0,000002279;-0,0000000005668;-0,0000152;0,000000000002537
2;30,4;0,0031;0,0000000000001623;0,000002378;0,0000000007144;0,00001586;-0,0000000000006883
2;30,5;0,00597;0,0000000000001308;-0,000001086;0,000000001109;-0,000007228;-0,000000000001377
2;30,6;0,00422;-0,0000000000004086;0,000002528;0,0000000009408;0,00001686;0,000000000003349
2;30,7;-0,00063;0,0000000000005852;-0,000002013;-0,0000000002181;-0,00001342;-0,000000000004576
2;30,8;-0,00479;-0,000000000000619;0,000001239;-0,0000000008701;0,000008255;0,000000000004639
2;30,9;-0,00515;0,0000000000005008;-0,000002645;-0,000000001127;-0,00001764;-0,000000000003512
2;31;-0,00162;-0,0000000000002415;0,000001679;-0,0000000002344;0,00001119;0,000000000001729
2;31,1;0,00297;0,000000000000026;-0,000001483;0,0000000005052;-0,00000988;-0,0000000000003554
2;31,2;0,00512;0,00000000000009147;0,000002626;0,00000000112;0,00001751;-0,0000000000004341
2;31,3;0,00331;-0,0000000000002279;-0,000001424;0,0000000005747;-0,000009488;0,000000000001179
2;31,4;-0,0009;0,0000000000002614;0,000001762;-0,00000000009002;0,00001174;-0,00000000000144
2;31,5;-0,00425;-0,0000000000001505;-0,000002488;-0,0000000009448;-0,00001659;0,000000000001103
2;31,6;-0,00424;0,00000000000003523;0,000001278;-0,0000000007616;0,000008511;-0,0000000000008091
2;31,7;-0,00104;0,0000000000001065;-0,000002023;-0,0000000003009;-0,00001349;0,000000000000499
2;31,8;0,0028;-0,0000000000002584;0,000002267;0,0000000006529;0,00001512;-0,0000000000001216
2;31,9;0,00436;0,0000000000003146;-0,000001247;0,0000000007846;-0,000008307;-0,00000000000002143
2;32;0,00257;-0,0000000000002982;0,000002225;0,0000000006065;0,00001484;0,00000000000004692
2;32,1;-0,00108;0,0000000000002335;-0,000002009;-0,0000000003069;-0,00001339;-0,00000000000007666
2;32,2;-0,00374;-0,0000000000001568;0,00000132;-0,0000000006613;0,000008795;0,0000000000003503
2;32,3;-0,00347;0,0000000000001277;-0,000002339;-0,0000000007878;-0,0000156;-0,0000000000009992
2;32,4;-0,0006;-0,0000000000001112;0,000001757;-0,00000000002967;0,00001171;0,000000000001542
2;32,5;0,00259;0,0000000000001302;-0,000001469;0,000000000431;-0,000009789;-0,000000000001843
2;32,6;0,00369;-0,0000000000001845;0,000002356;0,0000000008314;0,00001571;0,000000000001893
2;32,7;0,00196;0,0000000000001447;-0,00000155;0,0000000003027;-0,00001033;-0,000000000001268
2;32,8;-0,00117;-0,00000000000003459;0,000001657;-0,0000000001452;0,00001104;0,0000000000001732
2;32,9;-0,00327;-0,00000000000007451;-0,000002283;-0,0000000007479;-0,00001523;0,0000000000009874
2;33;-0,00282;0,0000000000001378;0,000001414;-0,0000000004759;0,000009423;-0,000000000001927
2;33,1;-0,00026;-0,00000000000006097;-0,000001846;-0,0000000001419;-0,00001231;0,000000000002174
2;33,2;0,00238;-0,00000000000007804;0,000002142;0,0000000005676;0,00001428;-0,000000000002001
2;33,3;0,0031;0,0000000000002048;-0,000001359;0,000000000534;-0,000009058;0,000000000001563
2;33,4;0,00146;-0,0000000000003841;0,000002003;0,0000000003831;0,00001335;-0,0000000000004355
2;33,5;-0,00121;0,000000000000525;-0,000001962;-0,0000000003324;-0,00001308;-0,0000000000007578
2;33,6;-0,00285;-0,0000000000005529;0,000001382;-0,0000000004824;0,00000921;0,000000000001417
2;33,7;-0,00227;0,0000000000004924;-0,000002103;-0,0000000005448;-0,00001403;-0,000000000001542
2;33,8;-0,000006758;-0,0000000000003425;0,000001776;0,00000000008794;0,00001184;0,000000000001124
2;33,9;0,00216;0,0000000000001773;-0,000001467;0,0000000003439;-0,000009774;-0,000000000000432
2;34;0,0026;-0,00000000000006863;0,000002137;0,0000000006109;0,00001425;-0,0000000000003065
2;34,1;0,00106;0,000000000000002237;-0,000001613;0,0000000001245;-0,00001075;0,0000000000009999
2;34,2;-0,0012;0,000000000000009243;0,000001588;-0,0000000001525;0,00001059;-0,000000000001355
2;34,3;-0,00246;0,00000000000003985;-0,000002104;-0,000000000583;-0,00001403;0,000000000001293
2;34,4;-0,00181;-0,0000000000001176;0,000001494;-0,0000000002743;0,000009954;-0,0000000000009876
2;34,5;0,00018;0,0000000000002044;-0,000001721;-0,0000000000535;-0,00001147;0,0000000000005813
2;34,6;0,00194;-0,0000000000002507;0,000002016;0,0000000004777;0,00001344;-0,0000000000003476
2;34,7;0,00216;0,0000000000002128;-0,00000143;0,0000000003452;-0,000009532;0,0000000000005511
2;34,8;0,00075;-0,0000000000001526;0,000001838;0,0000000002385;0,00001226;-0,0000000000009031
2;34,9;-0,00116;0,00000000000007998;-0,000001893;-0,0000000003224;-0,00001262;0,000000000001256
2;35;-0,00211;0,00000000000002555;0,000001424;-0,0000000003359;0,000009488;-0,000000000001542
2;35,1;-0,00143;-0,0000000000001104;-0,000001921;-0,0000000003748;-0,00001281;0,000000000001479
2;35,2;0,0003;0,0000000000001522;0,000001758;0,0000000001489;0,00001172;-0,000000000001183
2;35,3;0,00172;-0,0000000000001596;-0,000001466;0,0000000002584;-0,000009768;0,000000000000867
2;35,4;0,00178;0,0000000000001548;0,000001959;0,0000000004464;0,00001306;-0,0000000000006411
2;35,5;0,0005;-0,0000000000001584;-0,000001631;0,00000000001196;-0,00001087;0,0000000000005876
2;35,6;-0,00111;0,0000000000001307;0,00000154;-0,0000000001342;0,00001027;-0,0000000000005115
2;35,7;-0,0018;-0,00000000000005671;-0,000001949;-0,00000000045;-0,000013;0,0000000000003908
2;35,8;-0,00111;-0,0000000000000414;0,000001531;-0,0000000001355;0,0000102;-0,0000000000003056
2;35,9;0,00039;0,0000000000001527;-0,00000163;-0,00000000001019;-0,00001086;0,0000000000001647
2;36;0,00152;-0,0000000000002367;0,000001896;0,0000000003939;0,00001265;-0,0000000000001415
2;36,1;0,00146;0,0000000000002569;-0,000001468;0,0000000002065;-0,000009785;0,0000000000004433
2;36,2;0,0003;-0,0000000000002531;0,000001715;0,0000000001485;0,00001143;-0,0000000000007597
2;36,3;-0,00103;0,000000000000233;-0,000001814;-0,0000000002948;-0,00001209;0,0000000000009389
2;36,4;-0,00153;-0,0000000000001903;0,000001446;-0,0000000002201;0,000009637;-0,00000000000096
2;36,5;-0,00085;0,0000000000001594;-0,00000178;-0,0000000002587;-0,00001187;0,0000000000007211
2;36,6;0,00044;-0,0000000000001265;0,000001716;0,0000000001746;0,00001144;-0,000000000000451
2;36,7;0,00134;0,00000000000006113;-0,000001461;0,0000000001817;-0,000009735;0,0000000000003898
2;36,8;0,00119;0,000000000000002246;0,000001815;0,0000000003265;0,0000121;-0,0000000000004236
2;36,9;0,00016;-0,00000000000003584;-0,00000162;-0,0000000000557;-0,0000108;0,0000000000004465
2;37;-0,00095;0,00000000000002952;0,000001503;-0,0000000001043;0,00001002;-0,0000000000003728
2;37,1;-0,00129;0,00000000000001799;-0,000001817;-0,0000000003463;-0,00001212;0,0000000000001507
2;37,2;-0,00064;-0,00000000000007979;0,000001538;-0,00000000004264;0,00001025;0,0000000000001473
2;37,3;0,00046;0,0000000000001395;-0,00000156;0,000000000005639;-0,0000104;-0,0000000000004293
2;37,4;0,00117;-0,0000000000001878;0,000001787;0,0000000003209;0,00001191;0,0000000000006151
2;37,5;0,00096;0,000000000000204;-0,00000148;0,000000000107;-0,000009868;-0,0000000000006381
2;37,6;0,00004402;-0,0000000000002026;0,000001619;0,00000000009526;0,0000108;0,0000000000006011
2;37,7;-0,00087;0,0000000000001728;-0,000001732;-0,0000000002605;-0,00001155;-0,0000000000004113
2;37,8;-0,00108;-0,000000000000114;0,000001451;-0,0000000001314;0,000009672;0,00000000000006088
2;37,9;-0,00047;0,0000000000000749;-0,000001668;-0,0000000001815;-0,00001112;0,0000000000001749
2;38;0,00046;-0,00000000000005979;0,000001662;0,0000000001793;0,00001108;-0,0000000000002595
2;38,1;0,00101;0,00000000000006215;-0,000001449;0,000000000117;-0,00000966;0,0000000000001841
2;38,2;0,00077;-0,00000000000009041;0,000001698;0,000000000241;0,00001132;0,0000000000001243
2;38,3;-0,00003762;0,0000000000001118;-0,00000159;-0,00000000009343;-0,0000106;-0,0000000000004333
2;38,4;-0,00078;-0,0000000000001263;0,00000147;-0,00000000007126;0,000009796;0,0000000000006702
2;38,5;-0,0009;0,0000000000001459;-0,000001705;-0,0000000002672;-0,00001137;-0,0000000000008769
2;38,6;-0,00034;-0,0000000000001498;0,000001524;0,00000000001745;0,00001016;0,0000000000009508
2;38,7;0,00045;0,0000000000001401;-0,000001504;0,000000000005769;-0,00001003;-0,0000000000009001
2;38,8;0,00087;-0,0000000000001153;0,000001688;0,0000000002603;0,00001125;0,0000000000007219
2;38,9;0,00061;0,0000000000000671;-0,000001474;0,00000000003751;-0,000009824;-0,0000000000003722
2;39;-0,00009556;-0,00000000000003765;0,000001543;0,00000000006614;0,00001029;0,00000000000007881
2;39,1;-0,0007;0,00000000000003675;-0,000001652;-0,0000000002257;-0,00001101;0,00000000000008665
2;39,2;-0,00075;-0,00000000000004438;0,000001442;-0,00000000006521;0,000009615;-0,000000000000214
2;39,3;-0,00023;0,00000000000006109;-0,000001578;-0,0000000001318;-0,00001052;0,0000000000003023
2;39,4;0,00044;-0,00000000000008467;0,000001603;0,0000000001725;0,00001068;-0,0000000000003151
2;39,5;0,00074;0,0000000000001165;-0,000001431;0,0000000000647;-0,00000954;0,0000000000002145
2;39,6;0,00048;-0,000000000000165;0,000001601;0,0000000001813;0,00001067;0,00000000000002705
2;39,7;-0,00013;0,0000000000002074;-0,000001548;-0,0000000001119;-0,00001032;-0,0000000000002903
2;39,8;-0,00062;-0,0000000000002341;0,000001437;-0,00000000003977;0,000009581;0,0000000000005176
2;39,9;-0,00062;0,0000000000002515;-0,000001609;-0,0000000002085;-0,00001073;-0,0000000000007064
2;40;-0,00015;-0,0000000000002513;0,000001496;0,00000000005475;0,000009976;0,000000000000789
3;0;0;0;0;0;0;0
3;0,1;12,49185;-0,0000000005751;0,00045;0,0000007595;0,002987;0,000000004505
3;0,2;2,84236;0,0000000000934;0,002;0,000001569;0,013;-0,00000000546
3;0,3;-0,41445;-0,0000000008011;-0,00013;0,0000004407;-0,0008643;0,000000009137
3;0,4;-13,7524;0,000000001581;-0,00258;-0,000002422;-0,017;-0,00000001263
3;0,5;-8,48521;-0,000000002128;-0,00086;-0,0000004174;-0,005761;0,00000001462
3;0,6;0,52482;0,000000002448;0,00096;0,000001093;0,006394;-0,00000001533
3;0,7;5,79315;-0,000000002529;0,00033;-0,0000002806;0,00217;0,0000000145
3;0,8;13,74579;0,000000002335;0,00067;0,0000005004;0,004497;-0,00000001212
3;0,9;3,79054;-0,000000002061;0,00142;0,00000125;0,009473;0,000000009721
3;1;-7,81322;0,000000001711;-0,00051;-0,0000006072;-0,003431;-0,000000007444
3;1,1;-5,7614;-0,000000001251;-0,002;-0,000001308;-0,013;0,000000005406
3;1,2;-8,16577;0,0000000008528;-0,0004;-0,0000001566;-0,002692;-0,000000004507
3;1,3;-2,65203;-0,0000000005545;0,00054;0,0000002819;0,003574;0,000000004305
3;1,4;11,21026;0,0000000005059;0,00023;0,0000001795;0,00152;-0,000000004707
3;1,5;8,35277;-0,0000000007203;0,00099;0,000000619;0,0066;0,000000005491
3;1,6;0,61982;0,0000000007647;0,00097;0,0000006559;0,006453;-0,000000005028
3;1,7;-2,17264;-0,000000000597;-0,00084;-0,0000004764;-0,005625;0,000000003523
3;1,8;-8,50465;0,000000000331;-0,00131;-0,000001003;-0,008709;-0,000000001492
3;1,9;-7,36039;0,00000000004807;-0,00027;-0,0000001383;-0,001817;-0,000000001297
3;2;2,19775;-0,0000000003075;0,00018;0,0000002301;0,001183;0,000000003481
3;2,1;6,80997;0,0000000003553;0,00043;0,000000139;0,002854;-0,000000004249
3;2,2;6,77799;-0,0000000004182;0,00099;0,0000006729;0,006624;0,000000004276
3;2,3;2,45329;0,000000000555;0,00049;0,0000004501;0,00324;-0,00000000372
3;2,4;-4,59066;-0,0000000006058;-0,00073;-0,0000006091;-0,004896;0,000000002444
3;2,5;-6,87423;0,0000000003508;-0,00095;-0,0000006353;-0,006347;0,0000000002809
3;2,6;-4,63234;0,0000000002298;-0,00027;-0,00000008872;-0,001821;-0,000000004483
3;2,7;0,84854;-0,0000000006835;0,00011;0,00000001431;0,000762;0,000000007623
3;2,8;6,80654;0,0000000008358;0,00051;0,0000003156;0,003405;-0,000000008597
3;2,9;5,84416;-0,000000000868;0,00084;0,0000006158;0,005609;0,000000008137
3;3;0,61822;0,0000000007257;0,00027;0,0000001508;0,001776;-0,000000006155
3;3,1;-3,29197;-0,0000000004773;-0,00067;-0,0000004549;-0,004493;0,000000003442
3;3,2;-6,12521;0,000000000261;-0,00069;-0,0000004563;-0,004636;-0,0000000009468
3;3,3;-4,21695;0,000000000003964;-0,00026;-0,0000001677;-0,001761;-0,000000001578
3;3,4;2,17748;-0,0000000002248;0,0000947;0,00000006343;0,0006319;0,000000003498
3;3,5;5,44942;0,0000000002552;0,00054;0,0000003455;0,003622;-0,000000003836
3;3,6;4,34893;-0,00000000021;0,0007;0,0000004708;0,004686;0,000000002995
3;3,7;1,00896;0,0000000001778;0,00007307;0,00000007415;0,0004877;-0,000000001835
3;3,8;-3,61921;-0,0000000001663;-0,00053;-0,0000003901;-0,003568;0,0000000008112
3;3,9;-5,43158;0,0000000001448;-0,00056;-0,0000003635;-0,003725;0,0000000002446
3;4;-2,59853;-0,00000000005927;-0,00025;-0,0000001412;-0,001666;-0,000000001528
3;4,1;1,79426;0,00000000003277;0,00012;0,00000005845;0,0008132;0,000000002201
3;4,2;4,64554;-0,0000000001189;0,00054;0,0000003506;0,003614;-0,000000001875
3;4,3;3,90337;0,0000000002274;0,00052;0,0000003791;0,003496;0,000000001153
3;4,4;0,20704;-0,0000000003513;0,00001212;-0,0000000121;0,0000807;-0,0000000002187
3;4,5;-3,29571;0,0000000004277;-0,00046;-0,0000003082;-0,003047;-0,0000000005402
3;4,6;-4,38985;-0,0000000004436;-0,00046;-0,0000002897;-0,003045;0,0000000009609
3;4,7;-2,12724;0,0000000004745;-0,00022;-0,0000001479;-0,001476;-0,000000001463
3;4,8;1,94276;-0,0000000004598;0,00016;0,00000009615;0,001086;0,000000001869
3;4,9;4,05422;0,0000000003381;0,00048;0,0000003297;0,003203;-0,00000000189
3;5;2,98131;-0,00000000008062;0,00042;0,0000002728;0,002769;0,000000001196
3;5,1;0,05131;-0,0000000003025;-0,00004832;-0,00000003066;-0,0003224;0,0000000003068
3;5,2;-3,04244;0,0000000006197;-0,00037;-0,0000002529;-0,002478;-0,000000001645
3;5,3;-3,78657;-0,0000000007896;-0,0004;-0,0000002564;-0,002648;0,000000002451
3;5,4;-1,36811;0,0000000008913;-0,00017;-0,0000001135;-0,001123;-0,000000003147
3;5,5;1,81943;-0,0000000008463;0,00017;0,0000001128;0,001151;0,000000003341
3;5,6;3,40276;0,0000000006365;0,00044;0,0000002861;0,002904;-0,000000002962
3;5,7;2,51769;-0,000000000382;0,0003;0,0000002092;0,001998;0,000000002444
3;5,8;-0,27829;0,0000000001048;-0,00005412;-0,00000004625;-0,0003612;-0,000000001685
3;5,9;-2,79296;0,0000000001264;-0,00033;-0,0000002162;-0,0022;0,000000000926
3;6;-3,03832;-0,0000000002633;-0,00033;-0,0000002161;-0,002197;-0,000000000357
3;6,1;-0,98726;0,0000000003844;-0,00013;-0,00000008856;-0,000892;-0,0000000003921
3;6,2;1,71457;-0,0000000004299;0,00019;0,000000122;0,001296;0,000000001034
3;6,3;2,97604;0,0000000003847;0,00036;0,0000002476;0,002394;-0,000000001402
3;6,4;1,94689;-0,0000000003675;0,00024;0,0000001535;0,001595;0,000000001801
3;6,5;-0,45188;0,0000000003255;-0,00007745;-0,00000005025;-0,0005168;-0,000000001881
3;6,6;-2,46138;-0,0000000002183;-0,00028;-0,0000001852;-0,001844;0,000000001488
3;6,7;-2,53376;0,00000000008506;-0,00029;-0,0000001876;-0,001932;-0,0000000007611
3;6,8;-0,62101;0,00000000008739;-0,00008014;-0,00000005905;-0,0005347;-0,0000000002793
3;6,9;1,61678;-0,0000000002185;0,00018;0,0000001232;0,001195;0,000000001049
3;7;2,51038;0,0000000002617;0,00032;0,0000002062;0,002102;-0,000000001339
3;7,1;1,54406;-0,0000000002897;0,00017;0,0000001166;0,001131;0,000000001564
3;7,2;-0,57425;0,0000000002717;-0,00007026;-0,00000005192;-0,0004688;-0,000000001466
3;7,3;-2,19652;-0,0000000001898;-0,00025;-0,0000001641;-0,001696;0,0000000009619
3;7,4;-2,04258;0,00000000008348;-0,00023;-0,0000001564;-0,001542;-0,0000000003422
3;7,5;-0,36771;0,00000000006938;-0,00005795;-0,00000003593;-0,0003866;-0,0000000004195
3;7,6;1,48202;-0,0000000001856;0,00018;0,0000001171;0,001218;0,0000000008728
3;7,7;2,15316;0,0000000002099;0,00025;0,0000001728;0,00168;-0,0000000007638
3;7,8;1,17615;-0,0000000001972;0,00014;0,00000008756;0,0009291;0,0000000003919
3;7,9;-0,65313;0,0000000001187;-0,00008514;-0,00000005337;-0,000568;0,0000000002694
3;8;-1,9082;-0,000000000006579;-0,00021;-0,0000001437;-0,001418;-0,0000000008968
3;8,1;-1,66375;-0,00000000005288;-0,0002;-0,00000013;-0,001342;0,000000001051
3;8,2;-0,17316;0,00000000007689;-0,00001881;-0,00000001733;-0,0001256;-0,0000000009521
3;8,3;1,3686;-0,00000000009518;0,00016;0,0000001088;0,001046;0,0000000007593
3;8,4;1,81073;0,0000000001216;0,00022;0,0000001432;0,001476;-0,0000000005809
3;8,5;0,88392;-0,0000000001603;0,0000937;0,0000000655;0,0006252;0,0000000005892
3;8,6;-0,67889;0,0000000001607;-0,00007408;-0,00000005294;-0,0004943;-0,0000000005222
3;8,7;-1,66522;-0,0000000001067;-0,0002;-0,0000001268;-0,001317;0,0000000002606
3;8,8;-1,33609;0,00000000004194;-0,00015;-0,0000001053;-0,001017;-0,0000000000003875
3;8,9;-0,02355;0,00000000002125;-0,00001098;-0,000000003673;-0,00007322;-0,0000000002514
3;9;1,23789;-0,00000000005059;0,00015;0,00000009863;0,001027;0,0000000003498
3;9,1;1,52319;0,00000000002623;0,00017;0,0000001188;0,001154;-0,0000000002359
3;9,2;0,64687;-0,000000000004875;0,0000792;0,00000004844;0,0005284;0,0000000001852
3;9,3;-0,68554;-0,000000000007362;-0,0000851;-0,0000000527;-0,0005678;-0,0000000001186
3;9,4;-1,4345;0,00000000002211;-0,00016;-0,0000001102;-0,001073;-0,00000000009007
3;9,5;-1,0674;-0,00000000001937;-0,00013;-0,00000008457;-0,0008846;0,0000000002546
3;9,6;0,08146;0,00000000002464;0,000015;0,000000006043;0,0001001;-0,0000000003716
3;9,7;1,11788;-0,00000000004947;0,00013;0,00000008828;0,0008456;0,0000000004962
3;9,8;1,26828;0,00000000007725;0,00015;0,0000000985;0,001028;-0,0000000005737
3;9,9;0,456;-0,0000000001036;0,00004653;0,00000003439;0,0003104;0,0000000005578
3;10;-0,66507;0,0000000001038;-0,00007129;-0,00000005085;-0,0004757;-0,0000000003919
3;10,1;-1,23322;-0,00000000006914;-0,00015;-0,00000009566;-0,0009989;0,00000000008468
3;10,2;-0,8446;0,00000000002037;-0,00009435;-0,0000000666;-0,0006296;0,0000000002992
3;10,3;0,15932;0,00000000003823;0,00001301;0,00000001243;0,00008686;-0,0000000006962
3;10,4;0,99693;-0,00000000007315;0,00012;0,00000007846;0,0008241;0,0000000009053
3;10,5;1,0497;0,00000000005235;0,00012;0,00000008112;0,0007789;-0,0000000007796
3;10,6;0,30775;-0,000000000007142;0,00004124;0,00000002366;0,0002751;0,0000000004411
3;10,7;-0,6345;-0,00000000004464;-0,00007921;-0,00000004884;-0,0005284;0,00000000001465
3;10,8;-1,05286;0,00000000009045;-0,00012;-0,00000008188;-0,0007858;-0,0000000004582
3;10,9;-0,65988;-0,00000000009872;-0,00008367;-0,00000005201;-0,0005582;0,0000000006787
3;11;0,20956;0,00000000008308;0,00003059;0,00000001672;0,000204;-0,0000000007204
3;11,1;0,88376;-0,00000000006405;0,00009833;0,00000006901;0,0006561;0,0000000006358
3;11,2;0,86263;0,00000000004891;0,00011;0,00000006683;0,0007084;-0,000000000479
3;11,3;0,1911;-0,00000000005189;0,0000168;0,00000001474;0,0001121;0,0000000004196
3;11,4;-0,59335;0,00000000004971;-0,00006354;-0,00000004572;-0,000424;-0,0000000003206
3;11,5;-0,89443;-0,00000000003216;-0,00011;-0,00000006988;-0,0007377;0,00000000008113
3;11,6;-0,5091;0,00000000002442;-0,00005441;-0,00000003979;-0,000363;0,0000000001401
3;11,7;0,24159;-0,00000000001976;0,0000231;0,000000019;0,0001542;-0,0000000003267
3;11,8;0,77697;0,00000000001262;0,00009665;0,00000006063;0,0006449;0,0000000004581
3;11,9;0,70332;-0,00000000001728;0,00007664;0,00000005441;0,0005113;-0,000000000433
3;12;0,10268;0,00000000002842;0,00001759;0,000000008145;0,0001173;0,0000000002686
3;12,1;-0,54798;-0,00000000003712;-0,00006945;-0,00000004255;-0,0004633;-0,00000000004865
3;12,2;-0,75569;0,00000000003068;-0,00008332;-0,00000005892;-0,000556;-0,0000000000936
3;12,3;-0,38553;0,000000000002789;-0,00005072;-0,00000003017;-0,0003384;0,00000000005699
3;12,4;0,25765;-0,00000000004275;0,00003584;0,00000002033;0,0002391;0,00000000006657
3;12,5;0,67849;0,00000000007273;0,00007408;0,00000005269;0,0004943;-0,0000000001573
3;12,6;0,56923;-0,00000000009179;0,00007192;0,00000004427;0,0004798;0,000000000197
3;12,7;0,03565;0,00000000009236;-0,00000106;0,000000002782;-0,000007042;-0,0000000002097
3;12,8;-0,5;-0,00000000007646;-0,00005316;-0,00000003876;-0,0003547;0,0000000001958
3;12,9;-0,63467;0,00000000004702;-0,00007989;-0,00000004963;-0,000533;-0,0000000001069
3;13;-0,28593;-0,000000000003871;-0,00002816;-0,00000002216;-0,0001879;-0,00000000005251
3;13,1;0,26246;-0,00000000003265;0,00002557;0,00000002044;0,0001706;0,0000000001691
3;13,2;0,58866;0,00000000005122;0,00007422;0,00000004585;0,0004952;-0,0000000002118
3;13,3;0,45654;-0,00000000006442;0,00004816;0,0000000354;0,0003213;0,0000000002341
3;13,4;-0,01344;0,00000000007256;0,000003793;-0,0000000008823;0,00002528;-0,0000000002203
3;13,5;-0,45172;-0,00000000007437;-0,0000582;-0,00000003524;-0,0003883;0,0000000001869
3;13,6;-0,53;0,00000000006993;-0,00005696;-0,00000004125;-0,00038;-0,0000000001396
3;13,7;-0,20587;-0,00000000005118;-0,00002932;-0,00000001607;-0,0001956;0,00000000003894
3;13,8;0,25864;0,0000000000263;0,00003559;0,00000002026;0,0002374;0,00000000006367
3;13,9;0,5075;0,000000000002183;0,00005422;0,00000003937;0,0003618;-0,0000000001582
3;14;0,36278;-0,00000000003725;0,00004769;0,00000002831;0,0003182;0,0000000002799
3;14,1;-0,04861;0,00000000006014;-0,00001081;-0,000000003816;-0,0000721;-0,0000000003626
3;14,2;-0,40452;-0,00000000006917;-0,00004227;-0,00000003143;-0,000282;0,0000000003883
3;14,3;-0,43975;0,0000000000716;-0,00005673;-0,00000003435;-0,0003785;-0,000000000377
3;14,4;-0,14243;-0,0000000000586;-0,00001152;-0,00000001097;-0,00007687;0,0000000002938
3;14,5;0,24879;0,00000000003746;0,00002405;0,0000000193;0,0001605;-0,0000000001721
3;14,6;0,43498;-0,00000000002325;0,00005604;0,00000003391;0,0003739;0,00000000006621
3;14,7;0,28504;0,00000000001836;0,00002832;0,00000002211;0,000189;0,00000000002636
3;14,8;-0,07265;-0,00000000002162;-0,000003403;-0,000000005542;-0,00002273;-0,0000000001045
3;14,9;-0,35932;0,00000000002199;-0,00004721;-0,00000002808;-0,0003149;0,0000000001886
3;15;-0,36252;-0,000000000009332;-0,00003745;-0,00000002814;-0,0002499;-0,00000000028
3;15,1;-0,09264;-0,000000000004857;-0,00001587;-0,000000007278;-0,0001059;0,0000000003028
3;15,2;0,23483;0,00000000001265;0,00003255;0,00000001837;0,0002171;-0,0000000002419
3;15,3;0,3706;-0,00000000001418;0,0000384;0,00000002875;0,0002562;0,0000000001203
3;15,4;0,22111;0,000000000004229;0,00003093;0,00000001731;0,0002063;0,00000000005013
3;15,5;-0,08804;0,000000000009852;-0,00001529;-0,000000006925;-0,000102;-0,0000000001895
3;15,6;-0,31684;-0,00000000001967;-0,00003218;-0,0000000246;-0,0002147;0,0000000002477
3;15,7;-0,29675;0,00000000002377;-0,00003974;-0,00000002318;-0,0002651;-0,0000000002395
3;15,8;-0,05414;-0,00000000001717;-0,00000138;-0,000000004118;-0,000009237;0,0000000001757
3;15,9;0,21828;0,000000000009717;0,00002064;0,0000000169;0,0001377;-0,0000000001129
3;16;0,31396;-0,00000000001259;0,00004171;0,00000002452;0,0002783;0,0000000001075
3;16,1;0,16886;0,00000000002167;0,0000149;0,00000001307;0,00009941;-0,0000000001515
3;16,2;-0,09675;-0,00000000003492;-0,000006442;-0,000000007448;-0,00004301;0,000000000224
3;16,3;-0,27745;0,00000000004281;-0,00003741;-0,00000002169;-0,0002496;-0,0000000002512
3;16,4;-0,24109;-0,00000000003663;-0,00002338;-0,00000001868;-0,000156;0,0000000001862
3;16,5;-0,02483;0,00000000002601;-0,000007759;-0,00000000201;-0,00005174;-0,00000000009654
3;16,6;0,20034;-0,00000000001539;0,00002832;0,00000001567;0,0001889;0,00000000001104
3;16,7;0,26441;0,000000000007191;0,00002616;0,0000000205;0,0001745;0,0000000000611
3;16,8;0,12649;-0,000000000008391;0,00001965;0,000000009939;0,0001311;-0,00000000007808
3;16,9;-0,10039;0,00000000001465;-0,00001657;-0,000000007903;-0,0001106;0,00000000005095
3;17;-0,2414;-0,00000000002616;-0,00002351;-0,00000001871;-0,0001569;0,00000000003566
3;17,1;-0,19426;0,00000000004446;-0,00002754;-0,0000000152;-0,0001837;-0,0000000001941
3;17,2;-0,00298;-0,0000000000572;0,00000442;-0,0000000001481;0,00002947;0,0000000003406
3;17,3;0,18187;0,00000000006029;0,00001656;0,00000001407;0,0001105;-0,0000000004294
3;17,4;0,22138;-0,00000000005689;0,00003069;0,00000001731;0,0002047;0,0000000004602
3;17,5;0,09241;0,00000000004556;0,000006106;0,00000000712;0,00004076;-0,0000000004118
3;17,6;-0,10028;-0,00000000003076;-0,000007039;-0,000000007731;-0,00004699;0,0000000003077
3;17,7;-0,20872;0,00000000001751;-0,00002917;-0,00000001633;-0,0001946;-0,0000000001856
3;17,8;-0,15509;-0,000000000007342;-0,00001348;-0,00000001199;-0,00008998;0,00000000006553
3;17,9;0,01289;0,000000000003748;-0,000003169;0,0000000009205;-0,00002112;0,00000000002155
3;18;0,16354;-0,000000000003569;0,00002383;0,00000001281;0,000159;-0,00000000007256
3;18,1;0,18421;0,000000000001872;0,00001694;0,00000001426;0,000113;0,0000000001008
3;18,2;0,06525;-0,000000000002758;0,00001229;0,000000005166;0,00008198;-0,00000000009378
3;18,3;-0,09744;0,000000000006749;-0,00001605;-0,000000007672;-0,0001071;0,00000000005583
3;18,4;-0,17939;-0,00000000001037;-0,00001641;-0,00000001388;-0,0001095;-0,000000000006553
3;18,5;-0,12254;0,00000000001525;-0,00001897;-0,000000009621;-0,0001265;-0,00000000004976
3;18,6;0,024;-0,00000000002081;0,000007404;0,00000000195;0,00004938;0,0000000001008
3;18,7;0,14581;0,0000000000258;0,00001251;0,00000001127;0,00008348;-0,0000000001444
3;18,8;0,15231;-0,00000000002952;0,00002242;0,00000001194;0,0001496;0,0000000001802
3;18,9;0,04383;0,00000000002779;0,0000005814;0,000000003331;0,000003903;-0,0000000001861
3;19;-0,09272;-0,00000000002193;-0,000006325;-0,000000007139;-0,00004222;0,0000000001631
3;19,1;-0,15327;0,00000000001373;-0,0000225;-0,00000001201;-0,0001501;-0,0000000001138
3;19,2;-0,09567;-0,000000000001788;-0,000006691;-0,000000007367;-0,00004467;0,00000000003823
3;19,3;0,03136;-0,000000000008187;-0,0000008337;0,000000002361;-0,000005538;0,00000000002568
3;19,4;0,12901;0,00000000001516;0,00001962;0,00000001012;0,0001309;-0,00000000007006
3;19,5;0,12509;-0,00000000002323;0,00001018;0,000000009661;0,00006793;0,0000000001118
3;19,6;0,02716;0,00000000002792;0,000007656;0,000000002191;0,00005106;-0,0000000001304
3;19,7;-0,08677;-0,00000000002622;-0,00001463;-0,000000006832;-0,0000976;0,0000000001147
3;19,8;-0,1302;0,00000000001942;-0,00001081;-0,00000001006;-0,00007215;-0,00000000006772
3;19,9;-0,07362;-0,000000000008555;-0,00001307;-0,000000005807;-0,00008715;-0,000000000004945
3;20;0,03582;-0,000000000001757;0,000008623;0,000000002863;0,00005751;0,00000000007206
3;20,1;0,11333;0,000000000009781;0,000008869;0,000000008748;0,0000592;-0,0000000001232
3;20,2;0,10199;-0,00000000001667;0,00001636;0,000000008015;0,0001091;0,0000000001586
3;20,3;0,01437;0,0000000000193;-0,000002706;0,000000001043;-0,00001803;-0,0000000001556
3;20,4;-0,08009;-0,00000000001842;-0,000005009;-0,00000000616;-0,00003344;0,0000000001234
3;20,5;-0,10996;0,00000000001759;-0,00001725;-0,000000008636;-0,0001151;-0,0000000000895
3;20,6;-0,05568;-0,00000000001608;-0,000002171;-0,000000004258;-0,00001451;0,00000000005819
3;20,7;0,03806;0,00000000001438;0,0000001168;0,000000002886;0,0000008021;-0,00000000003352
3;20,8;0,09889;-0,00000000001024;0,00001592;0,000000007775;0,0001062;-0,0000000000017
3;20,9;0,0825;0,0000000000002047;0,000005349;0,000000006346;0,00003571;0,00000000007039
3;21;0,00474;0,00000000001015;0,000004864;0,0000000004446;0,00003243;-0,0000000001379
3;21,1;-0,07307;-0,00000000001561;-0,00001286;-0,000000005764;-0,00008579;0,0000000001634
3;21,2;-0,09232;0,00000000001533;-0,000006534;-0,000000007112;-0,00004362;-0,0000000001399
3;21,3;-0,04119;-0,000000000008987;-0,000009103;-0,000000003281;-0,00006071;0,00000000007671
3;21,4;0,03864;0,000000000001177;0,000008792;0,000000003082;0,00005864;-0,000000000005367
3;21,5;0,08575;0,000000000005387;0,000005798;0,000000006602;0,0000387;-0,0000000000584
3;21,6;0,06616;-0,00000000001143;0,000012;0,000000005223;0,00008001;0,0000000001138
3;21,7;-0,00236;0,00000000001379;-0,000004506;-0,0000000002559;-0,00003004;-0,0000000001411
3;21,8;-0,06599;-0,00000000001203;-0,000003515;-0,000000005065;-0,00002348;0,0000000001343
3;21,9;-0,07705;0,000000000007631;-0,00001324;-0,00000000607;-0,0000883;-0,00000000009848
3;22;-0,02959;-0,0000000000009594;0,0000007282;-0,000000002232;0,000004836;0,00000000004174
3;22,1;0,03799;-0,000000000004279;0,0000002673;0,000000002885;0,000001806;0,000000000008954
3;22,2;0,0739;0,00000000000626;0,00001284;0,000000005826;0,00008562;-0,00000000004115
3;22,3;0,05254;-0,00000000000624;0,000001994;0,000000004017;0,00001333;0,00000000005756
3;22,4;-0,00741;0,000000000003903;0,000003283;-0,000000000504;0,00002188;-0,00000000005445
3;22,5;-0,05906;0,0000000000005348;-0,00001106;-0,000000004671;-0,00007379;0,00000000003366
3;22,6;-0,0639;-0,00000000000593;-0,000003359;-0,000000004901;-0,00002243;0,000000000001183
3;22,7;-0,0204;0,00000000001117;-0,00000651;-0,000000001661;-0,00004341;-0,00000000004337
3;22,8;0,03648;-0,00000000001393;0,000008384;0,000000002913;0,00005592;0,0000000000739
3;22,9;0,06331;0,00000000001372;0,000003323;0,000000004857;0,0000222;-0,00000000008583
3;23;0,04126;-0,00000000001167;0,000008922;0,000000003284;0,00005951;0,00000000008381
3;23,1;-0,01087;0,000000000007294;-0,000005349;-0,0000000009174;-0,00003567;-0,00000000006574
3;23,2;-0,05244;-0,000000000002671;-0,000002081;-0,000000004011;-0,00001391;0,00000000004227
3;23,3;-0,05264;0,0000000000001676;-0,00001022;-0,000000004169;-0,00006819;-0,00000000002621
3;23,4;-0,0132;0,000000000002077;0,000002496;-0,0000000009566;0,00001663;0,00000000001066
3;23,5;0,03439;-0,000000000003625;-0,000000001652;0,000000002607;0,00000001043;0,000000000002643
3;23,6;0,05393;0,000000000002722;0,00001034;0,000000004269;0,00006899;-0,000000000005298
3;23,7;0,03197;-0,0000000000009353;-0,0000002639;0,000000002418;-0,00000174;0,000000000003106
3;23,8;-0,01306;-0,000000000000768;0,00000247;-0,0000000009455;0,00001646;-0,000000000000266
3;23,9;-0,04622;0,000000000002303;-0,000009407;-0,000000003669;-0,00006274;-0,000000000002679
3;24;-0,04307;-0,00000000000332;-0,000001068;-0,000000003282;-0,00000715;0,000000000005801
3;24,1;-0,00764;0,000000000004169;-0,000004864;-0,0000000006656;-0,00003243;-0,00000000001184
3;24,2;0,03194;-0,000000000003795;0,000007702;0,000000002557;0,00005137;0,00000000001379
3;24,3;0,04567;0,00000000000164;0,000001405;0,000000003485;0,000009394;-0,000000000007025
3;24,4;0,02439;0,0000000000007177;0,000006796;0,000000001969;0,00004532;-0,000000000001821
3;24,5;-0,01429;-0,000000000002904;-0,000005602;-0,000000001182;-0,00003735;0,00000000001075
3;24,6;-0,04045;0,000000000004874;-0,0000008247;-0,00000000308;-0,000005523;-0,0000000000201
3;24,7;-0,03497;-0,000000000005988;-0,000008005;-0,000000002792;-0,00005339;0,00000000002621
3;24,8;-0,00341;0,000000000006286;0,000003497;-0,0000000001959;0,00002331;-0,00000000002631
3;24,9;0,02929;-0,000000000005961;-0,0000004526;0,000000002211;-0,000002999;0,00000000002295
3;25;0,03845;0,000000000005839;0,000008382;0,000000003062;0,0000559;-0,00000000002401
3;25,1;0,01824;-0,000000000006527;-0,000001727;0,000000001351;-0,0000115;0,00000000003191
3;25,2;-0,01478;0,00000000000648;0,000002122;-0,000000001082;0,00001414;-0,00000000003599
3;25,3;-0,03518;-0,000000000004852;-0,000007968;-0,000000002807;-0,00005314;0,00000000003074
3;25,4;-0,02816;0,000000000002638;0,0000005337;-0,000000002124;0,00000354;-0,0000000000204
3;25,5;-0,00026;-0,0000000000001755;-0,000003855;-0,00000000008841;-0,0000257;0,000000000006709
3;25,6;0,02657;-0,000000000002032;0,000006929;0,000000002137;0,00004621;0,000000000006379
3;25,7;0,03218;0,000000000003707;-0,00000003241;0,000000002437;-0,000000196;-0,00000000001664
3;25,8;0,0133;-0,000000000005243;0,000005353;0,000000001103;0,00003569;0,00000000002501
3;25,9;-0,01474;0,000000000005609;-0,000005511;-0,000000001215;-0,00003675;-0,00000000002679
3;26;-0,03041;-0,000000000004028;0,0000002102;-0,000000002299;0,000001383;0,00000000001825
3;26,1;-0,02247;0,000000000001304;-0,000006397;-0,000000001817;-0,00004266;-0,000000000001955
3;26,2;0,00202;0,000000000001682;0,000003991;0,0000000002248;0,00002661;-0,00000000001586
3;26,3;0,02388;-0,00000000000397;-0,0000009448;0,000000001792;-0,000006284;0,00000000002828
3;26,4;0,02677;0,000000000004746;0,000006871;0,000000002151;0,00004582;-0,00000000003287
3;26,5;0,00937;-0,000000000004177;-0,000002626;0,0000000006622;-0,0000175;0,00000000003156
3;26,6;-0,0143;0,000000000002542;0,000002039;-0,000000001046;0,00001358;-0,00000000002361
3;26,7;-0,02612;-0,0000000000002595;-0,000006766;-0,0000000021;-0,00004512;0,00000000001082
3;26,8;-0,01774;-0,000000000002052;0,000001615;-0,000000001314;0,00001076;0,000000000002111
3;26,9;0,00362;0,000000000004298;-0,000003261;0,0000000002146;-0,00002174;-0,00000000001479
3;27;0,02128;-0,000000000005516;0,000006169;0,000000001724;0,00004114;0,00000000002222
3;27,1;0,02212;0,00000000000488;-0,000001073;0,000000001655;-0,000007137;-0,00000000001998
3;27,2;0,00627;-0,000000000003191;0,00000439;0,0000000005543;0,00002927;0,00000000001225
3;27,3;-0,01359;0,0000000000008511;-0,000005238;-0,000000001124;-0,00003493;-0,00000000000107
3;27,4;-0,02231;0,000000000001961;0,000001021;-0,000000001671;0,000006796;-0,00000000001228
3;27,5;-0,01384;-0,000000000004449;-0,000005249;-0,000000001143;-0,000035;0,00000000002382
3;27,6;0,00467;0,000000000006358;0,000004164;0,0000000004289;0,00002776;-0,00000000003247
3;27,7;0,01882;-0,000000000007282;-0,000001402;0,0000000014;-0,000009332;0,00000000003539
3;27,8;0,01816;0,000000000006739;0,000005726;0,000000001479;0,00003819;-0,00000000003063
3;27,9;0,00385;-0,000000000005278;-0,000003137;0,0000000002352;-0,00002091;0,00000000002239
3;28;-0,0127;0,000000000003285;0,00000209;-0,0000000009241;0,00001393;-0,00000000001252
3;28,1;-0,01894;-0,000000000001035;-0,00000579;-0,00000000154;-0,00003861;0,000000000001609
3;28,2;-0,01064;-0,0000000000008504;0,000002313;-0,0000000007635;0,00001541;0,000000000008233
3;28,3;0,0053;0,000000000002233;-0,000002929;0,0000000003481;-0,00001953;-0,00000000001614
3;28,4;0,01653;-0,000000000002594;0,000005478;0,000000001351;0,00003653;0,00000000001859
3;28,5;0,0148;0,000000000001439;-0,000001797;0,000000001088;-0,00001197;-0,00000000001266
3;28,6;0,00201;0,0000000000003303;0,000003758;0,0000000002203;0,00002505;0,000000000002502
3;28,7;-0,01171;-0,000000000001912;-0,000004886;-0,0000000009759;-0,00003258;0,000000000007359
3;28,8;-0,01599;0,000000000003153;0,000001629;-0,000000001181;0,00001085;-0,00000000001541
3;28,9;-0,00804;-0,000000000003675;-0,000004436;-0,0000000006893;-0,00002958;0,00000000001929
3;29;0,00561;0,000000000003484;0,000004143;0,0000000005004;0,00002762;-0,0000000000183
3;29,1;0,01441;-0,00000000000268;-0,000001787;0,000000001059;-0,0000119;0,00000000001215
3;29,2;0,01196;0,000000000001366;0,000004869;0,0000000009947;0,00003247;-0,000000000002668
3;29,3;0,00062;-0,0000000000002455;-0,000003385;-0,00000000001514;-0,00002257;-0,000000000004395
3;29,4;-0,01068;-0,0000000000004056;0,000002197;-0,0000000007683;0,00001464;0,000000000007864
3;29,5;-0,01342;0,0000000000006626;-0,000005013;-0,000000001108;-0,00003343;-0,000000000009289
3;29,6;-0,00593;-0,0000000000005494;0,000002735;-0,0000000003992;0,00001823;0,000000000009306
3;29,7;0,00568;0,0000000000002802;-0,000002755;0,0000000003797;-0,00001836;-0,000000000008439
3;29,8;0,01249;0,00000000000007565;0,000004876;0,000000001035;0,00003252;0,000000000005985
3;29,9;0,00959;-0,000000000000549;-0,000002279;0,0000000006841;-0,00001519;-0,000000000001617
3;30;-0,0004;0,000000000001015;0,000003347;0,00000000003083;0,00002231;-0,000000000003272
3;30,1;-0,00964;-0,000000000001406;-0,000004515;-0,0000000008126;-0,0000301;0,00000000000699
3;30,2;-0,0112;0,000000000001674;0,000002064;-0,0000000008097;0,00001375;-0,000000000008688
3;30,3;-0,00425;-0,000000000001568;-0,000003866;-0,000000000393;-0,00002577;0,000000000007766
3;30,4;0,00558;0,000000000001165;0,000004012;0,0000000004959;0,00002675;-0,000000000005062
3;30,5;0,01076;-0,0000000000006836;-0,000002088;0,0000000007763;-0,00001391;0,000000000001556
3;30,6;0,00761;0,0000000000001651;0,000004232;0,0000000006538;0,00002822;0,000000000002335
3;30,7;-0,00113;0,0000000000002057;-0,000003464;-0,0000000001493;-0,0000231;-0,00000000000519
3;30,8;-0,00862;-0,0000000000003332;0,000002312;-0,0000000006101;0,00001541;0,000000000005996
3;30,9;-0,00928;0,0000000000001938;-0,000004402;-0,0000000007836;-0,00002935;-0,000000000004629
3;31;-0,00292;0,0000000000002197;0,000002963;-0,0000000001666;0,00001975;0,000000000001946
3;31,1;0,00535;-0,0000000000005545;-0,00000267;0,0000000003557;-0,00001779;-0,00000000000001103
3;31,2;0,00922;0,0000000000007125;0,000004368;0,0000000007782;0,00002913;-0,0000000000008584
3;31,3;0,00597;-0,0000000000009312;-0,000002579;0,0000000004043;-0,00001719;0,000000000001835
3;31,4;-0,00162;0,0000000000009719;0,00000308;-0,00000000006618;0,00002053;-0,000000000002087
3;31,5;-0,00765;-0,0000000000007192;-0,000004159;-0,0000000006559;-0,00002773;0,000000000001193
3;31,6;-0,00764;0,0000000000004569;0,000002357;-0,000000000535;0,00001571;-0,0000000000004401
3;31,7;-0,00188;-0,0000000000001866;-0,000003465;-0,0000000002065;-0,0000231;-0,0000000000001205
3;31,8;0,00504;-0,00000000000008088;0,000003826;0,0000000004521;0,00002551;0,0000000000006819
3;31,9;0,00785;0,0000000000001849;-0,000002307;0,0000000005511;-0,00001538;-0,0000000000008079
3;32;0,00462;-0,0000000000001676;0,000003761;0,0000000004196;0,00002507;0,0000000000007075
3;32,1;-0,00194;0,00000000000006468;-0,000003437;-0,0000000002104;-0,00002292;-0,0000000000006357
3;32,2;-0,00674;0,00000000000005661;0,000002412;-0,0000000004653;0,00001607;0,000000000001091
3;32,3;-0,00625;-0,00000000000008063;-0,000003926;-0,0000000005459;-0,00002618;-0,000000000002335
3;32,4;-0,00108;0,0000000000000939;0,000003059;-0,00000000002467;0,00002039;0,000000000003327
3;32,5;0,00467;-0,00000000000004117;-0,000002629;0,0000000003048;-0,00001752;-0,000000000003907
3;32,6;0,00664;-0,00000000000008735;0,000003947;0,0000000005761;0,00002632;0,000000000004145
3;32,7;0,00352;0,00000000000003673;-0,000002747;0,0000000002154;-0,00001831;-0,000000000003123
3;32,8;-0,00211;0,0000000000001575;0,000002904;-0,0000000001056;0,00001936;0,000000000001147
3;32,9;-0,0059;-0,0000000000003605;-0,000003834;-0,0000000005177;-0,00002556;0,0000000000009903
3;33;-0,00507;0,0000000000004975;0,00000254;-0,0000000003365;0,00001693;-0,00000000000278
3;33,1;-0,00047;-0,0000000000003824;-0,000003181;-0,00000000009462;-0,00002121;0,000000000003298
3;33,2;0,00428;0,0000000000001432;0,00000362;0,0000000003917;0,00002414;-0,000000000003074
3;33,3;0,00559;0,00000000000008233;-0,000002454;0,0000000003771;-0,00001636;0,000000000002445
3;33,4;0,00263;-0,0000000000004019;0,00000341;0,0000000002628;0,00002273;-0,0000000000006023
3;33,5;-0,00218;0,0000000000006543;-0,000003348;-0,0000000002274;-0,00002232;-0,000000000001407
3;33,6;-0,00513;-0,0000000000007012;0,000002484;-0,0000000003413;0,00001656;0,000000000002514
3;33,7;-0,00408;0,000000000000591;-0,000003556;-0,0000000003755;-0,00002371;-0,000000000002758
3;33,8;-0,00001217;-0,0000000000003242;0,000003067;0,00000000005656;0,00002045;0,000000000002063
3;33,9;0,00388;0,00000000000003518;-0,000002606;0,0000000002449;-0,00001737;-0,000000000000908
3;34;0,00468;0,0000000000001381;0,000003601;0,0000000004214;0,00002401;-0,0000000000002225
3;34,1;0,00191;-0,0000000000002095;-0,00000282;0,00000000009187;-0,0000188;0,000000000001127
3;34,2;-0,00217;0,0000000000001744;0,000002783;-0,0000000001115;0,00001855;-0,000000000001399
3;34,3;-0,00443;-0,00000000000003673;-0,000003548;-0,0000000004017;-0,00002365;0,0000000000009506
3;34,4;-0,00326;-0,000000000000138;0,000002639;-0,0000000001966;0,00001759;-0,0000000000001535
3;34,5;0,00032;0,0000000000003195;-0,000002975;-0,00000000003213;-0,00001984;-0,0000000000007367
3;34,6;0,00349;-0,0000000000004238;0,000003413;0,0000000003281;0,00002276;0,000000000001277
3;34,7;0,00389;0,0000000000003783;-0,000002541;0,0000000002463;-0,00001694;-0,000000000001067
3;34,8;0,00134;-0,0000000000002964;0,000003146;0,0000000001611;0,00002098;0,0000000000006196
3;34,9;-0,0021;0,0000000000001914;-0,000003227;-0,0000000002196;-0,00002151;-0,0000000000001502
3;35;-0,0038;-0,00000000000001844;0,000002527;-0,0000000002399;0,00001684;-0,0000000000002833
3;35,1;-0,00257;-0,0000000000001184;-0,000003266;-0,000000000256;-0,00002177;0,000000000000146
3;35,2;0,00054;0,0000000000001837;0,000003021;0,00000000009831;0,00002014;0,0000000000003404
3;35,3;0,00311;-0,0000000000002009;-0,000002585;0,000000000186;-0,00001723;-0,0000000000007766
3;35,4;0,00321;0,0000000000002175;0,000003318;0,0000000003058;0,00002212;0,0000000000009522
3;35,5;0,0009;-0,0000000000002611;-0,000002829;0,00000000001414;-0,00001886;-0,0000000000007811
3;35,6;-0,00199;0,0000000000002475;0,000002693;-0,00000000009952;0,00001795;0,0000000000006709
3;35,7;-0,00325;-0,0000000000001389;-0,000003299;-0,0000000003082;-0,00002199;-0,0000000000007207
3;35,8;-0,002;-0,00000000000002198;0,000002676;-0,0000000001005;0,00001784;0,0000000000007582
3;35,9;0,00069;0,0000000000002131;-0,000002821;-0,000000000001147;-0,00001881;-0,0000000000009251
3;36;0,00275;-0,0000000000003581;0,000003217;0,0000000002689;0,00002145;0,0000000000008811
3;36,1;0,00264;0,0000000000003948;-0,000002578;0,0000000001502;-0,00001719;-0,000000000000264
3;36,2;0,00055;-0,0000000000003917;0,000002944;0,00000000009753;0,00001963;-0,0000000000003771
3;36,3;-0,00186;0,0000000000003576;-0,00000309;-0,0000000001996;-0,0000206;0,0000000000007627
3;36,4;-0,00276;-0,0000000000002751;0,000002542;-0,0000000001598;0,00001694;-0,0000000000008756
3;36,5;-0,00154;0,0000000000002173;-0,000003037;-0,0000000001743;-0,00002025;0,000000000000484
3;36,6;0,00078;-0,0000000000001584;0,000002941;0,0000000001155;0,00001961;-0,00000000000001466
3;36,7;0,00241;0,0000000000000379;-0,00000256;0,0000000001332;-0,00001706;-0,00000000000004729
3;36,8;0,00215;0,00000000000008286;0,000003086;0,0000000002214;0,00002058;-0,0000000000001403
3;36,9;0,00028;-0,000000000000148;-0,000002794;-0,00000000003237;-0,00001863;0,0000000000003325
3;37;-0,00171;0,0000000000001447;0,000002619;-0,00000000007934;0,00001746;-0,0000000000003785
3;37,1;-0,00233;-0,00000000000006994;-0,000003085;-0,000000000235;-0,00002057;0,000000000000179
3;37,2;-0,00116;-0,00000000000002764;0,000002669;-0,00000000003641;0,00001779;0,000000000000166
3;37,3;0,00083;0,0000000000001205;-0,0000027;0,00000000001064;-0,000018;-0,0000000000005308
3;37,4;0,0021;-0,0000000000001956;0,000003036;0,0000000002172;0,00002024;0,0000000000007665
3;37,5;0,00173;0,0000000000002217;-0,000002579;0,00000000008151;-0,00001719;-0,0000000000007704
3;37,6;0,00007929;-0,0000000000002158;0,000002784;0,00000000005962;0,00001856;0,0000000000006891
3;37,7;-0,00156;0,0000000000001561;-0,000002951;-0,0000000001749;-0,00001967;-0,0000000000003301
3;37,8;-0,00195;-0,0000000000000398;0,000002532;-0,00000000009869;0,00001688;-0,0000000000003572
3;37,9;-0,00085;-0,0000000000000399;-0,000002853;-0,0000000001197;-0,00001902;0,000000000000841
3;38;0,00084;0,00000000000007521;0,000002844;0,0000000001181;0,00001896;-0,00000000000106
3;38,1;0,00182;-0,00000000000007701;-0,000002525;0,00000000008879;-0,00001683;0,0000000000009913
3;38,2;0,00139;0,00000000000003259;0,000002894;0,000000000161;0,0000193;-0,0000000000005025
3;38,3;-0,00006776;0,0000000000000007326;-0,000002732;-0,00000000005796;-0,00001821;-0,00000000000001874
3;38,4;-0,00141;-0,00000000000001906;0,000002552;-0,00000000005703;0,00001701;0,0000000000004125
3;38,5;-0,00163;0,00000000000004673;-0,0000029;-0,0000000001791;-0,00001934;-0,0000000000007699
3;38,6;-0,00061;-0,00000000000004875;0,000002631;0,000000000004769;0,00001754;0,0000000000009199
3;38,7;0,00082;0,000000000000029;-0,000002599;0,00000000001149;-0,00001733;-0,0000000000008797
3;38,8;0,00157;0,0000000000000208;0,000002872;0,0000000001742;0,00001915;0,0000000000006137
3;38,9;0,0011;-0,0000000000001095;-0,000002552;0,00000000003375;-0,00001701;-0,00000000000006894
3;39;-0,00017;0,0000000000001608;0,000002654;0,00000000003853;0,00001769;-0,0000000000003624
3;39,1;-0,00126;-0,0000000000001583;-0,000002815;-0,0000000001498;-0,00001876;0,0000000000005648
3;39,2;-0,00135;0,0000000000001452;0,000002502;-0,00000000005323;0,00001668;-0,0000000000007485
3;39,3;-0,00042;-0,0000000000001187;-0,000002702;-0,00000000008423;-0,00001801;0,0000000000008945
3;39,4;0,00078;0,00000000000008009;0,000002738;0,0000000001126;0,00001825;-0,0000000000009041
3;39,5;0,00134;-0,00000000000002381;-0,000002482;0,00000000005301;-0,00001654;0,000000000000684
3;39,6;0,00086;-0,00000000000006;0,000002733;0,0000000001186;0,00001822;-0,0000000000002331
3;39,7;-0,00024;0,0000000000001316;-0,000002653;-0,00000000007016;-0,00001769;-0,0000000000002421
3;39,8;-0,00112;-0,0000000000001731;0,000002487;-0,00000000003576;0,00001658;0,0000000000006298
3;39,9;-0,00111;0,0000000000002006;-0,000002741;-0,0000000001375;-0,00001828;-0,0000000000009477
3;40;-0,00027;-0,0000000000002001;0,000002573;0,0000000000301;0,00001715;0,000000000001079
4;0;0;0;0;0;0;0
4;0,1;4,54191;-0,0000000006026;0,00014;-0,0000008356;0,0008942;0,000000004999
4;0,2;12,71946;-0,000000003168;0,00239;0,000001038;0,016;0,00000001452
4;0,3;-6,08048;0,000000002258;-0,00035;-0,0000005958;-0,002357;-0,000000009477
4;0,4;-17,3713;-0,000000001172;-0,00272;-0,0000003796;-0,018;0,000000004231
4;0,5;-11,31347;0,0000000003514;-0,00098;-0,0000002972;-0,006505;-0,0000000005912
4;0,6;2,37214;0,0000000001823;0,00103;0,0000001941;0,006877;-0,000000001659
4;0,7;9,73544;-0,0000000004232;0,00048;0,0000004142;0,003197;0,000000002114
4;0,8;10,47797;0,0000000003461;0,00055;-0,0000003435;0,003644;-0,0000000009108
4;0,9;8,60865;-0,0000000002192;0,00161;0,000000506;0,011;0,00000000008972
4;1;-4,72362;0,00000000001427;-0,00039;0,0000003251;-0,002606;0,0000000005709
4;1,1;-16,40908;0,0000000003757;-0,00242;-0,000001119;-0,016;-0,000000001298
4;1,2;-7,73095;-0,0000000007297;-0,00038;0,00000004608;-0,002566;0,0000000009946
4;1,3;3,19637;0,0000000009638;0,00076;0,0000006143;0,005094;-0,0000000002449
4;1,4;6,46359;-0,000000000888;0,00004326;-0,0000004987;0,0002844;-0,0000000009222
4;1,5;11,1191;0,0000000005147;0,0011;0,0000002903;0,007309;0,00000000224
4;1,6;6,67025;-0,0000000003936;0,00121;0,000000636;0,008045;-0,000000001671
4;1,7;-7,47672;0,000000000544;-0,00105;-0,0000005576;-0,007023;-0,0000000003034
4;1,8;-11,6847;-0,0000000007945;-0,00143;-0,0000003338;-0,009523;0,000000002828
4;1,9;-5,62874;0,000000001179;-0,00021;0,0000001819;-0,001373;-0,000000006191
4;2;1,08009;-0,000000001438;0,00013;-0,0000001174;0,0008989;0,000000008847
4;2,1;7,58912;0,000000001438;0,00046;0,0000000817;0,003046;-0,000000009737
4;2,2;9,73425;-0,00000000145;0,00111;0,0000003106;0,007404;0,000000009587
4;2,3;3,33886;0,00000000157;0,00052;0,00000009284;0,003457;-0,000000008596
4;2,4;-6,09105;-0,000000001575;-0,00079;-0,0000001574;-0,005273;0,000000006572
4;2,5;-9,5934;0,000000001121;-0,00106;-0,0000002858;-0,007066;-0,000000002286
4;2,6;-5,00812;-0,0000000001825;-0,00029;-0,00000003923;-0,001908;-0,000000004336
4;2,7;1,85364;-0,0000000005867;0,00015;0,0000001054;0,001014;0,000000009544
4;2,8;6,80916;0,0000000009254;0,00051;0,0000000003595;0,003413;-0,00000001169
4;2,9;8,01983;-0,000000001068;0,00092;0,0000002283;0,006163;0,00000001172
4;3;2,26504;0,0000000009434;0,00033;0,0000001732;0,002218;-0,000000009496
4;3,1;-5,97658;-0,0000000006576;-0,00078;-0,0000002822;-0,005204;0,000000006151
4;3,2;-7,75398;0,0000000003999;-0,00076;-0,0000001709;-0,005048;-0,000000002985
4;3,3;-3,76361;-0,00000000005074;-0,00025;0,00000004764;-0,001652;-0,0000000003993
4;3,4;1,57379;-0,0000000002679;0,00007263;-0,00000006342;0,0004837;0,000000003136
4;3,5;6,49505;0,0000000003425;0,00058;0,0000001097;0,003883;-0,000000003834
4;3,6;6,70186;-0,0000000003101;0,0008;0,0000002472;0,00531;0,000000002951
4;3,7;0,81677;0,0000000002839;0,00006392;-0,00000002032;0,000426;-0,000000001563
4;3,8;-5,10176;-0,0000000002861;-0,00059;-0,0000001556;-0,003943;0,0000000003501
4;3,9;-6,34049;0,0000000002913;-0,0006;-0,00000009556;-0,003971;0,0000000008244
4;4;-3,24606;-0,000000000214;-0,00027;-0,00000006783;-0,001824;-0,000000002306
4;4,1;1,97481;0,0000000001895;0,00013;0,00000001875;0,0008494;0,000000003118
4;4,2;5,87691;-0,0000000003021;0,00059;0,0000001295;0,003944;-0,000000002683
4;4,3;5,19748;0,0000000004585;0,00057;0,0000001357;0,003822;0,000000001662
4;4,4;0,28571;-0,0000000006397;0,00001678;0,00000000847;0,0001119;-0,0000000003524
4;4,5;-4,52996;0,0000000007524;-0,00051;-0,0000001298;-0,003378;-0,0000000006935
4;4,6;-5,38637;-0,0000000007753;-0,00049;-0,0000001044;-0,003293;0,000000001279
4;4,7;-2,41344;0,000000000799;-0,00023;-0,00000003021;-0,00156;-0,000000001928
4;4,8;2,05111;-0,0000000007467;0,00017;0,00000001151;0,001124;0,000000002379
4;4,9;5,1597;0,0000000005456;0,00052;0,000000116;0,00348;-0,00000000228
4;5;4,17253;-0,00000000017;0,00046;0,0000001252;0,00309;0,000000001304
4;5,1;-0,23358;-0,0000000003544;-0,00006103;-0,00000002999;-0,0004071;0,0000000006216
4;5,2;-3,98745;0,0000000007845;-0,00041;-0,00000009922;-0,002713;-0,000000002287
4;5,3;-4,46845;-0,00000000102;-0,00043;-0,00000007159;-0,002835;0,000000003245
4;5,4;-1,85922;0,000000001159;-0,00019;-0,00000005158;-0,00124;-0,000000004039
4;5,5;2,13313;-0,000000001097;0,00018;0,00000003293;0,001222;0,000000004164
4;5,6;4,51004;0,0000000008069;0,00048;0,0000001163;0,003202;-0,000000003528
4;5,7;3,21022;-0,000000000459;0,00033;0,00000007267;0,002167;0,000000002767
4;5,8;-0,48537;0,0000000001009;-0,00006072;-0,00000002167;-0,000405;-0,000000001808
4;5,9;-3,50362;0,0000000001854;-0,00036;-0,00000007472;-0,002394;0,0000000008987
4;6;-3,78009;-0,000000000335;-0,00036;-0,00000007779;-0,002379;-0,0000000002759
4;6,1;-1,29498;0,0000000004448;-0,00015;-0,00000003241;-0,000982;-0,0000000005117
4;6,2;2,11356;-0,000000000466;0,00021;0,00000004198;0,001409;0,000000001218
4;6,3;3,83956;0,0000000004008;0,00039;0,00000009062;0,002609;-0,000000001733
4;6,4;2,51274;-0,0000000003962;0,00026;0,00000005947;0,001752;0,000000002407
4;6,5;-0,66941;0,0000000003711;-0,00008746;-0,00000002288;-0,0005833;-0,000000002716
4;6,6;-3,10727;-0,0000000002621;-0,0003;-0,0000000678;-0,002002;0,000000002403
4;6,7;-3,1267;0,0000000001167;-0,00031;-0,00000006228;-0,002095;-0,000000001634
4;6,8;-0,86467;0,00000000007689;-0,00008821;-0,00000002557;-0,0005883;0,0000000004651
4;6,9;2,02175;-0,0000000002144;0,00019;0,0000000425;0,00129;0,0000000003488
4;7;3,27444;0,0000000002407;0,00035;0,00000008026;0,00231;-0,0000000005827
4;7,1;1,92506;-0,0000000002545;0,00018;0,00000003998;0,001221;0,0000000008098
4;7,2;-0,77986;0,000000000218;-0,00007687;-0,00000002156;-0,0005126;-0,0000000006842
4;7,3;-2,72807;-0,0000000001003;-0,00028;-0,00000005585;-0,001843;0,00000000002304
4;7,4;-2,58784;-0,00000000005898;-0,00025;-0,00000005722;-0,001674;0,0000000008986
4;7,5;-0,51202;0,0000000002837;-0,00006504;-0,0000000152;-0,0004337;-0,000000002078
4;7,6;1,90063;-0,0000000004583;0,0002;0,00000004401;0,001336;0,000000002828
4;7,7;2,75485;0,00000000051;0,00027;0,00000006312;0,001827;-0,00000000281
4;7,8;1,46953;-0,0000000004992;0,00015;0,00000003087;0,001015;0,000000002393
4;7,9;-0,83845;0,0000000003793;-0,00009382;-0,00000001953;-0,0006256;-0,000000001473
4;8;-2,39957;-0,0000000001992;-0,00023;-0,00000005153;-0,001536;0,0000000004755
4;8,1;-2,10905;0,00000000008366;-0,00022;-0,00000004682;-0,001467;-0,00000000005378
4;8,2;-0,24232;-0,00000000001451;-0,00002011;-0,000000007216;-0,0001341;-0,00000000002576
4;8,3;1,74555;-0,00000000004077;0,00017;0,00000003954;0,001135;-0,00000000004995
4;8,4;2,31597;0,00000000009126;0,00024;0,00000005309;0,001617;0,0000000001655
4;8,5;1,10126;-0,0000000001454;0,0001;0,0000000228;0,0006723;-0,00000000008478
4;8,6;-0,86649;0,000000000148;-0,00008003;-0,00000001967;-0,0005337;0,0000000001006
4;8,7;-2,09044;-0,00000000007828;-0,00022;-0,00000004468;-0,001436;-0,0000000003645
4;8,8;-1,70539;-0,00000000001115;-0,00017;-0,00000003874;-0,001104;0,0000000006302
4;8,9;-0,04319;0,00000000009917;-0,00001313;-0,000000002114;-0,00008757;-0,0000000008653
4;9;1,5877;-0,0000000001456;0,00017;0,00000003679;0,001127;0,0000000009253
4;9,1;1,93321;0,0000000001291;0,00019;0,00000004299;0,001251;-0,0000000007576
4;9,2;0,80702;-0,0000000001166;0,00008685;0,00000001688;0,0005791;0,0000000006584
4;9,3;-0,86247;0,0000000001121;-0,0000934;-0,00000001865;-0,0006228;-0,0000000005201
4;9,4;-1,8137;-0,0000000001021;-0,00017;-0,00000003974;-0,001162;0,0000000002145
4;9,5;-1,36305;0,0000000001102;-0,00015;-0,00000003113;-0,0009705;0,00000000001272
4;9,6;0,10235;-0,00000000009979;0,00001718;0,000000002275;0,0001145;-0,0000000001792
4;9,7;1,42548;0,00000000005841;0,00014;0,00000003222;0,0009164;0,0000000003654
4;9,8;1,60745;-0,00000000001126;0,00017;0,00000003569;0,001125;-0,0000000004883
4;9,9;0,57324;-0,00000000003383;0,00004977;0,00000001225;0,0003319;0,0000000004802
4;10;-0,84002;0,00000000004414;-0,0000768;-0,00000001831;-0,0005121;-0,0000000002742
4;10,1;-1,5614;-0,000000000008671;-0,00016;-0,00000003451;-0,001093;-0,0000000001111
4;10,2;-1,07721;-0,00000000004813;-0,0001;-0,00000002438;-0,0006811;0,0000000006114
4;10,3;0,20192;0,0000000001225;0,00001335;0,000000004425;0,00008905;-0,000000001154
4;10,4;1,27045;-0,0000000001661;0,00014;0,00000002877;0,000904;0,000000001438
4;10,5;1,32882;0,0000000001334;0,00013;0,00000002926;0,0008425;-0,000000001244
4;10,6;0,3874;-0,00000000006833;0,00004568;0,000000008409;0,0003046;0,0000000007605
4;10,7;-0,8004;-0,000000000003651;-0,00008702;-0,00000001747;-0,0005803;-0,0000000001405
4;10,8;-1,33615;0,00000000006517;-0,00013;-0,0000000297;-0,0008506;-0,0000000004334
4;10,9;-0,84115;-0,00000000007731;-0,00009207;-0,00000001909;-0,000614;0,0000000007033
4;11;0,26834;0,00000000005967;0,00003419;0,000000006229;0,000228;-0,0000000007513
4;11,1;1,12308;-0,00000000003942;0,00011;0,00000002507;0,0007095;0,0000000006491
4;11,2;1,09173;0,0000000000296;0,00012;0,00000002411;0,0007765;-0,0000000004793
4;11,3;0,2426;-0,00000000004741;0,00001752;0,000000005359;0,0001169;0,0000000004626
4;11,4;-0,75075;0,00000000005714;-0,00006842;-0,00000001648;-0,0004563;-0,0000000003948
4;11,5;-1,13599;-0,00000000004581;-0,00012;-0,00000002541;-0,000809;0,0000000001448
4;11,6;-0,64725;0,00000000004916;-0,00005854;-0,00000001447;-0,0003904;0,00000000007088
4;11,7;0,30798;-0,00000000005703;0,00002442;0,000000006939;0,0001629;-0,0000000002486
4;11,8;0,98636;0,00000000005759;0,00011;0,00000002202;0,0007077;0,0000000003888
4;11,9;0,8909;-0,00000000006729;0,00008271;0,00000001967;0,0005516;-0,0000000003663
4;12;0,13057;0,00000000008168;0,00001995;0,000000002955;0,000133;0,0000000001793
4;12,1;-0,69403;-0,00000000009337;-0,00007644;-0,00000001537;-0,0005097;0,000000000093
4;12,2;-0,95985;0,000000000085;-0,00009006;-0,00000002141;-0,0006006;-0,0000000002688
4;12,3;-0,48982;-0,00000000003542;-0,00005606;-0,00000001099;-0,0003738;0,0000000001853
4;12,4;0,3282;-0,00000000002897;0,00003986;0,000000007452;0,0002658;0,00000000003291
4;12,5;0,86073;0,00000000008136;0,00007997;0,00000001909;0,0005333;-0,0000000002007
4;12,6;0,72128;-0,000000000119;0,00007913;0,00000001602;0,0005276;0,000000000287
4;12,7;0,046;0,0000000001338;-0,000001897;0,000000001032;-0,00001264;-0,0000000003337
4;12,8;-0,63402;-0,0000000001259;-0,00005718;-0,00000001402;-0,0003813;0,0000000003471
4;12,9;-0,80617;0,00000000009628;-0,00008784;-0,00000001806;-0,0005857;-0,0000000002641
4;13;-0,36266;-0,00000000004589;-0,00002994;-0,000000008009;-0,0001997;0,00000000008867
4;13,1;0,33364;0,000000000001234;0,00002713;0,000000007429;0,0001809;0,00000000004092
4;13,2;0,74652;0,00000000002337;0,00008163;0,00000001662;0,0005443;-0,00000000008584
4;13,3;0,579;-0,0000000000423;0,00005173;0,00000001282;0,000345;0,0000000001035
4;13,4;-0,01658;0,00000000005452;0,000004889;-0,0000000002923;0,00003259;-0,00000000006748
4;13,5;-0,57316;-0,0000000000583;-0,00006417;-0,00000001279;-0,0004279;0,000000000009965
4;13,6;-0,67292;0,00000000005615;-0,00006134;-0,00000001497;-0,0004091;0,000000000049
4;13,7;-0,26105;-0,00000000004002;-0,00003269;-0,000000005827;-0,000218;-0,0000000001575
4;13,8;0,32848;0,00000000001762;0,00003953;0,000000007366;0,0002636;0,0000000002604
4;13,9;0,64365;0,000000000008767;0,00005835;0,00000001426;0,0003891;-0,0000000003438
4;14;0,46021;-0,00000000004304;0,00005271;0,00000001027;0,0003515;0,0000000004557
4;14,1;-0,06134;0,00000000006439;-0,0000125;-0,000000001374;-0,00008337;-0,0000000005316
4;14,2;-0,51338;-0,00000000007069;-0,00004534;-0,00000001139;-0,0003024;0,0000000005459
4;14,3;-0,55823;0,00000000006908;-0,00006256;-0,00000001248;-0,0004172;-0,000000000508
4;14,4;-0,1805;-0,00000000004784;-0,00001182;-0,00000000396;-0,00007886;0,0000000003738
4;14,5;0,31576;0,00000000001556;0,0000255;0,000000006996;0,00017;-0,0000000001891
4;14,6;0,55168;0,0000000000069;0,00006179;0,00000001229;0,0004121;0,00000000003022
4;14,7;0,36175;-0,0000000000135;0,00003016;0,000000008016;0,0002011;0,00000000009949
4;14,8;-0,09202;0,000000000008451;-0,000002991;-0,000000001992;-0,00001996;-0,0000000002139
4;14,9;-0,45607;-0,000000000007636;-0,00005216;-0,00000001021;-0,0003478;0,0000000003421
4;15;-0,46005;0,00000000002177;-0,00004011;-0,0000000102;-0,0002674;-0,0000000004681
4;15,1;-0,1174;-0,00000000003565;-0,000018;-0,000000002645;-0,00012;0,0000000004896
4;15,2;0,29795;0,00000000003993;0,00003618;0,00000000667;0,0002412;-0,0000000003913
4;15,3;0,47014;-0,00000000003553;0,00004115;0,00000001041;0,0002744;0,0000000002078
4;15,4;0,28064;0,00000000001805;0,00003441;0,000000006287;0,0002295;0,00000000002687
4;15,5;-0,11165;0,000000000001981;-0,00001737;-0,000000002515;-0,0001158;-0,0000000002022
4;15,6;-0,40213;-0,00000000001493;-0,00003438;-0,00000000892;-0,0002293;0,0000000002655
4;15,7;-0,37654;0,00000000001854;-0,00004401;-0,000000008416;-0,0002935;-0,0000000002396
4;15,8;-0,0686;-0,000000000006652;-0,0000008097;-0,000000001483;-0,00000541;0,0000000001418
4;15,9;0,27693;-0,000000000005735;0,0000218;0,000000006122;0,0001454;-0,00000000005182
4;16;0,39831;0,000000000002306;0,00004614;0,000000008895;0,0003077;0,0000000000486
4;16,1;0,21433;0,00000000001155;0,00001555;0,000000004738;0,0001037;-0,0000000001229
4;16,2;-0,12275;-0,00000000003105;-0,000006336;-0,000000002694;-0,00004226;0,0000000002352
4;16,3;-0,35212;0,00000000004202;-0,00004146;-0,000000007878;-0,0002765;-0,0000000002762
4;16,4;-0,30589;-0,0000000000326;-0,0000248;-0,000000006767;-0,0001654;0,0000000001809
4;16,5;-0,03146;0,00000000001576;-0,000009133;-0,0000000007345;-0,00006089;-0,00000000004201
4;16,6;0,25416;0,000000000001024;0,00003154;0,00000000569;0,0002103;-0,00000000009272
4;16,7;0,3355;-0,0000000000136;0,00002783;0,000000007426;0,0001856;0,0000000002063
4;16,8;0,16054;0,0000000000134;0,00002209;0,000000003615;0,0001473;-0,0000000002463
4;16,9;-0,1274;-0,000000000007046;-0,00001873;-0,000000002876;-0,0001249;0,0000000002283
4;17;-0,30633;-0,000000000005127;-0,00002495;-0,000000006779;-0,0001664;-0,0000000001322
4;17,1;-0,24646;0,00000000002562;-0,00003068;-0,00000000552;-0,0002046;-0,00000000005867
4;17,2;-0,00377;-0,00000000003959;0,000005482;-0,00000000004705;0,00003655;0,0000000002402
4;17,3;0,23074;0,00000000004258;0,00001738;0,000000005098;0,0001159;-0,0000000003556
4;17,4;0,2809;-0,00000000003948;0,00003411;0,000000006283;0,0002274;0,0000000004054
4;17,5;0,11727;0,00000000002838;0,000005996;0,00000000258;0,00004;-0,0000000003604
4;17,6;-0,12725;-0,00000000001372;-0,000007016;-0,000000002801;-0,0000468;0,0000000002436
4;17,7;-0,26485;0,000000000001136;-0,00003245;-0,000000005927;-0,0002163;-0,00000000009827
4;17,8;-0,19677;0,000000000008063;-0,00001404;-0,000000004342;-0,00009364;-0,00000000005163
4;17,9;0,01635;-0,000000000009854;-0,000004104;0,0000000003267;-0,00002736;0,0000000001635
4;18;0,2075;0,000000000007908;0,00002662;0,000000004655;0,0001775;-0,0000000002297
4;18,1;0,23375;-0,000000000008395;0,00001781;0,000000005162;0,0001188;0,0000000002676
4;18,2;0,0828;0,000000000006179;0,00001404;0,000000001883;0,00009362;-0,0000000002609
4;18,3;-0,12366;-0,0000000000007325;-0,00001814;-0,000000002792;-0,0001209;0,0000000002149
4;18,4;-0,22762;-0,0000000000029;-0,00001724;-0,000000005026;-0,000115;-0,0000000001609
4;18,5;-0,15548;0,000000000007447;-0,00002131;-0,000000003497;-0,0001421;0,0000000001046
4;18,6;0,03044;-0,00000000001398;0,000008706;0,0000000007149;0,00005805;-0,00000000005074
4;18,7;0,18501;0,00000000002115;0,000013;0,000000004078;0,00008668;-0,000000000004065
4;18,8;0,19327;-0,00000000002725;0,00002507;0,000000004339;0,0001672;0,00000000005817
4;18,9;0,05562;0,00000000002624;0,000000002756;0,000000001201;0,00000002829;-0,00000000007916
4;19;-0,11766;-0,00000000001968;-0,000006264;-0,000000002583;-0,00004178;0,00000000006388
4;19,1;-0,19448;0,00000000001008;-0,00002514;-0,000000004362;-0,0001677;-0,00000000001517
4;19,2;-0,12138;0,000000000004197;-0,000006667;-0,000000002666;-0,00004447;-0,0000000000656
4;19,3;0,03979;-0,0000000000157;-0,000001532;0,0000000008512;-0,00001021;0,0000000001296
4;19,4;0,16369;0,00000000002337;0,000022;0,000000003675;0,0001467;-0,0000000001677
4;19,5;0,15872;-0,00000000003302;0,00001047;0,0000000035;0,00006984;0,000000000204
4;19,6;0,03446;0,00000000003902;0,000008961;0,0000000007976;0,00005975;-0,0000000002143
4;19,7;-0,11011;-0,00000000003696;-0,00001656;-0,00000000248;-0,0001104;0,0000000001829
4;19,8;-0,16521;0,00000000002828;-0,00001117;-0,000000003646;-0,00007448;-0,0000000001131
4;19,9;-0,09342;-0,00000000001465;-0,00001485;-0,000000002107;-0,00009903;0,00000000001577
4;20;0,04545;0,000000000002361;0,00001001;0,000000001039;0,00006673;0,00000000006874
4;20,1;0,1438;0,000000000006835;0,000009058;0,000000003172;0,00006041;-0,0000000001312
4;20,2;0,12941;-0,00000000001512;0,00001843;0,000000002908;0,0001229;0,0000000001745
4;20,3;0,01823;0,00000000001829;-0,000003554;0,0000000003771;-0,00002369;-0,0000000001691
4;20,4;-0,10163;-0,00000000001729;-0,000004856;-0,000000002232;-0,00003239;0,000000000127
4;20,5;-0,13952;0,00000000001689;-0,00001941;-0,000000003134;-0,0001294;-0,00000000008543
4;20,6;-0,07065;-0,00000000001587;-0,000001767;-0,000000001542;-0,00001179;0,00000000005046
4;20,7;0,04829;0,00000000001454;-0,0000004701;0,000000001044;-0,000003125;-0,00000000002475
4;20,8;0,12548;-0,000000000009527;0,00001795;0,000000002822;0,0001197;-0,00000000001787
4;20,9;0,10468;-0,000000000004017;0,000005236;0,0000000023;0,00003492;0,0000000001095
4;21;0,00601;0,00000000001861;0,000005893;0,0000000001631;0,00003929;-0,0000000002036
4;21,1;-0,09271;-0,00000000002691;-0,00001461;-0,000000002092;-0,0000974;0,0000000002442
4;21,2;-0,11714;0,00000000002759;-0,000006533;-0,000000002578;-0,00004357;-0,000000000221
4;21,3;-0,05226;-0,00000000002017;-0,00001051;-0,000000001191;-0,00007006;0,0000000001459
4;21,4;0,04902;0,00000000001041;0,00001017;0,000000001118;0,00006779;-0,00000000005776
4;21,5;0,1088;-0,000000000001909;0,000005736;0,000000002395;0,00003826;-0,00000000002326
4;21,6;0,08395;-0,000000000005732;0,00001365;0,000000001894;0,00009104;0,00000000009334
4;21,7;-0,00299;0,000000000008393;-0,000005491;-0,00000000009196;-0,0000366;-0,0000000001262
4;21,8;-0,08373;-0,000000000005659;-0,000003254;-0,000000001838;-0,00002171;0,0000000001147
4;21,9;-0,09776;-0,0000000000007454;-0,000015;-0,0000000022;-0,0001;-0,00000000006386
4;22;-0,03755;0,00000000001009;0,000001368;-0,0000000008104;0,000009111;-0,00000000001502
4;22,1;0,04821;-0,00000000001706;-0,0000002809;0,000000001047;-0,000001864;0,00000000008361
4;22,2;0,09377;0,00000000001923;0,00001456;0,000000002112;0,00009708;-0,0000000001242
4;22,3;0,06666;-0,00000000001841;0,000001605;0,000000001457;0,00001071;0,0000000001411
4;22,4;-0,00941;0,00000000001448;0,000004145;-0,0000000001831;0,00002763;-0,0000000001317
4;22,5;-0,07494;-0,000000000007753;-0,00001262;-0,000000001694;-0,00008417;0,0000000001
4;22,6;-0,08108;-0,000000000000287;-0,000003097;-0,000000001778;-0,00002066;-0,00000000005045
4;22,7;-0,02588;0,000000000008048;-0,000007657;-0,0000000006022;-0,00005105;-0,000000000009317
4;22,8;0,04629;-0,00000000001254;0,000009698;0,000000001056;0,00006466;0,00000000005459
4;22,9;0,08034;0,00000000001327;0,000003064;0,000000001762;0,00002044;-0,00000000007613
4;23;0,05235;-0,00000000001162;0,00001028;0,00000000119;0,00006854;0,00000000008013
4;23,1;-0,01379;0,000000000006941;-0,000006385;-0,0000000003313;-0,00004257;-0,00000000006379
4;23,2;-0,06654;-0,000000000001975;-0,000001715;-0,000000001456;-0,00001145;0,0000000000407
4;23,3;-0,0668;-0,0000000000003219;-0,00001169;-0,00000000151;-0,00007798;-0,00000000002665
4;23,4;-0,01675;0,00000000000247;0,00000327;-0,0000000003488;0,0000218;0,00000000001205
4;23,5;0,04364;-0,000000000003823;-0,0000005499;0,0000000009472;-0,000003658;0,0000000000005244
4;23,6;0,06843;0,000000000001932;0,00001182;0,000000001547;0,0000788;0,0000000000006708
4;23,7;0,04057;0,000000000001233;-0,0000008324;0,0000000008787;-0,000005542;-0,000000000008402
4;23,8;-0,01657;-0,000000000004183;0,000003235;-0,0000000003446;0,00002156;0,00000000001628
4;23,9;-0,05864;0,000000000006601;-0,00001079;-0,000000001329;-0,00007197;-0,0000000000225
4;24;-0,05465;-0,000000000007998;-0,0000006248;-0,000000001192;-0,000004175;0,00000000002669
4;24,1;-0,00969;0,000000000008811;-0,000005839;-0,0000000002396;-0,00003893;-0,00000000003283
4;24,2;0,04053;-0,000000000008098;0,00000893;0,0000000009255;0,00005954;0,00000000003404
4;24,3;0,05795;0,000000000005576;0,0000009963;0,000000001266;0,000006653;-0,00000000002643
4;24,4;0,03095;-0,000000000003016;0,00000794;0,0000000007117;0,00005294;0,00000000001781
4;24,5;-0,01813;0,0000000000004762;-0,000006637;-0,0000000004262;-0,00004425;-0,000000000008582
4;24,6;-0,05133;0,000000000002139;-0,000000369;-0,00000000112;-0,000002469;-0,000000000003185
4;24,7;-0,04438;-0,000000000004003;-0,000009253;-0,00000000101;-0,00006169;0,00000000001309
4;24,8;-0,00432;0,000000000005041;0,000004337;-0,00000000007421;0,00002892;-0,0000000000167
4;24,9;0,03717;-0,000000000005375;-0,000001018;0,0000000008053;-0,000006781;0,0000000000162
4;25;0,04879;0,000000000006104;0,000009658;0,000000001107;0,0000644;-0,00000000002125
4;25,1;0,02315;-0,000000000007994;-0,000002404;0,0000000004938;-0,00001602;0,00000000003476
4;25,2;-0,01876;0,000000000008772;0,000002833;-0,0000000003963;0,00001888;-0,00000000004262
4;25,3;-0,04464;-0,000000000007129;-0,000009202;-0,000000001014;-0,00006136;0,00000000003668
4;25,4;-0,03573;0,000000000004472;0,000001098;-0,0000000007743;0,000007316;-0,00000000002274
4;25,5;-0,00033;-0,000000000001413;-0,000004716;-0,00000000002802;-0,00003144;0,000000000004435
4;25,6;0,03372;-0,000000000001289;0,000008065;0,0000000007709;0,00005377;0,00000000001255
4;25,7;0,04083;0,000000000003238;-0,0000005473;0,0000000008882;-0,000003642;-0,00000000002536
4;25,8;0,01688;-0,000000000005019;0,000006344;0,0000000003958;0,0000423;0,00000000003532
4;25,9;-0,0187;0,00000000000543;-0,000006515;-0,0000000004362;-0,00004344;-0,00000000003704
4;26;-0,03858;-0,000000000003573;0,0000007364;-0,0000000008385;0,000004902;0,00000000002635
4;26,1;-0,02851;0,0000000000003275;-0,000007478;-0,0000000006542;-0,00004986;-0,000000000006103
4;26,2;0,00257;0,000000000003342;0,000004854;0,00000000007672;0,00003236;-0,00000000001623
4;26,3;0,0303;-0,000000000006156;-0,000001532;0,0000000006549;-0,00001021;0,00000000003203
4;26,4;0,03396;0,000000000006952;0,00000799;0,000000000775;0,00005327;-0,00000000003827
4;26,5;0,01188;-0,000000000005872;-0,000003362;0,0000000002452;-0,00002241;0,00000000003691
4;26,6;-0,01814;0,000000000003324;0,00000272;-0,0000000003844;0,00001813;-0,00000000002652
4;26,7;-0,03314;0,0000000000001798;-0,00000787;-0,0000000007567;-0,00005247;0,000000000009115
4;26,8;-0,02251;-0,000000000003856;0,000002255;-0,0000000004817;0,00001503;0,000000000009165
4;26,9;0,00459;0,000000000007467;-0,000004047;0,00000000008291;-0,00002698;-0,0000000000273
4;27;0,027;-0,000000000009649;0,000007216;0,00000000062;0,00004811;0,00000000003852
4;27,1;0,02807;0,000000000009238;-0,000001659;0,0000000006056;-0,00001106;-0,00000000003683
4;27,2;0,00795;-0,000000000007233;0,000005273;0,0000000001957;0,00003516;0,00000000002741
4;27,3;-0,01724;0,000000000004239;-0,000006196;-0,0000000004021;-0,00004131;-0,00000000001297
4;27,4;-0,02831;-0,0000000000005653;0,000001599;-0,0000000006118;0,00001065;-0,000000000004797
4;27,5;-0,01756;-0,00000000000276;-0,000006204;-0,0000000004086;-0,00004136;0,00000000002072
4;27,6;0,00592;0,00000000000542;0,000005021;0,0000000001494;0,00003347;-0,00000000003317
4;27,7;0,02388;-0,000000000006916;-0,000002009;0,000000000514;-0,00001339;0,00000000003852
4;27,8;0,02304;0,000000000006583;0,00000672;0,0000000005298;0,00004481;-0,000000000034
4;27,9;0,00489;-0,000000000005021;-0,000003896;0,00000000009189;-0,00002598;0,00000000002452
4;28;-0,01612;0,000000000002687;0,000002754;-0,0000000003418;0,00001836;-0,00000000001249
4;28,1;-0,02404;0,00000000000005516;-0,000006785;-0,0000000005517;-0,00004524;-0,0000000000009465
4;28,2;-0,0135;-0,00000000000237;0,000002994;-0,0000000002837;0,00001996;0,00000000001279
4;28,3;0,00673;0,000000000004056;-0,000003665;0,0000000001331;-0,00002443;-0,00000000002221
4;28,4;0,02097;-0,000000000004411;0,000006441;0,000000000483;0,00004294;0,00000000002483
4;28,5;0,01878;0,000000000002772;-0,000002428;0,0000000004016;-0,00001618;-0,00000000001643
4;28,6;0,00255;-0,000000000000324;0,000004563;0,00000000007273;0,00003042;0,000000000002218
4;28,7;-0,01486;-0,000000000001898;-0,000005791;-0,0000000003467;-0,00003861;0,00000000001188
4;28,8;-0,02029;0,000000000003734;0,00000224;-0,0000000004358;0,00001493;-0,00000000002385
4;28,9;-0,0102;-0,000000000004658;-0,000005298;-0,0000000002425;-0,00003532;0,00000000003031
4;29;0,00712;0,000000000004611;0,000004977;0,0000000001739;0,00003318;-0,00000000003011
4;29,1;0,01829;-0,000000000003698;-0,000002407;0,0000000003916;-0,00001605;0,00000000002276
4;29,2;0,01518;0,00000000000206;0,000005765;0,000000000353;0,00003844;-0,00000000001072
4;29,3;0,00078;-0,0000000000006435;-0,000004147;0,000000000002361;-0,00002765;0,000000000001755
4;29,4;-0,01355;-0,0000000000001638;0,00000285;-0,0000000002866;0,000019;0,000000000002534
4;29,5;-0,01703;0,0000000000004491;-0,000005917;-0,0000000003938;-0,00003945;-0,000000000004198
4;29,6;-0,00753;-0,0000000000002605;0,000003434;-0,0000000001529;0,00002289;0,000000000004205
4;29,7;0,00721;-0,0000000000001554;-0,000003454;0,000000000146;-0,00002303;-0,000000000003041
4;29,8;0,01585;0,0000000000007194;0,000005765;0,000000000367;0,00003843;-0,0000000000003999
4;29,9;0,01217;-0,000000000001396;-0,000002933;0,0000000002565;-0,00001955;0,00000000000619
4;30;-0,00051;0,00000000000201;0,000004095;0,000000000002654;0,0000273;-0,00000000001238
4;30,1;-0,01223;-0,000000000002529;-0,000005367;-0,0000000002861;-0,00003578;0,00000000001697
4;30,2;-0,01421;0,000000000002922;0,000002694;-0,0000000003024;0,00001796;-0,00000000001908
4;30,3;-0,0054;-0,000000000002857;-0,000004656;-0,0000000001337;-0,00003104;0,00000000001795
4;30,4;0,00708;0,000000000002378;0,000004814;0,0000000001709;0,0000321;-0,00000000001439
4;30,5;0,01366;-0,000000000001773;-0,000002716;0,0000000002906;-0,0000181;0,000000000009592
4;30,6;0,00965;0,000000000001158;0,000005052;0,0000000002279;0,00003368;-0,000000000004458
4;30,7;-0,00144;-0,000000000000724;-0,000004213;-0,00000000004486;-0,00002809;0,0000000000007049
4;30,8;-0,01094;0,0000000000005983;0,000002956;-0,0000000002307;0,00001971;0,0000000000002911
4;30,9;-0,01178;-0,0000000000008908;-0,000005232;-0,0000000002747;-0,00003488;0,000000000002001
4;31;-0,00371;0,000000000001578;0,000003662;-0,00000000007003;0,00002442;-0,000000000006089
4;31,1;0,00679;-0,000000000002141;-0,000003342;0,0000000001387;-0,00002228;0,000000000008932
4;31,2;0,0117;0,000000000002435;0,000005191;0,0000000002724;0,00003461;-0,00000000001017
4;31,3;0,00758;-0,000000000002742;-0,00000324;0,0000000001566;-0,0000216;0,00000000001132
4;31,4;-0,00206;0,000000000002779;0,000003785;-0,00000000003403;0,00002523;-0,00000000001145
4;31,5;-0,00971;-0,000000000002432;-0,000004959;-0,0000000002278;-0,00003306;0,00000000001014
4;31,6;-0,0097;0,000000000002051;0,000002994;-0,0000000002042;0,00001996;-0,000000000008937
4;31,7;-0,00239;-0,000000000001632;-0,0000042;-0,00000000006464;-0,000028;0,000000000007879
4;31,8;0,00639;0,000000000001213;0,000004593;0,0000000001537;0,00003062;-0,000000000006807
4;31,9;0,00996;-0,00000000000101;-0,000002936;0,0000000002103;-0,00001957;0,00000000000633
4;32;0,00587;0,0000000000009557;0,000004518;0,0000000001417;0,00003012;-0,000000000006135
4;32,1;-0,00246;-0,000000000001017;-0,000004165;-0,00000000006577;-0,00002777;0,000000000005889
4;32,2;-0,00855;0,00000000000112;0,000003046;-0,0000000001794;0,0000203;-0,000000000004873
4;32,3;-0,00793;-0,000000000001094;-0,000004695;-0,0000000001872;-0,0000313;0,00000000000263
4;32,4;-0,00137;0,000000000001034;0,000003748;-0,00000000001984;0,00002499;-0,0000000000005748
4;32,5;0,00593;-0,0000000000008891;-0,000003278;0,0000000001215;-0,00002185;-0,0000000000008925
4;32,6;0,00843;0,0000000000006814;0,000004713;0,0000000001979;0,00003142;0,000000000001776
4;32,7;0,00447;-0,0000000000007262;-0,000003404;0,0000000000893;-0,00002269;-0,0000000000009934
4;32,8;-0,00268;0,0000000000009615;0,000003574;-0,00000000004956;0,00002383;-0,000000000001072
4;32,9;-0,00748;-0,000000000001221;-0,000004587;-0,0000000001764;-0,00003058;0,00000000000345
4;33;-0,00644;0,000000000001397;0,000003175;-0,0000000001335;0,00002116;-0,000000000005355
4;33,1;-0,00059;-0,000000000001236;-0,000003872;-0,00000000002282;-0,00002581;0,000000000005592
4;33,2;0,00543;0,0000000000009071;0,000004349;0,0000000001305;0,000029;-0,000000000004975
4;33,3;0,00709;-0,0000000000005876;-0,000003078;0,0000000001484;-0,00002052;0,000000000004
4;33,4;0,00334;0,0000000000001483;0,000004118;0,0000000000836;0,00002745;-0,000000000001556
4;33,5;-0,00276;0,0000000000002131;-0,000004049;-0,00000000007064;-0,000027;-0,000000000001178
4;33,6;-0,00651;-0,0000000000003257;0,000003106;-0,0000000001357;0,00002071;0,000000000002844
4;33,7;-0,00518;0,000000000000236;-0,000004273;-0,0000000001242;-0,00002848;-0,000000000003357
4;33,8;-0,00001545;0,00000000000006422;0,000003739;0,000000000008403;0,00002493;0,00000000000257
4;33,9;0,00493;-0,0000000000004152;-0,000003235;0,000000000101;-0,00002156;-0,000000000001052
4;34;0,00594;0,0000000000006528;0,000004318;0,0000000001405;0,00002879;-0,0000000000006086
4;34,1;0,00243;-0,0000000000007691;-0,000003466;0,00000000004568;-0,00002311;0,00000000000197
4;34,2;-0,00275;0,0000000000007355;0,000003424;-0,00000000005288;0,00002283;-0,000000000002423
4;34,3;-0,00562;-0,0000000000005849;-0,000004256;-0,0000000001332;-0,00002838;0,000000000002032
4;34,4;-0,00413;0,0000000000004213;0,000003265;-0,00000000008389;0,00002176;-0,000000000001372
4;34,5;0,0004;-0,0000000000002508;-0,00000363;0,000000000001016;-0,0000242;0,0000000000006367
4;34,6;0,00443;0,0000000000001563;0,000004106;0,0000000001063;0,00002738;-0,0000000000002458
4;34,7;0,00493;-0,0000000000002293;-0,000003154;0,0000000001021;-0,00002103;0,0000000000006624
4;34,8;0,00171;0,0000000000003305;0,000003813;0,00000000004551;0,00002542;-0,000000000001287
4;34,9;-0,00266;-0,0000000000004556;-0,000003899;-0,00000000006666;-0,00002599;0,000000000001902
4;35;-0,00483;0,000000000000657;0,000003135;-0,0000000001001;0,0000209;-0,000000000002388
4;35,1;-0,00326;-0,0000000000008;-0,000003939;-0,00000000007969;-0,00002626;0,000000000002089
4;35,2;0,00069;0,0000000000008589;0,000003671;0,00000000002241;0,00002447;-0,000000000001401
4;35,3;0,00394;-0,0000000000008863;-0,000003195;0,00000000008079;-0,0000213;0,0000000000009171
4;35,4;0,00408;0,0000000000009511;0,000003993;0,0000000000975;0,00002662;-0,0000000000009573
4;35,5;0,00114;-0,00000000000106;-0,000003458;0,00000000001861;-0,00002305;0,000000000001509
4;35,6;-0,00253;0,000000000001085;0,000003308;-0,00000000004965;0,00002206;-0,000000000001914
4;35,7;-0,00412;-0,0000000000009575;-0,000003968;-0,00000000009815;-0,00002645;0,000000000001913
4;35,8;-0,00254;0,0000000000007161;0,000003288;-0,00000000005013;0,00002192;-0,000000000001653
4;35,9;0,00088;-0,000000000000423;-0,000003445;0,00000000001331;-0,00002297;0,000000000001159
4;36;0,00348;0,0000000000002005;0,000003875;0,00000000008374;0,00002583;-0,0000000000009724
4;36,1;0,00334;-0,0000000000001255;-0,000003178;0,0000000000683;-0,00002119;0,000000000001508
4;36,2;0,00069;0,0000000000001131;0,000003575;0,00000000002146;0,00002383;-0,000000000002124
4;36,3;-0,00236;-0,0000000000001519;-0,000003733;-0,00000000005841;-0,00002489;0,000000000002494
4;36,4;-0,0035;0,0000000000002606;0,000003134;-0,00000000007204;0,00002089;-0,000000000002568
4;36,5;-0,00195;-0,0000000000003297;-0,000003673;-0,00000000004906;-0,00002449;0,000000000001979
4;36,6;0,00099;0,000000000000381;0,000003568;0,00000000002766;0,00002378;-0,000000000001222
4;36,7;0,00306;-0,0000000000004937;-0,00000315;0,00000000006264;-0,000021;0,0000000000009229
4;36,8;0,00272;0,0000000000005929;0,000003723;0,00000000006589;0,00002482;-0,0000000000009003
4;36,9;0,00036;-0,0000000000006144;-0,000003404;0,000000000002746;-0,00002269;0,0000000000008523
4;37;-0,00217;0,000000000000552;0,000003211;-0,00000000004333;0,00002141;-0,0000000000006357
4;37,1;-0,00295;-0,0000000000004051;-0,000003718;-0,00000000007062;-0,00002479;0,0000000000001483
4;37,2;-0,00147;0,0000000000002391;0,000003263;-0,0000000000279;0,00002176;0,0000000000004937
4;37,3;0,00105;-0,00000000000009607;-0,000003297;0,00000000001862;-0,00002198;-0,000000000001105
4;37,4;0,00267;-0,00000000000001143;0,000003661;0,00000000006394;0,00002441;0,000000000001475
4;37,5;0,0022;0,00000000000005597;-0,000003162;0,00000000004448;-0,00002108;-0,000000000001534
4;37,6;0,0001;-0,00000000000006067;0,000003385;0,000000000006632;0,00002257;0,000000000001508
4;37,7;-0,00198;-0,00000000000001111;-0,000003565;-0,00000000004835;-0,00002377;-0,000000000001077
4;37,8;-0,00248;0,0000000000001705;0,000003107;-0,00000000005094;0,00002071;0,00000000000009493
4;37,9;-0,00108;-0,0000000000002927;-0,000003456;-0,00000000002818;-0,00002304;0,0000000000007241
4;38;0,00106;0,0000000000003548;0,000003445;0,00000000002752;0,00002297;-0,000000000001214
4;38,1;0,00231;-0,000000000000364;-0,000003097;0,00000000004758;-0,00002064;0,000000000001297
4;38,2;0,00176;0,0000000000003105;0,000003498;0,00000000004293;0,00002332;-0,0000000000008133
4;38,3;-0,00008598;-0,0000000000002737;-0,00000332;-0,000000000005487;-0,00002213;0,0000000000002753
4;38,4;-0,00179;0,0000000000002567;0,000003122;-0,0000000000363;0,00002081;0,0000000000001153
4;38,5;-0,00206;-0,0000000000002242;-0,000003501;-0,00000000004928;-0,00002334;-0,0000000000004847
4;38,6;-0,00078;0,000000000000221;0,000003206;-0,00000000001403;0,00002137;0,0000000000006135
4;38,7;0,00104;-0,000000000000247;-0,000003171;0,00000000002001;-0,00002114;-0,0000000000005187
4;38,8;0,00199;0,0000000000003162;0,000003467;0,00000000004725;0,00002311;0,0000000000001521
4;38,9;0,0014;-0,0000000000004331;-0,000003117;0,00000000002823;-0,00002078;0,0000000000005441
4;39;-0,00022;0,0000000000004946;0,000003227;-0,000000000002089;0,00002151;-0,000000000001068
4;39,1;-0,0016;-0,0000000000004829;-0,000003401;-0,00000000003821;-0,00002267;0,000000000001271
4;39,2;-0,00171;0,0000000000004586;0,000003059;-0,0000000000355;0,00002039;-0,000000000001446
4;39,3;-0,00053;-0,0000000000004209;-0,000003276;-0,00000000001429;-0,00002184;0,000000000001603
4;39,4;0,001;0,0000000000003685;0,000003314;0,00000000002451;0,00002209;-0,000000000001581
4;39,5;0,0017;-0,0000000000002922;-0,000003034;0,00000000003562;-0,00002022;0,000000000001228
4;39,6;0,0011;0,0000000000001843;0,000003307;0,00000000002656;0,00002204;-0,0000000000005906
4;39,7;-0,00031;-0,00000000000009422;-0,000003219;-0,00000000000892;-0,00002146;-0,00000000000004639
4;39,8;-0,00142;0,0000000000000445;0,000003036;-0,00000000002957;0,00002024;0,0000000000005346
4;39,9;-0,00141;-0,0000000000000148;-0,000003312;-0,00000000003319;-0,00002208;-0,0000000000009089
4;40;-0,00034;0,00000000000001789;0,000003128;-0,000000000005817;0,00002085;0,000000000001066
5;0;0;0;0;0;0;0
5;0,1;12,49185;0,0000000007765;-0,00045;-0,0000007592;0,002987;0,000000004505
5;0,2;2,84236;-0,000000001545;-0,002;-0,000001568;0,013;-0,00000000546
5;0,3;-0,41445;0,00000000194;0,00013;-0,0000004412;-0,0008643;0,000000009137
5;0,4;-13,7524;-0,000000002209;0,00258;0,000002422;-0,017;-0,00000001263
5;0,5;-8,48521;0,000000002258;0,00086;0,0000004171;-0,005761;0,00000001462
5;0,6;0,52482;-0,00000000215;-0,00096;-0,000001093;0,006394;-0,00000001533
5;0,7;5,79315;0,000000001821;-0,00033;0,0000002803;0,00217;0,0000000145
5;0,8;13,74579;-0,000000001302;-0,00067;-0,0000005001;0,004497;-0,00000001212
5;0,9;3,79054;0,0000000008552;-0,00142;-0,000001251;0,009473;0,000000009721
5;1;-7,81322;-0,000000000522;0,00051;0,0000006075;-0,003431;-0,000000007444
5;1,1;-5,7614;0,0000000003713;0,002;0,000001307;-0,013;0,000000005406
5;1,2;-8,16577;-0,0000000004993;0,0004;0,0000001571;-0,002692;-0,000000004507
5;1,3;-2,65203;0,0000000007369;-0,00054;-0,0000002825;0,003574;0,000000004305
5;1,4;11,21026;-0,0000000009061;-0,00023;-0,0000001788;0,00152;-0,000000004707
5;1,5;8,35277;0,0000000009269;-0,00099;-0,0000006195;0,0066;0,000000005491
5;1,6;0,61982;-0,0000000007438;-0,00097;-0,0000006554;0,006453;-0,000000005028
5;1,7;-2,17264;0,00000000046;0,00084;0,000000476;-0,005625;0,000000003523
5;1,8;-8,50465;-0,0000000001165;0,00131;0,000001004;-0,008709;-0,000000001492
5;1,9;-7,36039;-0,0000000003409;0,00027;0,000000138;-0,001817;-0,000000001297
5;2;2,19775;0,0000000007369;-0,00018;-0,0000002298;0,001183;0,000000003481
5;2,1;6,80997;-0,0000000009194;-0,00043;-0,0000001393;0,002854;-0,000000004249
5;2,2;6,77799;0,0000000008647;-0,00099;-0,0000006726;0,006624;0,000000004276
5;2,3;2,45329;-0,0000000005609;-0,00049;-0,0000004504;0,00324;-0,00000000372
5;2,4;-4,59066;0,0000000001273;0,00073;0,0000006095;-0,004896;0,000000002444
5;2,5;-6,87423;0,000000000435;0,00095;0,0000006348;-0,006347;0,0000000002809
5;2,6;-4,63234;-0,000000001115;0,00027;0,00000008917;-0,001821;-0,000000004483
5;2,7;0,84854;0,000000001603;-0,00011;-0,00000001476;0,000762;0,000000007623
5;2,8;6,80654;-0,000000001743;-0,00051;-0,0000003151;0,003405;-0,000000008597
5;2,9;5,84416;0,000000001573;-0,00084;-0,0000006162;0,005609;0,000000008137
5;3;0,61822;-0,000000001121;-0,00027;-0,0000001504;0,001776;-0,000000006155
5;3,1;-3,29197;0,0000000005554;0,00067;0,0000004546;-0,004493;0,000000003442
5;3,2;-6,12521;-0,000000000023;0,00069;0,0000004566;-0,004636;-0,0000000009468
5;3,3;-4,21695;-0,0000000004694;0,00026;0,0000001675;-0,001761;-0,000000001578
5;3,4;2,17748;0,0000000008245;-0,0000947;-0,00000006323;0,0006319;0,000000003498
5;3,5;5,44942;-0,0000000008957;-0,00054;-0,0000003457;0,003622;-0,000000003836
5;3,6;4,34893;0,0000000006885;-0,0007;-0,0000004706;0,004686;0,000000002995
5;3,7;1,00896;-0,0000000003726;-0,00007307;-0,00000007442;0,0004877;-0,000000001835
5;3,8;-3,61921;0,00000000007709;0,00053;0,0000003904;-0,003568;0,0000000008112
5;3,9;-5,43158;0,0000000002182;0,00056;0,0000003632;-0,003725;0,0000000002446
5;4;-2,59853;-0,0000000005177;0,00025;0,0000001416;-0,001666;-0,000000001528
5;4,1;1,79426;0,0000000006929;-0,00012;-0,0000000589;0,0008132;0,000000002201
5;4,2;4,64554;-0,0000000006812;-0,00054;-0,0000003501;0,003614;-0,000000001875
5;4,3;3,90337;0,0000000005731;-0,00052;-0,0000003795;0,003496;0,000000001153
5;4,4;0,20704;-0,0000000004169;-0,00001212;0,00000001256;0,0000807;-0,0000000002187
5;4,5;-3,29571;0,0000000002656;0,00046;0,0000003077;-0,003047;-0,0000000005402
5;4,6;-4,38985;-0,0000000001553;0,00046;0,0000002902;-0,003045;0,0000000009609
5;4,7;-2,12724;0,00000000003562;0,00022;0,0000001475;-0,001476;-0,000000001463
5;4,8;1,94276;0,000000000101;-0,00016;-0,00000009577;0,001086;0,000000001869
5;4,9;4,05422;-0,0000000002288;-0,00048;-0,00000033;0,003203;-0,00000000189
5;5;2,98131;0,0000000002781;-0,00042;-0,0000002725;0,002769;0,000000001196
5;5,1;0,05131;-0,0000000002104;0,00004832;0,00000003047;-0,0003224;0,0000000003068
5;5,2;-3,04244;0,0000000001262;0,00037;0,0000002531;-0,002478;-0,000000001645
5;5,3;-3,78657;-0,00000000005419;0,0004;0,0000002563;-0,002648;0,000000002451
5;5,4;-1,36811;-0,00000000005295;0,00017;0,0000001136;-0,001123;-0,000000003147
5;5,5;1,81943;0,0000000001559;-0,00017;-0,0000001129;0,001151;0,000000003341
5;5,6;3,40276;-0,0000000002521;-0,00044;-0,000000286;0,002904;-0,000000002962
5;5,7;2,51769;0,0000000003512;-0,0003;-0,0000002094;0,001998;0,000000002444
5;5,8;-0,27829;-0,0000000004007;0,00005412;0,0000000465;-0,0003612;-0,000000001685
5;5,9;-2,79296;0,0000000004042;0,00033;0,0000002159;-0,0022;0,000000000926
5;6;-3,03832;-0,0000000003704;0,00033;0,0000002164;-0,002197;-0,000000000357
5;6,1;-0,98726;0,0000000002667;0,00013;0,00000008827;-0,000892;-0,0000000003921
5;6,2;1,71457;-0,0000000001198;-0,00019;-0,0000001217;0,001296;0,000000001034
5;6,3;2,97604;-0,00000000003597;-0,00036;-0,0000002478;0,002394;-0,000000001402
5;6,4;1,94689;0,0000000001727;-0,00024;-0,0000001533;0,001595;0,000000001801
5;6,5;-0,45188;-0,0000000002389;0,00007745;0,00000005007;-0,0005168;-0,000000001881
5;6,6;-2,46138;0,0000000002281;0,00028;0,0000001854;-0,001844;0,000000001488
5;6,7;-2,53376;-0,0000000001433;0,00029;0,0000001874;-0,001932;-0,0000000007611
5;6,8;-0,62101;0,000000000003605;0,00008014;0,0000000592;-0,0005347;-0,0000000002793
5;6,9;1,61678;0,00000000009613;-0,00018;-0,0000001233;0,001195;0,000000001049
5;7;2,51038;-0,0000000001399;-0,00032;-0,0000002061;0,002102;-0,000000001339
5;7,1;1,54406;0,0000000001795;-0,00017;-0,0000001167;0,001131;0,000000001564
5;7,2;-0,57425;-0,000000000168;0,00007026;0,00000005208;-0,0004688;-0,000000001466
5;7,3;-2,19652;0,00000000009873;0,00025;0,000000164;-0,001696;0,0000000009619
5;7,4;-2,04258;-0,00000000001919;0,00023;0,0000001566;-0,001542;-0,0000000003422
5;7,5;-0,36771;-0,00000000005648;0,00005795;0,00000003574;-0,0003866;-0,0000000004195
5;7,6;1,48202;0,00000000007625;-0,00018;-0,0000001169;0,001218;0,0000000008728
5;7,7;2,15316;-0,00000000001922;-0,00025;-0,000000173;0,00168;-0,0000000007638
5;7,8;1,17615;-0,00000000007964;-0,00014;-0,00000008733;0,0009291;0,0000000003919
5;7,9;-0,65313;0,0000000001996;0,00008514;0,00000005313;-0,000568;0,0000000002694
5;8;-1,9082;-0,0000000002756;0,00021;0,0000001439;-0,001418;-0,0000000008968
5;8,1;-1,66375;0,0000000002623;0,0002;0,0000001298;-0,001342;0,000000001051
5;8,2;-0,17316;-0,0000000002087;0,00001881;0,00000001752;-0,0001256;-0,0000000009521
5;8,3;1,3686;0,0000000001326;-0,00016;-0,000000109;0,001046;0,0000000007593
5;8,4;1,81073;-0,00000000005263;-0,00022;-0,0000001431;0,001476;-0,0000000005809
5;8,5;0,88392;0,00000000001646;-0,0000937;-0,00000006565;0,0006252;0,0000000005892
5;8,6;-0,67889;0,000000000004003;0,00007408;0,0000000531;-0,0004943;-0,0000000005222
5;8,7;-1,66522;-0,00000000002854;0,0002;0,0000001266;-0,001317;0,0000000002606
5;8,8;-1,33609;0,00000000004183;0,00015;0,0000001055;-0,001017;-0,0000000000003875
5;8,9;-0,02355;-0,00000000005416;0,00001098;0,000000003474;-0,00007322;-0,0000000002514
5;9;1,23789;0,00000000005436;-0,00015;-0,00000009842;0,001027;0,0000000003498
5;9,1;1,52319;-0,00000000004454;-0,00017;-0,000000119;0,001154;-0,0000000002359
5;9,2;0,64687;0,00000000005068;-0,0000792;-0,00000004822;0,0005284;0,0000000001852
5;9,3;-0,68554;-0,00000000004294;0,0000851;0,00000005247;-0,0005678;-0,0000000001186
5;9,4;-1,4345;-0,000000000004912;0,00016;0,0000001105;-0,001073;-0,00000000009007
5;9,5;-1,0674;0,000000000057;0,00013;0,00000008432;-0,0008846;0,0000000002546
5;9,6;0,08146;-0,00000000008684;-0,000015;-0,000000005795;0,0001001;-0,0000000003716
5;9,7;1,11788;0,0000000000994;-0,00013;-0,00000008852;0,0008456;0,0000000004962
5;9,8;1,26828;-0,00000000009485;-0,00015;-0,00000009826;0,001028;-0,0000000005737
5;9,9;0,456;0,00000000006377;-0,00004653;-0,00000003461;0,0003104;0,0000000005578
5;10;-0,66507;-0,00000000001378;0,00007129;0,00000005106;-0,0004757;-0,0000000003919
5;10,1;-1,23322;-0,00000000004374;0,00015;0,00000009547;-0,0009989;0,00000000008468
5;10,2;-0,8446;0,0000000001101;0,00009435;0,00000006679;-0,0006296;0,0000000002992
5;10,3;0,15932;-0,0000000001706;-0,00001301;-0,00000001262;0,00008686;-0,0000000006962
5;10,4;0,99693;0,0000000001984;-0,00012;-0,00000007827;0,0008241;0,0000000009053
5;10,5;1,0497;-0,0000000001815;-0,00012;-0,00000008131;0,0007789;-0,0000000007796
5;10,6;0,30775;0,0000000001252;-0,00004124;-0,00000002348;0,0002751;0,0000000004411
5;10,7;-0,6345;-0,00000000004024;0,00007921;0,00000004865;-0,0005284;0,00000000001465
5;10,8;-1,05286;-0,000000000047;0,00012;0,00000008208;-0,0007858;-0,0000000004582
5;10,9;-0,65988;0,0000000001049;0,00008367;0,00000005181;-0,0005582;0,0000000006787
5;11;0,20956;-0,000000000133;-0,00003059;-0,00000001651;0,000204;-0,0000000007204
5;11,1;0,88376;0,0000000001267;-0,00009833;-0,00000006921;0,0006561;0,0000000006358
5;11,2;0,86263;-0,00000000009479;-0,00011;-0,00000006663;0,0007084;-0,000000000479
5;11,3;0,1911;0,000000000074;-0,0000168;-0,00000001493;0,0001121;0,0000000004196
5;11,4;-0,59335;-0,00000000004646;0,00006354;0,00000004591;-0,000424;-0,0000000003206
5;11,5;-0,89443;-0,000000000007819;0,00011;0,0000000697;-0,0007377;0,00000000008113
5;11,6;-0,5091;0,00000000006645;0,00005441;0,00000003996;-0,000363;0,0000000001401
5;11,7;0,24159;-0,0000000001178;-0,0000231;-0,00000001916;0,0001542;-0,0000000003267
5;11,8;0,77697;0,00000000015;-0,00009665;-0,00000006048;0,0006449;0,0000000004581
5;11,9;0,70332;-0,0000000001472;-0,00007664;-0,00000005457;0,0005113;-0,000000000433
5;12;0,10268;0,000000000109;-0,00001759;-0,000000007992;0,0001173;0,0000000002686
5;12,1;-0,54798;-0,00000000005172;0,00006945;0,00000004239;-0,0004633;-0,00000000004865
5;12,2;-0,75569;0,000000000002604;0,00008332;0,00000005908;-0,000556;-0,0000000000936
5;12,3;-0,38553;0,00000000001989;0,00005072;0,00000003;-0,0003384;0,00000000005699
5;12,4;0,25765;-0,00000000002278;-0,00003584;-0,00000002015;0,0002391;0,00000000006657
5;12,5;0,67849;0,00000000002554;-0,00007408;-0,00000005289;0,0004943;-0,0000000001573
5;12,6;0,56923;-0,00000000003269;-0,00007192;-0,00000004407;0,0004798;0,000000000197
5;12,7;0,03565;0,00000000002946;0,00000106;-0,000000002985;-0,000007042;-0,0000000002097
5;12,8;-0,5;-0,00000000001771;0,00005316;0,00000003896;-0,0003547;0,0000000001958
5;12,9;-0,63467;0,00000000001496;0,00007989;0,00000004943;-0,000533;-0,0000000001069
5;13;-0,28593;-0,00000000001962;0,00002816;0,00000002235;-0,0001879;-0,00000000005251
5;13,1;0,26246;0,00000000001809;-0,00002557;-0,00000002063;0,0001706;0,0000000001691
5;13,2;0,58866;-0,00000000001233;-0,00007422;-0,00000004567;0,0004952;-0,0000000002118
5;13,3;0,45654;0,000000000005828;-0,00004816;-0,00000003558;0,0003213;0,0000000002341
5;13,4;-0,01344;0,000000000006475;-0,000003793;0,000000001053;0,00002528;-0,0000000002203
5;13,5;-0,45172;-0,00000000001829;0,0000582;0,00000003507;-0,0003883;0,0000000001869
5;13,6;-0,53;0,00000000002806;0,00005696;0,00000004142;-0,00038;-0,0000000001396
5;13,7;-0,20587;-0,0000000000395;0,00002932;0,00000001591;-0,0001956;0,00000000003894
5;13,8;0,25864;0,00000000004541;-0,00003559;-0,00000002009;0,0002374;0,00000000006367
5;13,9;0,5075;-0,00000000004527;-0,00005422;-0,00000003954;0,0003618;-0,0000000001582
5;14;0,36278;0,00000000004672;-0,00004769;-0,00000002814;0,0003182;0,0000000002799
5;14,1;-0,04861;-0,00000000004863;0,00001081;0,000000003643;-0,0000721;-0,0000000003626
5;14,2;-0,40452;0,00000000004733;0,00004227;0,0000000316;-0,000282;0,0000000003883
5;14,3;-0,43975;-0,00000000004152;0,00005673;0,00000003418;-0,0003785;-0,000000000377
5;14,4;-0,14243;0,00000000002954;0,00001152;0,00000001114;-0,00007687;0,0000000002938
5;14,5;0,24879;-0,00000000001416;-0,00002405;-0,00000001947;0,0001605;-0,0000000001721
5;14,6;0,43498;-0,000000000003383;-0,00005604;-0,00000003374;0,0003739;0,00000000006621
5;14,7;0,28504;0,00000000002627;-0,00002832;-0,00000002229;0,000189;0,00000000002636
5;14,8;-0,07265;-0,00000000005298;0,000003403;0,000000005723;-0,00002273;-0,0000000001045
5;14,9;-0,35932;0,00000000007856;0,00004721;0,0000000279;-0,0003149;0,0000000001886
5;15;-0,36252;-0,00000000009332;0,00003745;0,00000002833;-0,0002499;-0,00000000028
5;15,1;-0,09264;0,00000000008599;0,00001587;0,000000007092;-0,0001059;0,0000000003028
5;15,2;0,23483;-0,00000000005991;-0,00003255;-0,00000001819;0,0002171;-0,0000000002419
5;15,3;0,3706;0,00000000002192;-0,0000384;-0,00000002892;0,0002562;0,0000000001203
5;15,4;0,22111;0,00000000001927;-0,00003093;-0,00000001714;0,0002063;0,00000000005013
5;15,5;-0,08804;-0,00000000004701;0,00001529;0,000000006756;-0,000102;-0,0000000001895
5;15,6;-0,31684;0,00000000005463;0,00003218;0,00000002477;-0,0002147;0,0000000002477
5;15,7;-0,29675;-0,00000000004808;0,00003974;0,00000002301;-0,0002651;-0,0000000002395
5;15,8;-0,05414;0,00000000003555;0,00000138;0,000000004289;-0,000009237;0,0000000001757
5;15,9;0,21828;-0,00000000002415;-0,00002064;-0,00000001707;0,0001377;-0,0000000001129
5;16;0,31396;0,00000000001965;-0,00004171;-0,00000002434;0,0002783;0,0000000001075
5;16,1;0,16886;-0,00000000002378;-0,0000149;-0,00000001324;0,00009941;-0,0000000001515
5;16,2;-0,09675;0,00000000003227;0,000006442;0,000000007619;-0,00004301;0,000000000224
5;16,3;-0,27745;-0,00000000003256;0,00003741;0,00000002152;-0,0002496;-0,0000000002512
5;16,4;-0,24109;0,00000000001924;0,00002338;0,00000001885;-0,000156;0,0000000001862
5;16,5;-0,02483;-0,000000000002957;0,000007759;0,000000001837;-0,00005174;-0,00000000009654
5;16,6;0,20034;-0,00000000001208;-0,00002832;-0,0000000155;0,0001889;0,00000000001104
5;16,7;0,26441;0,00000000002552;-0,00002616;-0,00000002067;0,0001745;0,0000000000611
5;16,8;0,12649;-0,00000000003182;-0,00001965;-0,000000009763;0,0001311;-0,00000000007808
5;16,9;-0,10039;0,00000000002993;0,00001657;0,000000007726;-0,0001106;0,00000000005095
5;17;-0,2414;-0,00000000001546;0,00002351;0,00000001889;-0,0001569;0,00000000003566
5;17,1;-0,19426;-0,00000000001378;0,00002754;0,00000001503;-0,0001837;-0,0000000001941
5;17,2;-0,00298;0,00000000004498;-0,00000442;0,0000000003171;0,00002947;0,0000000003406
5;17,3;0,18187;-0,00000000006854;-0,00001656;-0,00000001424;0,0001105;-0,0000000004294
5;17,4;0,22138;0,00000000008118;-0,00003069;-0,00000001715;0,0002047;0,0000000004602
5;17,5;0,09241;-0,00000000007796;-0,000006106;-0,00000000728;0,00004076;-0,0000000004118
5;17,6;-0,10028;0,00000000006154;0,000007039;0,000000007892;-0,00004699;0,0000000003077
5;17,7;-0,20872;-0,00000000003818;0,00002917;0,00000001617;-0,0001946;-0,0000000001856
5;17,8;-0,15509;0,00000000001232;0,00001348;0,00000001216;-0,00008998;0,00000000006553
5;17,9;0,01289;0,00000000001021;0,000003169;-0,000000001092;-0,00002112;0,00000000002155
5;18;0,16354;-0,00000000002534;-0,00002383;-0,00000001264;0,000159;-0,00000000007256
5;18,1;0,18421;0,00000000003211;-0,00001694;-0,00000001443;0,000113;0,0000000001008
5;18,2;0,06525;-0,00000000003089;-0,00001229;-0,00000000499;0,00008198;-0,00000000009378
5;18,3;-0,09744;0,0000000000235;0,00001605;0,000000007498;-0,0001071;0,00000000005583
5;18,4;-0,17939;-0,00000000001234;0,00001641;0,00000001405;-0,0001095;-0,000000000006553
5;18,5;-0,12254;0,0000000000003244;0,00001897;0,000000009449;-0,0001265;-0,00000000004976
5;18,6;0,024;0,000000000009426;-0,000007404;-0,000000001779;0,00004938;0,0000000001008
5;18,7;0,14581;-0,00000000001751;-0,00001251;-0,00000001144;0,00008348;-0,0000000001444
5;18,8;0,15231;0,00000000002455;-0,00002242;-0,00000001177;0,0001496;0,0000000001802
5;18,9;0,04383;-0,00000000002805;-0,0000005814;-0,0000000035;0,000003903;-0,0000000001861
5;19;-0,09272;0,00000000002699;0,000006325;0,000000007306;-0,00004222;0,0000000001631
5;19,1;-0,15327;-0,0000000000204;0,0000225;0,00000001185;-0,0001501;-0,0000000001138
5;19,2;-0,09567;0,000000000009681;0,000006691;0,000000007532;-0,00004467;0,00000000003823
5;19,3;0,03136;-0,0000000000004813;0,0000008337;-0,000000002526;-0,000005538;0,00000000002568
5;19,4;0,12901;-0,000000000005861;-0,00001962;-0,000000009958;0,0001309;-0,00000000007006
5;19,5;0,12509;0,00000000001033;-0,00001018;-0,000000009822;0,00006793;0,0000000001118
5;19,6;0,02716;-0,00000000001119;-0,000007656;-0,000000002032;0,00005106;-0,0000000001304
5;19,7;-0,08677;0,000000000008193;0,00001463;0,000000006674;-0,0000976;0,0000000001147
5;19,8;-0,1302;-0,0000000000008952;0,00001081;0,00000001022;-0,00007215;-0,00000000006772
5;19,9;-0,07362;-0,00000000001004;0,00001307;0,000000005651;-0,00008715;-0,000000000004945
5;20;0,03582;0,00000000001986;-0,000008623;-0,000000002708;0,00005751;0,00000000007206
5;20,1;0,11333;-0,00000000002719;-0,000008869;-0,000000008903;0,0000592;-0,0000000001232
5;20,2;0,10199;0,00000000003092;-0,00001636;-0,00000000786;0,0001091;0,0000000001586
5;20,3;0,01437;-0,00000000002738;0,000002706;-0,000000001199;-0,00001803;-0,0000000001556
5;20,4;-0,08009;0,0000000000186;0,000005009;0,000000006316;-0,00003344;0,0000000001234
5;20,5;-0,10996;-0,000000000009256;0,00001725;0,000000008478;-0,0001151;-0,0000000000895
5;20,6;-0,05568;0,000000000001375;0,000002171;0,000000004416;-0,00001451;0,00000000005819
5;20,7;0,03806;0,000000000004325;-0,0000001167;-0,000000003045;0,0000008021;-0,00000000003352
5;20,8;0,09889;-0,00000000001075;-0,00001592;-0,000000007617;0,0001062;-0,0000000000017
5;20,9;0,0825;0,00000000002132;-0,000005349;-0,000000006504;0,00003571;0,00000000007039
5;21;0,00474;-0,00000000003121;-0,000004864;-0,0000000002868;0,00003243;-0,0000000001379
5;21,1;-0,07307;0,00000000003342;0,00001286;0,000000005607;-0,00008579;0,0000000001634
5;21,2;-0,09232;-0,00000000002663;0,000006534;0,000000007267;-0,00004362;-0,0000000001399
5;21,3;-0,04119;0,00000000001403;0,000009103;0,000000003127;-0,00006071;0,00000000007671
5;21,4;0,03864;-0,000000000000433;-0,000008792;-0,000000002928;0,00005864;-0,000000000005367
5;21,5;0,08575;-0,00000000001213;-0,000005798;-0,000000006754;0,0000387;-0,0000000000584
5;21,6;0,06616;0,00000000002271;-0,000012;-0,000000005072;0,00008001;0,0000000001138
5;21,7;-0,00236;-0,00000000002854;0,000004506;0,000000000106;-0,00003004;-0,0000000001411
5;21,8;-0,06599;0,00000000002825;0,000003515;0,000000005214;-0,00002348;0,0000000001343
5;21,9;-0,07705;-0,00000000002191;0,00001324;0,000000005921;-0,0000883;-0,00000000009848
5;22;-0,02959;0,00000000001156;-0,0000007282;0,000000002381;0,000004836;0,00000000004174
5;22,1;0,03799;-0,000000000001593;-0,0000002673;-0,000000003035;0,000001806;0,000000000008954
5;22,2;0,0739;-0,000000000006086;-0,00001284;-0,000000005675;0,00008562;-0,00000000004115
5;22,3;0,05254;0,00000000001103;-0,000001994;-0,000000004168;0,00001333;0,00000000005756
5;22,4;-0,00741;-0,00000000001243;-0,000003283;0,0000000006557;0,00002188;-0,00000000005445
5;22,5;-0,05906;0,00000000001063;0,00001106;0,000000004519;-0,00007379;0,00000000003366
5;22,6;-0,0639;-0,000000000005575;0,000003359;0,000000005053;-0,00002243;0,000000000001183
5;22,7;-0,0204;-0,000000000001837;0,00000651;0,00000000151;-0,00004341;-0,00000000004337
5;22,8;0,03648;0,000000000008242;-0,000008384;-0,000000002762;0,00005592;0,0000000000739
5;22,9;0,06331;-0,00000000001203;-0,000003323;-0,000000005006;0,0000222;-0,00000000008583
5;23;0,04126;0,00000000001347;-0,000008922;-0,000000003135;0,00005951;0,00000000008381
5;23,1;-0,01087;-0,00000000001243;0,000005349;0,0000000007693;-0,00003567;-0,00000000006574
5;23,2;-0,05244;0,00000000001001;0,000002081;0,000000004159;-0,00001391;0,00000000004227
5;23,3;-0,05264;-0,000000000007697;0,00001022;0,000000004022;-0,00006819;-0,00000000002621
5;23,4;-0,0132;0,000000000005276;-0,000002496;0,000000001104;0,00001663;0,00000000001066
5;23,5;0,03439;-0,000000000002832;0,000000001667;-0,000000002753;0,00000001043;0,000000000002643
5;23,6;0,05393;0,000000000001133;-0,00001034;-0,000000004122;0,00006899;-0,000000000005298
5;23,7;0,03197;-0,000000000000003446;0,0000002639;-0,000000002565;-0,00000174;0,000000000003106
5;23,8;-0,01306;-0,0000000000008477;-0,00000247;0,000000001093;0,00001646;-0,000000000000266
5;23,9;-0,04622;0,000000000001499;0,000009407;0,000000003522;-0,00006274;-0,000000000002679
5;24;-0,04307;-0,00000000000158;0,000001068;0,000000003429;-0,00000715;0,000000000005801
5;24,1;-0,00764;0,0000000000006174;0,000004864;0,0000000005183;-0,00003243;-0,00000000001184
5;24,2;0,03194;0,0000000000003417;-0,000007702;-0,000000002411;0,00005137;0,00000000001379
5;24,3;0,04567;-0,0000000000004676;-0,000001405;-0,000000003631;0,000009394;-0,000000000007025
5;24,4;0,02439;0,0000000000001715;-0,000006796;-0,000000001823;0,00004532;-0,000000000001821
5;24,5;-0,01429;0,0000000000003195;0,000005602;0,000000001037;-0,00003735;0,00000000001075
5;24,6;-0,04045;-0,000000000001155;0,0000008247;0,000000003224;-0,000005523;-0,0000000000201
5;24,7;-0,03497;0,000000000001875;0,000008005;0,000000002648;-0,00005339;0,00000000002621
5;24,8;-0,00341;-0,000000000001607;-0,000003497;0,0000000003395;0,00002331;-0,00000000002631
5;24,9;0,02929;0,000000000000924;0,0000004526;-0,000000002354;-0,000002999;0,00000000002295
5;25;0,03845;-0,000000000001365;-0,000008382;-0,00000000292;0,0000559;-0,00000000002401
5;25,1;0,01824;0,000000000003045;0,000001727;-0,000000001494;-0,0000115;0,00000000003191
5;25,2;-0,01478;-0,000000000004316;-0,000002122;0,000000001224;0,00001414;-0,00000000003599
5;25,3;-0,03518;0,000000000004369;0,000007968;0,000000002665;-0,00005314;0,00000000003074
5;25,4;-0,02816;-0,000000000003482;-0,0000005337;0,000000002266;0,00000354;-0,0000000000204
5;25,5;-0,00026;0,000000000001837;0,000003855;-0,00000000005307;-0,0000257;0,000000000006709
5;25,6;0,02657;-0,000000000000118;-0,000006929;-0,000000001996;0,00004621;0,000000000006379
5;25,7;0,03218;-0,000000000001285;0,00000003242;-0,000000002578;-0,000000196;-0,00000000001664
5;25,8;0,0133;0,000000000002259;-0,000005353;-0,0000000009627;0,00003569;0,00000000002501
5;25,9;-0,01474;-0,000000000002428;0,000005511;0,000000001075;-0,00003675;-0,00000000002679
5;26;-0,03041;0,000000000001447;-0,0000002103;0,000000002439;0,000001383;0,00000000001825
5;26,1;-0,02247;0,000000000000717;0,000006397;0,000000001677;-0,00004266;-0,000000000001955
5;26,2;0,00202;-0,000000000003076;-0,000003991;-0,00000000008547;0,00002661;-0,00000000001586
5;26,3;0,02388;0,000000000004514;0,0000009448;-0,000000001931;-0,000006284;0,00000000002828
5;26,4;0,02677;-0,000000000005114;-0,000006871;-0,000000002012;0,00004582;-0,00000000003287
5;26,5;0,00937;0,000000000005291;0,000002626;-0,0000000008009;-0,0000175;0,00000000003156
5;26,6;-0,0143;-0,000000000004541;-0,000002039;0,000000001185;0,00001358;-0,00000000002361
5;26,7;-0,02612;0,000000000002986;0,000006766;0,000000001962;-0,00004512;0,00000000001082
5;26,8;-0,01774;-0,000000000001419;-0,000001615;0,000000001453;0,00001076;0,000000000002111
5;26,9;0,00362;-0,0000000000001375;0,000003261;-0,0000000003532;-0,00002174;-0,00000000001479
5;27;0,02128;0,000000000001149;-0,000006169;-0,000000001585;0,00004114;0,00000000002222
5;27,1;0,02212;-0,000000000001113;0,000001073;-0,000000001794;-0,000007137;-0,00000000001998
5;27,2;0,00627;0,0000000000004831;-0,00000439;-0,0000000004166;0,00002927;0,00000000001225
5;27,3;-0,01359;0,0000000000005301;0,000005238;0,0000000009868;-0,00003493;-0,00000000000107
5;27,4;-0,02231;-0,000000000001722;-0,000001021;0,000000001807;0,000006796;-0,00000000001228
5;27,5;-0,01384;0,000000000002698;0,000005249;0,000000001007;-0,000035;0,00000000002382
5;27,6;0,00467;-0,000000000003384;-0,000004164;-0,0000000002933;0,00002776;-0,00000000003247
5;27,7;0,01882;0,000000000003336;0,000001402;-0,000000001535;-0,000009332;0,00000000003539
5;27,8;0,01816;-0,00000000000245;-0,000005726;-0,000000001344;0,00003819;-0,00000000003063
5;27,9;0,00385;0,000000000001439;0,000003137;-0,0000000003696;-0,00002091;0,00000000002239
5;28;-0,0127;-0,0000000000004724;-0,00000209;0,000000001058;0,00001393;-0,00000000001252
5;28,1;-0,01894;-0,0000000000005522;0,00000579;0,000000001405;-0,00003861;0,000000000001609
5;28,2;-0,01064;0,00000000000162;-0,000002313;0,0000000008975;0,00001541;0,000000000008233
5;28,3;0,0053;-0,000000000002608;0,000002929;-0,0000000004818;-0,00001953;-0,00000000001614
5;28,4;0,01653;0,000000000002983;-0,000005478;-0,000000001217;0,00003653;0,00000000001859
5;28,5;0,0148;-0,000000000002358;0,000001797;-0,000000001221;-0,00001197;-0,00000000001266
5;28,6;0,00201;0,000000000001081;-0,000003758;-0,00000000008757;0,00002505;0,000000000002502
5;28,7;-0,01171;0,0000000000002956;0,000004886;0,0000000008435;-0,00003258;0,000000000007359
5;28,8;-0,01599;-0,00000000000147;-0,000001629;0,000000001313;0,00001085;-0,00000000001541
5;28,9;-0,00804;0,000000000002112;0,000004436;0,0000000005573;-0,00002958;0,00000000001929
5;29;0,00561;-0,000000000002007;-0,000004143;-0,0000000003687;0,00002762;-0,0000000000183
5;29,1;0,01441;0,0000000000009647;0,000001787;-0,00000000119;-0,0000119;0,00000000001215
5;29,2;0,01196;0,0000000000005658;-0,000004869;-0,0000000008636;0,00003247;-0,000000000002668
5;29,3;0,00062;-0,000000000001564;0,000003385;-0,0000000001157;-0,00002257;-0,000000000004395
5;29,4;-0,01068;0,000000000001954;-0,000002197;0,000000000899;0,00001464;0,000000000007864
5;29,5;-0,01342;-0,000000000002124;0,000005013;0,0000000009775;-0,00003343;-0,000000000009289
5;29,6;-0,00593;0,000000000002242;-0,000002735;0,0000000005293;0,00001823;0,000000000009306
5;29,7;0,00568;-0,000000000002251;0,000002755;-0,0000000005095;-0,00001836;-0,000000000008439
5;29,8;0,01249;0,000000000001871;-0,000004876;-0,0000000009056;0,00003252;0,000000000005985
5;29,9;0,00959;-0,000000000001034;0,000002279;-0,0000000008133;-0,00001519;-0,000000000001617
5;30;-0,0004;0,00000000000003381;-0,000003347;0,00000000009823;0,00002231;-0,000000000003272
5;30,1;-0,00964;0,0000000000006909;0,000004515;0,0000000006838;-0,0000301;0,00000000000699
5;30,2;-0,0112;-0,0000000000009327;-0,000002064;0,0000000009382;0,00001375;-0,000000000008688
5;30,3;-0,00425;0,0000000000007618;0,000003866;0,0000000002648;-0,00002577;0,000000000007766
5;30,4;0,00558;-0,0000000000003536;-0,000004012;-0,000000000368;0,00002675;-0,000000000005062
5;30,5;0,01076;-0,0000000000002167;0,000002088;-0,0000000009039;-0,00001391;0,000000000001556
5;30,6;0,00761;0,0000000000008655;-0,000004232;-0,0000000005265;0,00002822;0,000000000002335
5;30,7;-0,00113;-0,000000000001351;0,000003464;0,00000000002236;-0,0000231;-0,00000000000519
5;30,8;-0,00862;0,000000000001466;-0,000002312;0,0000000007368;0,00001541;0,000000000005996
5;30,9;-0,00928;-0,000000000001195;0,000004402;0,0000000006572;-0,00002935;-0,000000000004629
5;31;-0,00292;0,0000000000008035;-0,000002963;0,0000000002928;0,00001975;0,000000000001946
5;31,1;0,00535;-0,0000000000005578;0,00000267;-0,0000000004815;-0,00001779;-0,00000000000001103
5;31,2;0,00922;0,000000000000455;-0,000004368;-0,0000000006526;0,00002913;-0,0000000000008584
5;31,3;0,00597;-0,0000000000003806;0,000002579;-0,0000000005296;-0,00001719;0,000000000001835
5;31,4;-0,00162;0,0000000000003459;-0,00000308;0,0000000001912;0,00002053;-0,000000000002087
5;31,5;-0,00765;-0,0000000000003614;0,000004159;0,0000000005312;-0,00002773;0,000000000001193
5;31,6;-0,00764;0,0000000000003248;-0,000002357;0,0000000006595;0,00001571;-0,0000000000004401
5;31,7;-0,00188;-0,0000000000002228;0,000003465;0,00000000008206;-0,0000231;-0,0000000000001205
5;31,8;0,00504;0,0000000000001237;-0,000003826;-0,0000000003279;0,00002551;0,0000000000006819
5;31,9;0,00785;-0,00000000000005744;0,000002307;-0,0000000006751;-0,00001538;-0,0000000000008079
5;32;0,00462;0,00000000000004465;-0,000003761;-0,0000000002958;0,00002507;0,0000000000007075
5;32,1;-0,00194;-0,000000000000126;0,000003437;0,00000000008691;-0,00002292;-0,0000000000006357
5;32,2;-0,00674;0,0000000000003839;-0,000002412;0,0000000005885;0,00001607;0,000000000001091
5;32,3;-0,00625;-0,0000000000007813;0,000003926;0,0000000004231;-0,00002618;-0,000000000002335
5;32,4;-0,00108;0,000000000001092;-0,000003059;0,0000000001472;0,00002039;0,000000000003327
5;32,5;0,00467;-0,000000000001213;0,000002629;-0,0000000004271;-0,00001752;-0,000000000003907
5;32,6;0,00664;0,000000000001156;-0,000003947;-0,0000000004541;0,00002632;0,000000000004145
5;32,7;0,00352;-0,0000000000009002;0,000002747;-0,0000000003372;-0,00001831;-0,000000000003123
5;32,8;-0,00211;0,0000000000005016;-0,000002904;0,0000000002271;0,00001936;0,000000000001147
5;32,9;-0,0059;-0,0000000000000634;0,000003834;0,0000000003964;-0,00002556;0,0000000000009903
5;33;-0,00507;-0,0000000000003365;-0,00000254;0,0000000004576;0,00001693;-0,00000000000278
5;33,1;-0,00047;0,0000000000006069;0,000003181;-0,00000000002627;-0,00002121;0,000000000003298
5;33,2;0,00428;-0,0000000000007789;-0,00000362;-0,000000000271;0,00002414;-0,000000000003074
5;33,3;0,00559;0,0000000000008159;0,000002454;-0,0000000004976;-0,00001636;0,000000000002445
5;33,4;0,00263;-0,0000000000005826;-0,00000341;-0,0000000001426;0,00002273;-0,0000000000006023
5;33,5;-0,00218;0,0000000000002322;0,000003348;0,0000000001073;-0,00002232;-0,000000000001407
5;33,6;-0,00513;0,00000000000005293;-0,000002484;0,0000000004611;0,00001656;0,000000000002514
5;33,7;-0,00408;-0,0000000000002365;0,000003556;0,000000000256;-0,00002371;-0,000000000002758
5;33,8;-0,00001217;0,0000000000002946;-0,000003067;0,00000000006261;0,00002045;0,000000000002063
5;33,9;0,00388;-0,0000000000002372;0,000002606;-0,0000000003638;-0,00001737;-0,000000000000908
5;34;0,00468;0,00000000000007133;-0,000003601;-0,0000000003027;0,00002401;-0,0000000000002225
5;34,1;0,00191;0,0000000000001287;0,00000282;-0,0000000002103;-0,0000188;0,000000000001127
5;34,2;-0,00217;-0,0000000000002452;-0,000002783;0,0000000002297;0,00001855;-0,000000000001399
5;34,3;-0,00443;0,0000000000002485;0,000003548;0,0000000002837;-0,00002365;0,0000000000009506
5;34,4;-0,00326;-0,0000000000001841;-0,000002639;0,0000000003144;0,00001759;-0,0000000000001535
5;34,5;0,00032;0,00000000000009845;0,000002975;-0,00000000008545;-0,00001984;-0,0000000000007367
5;34,6;0,00349;-0,00000000000004066;-0,000003413;-0,0000000002108;0,00002276;0,000000000001277
5;34,7;0,00389;0,00000000000005816;0,000002541;-0,0000000003634;-0,00001694;-0,000000000001067
5;34,8;0,00134;-0,0000000000001105;-0,000003146;-0,00000000004415;0,00002098;0,0000000000006196
5;34,9;-0,0021;0,0000000000001463;0,000003227;0,0000000001029;-0,00002151;-0,0000000000001502
5;35;-0,0038;-0,0000000000001034;-0,000002527;0,0000000003563;0,00001684;-0,0000000000002833
5;35,1;-0,00257;-0,00000000000007456;0,000003266;0,0000000001398;-0,00002177;0,000000000000146
5;35,2;0,00054;0,0000000000002858;-0,000003021;0,00000000001758;0,00002014;0,0000000000003404
5;35,3;0,00311;-0,0000000000004339;0,000002585;-0,0000000003017;-0,00001723;-0,0000000000007766
5;35,4;0,00321;0,0000000000005032;-0,000003318;-0,0000000001904;0,00002212;0,0000000000009522
5;35,5;0,0009;-0,0000000000004954;0,000002829;-0,0000000001293;-0,00001886;-0,0000000000007811
5;35,6;-0,00199;0,0000000000004487;-0,000002693;0,0000000002145;0,00001795;0,0000000000006709
5;35,7;-0,00325;-0,0000000000003551;0,000003299;0,0000000001934;-0,00002199;-0,0000000000007207
5;35,8;-0,002;0,0000000000002055;-0,000002676;0,0000000002151;0,00001784;0,0000000000007582
5;35,9;0,00069;-0,00000000000006438;0,000002821;-0,0000000001133;-0,00001881;-0,0000000000009251
5;36;0,00275;-0,00000000000009378;-0,000003217;-0,0000000001546;0,00002145;0,0000000000008811
5;36,1;0,00264;0,0000000000003155;0,000002578;-0,0000000002643;-0,00001719;-0,000000000000264
5;36,2;0,00055;-0,0000000000005049;-0,000002944;0,00000000001639;0,00001963;-0,0000000000003771
5;36,3;-0,00186;0,0000000000005865;0,00000309;0,00000000008592;-0,0000206;0,0000000000007627
5;36,4;-0,00276;-0,0000000000005378;-0,000002542;0,0000000002733;0,00001694;-0,0000000000008756
5;36,5;-0,00154;0,0000000000003625;0,000003037;0,00000000006109;-0,00002025;0,000000000000484
5;36,6;0,00078;-0,0000000000001628;-0,000002941;-0,000000000002587;0,00001961;-0,00000000000001466
5;36,7;0,00241;0,00000000000002372;0,00000256;-0,0000000002459;-0,00001706;-0,00000000000004729
5;36,8;0,00215;0,00000000000004076;-0,000003086;-0,000000000109;0,00002058;-0,0000000000001403
5;36,9;0,00028;-0,00000000000004826;0,000002794;-0,00000000007987;-0,00001863;0,0000000000003325
5;37;-0,00171;0,00000000000003116;-0,000002619;0,0000000001914;0,00001746;-0,0000000000003785
5;37,1;-0,00233;-0,00000000000001624;0,000003085;0,0000000001232;-0,00002057;0,000000000000179
5;37,2;-0,00116;0,00000000000002215;-0,000002669;0,000000000148;0,00001779;0,000000000000166
5;37,3;0,00083;-0,00000000000003869;0,0000027;-0,0000000001221;-0,000018;-0,0000000000005308
5;37,4;0,0021;0,00000000000003431;-0,000003036;-0,000000000106;0,00002024;0,0000000000007665
5;37,5;0,00173;-0,00000000000000941;0,000002579;-0,0000000001925;-0,00001719;-0,0000000000007704
5;37,6;0,00007929;-0,000000000000009055;-0,000002784;0,00000000005116;0,00001856;0,0000000000006891
5;37,7;-0,00156;0,0000000000000571;0,000002951;0,0000000000643;-0,00001967;-0,0000000000003301
5;37,8;-0,00195;-0,000000000000147;-0,000002532;0,000000000209;0,00001688;-0,0000000000003572
5;37,9;-0,00085;0,0000000000002124;0,000002853;0,000000000009566;-0,00001902;0,000000000000841
5;38;0,00084;-0,0000000000002428;-0,000002844;-0,000000000008179;0,00001896;-0,00000000000106
5;38,1;0,00182;0,0000000000002204;0,000002525;-0,0000000001985;-0,00001683;0,0000000000009913
5;38,2;0,00139;-0,0000000000001182;-0,000002894;-0,00000000005154;0,0000193;-0,0000000000005025
5;38,3;-0,00006776;-0,000000000000004889;0,000002732;-0,00000000005125;-0,00001821;-0,00000000000001874
5;38,4;-0,00141;0,0000000000001047;-0,000002552;0,000000000166;0,00001701;0,0000000000004125
5;38,5;-0,00163;-0,0000000000001842;0,0000029;0,00000000007039;-0,00001934;-0,0000000000007699
5;38,6;-0,00061;0,0000000000002272;-0,000002631;0,0000000001038;0,00001754;0,0000000000009199
5;38,7;0,00082;-0,0000000000002349;0,000002599;-0,0000000001198;-0,00001733;-0,0000000000008797
5;38,8;0,00157;0,0000000000002049;-0,000002872;-0,00000000006608;0,00001915;0,0000000000006137
5;38,9;0,0011;-0,0000000000001302;0,000002552;-0,0000000001416;-0,00001701;-0,00000000000006894
5;39;-0,00017;0,0000000000000521;-0,000002654;0,00000000006913;0,00001769;-0,0000000000003624
5;39,1;-0,00126;0,00000000000001118;0,000002815;0,00000000004238;-0,00001876;0,0000000000005648
5;39,2;-0,00135;-0,00000000000007934;-0,000002502;0,0000000001605;0,00001668;-0,0000000000007485
5;39,3;-0,00042;0,0000000000001496;0,000002702;-0,00000000002283;-0,00001801;0,0000000000008945
5;39,4;0,00078;-0,0000000000001911;-0,000002738;-0,000000000005732;0,00001825;-0,0000000000009041
5;39,5;0,00134;0,0000000000001814;0,000002482;-0,0000000001597;-0,00001654;0,000000000000684
5;39,6;0,00086;-0,0000000000001299;-0,000002733;-0,00000000001215;0,00001822;-0,0000000000002331
5;39,7;-0,00024;0,00000000000005897;0,000002653;-0,0000000000361;-0,00001769;-0,0000000000002421
5;39,8;-0,00112;0,00000000000001583;-0,000002487;0,0000000001418;0,00001658;0,0000000000006298
5;39,9;-0,00111;-0,00000000000008368;0,000002741;0,00000000003162;-0,00001828;-0,0000000000009477
5;40;-0,00027;0,0000000000001236;-0,000002573;0,00000000007554;0,00001715;0,000000000001079
6;0;0;0;0;0;0;0
6;0,1;4,54191;0,000000000897;-0,00014;0,000000836;0,0008942;0,000000004999
6;0,2;12,71946;0,000000001187;-0,00239;-0,000001038;0,016;0,00000001452
6;0,3;-6,08048;-0,000000000585;0,00035;0,0000005953;-0,002357;-0,000000009477
6;0,4;-17,3713;0,00000000009767;0,00272;0,00000038;-0,018;0,000000004231
6;0,5;-11,31347;0,000000000174;0,00098;0,0000002969;-0,006505;-0,0000000005912
6;0,6;2,37214;-0,0000000003155;-0,00103;-0,0000001938;0,006877;-0,000000001659
6;0,7;9,73544;0,0000000002109;-0,00048;-0,0000004144;0,003197;0,000000002114
6;0,8;10,47797;0,00000000007287;-0,00055;0,0000003438;0,003644;-0,0000000009108
6;0,9;8,60865;-0,0000000001923;-0,00161;-0,0000005063;0,011;0,00000000008972
6;1;-4,72362;0,0000000001855;0,00039;-0,0000003247;-0,002606;0,0000000005709
6;1,1;-16,40908;-0,00000000001371;0,00242;0,000001119;-0,016;-0,000000001298
6;1,2;-7,73095;-0,0000000004313;0,00038;-0,00000004553;-0,002566;0,0000000009946
6;1,3;3,19637;0,0000000008903;-0,00076;-0,0000006149;0,005094;-0,0000000002449
6;1,4;6,46359;-0,000000001165;-0,00004326;0,0000004993;0,0002844;-0,0000000009222
6;1,5;11,1191;0,000000001187;-0,0011;-0,0000002908;0,007309;0,00000000224
6;1,6;6,67025;-0,0000000008948;-0,00121;-0,0000006355;0,008045;-0,000000001671
6;1,7;-7,47672;0,0000000004529;0,00105;0,0000005571;-0,007023;-0,0000000003034
6;1,8;-11,6847;0,00000000005376;0,00143;0,0000003341;-0,009523;0,000000002828
6;1,9;-5,62874;-0,0000000006781;0,00021;-0,0000001822;-0,001373;-0,000000006191
6;2;1,08009;0,000000001216;-0,00013;0,0000001177;0,0008989;0,000000008847
6;2,1;7,58912;-0,000000001483;-0,00046;-0,0000000819;0,003046;-0,000000009737
6;2,2;9,73425;0,000000001426;-0,00111;-0,0000003104;0,007404;0,000000009587
6;2,3;3,33886;-0,000000001009;-0,00052;-0,0000000931;0,003457;-0,000000008596
6;2,4;-6,09105;0,0000000003966;0,00079;0,0000001577;-0,005273;0,000000006572
6;2,5;-9,5934;0,0000000004351;0,00106;0,0000002854;-0,007066;-0,000000002286
6;2,6;-5,00812;-0,000000001483;0,00029;0,00000003964;-0,001908;-0,000000004336
6;2,7;1,85364;0,000000002277;-0,00015;-0,0000001058;0,001014;0,000000009544
6;2,8;6,80916;-0,000000002581;-0,00051;0,0000000000568;0,003413;-0,00000001169
6;2,9;8,01983;0,000000002448;-0,00092;-0,0000002287;0,006163;0,00000001172
6;3;2,26504;-0,000000001905;-0,00033;-0,0000001729;0,002218;-0,000000009496
6;3,1;-5,97658;0,000000001188;0,00078;0,0000002819;-0,005204;0,000000006151
6;3,2;-7,75398;-0,0000000004955;0,00076;0,0000001711;-0,005048;-0,000000002985
6;3,3;-3,76361;-0,0000000001705;0,00025;-0,0000000478;-0,001652;-0,0000000003993
6;3,4;1,57379;0,000000000673;-0,00007263;0,00000006354;0,0004837;0,000000003136
6;3,5;6,49505;-0,0000000008078;-0,00058;-0,0000001098;0,003883;-0,000000003834
6;3,6;6,70186;0,0000000005753;-0,0008;-0,0000002471;0,00531;0,000000002951
6;3,7;0,81677;-0,0000000001852;-0,00006392;0,00000002012;0,000426;-0,000000001563
6;3,8;-5,10176;-0,000000000181;0,00059;0,0000001558;-0,003943;0,0000000003501
6;3,9;-6,34049;0,0000000005387;0,0006;0,00000009525;-0,003971;0,0000000008244
6;4;-3,24606;-0,0000000009057;0,00027;0,00000006818;-0,001824;-0,000000002306
6;4,1;1,97481;0,000000001125;-0,00013;-0,00000001914;0,0008494;0,000000003118
6;4,2;5,87691;-0,000000001107;-0,00059;-0,0000001291;0,003944;-0,000000002683
6;4,3;5,19748;0,0000000009571;-0,00057;-0,0000001361;0,003822;0,000000001662
6;4,4;0,28571;-0,0000000007454;-0,00001678;-0,000000008063;0,0001119;-0,0000000003524
6;4,5;-4,52996;0,0000000005444;0,00051;0,0000001294;-0,003378;-0,0000000006935
6;4,6;-5,38637;-0,0000000003915;0,00049;0,0000001048;-0,003293;0,000000001279
6;4,7;-2,41344;0,0000000002207;0,00023;0,00000002985;-0,00156;-0,000000001928
6;4,8;2,05111;-0,00000000003311;-0,00017;-0,00000001119;0,001124;0,000000002379
6;4,9;5,1597;-0,0000000001384;-0,00052;-0,0000001162;0,00348;-0,00000000228
6;5;4,17253;0,0000000002212;-0,00046;-0,000000125;0,00309;0,000000001304
6;5,1;-0,23358;-0,0000000001679;0,00006103;0,00000002988;-0,0004071;0,0000000006216
6;5,2;-3,98745;0,00000000009826;0,00041;0,00000009927;-0,002713;-0,000000002287
6;5,3;-4,46845;-0,00000000004617;0,00043;0,00000007157;-0,002835;0,000000003245
6;5,4;-1,85922;-0,00000000005275;0,00019;0,00000005158;-0,00124;-0,000000004039
6;5,5;2,13313;0,0000000001518;-0,00018;-0,00000003293;0,001222;0,000000004164
6;5,6;4,51004;-0,0000000002516;-0,00048;-0,0000001163;0,003202;-0,000000003528
6;5,7;3,21022;0,000000000371;-0,00033;-0,00000007278;0,002167;0,000000002767
6;5,8;-0,48537;-0,0000000004417;0,00006072;0,00000002184;-0,000405;-0,000000001808
6;5,9;-3,50362;0,000000000455;0,00036;0,00000007452;-0,002394;0,0000000008987
6;6;-3,78009;-0,0000000004178;0,00036;0,000000078;-0,002379;-0,0000000002759
6;6,1;-1,29498;0,0000000002913;0,00015;0,00000003222;-0,000982;-0,0000000005117
6;6,2;2,11356;-0,0000000001004;-0,00021;-0,00000004181;0,001409;0,000000001218
6;6,3;3,83956;-0,0000000001192;-0,00039;-0,00000009074;0,002609;-0,000000001733
6;6,4;2,51274;0,0000000003258;-0,00026;-0,00000005938;0,001752;0,000000002407
6;6,5;-0,66941;-0,0000000004437;0,00008746;0,00000002281;-0,0005833;-0,000000002716
6;6,6;-3,10727;0,0000000004588;0,0003;0,00000006785;-0,002002;0,000000002403
6;6,7;-3,1267;-0,0000000003735;0,00031;0,00000006223;-0,002095;-0,000000001634
6;6,8;-0,86467;0,0000000002164;0,00008821;0,00000002562;-0,0005883;0,0000000004651
6;6,9;2,02175;-0,0000000001098;-0,00019;-0,00000004255;0,00129;0,0000000003488
6;7;3,27444;0,00000000006585;-0,00035;-0,00000008021;0,00231;-0,0000000005827
6;7,1;1,92506;-0,00000000001155;-0,00018;-0,00000004004;0,001221;0,0000000008098
6;7,2;-0,77986;0,00000000001276;0,00007687;0,00000002163;-0,0005126;-0,0000000006842
6;7,3;-2,72807;-0,00000000009336;0,00028;0,00000005578;-0,001843;0,00000000002304
6;7,4;-2,58784;0,0000000002106;0,00025;0,0000000573;-0,001674;0,0000000008986
6;7,5;-0,51202;-0,0000000003397;0,00006504;0,00000001511;-0,0004337;-0,000000002078
6;7,6;1,90063;0,0000000003902;-0,0002;-0,0000000439;0,001336;0,000000002828
6;7,7;2,75485;-0,000000000333;-0,00027;-0,00000006325;0,001827;-0,00000000281
6;7,8;1,46953;0,0000000002186;-0,00015;-0,00000003074;0,001015;0,000000002393
6;7,9;-0,83845;-0,00000000006275;0,00009382;0,00000001939;-0,0006256;-0,000000001473
6;8;-2,39957;-0,00000000005659;0,00023;0,00000005166;-0,001536;0,0000000004755
6;8,1;-2,10905;0,00000000006753;0,00022;0,0000000467;-0,001467;-0,00000000005378
6;8,2;-0,24232;-0,00000000002223;0,00002011;0,000000007315;-0,0001341;-0,00000000002576
6;8,3;1,74555;-0,00000000005575;-0,00017;-0,00000003963;0,001135;-0,00000000004995
6;8,4;2,31597;0,0000000001409;-0,00024;-0,00000005302;0,001617;0,0000000001655
6;8,5;1,10126;-0,0000000001709;-0,0001;-0,00000002285;0,0006723;-0,00000000008478
6;8,6;-0,86649;0,0000000001782;0,00008003;0,00000001973;-0,0005337;0,0000000001006
6;8,7;-2,09044;-0,0000000001876;0,00022;0,00000004462;-0,001436;-0,0000000003645
6;8,8;-1,70539;0,0000000001779;0,00017;0,00000003883;-0,001104;0,0000000006302
6;8,9;-0,04319;-0,0000000001604;0,00001313;0,000000002008;-0,00008757;-0,0000000008653
6;9;1,5877;0,000000000132;-0,00017;-0,00000003667;0,001127;0,0000000009253
6;9,1;1,93321;-0,00000000009815;-0,00019;-0,00000004312;0,001251;-0,0000000007576
6;9,2;0,80702;0,00000000008094;-0,00008685;-0,00000001675;0,0005791;0,0000000006584
6;9,3;-0,86247;-0,00000000004397;0,0000934;0,00000001851;-0,0006228;-0,0000000005201
6;9,4;-1,8137;-0,00000000003779;0,00017;0,0000000399;-0,001162;0,0000000002145
6;9,5;-1,36305;0,000000000114;0,00015;0,00000003096;-0,0009705;0,00000000001272
6;9,6;0,10235;-0,0000000001536;-0,00001718;-0,00000000211;0,0001145;-0,0000000001792
6;9,7;1,42548;0,000000000168;-0,00014;-0,00000003238;0,0009164;0,0000000003654
6;9,8;1,60745;-0,0000000001578;-0,00017;-0,00000003554;0,001125;-0,0000000004883
6;9,9;0,57324;0,0000000001102;-0,00004977;-0,00000001238;0,0003319;0,0000000004802
6;10;-0,84002;-0,00000000003812;0,0000768;0,00000001843;-0,0005121;-0,0000000002742
6;10,1;-1,5614;-0,000000000042;0,00016;0,00000003441;-0,001093;-0,0000000001111
6;10,2;-1,07721;0,0000000001353;0,0001;0,00000002448;-0,0006811;0,0000000006114
6;10,3;0,20192;-0,0000000002238;-0,00001335;-0,000000004523;0,00008905;-0,000000001154
6;10,4;1,27045;0,0000000002653;-0,00014;-0,00000002867;0,000904;0,000000001438
6;10,5;1,32882;-0,0000000002398;-0,00013;-0,00000002936;0,0008425;-0,000000001244
6;10,6;0,3874;0,0000000001598;-0,00004568;-0,000000008314;0,0003046;0,0000000007605
6;10,7;-0,8004;-0,00000000004581;0,00008702;0,00000001737;-0,0005803;-0,0000000001405
6;10,8;-1,33615;-0,00000000006486;0,00013;0,0000000298;-0,0008506;-0,0000000004334
6;10,9;-0,84115;0,0000000001337;0,00009207;0,00000001898;-0,000614;0,0000000007033
6;11;0,26834;-0,0000000001657;-0,00003419;-0,000000006113;0,000228;-0,0000000007513
6;11,1;1,12308;0,0000000001553;-0,00011;-0,00000002519;0,0007095;0,0000000006491
6;11,2;1,09173;-0,0000000001142;-0,00012;-0,000000024;0,0007765;-0,0000000004793
6;11,3;0,2426;0,00000000009136;-0,00001752;-0,000000005462;0,0001169;0,0000000004626
6;11,4;-0,75075;-0,00000000006132;0,00006842;0,00000001658;-0,0004563;-0,0000000003948
6;11,5;-1,13599;-0,000000000002381;0,00012;0,00000002532;-0,000809;0,0000000001448
6;11,6;-0,64725;0,00000000007042;0,00005854;0,00000001455;-0,0003904;0,00000000007088
6;11,7;0,30798;-0,0000000001316;-0,00002442;-0,000000007005;0,0001629;-0,0000000002486
6;11,8;0,98636;0,0000000001742;-0,00011;-0,00000002196;0,0007077;0,0000000003888
6;11,9;0,8909;-0,0000000001772;-0,00008271;-0,00000001973;0,0005516;-0,0000000003663
6;12;0,13057;0,0000000001355;-0,00001995;-0,0000000029;0,000133;0,0000000001793
6;12,1;-0,69403;-0,00000000006547;0,00007644;0,0000000153;-0,0005097;0,000000000093
6;12,2;-0,95985;0,000000000004357;0,00009006;0,00000002148;-0,0006006;-0,0000000002688
6;12,3;-0,48982;0,00000000002016;0,00005606;0,00000001091;-0,0003738;0,0000000001853
6;12,4;0,3282;-0,0000000000191;-0,00003986;-0,000000007362;0,0002658;0,00000000003291
6;12,5;0,86073;0,00000000002116;-0,00007997;-0,00000001919;0,0005333;-0,0000000002007
6;12,6;0,72128;-0,00000000003289;-0,00007913;-0,00000001591;0,0005276;0,000000000287
6;12,7;0,046;0,00000000003372;0,000001898;-0,000000001143;-0,00001264;-0,0000000003337
6;12,8;-0,63402;-0,00000000002182;0,00005718;0,00000001413;-0,0003813;0,0000000003471
6;12,9;-0,80617;0,00000000001704;0,00008784;0,00000001795;-0,0005857;-0,0000000002641
6;13;-0,36266;-0,00000000001929;0,00002994;0,000000008109;-0,0001997;0,00000000008867
6;13,1;0,33364;0,00000000001351;-0,00002713;-0,000000007523;0,0001809;0,00000000004092
6;13,2;0,74652;-0,000000000002385;-0,00008163;-0,00000001653;0,0005443;-0,00000000008584
6;13,3;0,579;-0,00000000001124;-0,00005173;-0,0000000129;0,000345;0,0000000001035
6;13,4;-0,01658;0,00000000003428;-0,000004889;0,0000000003693;0,00003259;-0,00000000006748
6;13,5;-0,57316;-0,00000000005531;0,00006417;0,00000001271;-0,0004279;0,000000000009965
6;13,6;-0,67292;0,00000000007085;0,00006134;0,00000001504;-0,0004091;0,000000000049
6;13,7;-0,26105;-0,00000000008726;0,00003269;0,000000005758;-0,000218;-0,0000000001575
6;13,8;0,32848;0,00000000009573;-0,00003953;-0,000000007297;0,0002636;0,0000000002604
6;13,9;0,64365;-0,00000000009436;-0,00005835;-0,00000001433;0,0003891;-0,0000000003438
6;14;0,46021;0,00000000009367;-0,00005271;-0,00000001019;0,0003515;0,0000000004557
6;14,1;-0,06134;-0,00000000009511;0,0000125;0,000000001297;-0,00008337;-0,0000000005316
6;14,2;-0,51338;0,00000000009307;0,00004534;0,00000001147;-0,0003024;0,0000000005459
6;14,3;-0,55823;-0,00000000008333;0,00006256;0,0000000124;-0,0004172;-0,000000000508
6;14,4;-0,1805;0,00000000006432;0,00001182;0,000000004037;-0,00007886;0,0000000003738
6;14,5;0,31576;-0,00000000004117;-0,0000255;-0,000000007072;0,00017;-0,0000000001891
6;14,6;0,55168;0,00000000001597;-0,00006179;-0,00000001222;0,0004121;0,00000000003022
6;14,7;0,36175;0,00000000001635;-0,00003016;-0,000000008096;0,0002011;0,00000000009949
6;14,8;-0,09202;-0,00000000005571;0,000002991;0,000000002078;-0,00001996;-0,0000000002139
6;14,9;-0,45607;0,000000000095;0,00005216;0,00000001011;-0,0003478;0,0000000003421
6;15;-0,46005;-0,0000000001187;0,00004011;0,00000001029;-0,0002674;-0,0000000004681
6;15,1;-0,1174;0,0000000001112;0,000018;0,000000002553;-0,00012;0,0000000004896
6;15,2;0,29795;-0,00000000007748;-0,00003618;-0,000000006583;0,0002412;-0,0000000003913
6;15,3;0,47014;0,00000000002681;-0,00004115;-0,00000001049;0,0002744;0,0000000002078
6;15,4;0,28064;0,00000000002611;-0,00003441;-0,000000006212;0,0002295;0,00000000002687
6;15,5;-0,11165;-0,00000000005866;0,00001737;0,000000002441;-0,0001158;-0,0000000002022
6;15,6;-0,40213;0,00000000006471;0,00003438;0,000000008994;-0,0002293;0,0000000002655
6;15,7;-0,37654;-0,00000000005335;0,00004401;0,00000000834;-0,0002935;-0,0000000002396
6;15,8;-0,0686;0,00000000003589;0,0000008097;0,000000001558;-0,00000541;0,0000000001418
6;15,9;0,27693;-0,00000000002128;-0,0000218;-0,000000006197;0,0001454;-0,00000000005182
6;16;0,39831;0,00000000001689;-0,00004614;-0,000000008819;0,0003077;0,0000000000486
6;16,1;0,21433;-0,00000000002532;-0,00001555;-0,000000004814;0,0001037;-0,0000000001229
6;16,2;-0,12275;0,0000000000395;0,000006336;0,000000002769;-0,00004226;0,0000000002352
6;16,3;-0,35212;-0,00000000004083;0,00004146;0,000000007801;-0,0002765;-0,0000000002762
6;16,4;-0,30589;0,00000000002167;0,0000248;0,000000006844;-0,0001654;0,0000000001809
6;16,5;-0,03146;0,000000000003154;0,000009133;0,0000000006564;-0,00006089;-0,00000000004201
6;16,6;0,25416;-0,00000000002679;-0,00003154;-0,000000005611;0,0002103;-0,00000000009272
6;16,7;0,3355;0,00000000004828;-0,00002783;-0,000000007506;0,0001856;0,0000000002063
6;16,8;0,16054;-0,0000000000605;-0,00002209;-0,000000003534;0,0001473;-0,0000000002463
6;16,9;-0,1274;0,00000000006145;0,00001873;0,000000002794;-0,0001249;0,0000000002283
6;17;-0,30633;-0,0000000000448;0,00002495;0,00000000686;-0,0001664;-0,0000000001322
6;17,1;-0,24646;0,000000000008016;0,00003068;0,000000005442;-0,0002046;-0,00000000005867
6;17,2;-0,00377;0,00000000003248;-0,000005482;0,000000000121;0,00003655;0,0000000002402
6;17,3;0,23074;-0,00000000006411;-0,00001738;-0,000000005168;0,0001159;-0,0000000003556
6;17,4;0,2809;0,00000000008215;-0,00003411;-0,000000006216;0,0002274;0,0000000004054
6;17,5;0,11727;-0,00000000007975;-0,000005996;-0,000000002645;0,00004;-0,0000000003604
6;17,6;-0,12725;0,00000000005937;0,000007016;0,000000002867;-0,0000468;0,0000000002436
6;17,7;-0,26485;-0,00000000002834;0,00003245;0,000000005859;-0,0002163;-0,00000000009827
6;17,8;-0,19677;-0,000000000007427;0,00001404;0,000000004414;-0,00009364;-0,00000000005163
6;17,9;0,01635;0,00000000003919;0,000004104;-0,0000000004034;-0,00002736;0,0000000001635
6;18;0,2075;-0,000000000061;-0,00002662;-0,000000004574;0,0001775;-0,0000000002297
6;18,1;0,23375;0,0000000000719;-0,00001781;-0,000000005244;0,0001188;0,0000000002676
6;18,2;0,0828;-0,00000000007209;-0,00001404;-0,000000001801;0,00009362;-0,0000000002609
6;18,3;-0,12366;0,00000000006375;0,00001814;0,000000002711;-0,0001209;0,0000000002149
6;18,4;-0,22762;-0,00000000005118;0,00001724;0,000000005106;-0,000115;-0,0000000001609
6;18,5;-0,15548;0,00000000003884;0,00002131;0,000000003418;-0,0001421;0,0000000001046
6;18,6;0,03044;-0,00000000002921;-0,000008706;-0,0000000006366;0,00005805;-0,00000000005074
6;18,7;0,18501;0,00000000001993;-0,000013;-0,000000004156;0,00008668;-0,000000000004065
6;18,8;0,19327;-0,000000000009801;-0,00002507;-0,000000004262;0,0001672;0,00000000005817
6;18,9;0,05562;0,000000000002497;-0,000000002749;-0,000000001277;0,00000002829;-0,00000000007916
6;19;-0,11766;-0,000000000000515;0,000006264;0,000000002657;-0,00004178;0,00000000006388
6;19,1;-0,19448;0,00000000000553;0,00002514;0,00000000429;-0,0001677;-0,00000000001517
6;19,2;-0,12138;-0,00000000001548;0,000006667;0,000000002737;-0,00004447;-0,0000000000656
6;19,3;0,03979;0,00000000002316;0,000001532;-0,0000000009209;-0,00001021;0,0000000001296
6;19,4;0,16369;-0,00000000002693;-0,000022;-0,000000003607;0,0001467;-0,0000000001677
6;19,5;0,15872;0,00000000002818;-0,00001047;-0,000000003566;0,00006984;0,000000000204
6;19,6;0,03446;-0,00000000002528;-0,000008961;-0,0000000007337;0,00005975;-0,0000000002143
6;19,7;-0,11011;0,00000000001793;0,00001656;0,000000002418;-0,0001104;0,0000000001829
6;19,8;-0,16521;-0,000000000005667;0,00001117;0,000000003707;-0,00007448;-0,0000000001131
6;19,9;-0,09342;-0,000000000009917;0,00001485;0,000000002047;-0,00009903;0,00000000001577
6;20;0,04545;0,00000000002298;-0,00001001;-0,0000000009803;0,00006673;0,00000000006874
6;20,1;0,1438;-0,00000000003251;-0,000009058;-0,00000000323;0,00006041;-0,0000000001312
6;20,2;0,12941;0,00000000003725;-0,00001843;-0,00000000285;0,0001229;0,0000000001745
6;20,3;0,01823;-0,00000000003245;0,000003554;-0,0000000004361;-0,00002369;-0,0000000001691
6;20,4;-0,10163;0,00000000002081;0,000004856;0,000000002293;-0,00003239;0,000000000127
6;20,5;-0,13952;-0,000000000008739;0,00001941;0,000000003073;-0,0001294;-0,00000000008543
6;20,6;-0,07065;-0,00000000000073;0,000001767;0,000000001604;-0,00001179;0,00000000005046
6;20,7;0,04829;0,000000000007117;0,0000004701;-0,000000001107;-0,000003125;-0,00000000002475
6;20,8;0,12548;-0,00000000001489;-0,00001795;-0,00000000276;0,0001197;-0,00000000001787
6;20,9;0,10468;0,00000000002883;-0,000005236;-0,000000002361;0,00003492;0,0000000001095
6;21;0,00601;-0,00000000004249;-0,000005893;-0,0000000001018;0,00003929;-0,0000000002036
6;21,1;-0,09271;0,00000000004636;0,00001461;0,000000002032;-0,0000974;0,0000000002442
6;21,2;-0,11714;-0,00000000003872;0,000006533;0,000000002637;-0,00004357;-0,000000000221
6;21,3;-0,05226;0,00000000002361;0,00001051;0,000000001133;-0,00007006;0,0000000001459
6;21,4;0,04902;-0,000000000006917;-0,00001017;-0,000000001062;0,00006779;-0,00000000005776
6;21,5;0,1088;-0,000000000008886;-0,000005736;-0,00000000245;0,00003826;-0,00000000002326
6;21,6;0,08395;0,00000000002227;-0,00001365;-0,00000000184;0,00009104;0,00000000009334
6;21,7;-0,00299;-0,00000000002947;0,000005491;0,00000000003923;-0,0000366;-0,0000000001262
6;21,8;-0,08373;0,00000000002874;0,000003254;0,00000000189;-0,00002171;0,0000000001147
6;21,9;-0,09776;-0,0000000000199;0,000015;0,000000002148;-0,0001;-0,00000000006386
6;22;-0,03755;0,000000000005581;-0,000001368;0,0000000008627;0,000009111;-0,00000000001502
6;22,1;0,04821;0,000000000008018;0,0000002809;-0,0000000011;-0,000001864;0,00000000008361
6;22,2;0,09377;-0,00000000001804;-0,00001456;-0,000000002059;0,00009708;-0,0000000001242
6;22,3;0,06666;0,00000000002392;-0,000001605;-0,000000001512;0,00001071;0,0000000001411
6;22,4;-0,00941;-0,00000000002504;-0,000004145;0,0000000002378;0,00002763;-0,0000000001317
6;22,5;-0,07494;0,00000000002225;0,00001262;0,000000001639;-0,00008417;0,0000000001
6;22,6;-0,08108;-0,00000000001542;0,000003097;0,000000001833;-0,00002066;-0,00000000005045
6;22,7;-0,02588;0,000000000005253;0,000007657;0,0000000005478;-0,00005105;-0,000000000009317
6;22,8;0,04629;0,000000000003835;-0,000009698;-0,000000001002;0,00006466;0,00000000005459
6;22,9;0,08034;-0,000000000009567;-0,000003064;-0,000000001815;0,00002044;-0,00000000007613
6;23;0,05235;0,00000000001242;-0,00001028;-0,000000001138;0,00006854;0,00000000008013
6;23,1;-0,01379;-0,00000000001219;0,000006385;0,0000000002803;-0,00004257;-0,00000000006379
6;23,2;-0,06654;0,00000000001024;0,000001715;0,000000001507;-0,00001145;0,0000000000407
6;23,3;-0,0668;-0,000000000008317;0,00001169;0,00000000146;-0,00007798;-0,00000000002665
6;23,4;-0,01675;0,000000000006084;-0,00000327;0,0000000003986;0,0000218;0,00000000001205
6;23,5;0,04364;-0,000000000003666;0,0000005499;-0,0000000009969;-0,000003658;0,0000000000005244
6;23,6;0,06843;0,000000000002133;-0,00001182;-0,000000001497;0,0000788;0,0000000000006708
6;23,7;0,04057;-0,000000000001288;0,0000008324;-0,0000000009287;-0,000005542;-0,000000000008402
6;23,8;-0,01657;0,0000000000007014;-0,000003235;0,0000000003949;0,00002156;0,00000000001628
6;23,9;-0,05864;-0,0000000000001473;0,00001079;0,000000001279;-0,00007197;-0,0000000000225
6;24;-0,05465;0,000000000000009129;0,0000006248;0,000000001242;-0,000004175;0,00000000002669
6;24,1;-0,00969;-0,000000000001037;0,000005839;0,0000000001897;-0,00003893;-0,00000000003283
6;24,2;0,04053;0,000000000002113;-0,000008931;-0,0000000008761;0,00005954;0,00000000003404
6;24,3;0,05795;-0,000000000002353;-0,0000009963;-0,000000001315;0,000006653;-0,00000000002643
6;24,4;0,03095;0,000000000002326;-0,00000794;-0,0000000006636;0,00005294;0,00000000001781
6;24,5;-0,01813;-0,000000000002098;0,000006637;0,0000000003787;-0,00004425;-0,000000000008582
6;24,6;-0,05133;0,000000000001184;0,000000369;0,000000001167;-0,000002469;-0,000000000003185
6;24,7;-0,04438;-0,00000000000007527;0,000009253;0,0000000009633;-0,00006169;0,00000000001309
6;24,8;-0,00432;0,00000000000003202;-0,000004337;0,0000000001201;0,00002892;-0,0000000000167
6;24,9;0,03717;-0,0000000000005137;0,000001018;-0,0000000008506;-0,000006781;0,0000000000162
6;25;0,04879;-0,0000000000002704;-0,000009658;-0,000000001062;0,0000644;-0,00000000002125
6;25,1;0,02315;0,000000000002435;0,000002404;-0,0000000005382;-0,00001602;0,00000000003476
6;25,2;-0,01876;-0,000000000004013;-0,000002833;0,0000000004404;0,00001888;-0,00000000004262
6;25,3;-0,04464;0,000000000003877;0,000009202;0,0000000009704;-0,00006136;0,00000000003668
6;25,4;-0,03573;-0,000000000002351;-0,000001098;0,0000000008179;0,000007316;-0,00000000002274
6;25,5;-0,00033;-0,00000000000008282;0,000004716;-0,0000000000153;-0,00003144;0,000000000004435
6;25,6;0,03372;0,000000000002476;-0,000008065;-0,0000000007279;0,00005377;0,00000000001255
6;25,7;0,04083;-0,000000000004369;0,0000005473;-0,0000000009308;-0,000003642;-0,00000000002536
6;25,8;0,01688;0,000000000005577;-0,000006344;-0,0000000003534;0,0000423;0,00000000003532
6;25,9;-0,0187;-0,000000000005681;0,000006515;0,0000000003941;-0,00004344;-0,00000000003704
6;26;-0,03858;0,000000000004332;-0,0000007364;0,0000000008802;0,000004902;0,00000000002635
6;26,1;-0,02851;-0,000000000001503;0,000007478;0,0000000006128;-0,00004986;-0,000000000006103
6;26,2;0,00257;-0,000000000001527;-0,000004854;-0,00000000003575;0,00003236;-0,00000000001623
6;26,3;0,0303;0,000000000003453;0,000001532;-0,0000000006955;-0,00001021;0,00000000003203
6;26,4;0,03396;-0,00000000000453;-0,00000799;-0,0000000007347;0,00005327;-0,00000000003827
6;26,5;0,01188;0,0000000000052;0,000003362;-0,0000000002855;-0,00002241;0,00000000003691
6;26,6;-0,01814;-0,000000000004631;-0,00000272;0,0000000004247;0,00001813;-0,00000000002652
6;26,7;-0,03314;0,000000000002914;0,00000787;0,0000000007165;-0,00005247;0,000000000009115
6;26,8;-0,02251;-0,000000000001107;-0,000002255;0,0000000005219;0,00001503;0,000000000009165
6;26,9;0,00459;-0,0000000000007233;0,000004047;-0,0000000001231;-0,00002698;-0,0000000000273
6;27;0,027;0,000000000001905;-0,000007216;-0,00000000058;0,00004811;0,00000000003852
6;27,1;0,02807;-0,000000000001812;0,000001659;-0,0000000006453;-0,00001106;-0,00000000003683
6;27,2;0,00795;0,0000000000009906;-0,000005273;-0,0000000001564;0,00003516;0,00000000002741
6;27,3;-0,01724;0,0000000000003473;0,000006196;0,0000000003634;-0,00004131;-0,00000000001297
6;27,4;-0,02831;-0,000000000002004;-0,000001599;0,0000000006498;0,00001065;-0,000000000004797
6;27,5;-0,01756;0,000000000003456;0,000006204;0,0000000003711;-0,00004136;0,00000000002072
6;27,6;0,00592;-0,000000000004531;-0,000005021;-0,0000000001125;0,00003347;-0,00000000003317
6;27,7;0,02388;0,000000000004639;0,000002009;-0,0000000005504;-0,00001339;0,00000000003852
6;27,8;0,02304;-0,000000000003618;-0,00000672;-0,0000000004939;0,00004481;-0,000000000034
6;27,9;0,00489;0,000000000002335;0,000003896;-0,0000000001275;-0,00002598;0,00000000002452
6;28;-0,01612;-0,000000000001059;-0,000002754;0,0000000003772;0,00001836;-0,00000000001249
6;28,1;-0,02404;-0,0000000000002288;0,000006785;0,0000000005164;-0,00004524;-0,0000000000009465
6;28,2;-0,0135;0,000000000001466;-0,000002994;0,0000000003188;0,00001996;0,00000000001279
6;28,3;0,00673;-0,000000000002607;0,000003665;-0,000000000168;-0,00002443;-0,00000000002221
6;28,4;0,02097;0,000000000003039;-0,000006441;-0,0000000004484;0,00004294;0,00000000002483
6;28,5;0,01878;-0,000000000002159;0,000002428;-0,0000000004357;-0,00001618;-0,00000000001643
6;28,6;0,00255;0,0000000000003414;-0,000004563;-0,00000000003892;0,00003042;0,000000000002218
6;28,7;-0,01486;0,000000000001667;0,000005791;0,0000000003132;-0,00003861;0,00000000001188
6;28,8;-0,02029;-0,000000000003422;-0,00000224;0,000000000469;0,00001493;-0,00000000002385
6;28,9;-0,0102;0,000000000004434;0,000005298;0,0000000002096;-0,00003532;0,00000000003031
6;29;0,00712;-0,000000000004423;-0,000004977;-0,0000000001413;0,00003318;-0,00000000003011
6;29,1;0,01829;0,00000000000313;0,000002407;-0,000000000424;-0,00001605;0,00000000002276
6;29,2;0,01518;-0,000000000001155;-0,000005765;-0,000000000321;0,00003844;-0,00000000001072
6;29,3;0,00078;-0,0000000000001171;0,000004147;-0,00000000003413;-0,00002765;0,000000000001755
6;29,4;-0,01355;0,0000000000005964;-0,00000285;0,0000000003181;0,000019;0,000000000002534
6;29,5;-0,01703;-0,0000000000008103;0,000005917;0,0000000003625;-0,00003945;-0,000000000004198
6;29,6;-0,00753;0,000000000001001;-0,000003434;0,0000000001838;0,00002289;0,000000000004205
6;29,7;0,00721;-0,000000000001068;0,000003454;-0,0000000001765;-0,00002303;-0,000000000003041
6;29,8;0,01585;0,0000000000005995;-0,000005765;-0,0000000003368;0,00003843;-0,0000000000003999
6;29,9;0,01217;0,0000000000004611;0,000002933;-0,0000000002865;-0,00001955;0,00000000000619
6;30;-0,00051;-0,000000000001702;-0,000004095;0,0000000000271;0,0000273;-0,00000000001238
6;30,1;-0,01223;0,000000000002563;0,000005367;0,0000000002566;-0,00003578;0,00000000001697
6;30,2;-0,01421;-0,000000000002801;-0,000002694;0,0000000003315;0,00001796;-0,00000000001908
6;30,3;-0,0054;0,000000000002529;0,000004656;0,0000000001049;-0,00003104;0,00000000001795
6;30,4;0,00708;-0,00000000000194;-0,000004814;-0,0000000001425;0,0000321;-0,00000000001439
6;30,5;0,01366;0,000000000001104;0,000002716;-0,0000000003187;-0,0000181;0,000000000009592
6;30,6;0,00965;-0,0000000000001794;-0,000005052;-0,0000000002002;0,00003368;-0,000000000004458
6;30,7;-0,00144;-0,0000000000005125;0,000004213;0,00000000001742;-0,00002809;0,0000000000007049
6;30,8;-0,01094;0,0000000000006856;-0,000002956;0,0000000002578;0,00001971;0,0000000000002911
6;30,9;-0,01178;-0,0000000000002904;0,000005232;0,0000000002479;-0,00003488;0,000000000002001
6;31;-0,00371;-0,0000000000002491;-0,000003662;0,00000000009657;0,00002442;-0,000000000006089
6;31,1;0,00679;0,0000000000005387;0,000003342;-0,0000000001649;-0,00002228;0,000000000008932
6;31,2;0,0117;-0,0000000000006175;-0,000005191;-0,0000000002465;0,00003461;-0,00000000001017
6;31,3;0,00758;0,0000000000006531;0,00000324;-0,0000000001821;-0,0000216;0,00000000001132
6;31,4;-0,00206;-0,0000000000006546;-0,000003785;0,00000000005928;0,00002523;-0,00000000001145
6;31,5;-0,00971;0,0000000000006089;0,000004959;0,0000000002028;-0,00003306;0,00000000001014
6;31,6;-0,0097;-0,0000000000006304;-0,000002994;0,000000000229;0,00001996;-0,000000000008937
6;31,7;-0,00239;0,0000000000007319;0,0000042;0,00000000004003;-0,000028;0,000000000007879
6;31,8;0,00639;-0,0000000000008289;-0,000004593;-0,0000000001292;0,00003062;-0,000000000006807
6;31,9;0,00996;0,0000000000008895;0,000002936;-0,0000000002344;-0,00001957;0,00000000000633
6;32;0,00587;-0,0000000000008849;-0,000004518;-0,0000000001178;0,00003012;-0,000000000006135
6;32,1;-0,00246;0,0000000000007495;0,000004165;0,00000000004211;-0,00002777;0,000000000005889
6;32,2;-0,00855;-0,0000000000003424;-0,000003046;0,0000000002027;0,0000203;-0,000000000004873
6;32,3;-0,00793;-0,0000000000003053;0,000004695;0,0000000001642;-0,0000313;0,00000000000263
6;32,4;-0,00137;0,0000000000008613;-0,000003748;0,00000000004246;0,00002499;-0,0000000000005748
6;32,5;0,00593;-0,000000000001157;0,000003278;-0,0000000001439;-0,00002185;-0,0000000000008925
6;32,6;0,00843;0,000000000001214;-0,000004713;-0,0000000001758;0,00003142;0,000000000001776
6;32,7;0,00447;-0,000000000001024;0,000003404;-0,0000000001111;-0,00002269;-0,0000000000009934
6;32,8;-0,00268;0,0000000000006399;-0,000003574;0,00000000007106;0,00002383;-0,000000000001072
6;32,9;-0,00748;-0,0000000000001864;0,000004587;0,0000000001552;-0,00003058;0,00000000000345
6;33;-0,00644;-0,0000000000002099;-0,000003175;0,0000000001545;0,00002116;-0,000000000005355
6;33,1;-0,00059;0,0000000000004411;0,000003872;0,00000000000203;-0,00002581;0,000000000005592
6;33,2;0,00543;-0,0000000000005853;-0,000004349;-0,0000000001099;0,000029;-0,000000000004975
6;33,3;0,00709;0,0000000000006124;0,000003078;-0,0000000001688;-0,00002052;0,000000000004
6;33,4;0,00334;-0,0000000000003185;-0,000004118;-0,00000000006349;0,00002745;-0,000000000001556
6;33,5;-0,00276;-0,0000000000001404;0,000004049;0,00000000005081;-0,000027;-0,000000000001178
6;33,6;-0,00651;0,0000000000005276;-0,000003106;0,0000000001552;0,00002071;0,000000000002844
6;33,7;-0,00518;-0,0000000000007712;0,000004273;0,0000000001049;-0,00002848;-0,000000000003357
6;33,8;-0,00001545;0,0000000000008352;-0,000003739;0,00000000001053;0,00002493;0,00000000000257
6;33,9;0,00493;-0,0000000000007308;0,000003235;-0,0000000001197;-0,00002156;-0,000000000001052
6;34;0,00594;0,0000000000004702;-0,000004318;-0,0000000001222;0,00002879;-0,0000000000006086
6;34,1;0,00243;-0,0000000000001782;0,000003466;-0,00000000006383;-0,00002311;0,00000000000197
6;34,2;-0,00275;0,000000000000008533;-0,000003424;0,0000000000708;0,00002283;-0,000000000002423
6;34,3;-0,00562;0,00000000000002469;0,000004256;0,0000000001155;-0,00002838;0,000000000002032
6;34,4;-0,00413;0,000000000000009683;-0,000003265;0,0000000001013;0,00002176;-0,000000000001372
6;34,5;0,0004;-0,00000000000005975;0,00000363;-0,00000000001824;-0,0000242;0,0000000000006367
6;34,6;0,00443;0,00000000000008254;-0,000004106;-0,00000000008927;0,00002738;-0,0000000000002458
6;34,7;0,00493;-0,00000000000003053;0,000003154;-0,0000000001189;-0,00002103;0,0000000000006624
6;34,8;0,00171;-0,00000000000005566;-0,000003813;-0,000000000029;0,00002542;-0,000000000001287
6;34,9;-0,00266;0,0000000000001151;0,000003899;0,00000000005039;-0,00002599;0,000000000001902
6;35;-0,00483;-0,00000000000005933;-0,000003135;0,0000000001161;0,0000209;-0,000000000002388
6;35,1;-0,00326;-0,0000000000001734;0,000003939;0,00000000006397;-0,00002626;0,000000000002089
6;35,2;0,00069;0,0000000000004388;-0,000003671;-0,000000000006965;0,00002447;-0,000000000001401
6;35,3;0,00394;-0,0000000000006112;0,000003195;-0,00000000009598;-0,0000213;0,0000000000009171
6;35,4;0,00408;0,0000000000006639;-0,000003993;-0,00000000008256;0,00002662;-0,0000000000009573
6;35,5;0,00114;-0,0000000000006076;0,000003458;-0,00000000003332;-0,00002305;0,000000000001509
6;35,6;-0,00253;0,0000000000005106;-0,000003308;0,00000000006413;0,00002206;-0,000000000001914
6;35,7;-0,00412;-0,0000000000003835;0,000003968;0,00000000008386;-0,00002645;0,000000000001913
6;35,8;-0,00254;0,0000000000002203;-0,000003288;0,00000000006425;0,00002192;-0,000000000001653
6;35,9;0,00088;-0,00000000000007525;0,000003445;-0,00000000002726;-0,00002297;0,000000000001159
6;36;0,00348;-0,00000000000009124;-0,000003875;-0,00000000006996;0,00002583;-0,0000000000009724
6;36,1;0,00334;0,0000000000003269;0,000003178;-0,00000000008189;-0,00002119;0,000000000001508
6;36,2;0,00069;-0,0000000000005241;-0,000003575;-0,000000000008077;0,00002383;-0,000000000002124
6;36,3;-0,00236;0,0000000000005963;0,000003733;0,00000000004526;-0,00002489;0,000000000002494
6;36,4;-0,0035;-0,0000000000005098;-0,000003134;0,00000000008494;0,00002089;-0,000000000002568
6;36,5;-0,00195;0,0000000000002642;0,000003673;0,00000000003643;-0,00002449;0,000000000001979
6;36,6;0,00099;0,00000000000001452;-0,000003568;-0,0000000000153;0,00002378;-0,000000000001222
6;36,7;0,00306;-0,0000000000002168;0,00000315;-0,00000000007474;-0,000021;0,0000000000009229
6;36,8;0,00272;0,0000000000003228;-0,000003723;-0,00000000005405;0,00002482;-0,0000000000009003
6;36,9;0,00036;-0,0000000000003588;0,000003404;-0,00000000001436;-0,00002269;0,0000000000008523
6;37;-0,00217;0,0000000000003613;-0,000003211;0,00000000005472;0,00002141;-0,0000000000006357
6;37,1;-0,00295;-0,0000000000003606;0,000003718;0,00000000005943;-0,00002479;0,0000000000001483
6;37,2;-0,00147;0,0000000000003872;-0,000003263;0,00000000003887;0,00002176;0,0000000000004937
6;37,3;0,00105;-0,0000000000004274;0,000003297;-0,00000000002937;-0,00002198;-0,000000000001105
6;37,4;0,00267;0,0000000000004312;-0,000003661;-0,00000000005341;0,00002441;0,000000000001475
6;37,5;0,0022;-0,0000000000004042;0,000003162;-0,00000000005477;-0,00002108;-0,000000000001534
6;37,6;0,0001;0,0000000000003916;-0,000003385;0,00000000000343;0,00002257;0,000000000001508
6;37,7;-0,00198;-0,0000000000003343;0,000003565;0,00000000003853;-0,00002377;-0,000000000001077
6;37,8;-0,00248;0,0000000000001989;-0,000003107;0,00000000006052;0,00002071;0,00000000000009493
6;37,9;-0,00108;-0,0000000000000755;0,000003456;0,00000000001883;-0,00002304;0,0000000000007241
6;38;0,00106;-0,00000000000000937;-0,000003445;-0,00000000001841;0,00002297;-0,000000000001214
6;38,1;0,00231;0,00000000000002493;0,000003097;-0,00000000005646;-0,00002064;0,000000000001297
6;38,2;0,00176;0,00000000000006656;-0,000003498;-0,00000000003429;0,00002332;-0,0000000000008133
6;38,3;-0,00008598;-0,0000000000001911;0,00000332;-0,000000000002907;-0,00002213;0,0000000000002753
6;38,4;-0,00179;0,0000000000002913;-0,000003122;0,00000000004445;0,00002081;0,0000000000001153
6;38,5;-0,00206;-0,0000000000003696;0,000003501;0,00000000004136;-0,00002334;-0,0000000000004847
6;38,6;-0,00078;0,000000000000405;-0,000003206;0,00000000002172;0,00002137;0,0000000000006135
6;38,7;0,00104;-0,0000000000004027;0,000003171;-0,00000000002746;-0,00002114;-0,0000000000005187
6;38,8;0,00199;0,0000000000003619;-0,000003467;-0,00000000004004;0,00002311;0,0000000000001521
6;38,9;0,0014;-0,0000000000002698;0,000003117;-0,00000000003522;-0,00002078;0,0000000000005441
6;39;-0,00022;0,0000000000001743;-0,000003227;0,00000000000885;0,00002151;-0,000000000001068
6;39,1;-0,0016;-0,0000000000001016;0,000003401;0,00000000003166;-0,00002267;0,000000000001271
6;39,2;-0,00171;0,00000000000002467;-0,000003059;0,00000000004185;0,00002039;-0,000000000001446
6;39,3;-0,00053;0,00000000000006011;0,000003276;0,000000000008144;-0,00002184;0,000000000001603
6;39,4;0,001;-0,0000000000001059;-0,000003314;-0,00000000001857;0,00002209;-0,000000000001581
6;39,5;0,0017;0,00000000000007625;0,000003034;-0,00000000004136;-0,00002022;0,000000000001228
6;39,6;0,0011;0,00000000000000716;-0,000003307;-0,00000000002103;0,00002204;-0,0000000000005906
6;39,7;-0,00031;-0,0000000000001081;0,000003219;0,000000000003601;-0,00002146;-0,00000000000004639
6;39,8;-0,00142;0,0000000000002049;-0,000003036;0,00000000003467;0,00002024;0,0000000000005346
6;39,9;-0,00141;-0,0000000000002875;0,000003312;0,0000000000283;-0,00002208;-0,0000000000009089
6;40;-0,00034;0,0000000000003376;-0,000003128;0,00000000001049;0,00002085;0,000000000001066
7;0;0;0;0;0;0;0
7;0,1;-1,80449;0,0000000002003;-0,00048;-0,000001394;0,003181;0,000000002937
7;0,2;-1,91548;-0,00000000002409;-0,00106;-0,0000003164;0,007056;0,000000001795
7;0,3;-9,70266;0,0000000002318;0,00007334;0,00000004601;-0,0004893;0,0000000001964
7;0,4;4,55169;-0,000000000375;0,00157;0,000001534;-0,01;-0,000000002132
7;0,5;-7,40644;0,0000000003909;0,0006;0,0000009464;-0,004029;0,000000003239
7;0,6;-7,53595;-0,0000000003099;-0,00049;-0,00000005817;0,003265;-0,000000003611
7;0,7;12,01911;0,00000000009624;-0,00028;-0,0000006465;0,00187;0,000000003091
7;0,8;6,18124;0,0000000002358;-0,00061;-0,000001533;0,004112;-0,000000001623
7;0,9;-2,88408;-0,0000000005296;-0,00079;-0,0000004227;0,005243;0,0000000000655
7;1;0,54243;0,0000000007473;0,00041;0,0000008718;-0,00277;0,000000001383
7;1,1;-4,06489;-0,0000000008557;0,00111;0,0000006422;-0,007437;-0,000000002607
7;1,2;-6,34885;0,0000000007892;0,00037;0,0000009112;-0,002449;0,000000003084
7;1,3;0,32613;-0,0000000006191;-0,00021;0,0000002958;0,001423;-0,000000003018
7;1,4;5,13229;0,0000000004488;-0,00034;-0,000001251;0,002282;0,000000002507
7;1,5;5,40515;-0,0000000003426;-0,00066;-0,000000932;0,004427;-0,000000001772
7;1,6;0,43961;0,0000000003514;-0,0005;-0,00000006872;0,003311;0,000000001751
7;1,7;-2,89817;-0,0000000004263;0,00047;0,000000242;-0,003108;-0,000000002304
7;1,8;-2,50056;0,0000000005405;0,00082;0,0000009488;-0,0055;0,000000003123
7;1,9;-4,49;-0,0000000007201;0,00029;0,0000008211;-0,001909;-0,000000004334
7;2;-0,91627;0,0000000008742;-0,00013;-0,000000245;0,0008915;0,000000005219
7;2,1;6,29501;-0,0000000009121;-0,00035;-0,0000007599;0,002346;-0,000000005338
7;2,2;3,53;0,0000000008039;-0,00063;-0,0000007559;0,004231;0,000000004986
7;2,3;-0,7492;-0,0000000005526;-0,00029;-0,0000002738;0,001947;-0,00000000423
7;2,4;-0,54077;0,0000000002429;0,00046;0,0000005122;-0,003065;0,000000003103
7;2,5;-3,7406;0,000000000111;0,00061;0,0000007666;-0,004106;-0,000000001325
7;2,6;-4,18806;-0,0000000005048;0,00023;0,000000517;-0,001535;-0,000000001111
7;2,7;1,66464;0,0000000007898;-0,00007381;-0,00000009485;0,0004928;0,000000002942
7;2,8;3,9809;-0,0000000008872;-0,00039;-0,0000007592;0,002627;-0,000000003632
7;2,9;2,3697;0,0000000008152;-0,00054;-0,0000006521;0,003591;0,000000003575
7;3;0,81902;-0,0000000005909;-0,00015;-0,00000006875;0,0009744;-0,000000002716
7;3,1;-1,74291;0,0000000003093;0,0004;0,000000367;-0,002694;0,000000001467
7;3,2;-3,56615;-0,00000000005378;0,00047;0,0000006834;-0,003143;-0,0000000003399
7;3,3;-2,28685;-0,000000000174;0,00022;0,0000004703;-0,001455;-0,0000000007942
7;3,4;1,0408;0,0000000003329;-0,00009179;-0,0000002428;0,0006139;0,000000001632
7;3,5;3,33533;-0,0000000003546;-0,00038;-0,000000608;0,002545;-0,000000001698
7;3,6;2,34404;0,0000000002393;-0,00044;-0,000000485;0,002934;0,000000001181
7;3,7;0,1619;-0,00000000006949;-0,00005645;-0,0000001127;0,0003773;-0,0000000004923
7;3,8;-1,51654;-0,00000000007936;0,00034;0,0000004038;-0,00227;-0,00000000009345
7;3,9;-3,02933;0,0000000002198;0,00039;0,0000006058;-0,0026;0,0000000006894
7;4;-1,94043;-0,0000000003703;0,00018;0,0000002901;-0,001182;-0,000000001479
7;4,1;1,43802;0,0000000004625;-0,00009674;-0,0000002004;0,0006465;0,000000001986
7;4,2;2,66348;-0,0000000004619;-0,00037;-0,000000518;0,002438;-0,000000001973
7;4,3;1,7212;0,0000000004118;-0,00034;-0,0000004356;0,002273;0,000000001726
7;4,4;0,39158;-0,0000000003262;-0,00001069;-0,0000000229;0,00007147;-0,000000001287
7;4,5;-1,69664;0,0000000002354;0,0003;0,0000003674;-0,001972;0,000000000896
7;4,6;-2,72843;-0,0000000001654;0,00032;0,0000004899;-0,002113;-0,0000000006853
7;4,7;-1,07236;0,00000000009342;0,00015;0,0000002371;-0,001029;0,0000000004246
7;4,8;1,18417;-0,00000000001565;-0,00012;-0,0000002166;0,0008089;-0,0000000002038
7;4,9;2,13772;-0,00000000005449;-0,00032;-0,0000004524;0,002147;0,0000000001652
7;5;1,65819;0,00000000008236;-0,00027;-0,0000003324;0,00179;-0,000000000443
7;5,1;0,05704;-0,00000000004974;0,00002357;-0,000000005848;-0,0001571;0,000000001104
7;5,2;-1,66398;0,000000000007653;0,00025;0,0000003395;-0,001647;-0,000000001687
7;5,3;-2,12972;0,00000000002794;0,00028;0,0000004223;-0,001839;0,000000001987
7;5,4;-0,81284;-0,00000000007875;0,00011;0,0000001527;-0,0007434;-0,0000000022
7;5,5;1,10302;0,0000000001241;-0,00012;-0,0000002031;0,0008187;0,000000002127
7;5,6;1,88071;-0,0000000001605;-0,00029;-0,0000003795;0,001915;-0,000000001731
7;5,7;1,29343;0,0000000001881;-0,0002;-0,000000281;0,001336;0,00000000123
7;5,8;-0,05755;-0,0000000001829;0,00003224;0,00000003117;-0,0002152;-0,0000000005908
7;5,9;-1,52524;0,0000000001557;0,00022;0,0000003114;-0,00148;-0,00000000001232
7;6;-1,79814;-0,0000000001148;0,00023;0,0000003391;-0,001506;0,0000000004637
7;6,1;-0,48426;0,00000000004428;0,00008722;0,00000011;-0,0005824;-0,0000000009692
7;6,2;0,99775;0,00000000004323;-0,00013;-0,0000001911;0,0008826;0,000000001381
7;6,3;1,56818;-0,0000000001327;-0,00024;-0,0000003321;0,001597;-0,000000001613
7;6,4;1,10427;0,0000000002086;-0,00016;-0,0000002171;0,001064;0,000000001823
7;6,5;-0,20698;-0,0000000002413;0,00004828;0,00000005029;-0,0003223;-0,000000001821
7;6,6;-1,40825;0,0000000002265;0,00019;0,0000002747;-0,001252;0,000000001533
7;6,7;-1,41059;-0,0000000001667;0,0002;0,0000002825;-0,001311;-0,000000001048
7;6,8;-0,32039;0,00000000007592;0,00005218;0,00000006938;-0,0003484;0,0000000003937
7;6,9;0,89307;-0,0000000000109;-0,00012;-0,0000001805;0,0008131;0,00000000009459
7;7;1,38119;-0,00000000001901;-0,00021;-0,0000002799;0,001393;-0,0000000003122
7;7,1;0,85686;0,00000000004689;-0,00012;-0,0000001724;0,0007716;0,000000000505
7;7,2;-0,30165;-0,00000000004855;0,0000463;0,00000006417;-0,0003092;-0,0000000005235
7;7,3;-1,22594;0,00000000002024;0,00017;0,0000002449;-0,001148;0,0000000003243
7;7,4;-1,1528;0,00000000001067;0,00016;0,000000228;-0,001044;-0,00000000008291
7;7,5;-0,18229;-0,00000000003923;0,00003682;0,0000000409;-0,0002458;-0,0000000002286
7;7,6;0,82711;0,00000000003989;-0,00012;-0,0000001652;0,0008122;0,0000000003827
7;7,7;1,16938;-0,000000000001671;-0,00017;-0,0000002403;0,001128;-0,0000000002445
7;7,8;0,66826;-0,00000000005633;-0,0000938;-0,0000001311;0,0006264;-0,00000000001584
7;7,9;-0,35013;0,0000000001235;0,00005617;0,00000007272;-0,0003751;0,0000000004092
7;8;-1,08168;-0,0000000001631;0,00014;0,000000213;-0,000964;-0,0000000007501
7;8,1;-0,91828;0,0000000001509;0,00013;0,0000001855;-0,0008989;0,000000000805
7;8,2;-0,08209;-0,0000000001172;0,00001249;0,00000001944;-0,00008341;-0,0000000007219
7;8,3;0,74677;0,00000000007298;-0,00011;-0,0000001528;0,0007053;0,0000000005962
7;8,4;1,00303;-0,00000000002751;-0,00015;-0,0000002019;0,0009855;-0,0000000004775
7;8,5;0,50061;0,000000000003852;-0,00006429;-0,00000009871;0,0004294;0,000000000443
7;8,6;-0,38018;0,00000000001377;0,00005034;0,00000007584;-0,0003362;-0,0000000003523
7;8,7;-0,92926;-0,00000000003526;0,00013;0,0000001856;-0,0008862;0,0000000001546
7;8,8;-0,73848;0,00000000005332;0,0001;0,0000001492;-0,0006864;0,00000000004601
7;8,9;-0,00998;-0,00000000007153;0,000006373;0,000000002508;-0,00004251;-0,0000000002444
7;9;0,68387;0,00000000008157;-0,0001;-0,000000138;0,0006834;0,0000000003537
7;9,1;0,84298;-0,0000000000859;-0,00012;-0,00000017;0,00078;-0,000000000345
7;9,2;0,36427;0,00000000009843;-0,00005307;-0,00000007204;0,0003544;0,0000000003658
7;9,3;-0,3806;-0,0000000001009;0,0000568;0,00000007635;-0,0003793;-0,0000000003631
7;9,4;-0,80201;0,00000000007732;0,00011;0,0000001601;-0,0007278;0,0000000002645
7;9,5;-0,58861;-0,00000000004543;0,00008825;0,0000001189;-0,0005893;-0,0000000001664
7;9,6;0,04803;0,00000000002126;-0,000009547;-0,000000008956;0,00006372;0,00000000007534
7;9,7;0,6149;-0,000000000007432;-0,00008554;-0,0000001248;0,0005713;0,00000000001515
7;9,8;0,70549;0,000000000006673;-0,0001;-0,0000001414;0,0006881;-0,00000000006199
7;9,9;0,25706;-0,00000000002187;-0,00003207;-0,00000005099;0,0002142;0,00000000005241
7;10;-0,37295;0,00000000004728;0,00004868;0,00000007431;-0,0003251;0,00000000003723
7;10,1;-0,68533;-0,00000000007422;0,0001;0,0000001375;-0,0006688;-0,0000000001911
7;10,2;-0,46562;0,0000000001011;0,00006384;0,00000009433;-0,0004263;0,0000000003601
7;10,3;0,08716;-0,0000000001234;-0,000009328;-0,00000001789;0,00006233;-0,0000000005269
7;10,4;0,55181;0,0000000001286;-0,00008229;-0,0000001111;0,0005495;0,0000000005969
7;10,5;0,58434;-0,0000000001098;-0,00007917;-0,0000001172;0,0005287;-0,0000000004917
7;10,6;0,17138;0,00000000007167;-0,00002723;-0,00000003422;0,0001818;0,0000000002839
7;10,7;-0,35357;-0,00000000001991;0,00005281;0,00000007067;-0,0003526;-0,00000000001808
7;10,8;-0,58457;-0,00000000003259;0,00007976;0,0000001176;-0,0005326;-0,0000000002496
7;10,9;-0,36505;0,00000000006912;0,00005555;0,00000007349;-0,0003709;0,0000000004067
7;11;0,11593;-0,0000000000897;-0,00001991;-0,00000002326;0,000133;-0,0000000004691
7;11,1;0,48946;0,0000000000916;-0,00006662;-0,0000000987;0,0004449;0,0000000004595
7;11,2;0,47997;-0,00000000007902;-0,0000709;-0,00000009611;0,0004734;-0,0000000004043
7;11,3;0,10659;0,00000000007112;-0,00001187;-0,00000002143;0,00007931;0,0000000003922
7;11,4;-0,3308;-0,00000000005799;0,00004337;0,0000000663;-0,0002896;-0,0000000003469
7;11,5;-0,49609;0,00000000002852;0,00007374;0,00000009966;-0,0004924;0,0000000002107
7;11,6;-0,28164;0,00000000000474;0,0000371;0,0000000569;-0,0002478;-0,00000000007209
7;11,7;0,13308;-0,00000000003375;-0,00001604;-0,00000002706;0,0001072;-0,00000000004957
7;11,8;0,43115;0,00000000005144;-0,0000644;-0,00000008657;0,00043;0,0000000001367
7;11,9;0,3914;-0,00000000004975;-0,00005214;-0,00000007856;0,0003482;-0,0000000001337
7;12;0,05657;0,0000000000295;-0,00001125;-0,00000001135;0,00007508;0,00000000005333
7;12,1;-0,3047;-0,0000000000003686;0,00004617;0,00000006102;-0,0003083;0,00000000005424
7;12,2;-0,41893;-0,00000000002294;0,00005654;0,00000008441;-0,0003776;-0,0000000001168
7;12,3;-0,21395;0,00000000003244;0,00003352;0,00000004289;-0,0002238;0,00000000008597
7;12,4;0,14257;-0,00000000003257;-0,0000235;-0,00000002863;0,0001569;-0,00000000001342
7;12,5;0,37678;0,00000000003232;-0,00005037;-0,0000000758;0,0003364;-0,00000000004002
7;12,6;0,31633;-0,00000000003417;-0,00004783;-0,00000006338;0,0003194;0,00000000006172
7;12,7;0,01957;0,00000000003147;0,0000001857;-0,000000004097;-0,000001206;-0,00000000006126
7;12,8;-0,27778;-0,0000000000249;0,0000363;0,00000005589;-0,0002425;0,00000000004365
7;12,9;-0,35202;0,00000000002267;0,00005313;0,00000007068;-0,0003548;0,000000000009358
7;13;-0,15868;-0,00000000002314;0,00001948;0,00000003201;-0,0001301;-0,00000000008878
7;13,1;0,14536;0,00000000001973;-0,00001771;-0,00000002939;0,0001183;0,0000000001375
7;13,2;0,32695;-0,00000000001474;-0,00004937;-0,00000006555;0,0003296;-0,0000000001477
7;13,3;0,25367;0,00000000001007;-0,00003293;-0,00000005104;0,0002199;0,0000000001498
7;13,4;-0,00775;-0,000000000002684;-0,000001995;0,000000001608;0,00001329;-0,0000000001331
7;13,5;-0,25079;-0,000000000004202;0,00003859;0,00000005028;-0,0002577;0,0000000001072
7;13,6;-0,29396;0,000000000009756;0,00003881;0,00000005923;-0,0002592;-0,00000000007869
7;13,7;-0,11442;-0,00000000001628;0,00001919;0,00000002286;-0,0001281;0,00000000002628
7;13,8;0,14345;0,00000000001988;-0,00002338;-0,00000002875;0,0001561;0,00000000002514
7;13,9;0,28192;-0,00000000002;-0,00003699;-0,00000005672;0,0002471;-0,00000000007055
7;14;0,20139;0,00000000002054;-0,00003154;-0,00000004036;0,0002106;0,0000000001275
7;14,1;-0,02713;-0,0000000000207;0,000006751;0,000000005313;-0,00004505;-0,0000000001602
7;14,2;-0,2245;0,00000000001857;0,00002894;0,00000004523;-0,0001933;0,0000000001602
7;14,3;-0,24404;-0,00000000001311;0,00003761;0,00000004894;-0,0002511;-0,0000000001357
7;14,4;-0,07916;0,000000000003579;0,000008272;0,000000016;-0,00005528;0,00000000006835
7;14,5;0,13808;0,000000000007452;-0,00001669;-0,00000002786;0,0001115;0,00000000001825
7;14,6;0,24156;-0,00000000001847;-0,00003717;-0,00000004841;0,0002482;-0,0000000000917
7;14,7;0,15823;0,00000000003106;-0,00001956;-0,00000003191;0,0001306;0,0000000001526
7;14,8;-0,04041;-0,0000000000448;0,000002809;0,000000008217;-0,00001879;-0,0000000002005
7;14,9;-0,19942;0,00000000005732;0,00003122;0,00000003997;-0,0002084;0,0000000002478
7;15;-0,20121;-0,00000000006411;0,00002569;0,00000004055;-0,0001716;-0,0000000002972
7;15,1;-0,05151;0,00000000005963;0,00001016;0,00000001022;-0,00006783;0,0000000003086
7;15,2;0,13037;-0,00000000004528;-0,00002137;-0,00000002608;0,0001427;-0,0000000002733
7;15,3;0,20581;0,00000000002422;-0,00002633;-0,00000004145;0,0001759;0,000000000203
7;15,4;0,12271;-0,0000000000008708;-0,00002028;-0,00000002456;0,0001354;-0,0000000001028
7;15,5;-0,04891;-0,00000000001554;0,000009778;0,000000009713;-0,00006527;0,00000000001806
7;15,6;-0,17584;0,00000000002078;0,00002214;0,00000003545;-0,0001479;0,00000000002094
7;15,7;-0,16474;-0,0000000000174;0,00002622;0,00000003299;-0,000175;-0,00000000001884
7;15,8;-0,03009;0,00000000000967;0,000001432;0,000000006147;-0,000009595;-0,00000000001918
7;15,9;0,1212;-0,00000000000249;-0,00001438;-0,00000002446;0,00009605;0,00000000005702
7;16;0,17431;-0,000000000001051;-0,00002754;-0,00000003491;0,0001839;-0,00000000006451
7;16,1;0,09371;0,0000000000007983;-0,00001051;-0,00000001895;0,00007021;0,00000000004975
7;16,2;-0,05371;0,000000000001673;0,000004826;0,0000000109;-0,00003226;-0,00000000002023
7;16,3;-0,154;-0,00000000000004683;0,00002466;0,00000003084;-0,0001646;0,00000000001275
7;16,4;-0,13385;-0,000000000008827;0,00001621;0,000000027;-0,0001083;-0,00000000005325
7;16,5;-0,0138;0,00000000001903;0,000004727;0,00000000266;-0,00003153;0,0000000001051
7;16,6;0,11123;-0,00000000002789;-0,00001855;-0,00000002224;0,0001238;-0,0000000001516
7;16,7;0,14679;0,00000000003538;-0,00001807;-0,00000002961;0,0001207;0,0000000001893
7;16,8;0,0702;-0,00000000003905;-0,00001272;-0,000000014;0,00008494;-0,0000000001984
7;16,9;-0,05573;0,00000000003804;0,00001066;0,00000001109;-0,00007114;0,0000000001825
7;17;-0,13399;-0,00000000002988;0,00001629;0,00000002704;-0,0001088;-0,0000000001326
7;17,1;-0,10785;0,00000000001387;0,00001804;0,00000002156;-0,0001204;0,00000000004403
7;17,2;-0,00166;0,000000000003334;-0,000002491;0,0000000004401;0,0000166;0,00000000003935
7;17,3;0,10098;-0,00000000001656;-0,00001161;-0,00000002039;0,00007757;-0,00000000009256
7;17,4;0,12289;0,00000000002379;-0,00002015;-0,00000002459;0,0001346;0,0000000001132
7;17,5;0,05129;-0,00000000002248;-0,00000458;-0,00000001041;0,00003062;-0,00000000008962
7;17,6;-0,05566;0,00000000001429;0,000005206;0,00000001129;-0,0000348;0,00000000003573
7;17,7;-0,11586;-0,000000000002941;0,00001914;0,00000002318;-0,0001278;0,00000000002599
7;17,8;-0,08611;-0,000000000009084;0,000009536;0,00000001741;-0,00006371;-0,00000000008409
7;17,9;0,00716;0,00000000001918;0,00000166;-0,000000001546;-0,00001106;0,0000000001237
7;18;0,0908;-0,00000000002548;-0,00001555;-0,00000001813;0,0001038;-0,0000000001437
7;18,1;0,10226;0,00000000002736;-0,00001185;-0,00000002066;0,00007919;0,0000000001496
7;18,2;0,03622;-0,00000000002487;-0,000007797;-0,000000007169;0,00005204;-0,0000000001346
7;18,3;-0,05409;0,00000000001911;0,00001033;0,00000001076;-0,00006894;0,0000000001029
7;18,4;-0,09958;-0,00000000001143;0,00001149;0,00000002012;-0,00007679;-0,00000000006549
7;18,5;-0,06803;0,000000000003372;0,00001229;0,00000001356;-0,00008204;0,00000000002458
7;18,6;0,01332;0,000000000003275;-0,000004518;-0,000000002569;0,00003014;0,00000000001202
7;18,7;0,08095;-0,000000000008713;-0,000008868;-0,00000001637;0,00005925;-0,0000000000423
7;18,8;0,08455;0,00000000001332;-0,00001462;-0,00000001688;0,00009758;0,00000000006662
7;18,9;0,02433;-0,00000000001584;-0,0000008469;-0,000000004997;0,000005686;-0,0000000000739
7;19;-0,05147;0,00000000001556;0,000004707;0,00000001045;-0,00003146;0,00000000006407
7;19,1;-0,08509;-0,00000000001179;0,00001467;0,00000001699;-0,00009794;-0,00000000003818
7;19,2;-0,05311;0,000000000005474;0,000004951;0,00000001078;-0,00003309;-0,000000000002601
7;19,3;0,01741;0,00000000000007684;0,0000001097;-0,000000003604;-0,000000703;0,00000000003703
7;19,4;0,07162;-0,000000000004076;-0,00001274;-0,00000001429;0,00008504;-0,00000000006039
7;19,5;0,06944;0,000000000007075;-0,00000729;-0,00000001406;0,00004871;0,0000000000817
7;19,6;0,01508;-0,000000000008056;-0,0000047;-0,000000002925;0,00003136;-0,00000000009021
7;19,7;-0,04817;0,000000000006702;0,000009391;0,000000009575;-0,00006269;0,00000000007927
7;19,8;-0,07228;-0,000000000002813;0,000007712;0,00000001463;-0,00005153;-0,00000000005058
7;19,9;-0,04087;-0,000000000002929;0,000008342;0,000000008109;-0,00005568;0,000000000009582
7;20;0,01989;0,000000000007905;-0,000005356;-0,000000003893;0,00003574;0,00000000002657
7;20,1;0,06291;-0,00000000001148;-0,000006402;-0,00000001274;0,00004278;-0,00000000005326
7;20,2;0,05661;0,00000000001308;-0,00001056;-0,00000001127;0,00007047;0,00000000007065
7;20,3;0,00798;-0,0000000000108;0,000001382;-0,000000001707;-0,000009202;-0,00000000006724
7;20,4;-0,04446;0,000000000005728;0,000003803;0,000000009038;-0,00002542;0,00000000004784
7;20,5;-0,06105;-0,0000000000002561;0,00001117;0,00000001216;-0,00007454;-0,00000000002659
7;20,6;-0,03091;-0,000000000004441;0,000001892;0,000000006316;-0,00001267;0,000000000006571
7;20,7;0,02113;0,000000000007957;-0,0000005103;-0,00000000435;0,000003436;0,000000000009702
7;20,8;0,0549;-0,00000000001177;-0,00001027;-0,00000001093;0,00006858;-0,00000000003122
7;20,9;0,0458;0,00000000001753;-0,000004025;-0,000000009307;0,00002691;0,0000000000693
7;21;0,00263;-0,00000000002272;-0,000002842;-0,000000000424;0,00001895;-0,0000000001052
7;21,1;-0,04056;0,00000000002372;0,00000822;0,000000008047;-0,00005487;0,0000000001181
7;21,2;-0,05125;-0,00000000001978;0,000004818;0,0000000104;-0,0000322;-0,0000000001039
7;21,3;-0,02287;0,00000000001253;0,000005696;0,000000004492;-0,00003801;0,00000000006733
7;21,4;0,02145;-0,000000000004667;-0,000005488;-0,000000004207;0,00003662;-0,0000000000256
7;21,5;0,0476;-0,000000000002521;-0,000004319;-0,000000009667;0,00002887;-0,00000000001216
7;21,6;0,03673;0,000000000008434;-0,000007644;-0,000000007278;0,00005102;0,00000000004505
7;21,7;-0,00131;-0,00000000001171;0,000002611;0,0000000001612;-0,00001741;-0,00000000006225
7;21,8;-0,03663;0,00000000001167;0,000002781;0,000000007462;-0,0000186;0,00000000006039
7;21,9;-0,04277;-0,000000000008254;0,000008483;0,000000008493;-0,00005663;-0,00000000004176
7;22;-0,01643;0,000000000002559;-0,00000007472;0,000000003402;0,0000004716;0,00000000001075
7;22,1;0,02109;0,000000000002874;-0,0000005933;-0,00000000434;0,000003989;0,00000000001705
7;22,2;0,04102;-0,000000000006894;-0,000008217;-0,000000008142;0,00005485;-0,00000000003383
7;22,3;0,02917;0,000000000009295;-0,000001752;-0,000000005963;0,00001173;0,00000000004084
7;22,4;-0,00412;-0,000000000009713;-0,000001797;0,0000000009292;0,00001198;-0,00000000003658
7;22,5;-0,03279;0,000000000008359;0,000007029;0,000000006486;-0,00004692;0,00000000002267
7;22,6;-0,03547;-0,000000000005292;0,000002665;0,00000000723;-0,00001783;-0,00000000000184
7;22,7;-0,01132;0,000000000001092;0,000003971;0,000000002174;-0,00002649;-0,00000000002185
7;22,8;0,02025;0,00000000000247;-0,000005232;-0,000000003968;0,00003491;0,00000000003835
7;22,9;0,03515;-0,000000000004619;-0,000002638;-0,000000007164;0,00001764;-0,00000000004409
7;23;0,0229;0,000000000005563;-0,000005596;-0,000000004501;0,00003734;0,00000000004199
7;23,1;-0,00603;-0,000000000005164;0,000003195;0,000000001111;-0,00002131;-0,00000000003119
7;23,2;-0,02911;0,000000000004019;0,000001799;0,000000005951;-0,00001204;0,00000000001769
7;23,3;-0,02922;-0,000000000002975;0,000006475;0,000000005772;-0,00004321;-0,000000000008744
7;23,4;-0,00733;0,000000000001869;-0,000001281;0,000000001573;0,000008528;0,0000000000004267
7;23,5;0,01909;-0,0000000000007339;-0,000000395;-0,000000003937;0,000002664;0,000000000006512
7;23,6;0,02994;0,00000000000001523;-0,000006559;-0,000000005915;0,00004377;-0,000000000007586
7;23,7;0,01775;0,0000000000003956;-0,0000002162;-0,000000003667;0,00000147;0,000000000006089
7;23,8;-0,00725;-0,0000000000006811;-0,000001268;0,000000001558;0,000008442;-0,000000000004252
7;23,9;-0,02566;0,0000000000008786;0,000005933;0,000000005055;-0,00003959;0,000000000002371
7;24;-0,02391;-0,0000000000007854;0,000001108;0,000000004905;-0,000007428;-0,0000000000006043
7;24,1;-0,00424;0,0000000000002103;0,000002881;0,0000000007513;-0,00001921;-0,000000000002377
7;24,2;0,01773;0,0000000000002824;-0,00000479;-0,000000003463;0,00003196;0,000000000002995
7;24,3;0,02535;-0,0000000000002612;-0,000001331;-0,000000005195;0,000008913;0,000000000001283
7;24,4;0,01354;-0,00000000000003779;-0,000004184;-0,000000002621;0,00002791;-0,000000000006908
7;24,5;-0,00793;0,0000000000004329;0,000003382;0,000000001494;-0,00002256;0,00000000001245
7;24,6;-0,02246;-0,0000000000009712;0,0000009373;0,000000004612;-0,000006285;-0,00000000001788
7;24,7;-0,01941;0,000000000001442;0,000005;0,000000003802;-0,00003337;0,00000000002127
7;24,8;-0,00189;-0,00000000000141;-0,00000197;0,0000000004793;0,00001313;-0,00000000002123
7;24,9;0,01626;0,000000000001148;-0,00000007502;-0,000000003367;0,0000005264;0,0000000000192
7;25;0,02135;-0,000000000001439;-0,000005257;-0,00000000419;0,00003508;-0,00000000001934
7;25,1;0,01013;0,000000000002334;0,0000007841;-0,000000002134;-0,000005211;0,00000000002279
7;25,2;-0,00821;-0,000000000002977;-0,000001051;0,000000001748;0,000006993;-0,000000000024
7;25,3;-0,01953;0,000000000002931;0,000004982;0,000000003826;-0,00003325;0,00000000002023
7;25,4;-0,01563;-0,000000000002295;0,00000001465;0,00000000324;-0,0000001229;-0,00000000001359
7;25,5;-0,00014;0,000000000001206;0,000002219;-0,00000000006986;-0,00001479;0,00000000000508
7;25,6;0,01475;-0,0000000000001232;-0,000004287;-0,000000002866;0,0000286;0,000000000002899
7;25,7;0,01786;-0,0000000000007018;-0,0000003482;-0,000000003688;0,00000235;-0,000000000008926
7;25,8;0,00738;0,000000000001232;-0,00000323;-0,000000001385;0,00002154;0,00000000001356
7;25,9;-0,00818;-0,000000000001308;0,000003337;0,000000001545;-0,00002226;-0,00000000001449
7;26;-0,01688;0,0000000000008006;0,0000002252;0,00000000349;-0,000001528;0,00000000001007
7;26,1;-0,01247;0,000000000000291;0,000003936;0,000000002409;-0,00002626;-0,000000000001844
7;26,2;0,00112;-0,00000000000148;-0,000002319;-0,0000000001278;0,00001546;-0,000000000007094
7;26,3;0,01326;0,000000000002185;0,0000002721;-0,000000002762;-0,000001793;0,0000000000133
7;26,4;0,01486;-0,000000000002453;-0,000004258;-0,000000002888;0,00002841;-0,00000000001564
7;26,5;0,0052;0,000000000002511;0,000001405;-0,000000001142;-0,000009357;0,00000000001517
7;26,6;-0,00794;-0,000000000002058;-0,000001011;0,000000001692;0,000006726;-0,00000000001104
7;26,7;-0,0145;0,000000000001129;0,00000419;0,000000002816;-0,00002796;0,000000000003996
7;26,8;-0,00985;-0,0000000000001755;-0,0000007285;0,000000002077;0,000004841;0,000000000003213
7;26,9;0,00201;-0,0000000000007377;0,000001836;-0,000000000501;-0,00001224;-0,00000000001014
7;27;0,01181;0,000000000001285;-0,000003792;-0,000000002277;0,0000253;0,00000000001396
7;27,1;0,01228;-0,000000000001189;0,000000367;-0,000000002565;-0,000002427;-0,00000000001236
7;27,2;0,00348;0,0000000000007433;-0,000002598;-0,0000000006018;0,00001733;0,000000000007822
7;27,3;-0,00754;-0,0000000000001044;0,00000317;0,000000001419;-0,00002114;-0,000000000001562
7;27,4;-0,01239;-0,0000000000005975;-0,0000003359;0,000000002586;0,00000222;-0,000000000005652
7;27,5;-0,00768;0,00000000000115;0,000003179;0,000000001447;-0,0000212;0,00000000001167
7;27,6;0,00259;-0,000000000001529;-0,000002451;-0,0000000004243;0,00001634;-0,00000000001602
7;27,7;0,01045;0,000000000001516;0,0000005948;-0,000000002196;-0,000003949;0,00000000001731
7;27,8;0,01008;-0,000000000001074;-0,000003503;-0,000000001929;0,00002337;-0,0000000000146
7;27,9;0,00214;0,0000000000005836;0,000001763;-0,0000000005262;-0,00001175;0,00000000001009
7;28;-0,00705;-0,0000000000001019;-0,000001061;0,000000001513;0,000007061;-0,000000000004664
7;28,1;-0,01052;-0,0000000000004363;0,000003549;0,000000002017;-0,00002368;-0,00000000000132
7;28,2;-0,00591;0,000000000001;-0,000001213;0,000000001283;0,000008077;0,000000000006609
7;28,3;0,00294;-0,00000000000149;0,000001628;-0,0000000006872;-0,00001085;-0,00000000001068
7;28,4;0,00917;0,000000000001635;-0,000003343;-0,000000001748;0,0000223;0,00000000001179
7;28,5;0,00822;-0,00000000000129;0,0000008695;-0,000000001746;-0,000005783;-0,000000000008706
7;28,6;0,00111;0,0000000000006482;-0,000002188;-0,0000000001283;0,00001459;0,000000000003615
7;28,7;-0,0065;0,00000000000004012;0,000002948;0,000000001211;-0,00001966;0,000000000001314
7;28,8;-0,00888;-0,0000000000006497;-0,0000007597;0,000000001879;0,00000505;-0,000000000005412
7;28,9;-0,00446;0,000000000001027;0,000002648;0,0000000008011;-0,00001766;0,000000000007537
7;29;0,00312;-0,000000000001027;-0,000002452;-0,0000000005308;0,00001635;-0,000000000007186
7;29,1;0,008;0,0000000000005072;0,0000008686;-0,000000001703;-0,000005778;0,000000000004045
7;29,2;0,00664;0,0000000000003182;-0,000002942;-0,00000000124;0,00001962;0,0000000000009497
7;29,3;0,00034;-0,0000000000008939;0,000001946;-0,0000000001637;-0,00001297;-0,000000000004693
7;29,4;-0,00593;0,000000000001146;-0,000001148;0,000000001286;0,000007641;0,000000000006516
7;29,5;-0,00745;-0,000000000001262;0,000003042;0,000000001403;-0,00002029;-0,000000000007233
7;29,6;-0,00329;0,000000000001322;-0,000001511;0,0000000007566;0,00001007;0,000000000007128
7;29,7;0,00315;-0,000000000001307;0,000001526;-0,0000000007284;-0,00001017;-0,000000000006474
7;29,8;0,00694;0,000000000001088;-0,000002953;-0,000000001299;0,0000197;0,000000000004975
7;29,9;0,00532;-0,0000000000006281;0,000001208;-0,000000001164;-0,000008046;-0,000000000002439
7;30;-0,00022;0,0000000000000737;-0,000001927;0,0000000001394;0,00001284;-0,0000000000003959
7;30,1;-0,00535;0,0000000000003371;0,000002713;0,0000000009811;-0,0000181;0,000000000002565
7;30,2;-0,00622;-0,0000000000004582;-0,000001066;0,000000001343;0,000007099;-0,000000000003396
7;30,3;-0,00236;0,0000000000003179;0,000002279;0,0000000003805;-0,0000152;0,000000000002537
7;30,4;0,0031;-0,00000000000004415;-0,000002378;-0,0000000005283;0,00001586;-0,0000000000006883
7;30,5;0,00597;-0,0000000000002822;0,000001086;-0,000000001294;-0,000007228;-0,000000000001377
7;30,6;0,00422;0,0000000000005962;-0,000002528;-0,0000000007551;0,00001686;0,000000000003349
7;30,7;-0,00063;-0,0000000000007877;0,000002013;0,0000000000326;-0,00001342;-0,000000000004576
7;30,8;-0,00479;0,0000000000007726;-0,000001239;0,000000001055;0,000008255;0,000000000004639
7;30,9;-0,00515;-0,0000000000005527;0,000002645;0,0000000009421;-0,00001764;-0,000000000003512
7;31;-0,00162;0,0000000000002772;-0,000001679;0,0000000004193;0,00001119;0,000000000001729
7;31,1;0,00297;-0,00000000000008062;0,000001483;-0,0000000006899;-0,00000988;-0,0000000000003554
7;31,2;0,00512;-0,00000000000003876;-0,000002626;-0,0000000009352;0,00001751;-0,0000000000004341
7;31,3;0,00331;0,0000000000001258;0,000001424;-0,000000000759;-0,000009488;0,000000000001179
7;31,4;-0,0009;-0,0000000000001705;-0,000001762;0,0000000002741;0,00001174;-0,00000000000144
7;31,5;-0,00425;0,0000000000001804;0,000002488;0,0000000007608;-0,00001659;0,000000000001103
7;31,6;-0,00424;-0,0000000000002075;-0,000001278;0,0000000009454;0,000008511;-0,0000000000008091
7;31,7;-0,00104;0,0000000000002563;0,000002023;0,0000000001171;-0,00001349;0,000000000000499
7;31,8;0,0028;-0,0000000000002948;-0,000002267;-0,0000000004693;0,00001512;-0,0000000000001216
7;31,9;0,00436;0,0000000000003082;0,000001247;-0,000000000968;-0,000008307;-0,00000000000002143
7;32;0,00257;-0,0000000000002841;-0,000002225;-0,0000000004232;0,00001484;0,00000000000004692
7;32,1;-0,00108;0,0000000000002105;0,000002009;0,0000000001238;-0,00001339;-0,00000000000007666
7;32,2;-0,00374;-0,00000000000005166;-0,00000132;0,0000000008442;0,000008795;0,0000000000003503
7;32,3;-0,00347;-0,000000000000172;0,000002339;0,0000000006052;-0,0000156;-0,0000000000009992
7;32,4;-0,0006;0,0000000000003515;-0,000001757;0,0000000002121;0,00001171;0,000000000001542
7;32,5;0,00259;-0,0000000000004226;0,000001469;-0,0000000006133;-0,000009789;-0,000000000001843
7;32,6;0,00369;0,0000000000003836;-0,000002356;-0,0000000006493;0,00001571;0,000000000001893
7;32,7;0,00196;-0,0000000000002356;0,00000155;-0,0000000004847;-0,00001033;-0,000000000001268
7;32,8;-0,00117;0,00000000000001736;-0,000001657;0,000000000327;0,00001104;0,0000000000001732
7;32,9;-0,00327;0,0000000000002217;0,000002283;0,0000000005663;-0,00001523;0,0000000000009874
7;33;-0,00282;-0,0000000000004404;-0,000001414;0,0000000006574;0,000009423;-0,000000000001927
7;33,1;-0,00026;0,0000000000005912;0,000001846;-0,00000000003945;-0,00001231;0,000000000002174
7;33,2;0,00238;-0,0000000000006785;-0,000002142;-0,0000000003864;0,00001428;-0,000000000002001
7;33,3;0,0031;0,0000000000006736;0,000001359;-0,000000000715;-0,000009058;0,000000000001563
7;33,4;0,00146;-0,0000000000005147;-0,000002003;-0,0000000002022;0,00001335;-0,0000000000004355
7;33,5;-0,00121;0,0000000000002976;0,000001962;0,0000000001517;-0,00001308;-0,0000000000007578
7;33,6;-0,00285;-0,0000000000001277;-0,000001382;0,0000000006629;0,00000921;0,000000000001417
7;33,7;-0,00227;0,00000000000002982;0,000002103;0,0000000003645;-0,00001403;-0,000000000001542
7;33,8;-0,000006758;-0,000000000000005303;-0,000001776;0,00000000009218;0,00001184;0,000000000001124
7;33,9;0,00216;0,00000000000004766;0,000001467;-0,0000000005239;-0,000009774;-0,000000000000432
7;34;0,0026;-0,0000000000001606;-0,000002137;-0,0000000004311;0,00001425;-0,0000000000003065
7;34,1;0,00106;0,0000000000003022;0,000001613;-0,0000000003041;-0,00001075;0,0000000000009999
7;34,2;-0,0012;-0,0000000000003972;-0,000001588;0,000000000332;0,00001059;-0,000000000001355
7;34,3;-0,00246;0,0000000000004276;0,000002104;0,0000000004037;-0,00001403;0,000000000001293
7;34,4;-0,00181;-0,0000000000004139;-0,000001494;0,0000000004535;0,000009954;-0,0000000000009876
7;34,5;0,00018;0,0000000000003788;0,000001721;-0,0000000001255;-0,00001147;0,0000000000005813
7;34,6;0,00194;-0,000000000000355;-0,000002016;-0,0000000002989;0,00001344;-0,0000000000003476
7;34,7;0,00216;0,0000000000003781;0,00000143;-0,0000000005239;-0,000009532;0,0000000000005511
7;34,8;0,00075;-0,0000000000004235;-0,000001838;-0,00000000005994;0,00001226;-0,0000000000009031
7;34,9;-0,00116;0,0000000000004568;0,000001893;0,000000000144;-0,00001262;0,000000000001256
7;35;-0,00211;-0,0000000000004371;-0,000001424;0,0000000005141;0,000009488;-0,000000000001542
7;35,1;-0,00143;0,0000000000003334;0,000001921;0,0000000001968;-0,00001281;0,000000000001479
7;35,2;0,0003;-0,0000000000002025;-0,000001758;0,0000000000289;0,00001172;-0,000000000001183
7;35,3;0,00172;0,0000000000001005;0,000001466;-0,0000000004361;-0,000009768;0,000000000000867
7;35,4;0,00178;-0,00000000000003752;-0,000001959;-0,0000000002689;0,00001306;-0,0000000000006411
7;35,5;0,0005;0,00000000000001786;0,000001631;-0,0000000001893;-0,00001087;0,0000000000005876
7;35,6;-0,00111;-0,00000000000002274;-0,00000154;0,0000000003114;0,00001027;-0,0000000000005115
7;35,7;-0,0018;0,00000000000006054;0,000001949;0,000000000273;-0,000013;0,0000000000003908
7;35,8;-0,00111;-0,0000000000001331;-0,000001531;0,0000000003125;0,0000102;-0,0000000000003056
7;35,9;0,00039;0,0000000000002021;0,00000163;-0,0000000001666;-0,00001086;0,0000000000001647
7;36;0,00152;-0,0000000000002791;-0,000001896;-0,0000000002172;0,00001265;-0,0000000000001415
7;36,1;0,00146;0,0000000000003899;0,000001468;-0,000000000383;-0,000009785;0,0000000000004433
7;36,2;0,0003;-0,000000000000481;-0,000001715;0,00000000002793;0,00001143;-0,0000000000007597
7;36,3;-0,00103;0,0000000000005147;0,000001814;0,0000000001186;-0,00001209;0,0000000000009389
7;36,4;-0,00153;-0,0000000000004783;-0,000001446;0,0000000003962;0,000009637;-0,00000000000096
7;36,5;-0,00085;0,0000000000003758;0,00000178;0,00000000008282;-0,00001187;0,0000000000007211
7;36,6;0,00044;-0,0000000000002618;-0,000001716;0,000000000001105;0,00001144;-0,000000000000451
7;36,7;0,00134;0,0000000000001781;0,000001461;-0,0000000003573;-0,000009735;0,0000000000003898
7;36,8;0,00119;-0,0000000000001248;-0,000001815;-0,0000000001511;0,0000121;-0,0000000000004236
7;36,9;0,00016;0,00000000000009811;0,00000162;-0,0000000001195;-0,0000108;0,0000000000004465
7;37;-0,00095;-0,00000000000008231;-0,000001503;0,0000000002794;0,00001002;-0,0000000000003728
7;37,1;-0,00129;0,0000000000000632;0,000001817;0,0000000001713;-0,00001212;0,0000000000001507
7;37,2;-0,00064;-0,00000000000003561;-0,000001538;0,0000000002174;0,00001025;0,0000000000001473
7;37,3;0,00046;0,00000000000001075;0,00000156;-0,0000000001803;-0,0000104;-0,0000000000004293
7;37,4;0,00117;-0,000000000000003251;-0,000001787;-0,0000000001464;0,00001191;0,0000000000006151
7;37,5;0,00096;0,00000000000001258;0,00000148;-0,0000000002814;-0,000009868;-0,0000000000006381
7;37,6;0,00004402;-0,00000000000002226;-0,000001619;0,00000000007894;0,0000108;0,0000000000006011
7;37,7;-0,00087;0,00000000000004939;0,000001732;0,00000000008643;-0,00001155;-0,0000000000004113
7;37,8;-0,00108;-0,00000000000009578;-0,000001451;0,0000000003053;0,000009672;0,00000000000006088
7;37,9;-0,00047;0,0000000000001274;0,000001668;0,000000000007822;-0,00001112;0,0000000000001749
7;38;0,00046;-0,0000000000001376;-0,000001663;-0,000000000005752;0,00001108;-0,0000000000002595
7;38,1;0,00101;0,0000000000001174;0,000001449;-0,0000000002904;-0,00000966;0,0000000000001841
7;38,2;0,00077;-0,00000000000005311;-0,000001698;-0,00000000006771;0,00001132;0,0000000000001243
7;38,3;-0,00003762;-0,00000000000001824;0,00000159;-0,00000000007966;-0,0000106;-0,0000000000004333
7;38,4;-0,00078;0,00000000000007477;-0,00000147;0,0000000002442;0,000009796;0,0000000000006702
7;38,5;-0,0009;-0,0000000000001172;0,000001705;0,00000000009447;-0,00001137;-0,0000000000008769
7;38,6;-0,00034;0,0000000000001355;-0,000001524;0,0000000001552;0,00001016;0,0000000000009508
7;38,7;0,00045;-0,0000000000001299;0,000001504;-0,0000000001782;-0,00001003;-0,0000000000009001
7;38,8;0,00087;0,0000000000001012;-0,000001688;-0,00000000008804;0,00001125;0,0000000000007219
7;38,9;0,00061;-0,00000000000004455;0,000001474;-0,0000000002097;-0,000009824;-0,0000000000003722
7;39;-0,00009556;-0,000000000000014;-0,000001543;0,0000000001059;0,00001029;0,00000000000007881
7;39,1;-0,0007;0,00000000000006274;0,000001652;0,00000000005384;-0,00001101;0,00000000000008665
7;39,2;-0,00075;-0,0000000000001086;-0,000001442;0,0000000002369;0,000009615;-0,000000000000214
7;39,3;-0,00023;0,0000000000001518;0,000001578;-0,00000000003974;-0,00001052;0,0000000000003023
7;39,4;0,00044;-0,0000000000001792;-0,000001603;-0,000000000001112;0,00001068;-0,0000000000003151
7;39,5;0,00074;0,0000000000001809;0,000001431;-0,000000000236;-0,00000954;0,0000000000002145
7;39,6;0,00048;-0,0000000000001569;-0,000001601;-0,00000000001016;0,00001067;0,00000000000002705
7;39,7;-0,00013;0,0000000000001203;0,000001548;-0,00000000005905;-0,00001032;-0,0000000000002903
7;39,8;-0,00062;-0,00000000000007888;-0,000001437;0,0000000002106;0,000009581;0,0000000000005176
7;39,9;-0,00062;0,00000000000003957;0,000001609;0,00000000003782;-0,00001073;-0,0000000000007064
7;40;-0,00015;-0,00000000000001457;-0,000001496;0,0000000001158;0,000009976;0,000000000000789
8;0;0;0;0;0;0;0
8;0,1;0;0;0;0;0;0
8;0,2;0;0;0;0;0;0
8;0,3;0;0;0;0;0;0
8;0,4;0;0;0;0;0;0
8;0,5;0;0;0;0;0;0
8;0,6;0;0;0;0;0;0
8;0,7;0;0;0;0;0;0
8;0,8;0;0;0;0;0;0
8;0,9;0;0;0;0;0;0
8;1;0;0;0;0;0;0
8;1,1;0;0;0;0;0;0
8;1,2;0;0;0;0;0;0
8;1,3;0;0;0;0;0;0
8;1,4;0;0;0;0;0;0
8;1,5;0;0;0;0;0;0
8;1,6;0;0;0;0;0;0
8;1,7;0;0;0;0;0;0
8;1,8;0;0;0;0;0;0
8;1,9;0;0;0;0;0;0
8;2;0;0;0;0;0;0
8;2,1;0;0;0;0;0;0
8;2,2;0;0;0;0;0;0
8;2,3;0;0;0;0;0;0
8;2,4;0;0;0;0;0;0
8;2,5;0;0;0;0;0;0
8;2,6;0;0;0;0;0;0
8;2,7;0;0;0;0;0;0
8;2,8;0;0;0;0;0;0
8;2,9;0;0;0;0;0;0
8;3;0;0;0;0;0;0
8;3,1;0;0;0;0;0;0
8;3,2;0;0;0;0;0;0
8;3,3;0;0;0;0;0;0
8;3,4;0;0;0;0;0;0
8;3,5;0;0;0;0;0;0
8;3,6;0;0;0;0;0;0
8;3,7;0;0;0;0;0;0
8;3,8;0;0;0;0;0;0
8;3,9;0;0;0;0;0;0
8;4;0;0;0;0;0;0
8;4,1;0;0;0;0;0;0
8;4,2;0;0;0;0;0;0
8;4,3;0;0;0;0;0;0
8;4,4;0;0;0;0;0;0
8;4,5;0;0;0;0;0;0
8;4,6;0;0;0;0;0;0
8;4,7;0;0;0;0;0;0
8;4,8;0;0;0;0;0;0
8;4,9;0;0;0;0;0;0
8;5;0;0;0;0;0;0
8;5,1;0;0;0;0;0;0
8;5,2;0;0;0;0;0;0
8;5,3;0;0;0;0;0;0
8;5,4;0;0;0;0;0;0
8;5,5;0;0;0;0;0;0
8;5,6;0;0;0;0;0;0
8;5,7;0;0;0;0;0;0
8;5,8;0;0;0;0;0;0
8;5,9;0;0;0;0;0;0
8;6;0;0;0;0;0;0
8;6,1;0;0;0;0;0;0
8;6,2;0;0;0;0;0;0
8;6,3;0;0;0;0;0;0
8;6,4;0;0;0;0;0;0
8;6,5;0;0;0;0;0;0
8;6,6;0;0;0;0;0;0
8;6,7;0;0;0;0;0;0
8;6,8;0;0;0;0;0;0
8;6,9;0;0;0;0;0;0
8;7;0;0;0;0;0;0
8;7,1;0;0;0;0;0;0
8;7,2;0;0;0;0;0;0
8;7,3;0;0;0;0;0;0
8;7,4;0;0;0;0;0;0
8;7,5;0;0;0;0;0;0
8;7,6;0;0;0;0;0;0
8;7,7;0;0;0;0;0;0
8;7,8;0;0;0;0;0;0
8;7,9;0;0;0;0;0;0
8;8;0;0;0;0;0;0
8;8,1;0;0;0;0;0;0
8;8,2;0;0;0;0;0;0
8;8,3;0;0;0;0;0;0
8;8,4;0;0;0;0;0;0
8;8,5;0;0;0;0;0;0
8;8,6;0;0;0;0;0;0
8;8,7;0;0;0;0;0;0
8;8,8;0;0;0;0;0;0
8;8,9;0;0;0;0;0;0
8;9;0;0;0;0;0;0
8;9,1;0;0;0;0;0;0
8;9,2;0;0;0;0;0;0
8;9,3;0;0;0;0;0;0
8;9,4;0;0;0;0;0;0
8;9,5;0;0;0;0;0;0
8;9,6;0;0;0;0;0;0
8;9,7;0;0;0;0;0;0
8;9,8;0;0;0;0;0;0
8;9,9;0;0;0;0;0;0
8;10;0;0;0;0;0;0
8;10,1;0;0;0;0;0;0
8;10,2;0;0;0;0;0;0
8;10,3;0;0;0;0;0;0
8;10,4;0;0;0;0;0;0
8;10,5;0;0;0;0;0;0
8;10,6;0;0;0;0;0;0
8;10,7;0;0;0;0;0;0
8;10,8;0;0;0;0;0;0
8;10,9;0;0;0;0;0;0
8;11;0;0;0;0;0;0
8;11,1;0;0;0;0;0;0
8;11,2;0;0;0;0;0;0
8;11,3;0;0;0;0;0;0
8;11,4;0;0;0;0;0;0
8;11,5;0;0;0;0;0;0
8;11,6;0;0;0;0;0;0
8;11,7;0;0;0;0;0;0
8;11,8;0;0;0;0;0;0
8;11,9;0;0;0;0;0;0
8;12;0;0;0;0;0;0
8;12,1;0;0;0;0;0;0
8;12,2;0;0;0;0;0;0
8;12,3;0;0;0;0;0;0
8;12,4;0;0;0;0;0;0
8;12,5;0;0;0;0;0;0
8;12,6;0;0;0;0;0;0
8;12,7;0;0;0;0;0;0
8;12,8;0;0;0;0;0;0
8;12,9;0;0;0;0;0;0
8;13;0;0;0;0;0;0
8;13,1;0;0;0;0;0;0
8;13,2;0;0;0;0;0;0
8;13,3;0;0;0;0;0;0
8;13,4;0;0;0;0;0;0
8;13,5;0;0;0;0;0;0
8;13,6;0;0;0;0;0;0
8;13,7;0;0;0;0;0;0
8;13,8;0;0;0;0;0;0
8;13,9;0;0;0;0;0;0
8;14;0;0;0;0;0;0
8;14,1;0;0;0;0;0;0
8;14,2;0;0;0;0;0;0
8;14,3;0;0;0;0;0;0
8;14,4;0;0;0;0;0;0
8;14,5;0;0;0;0;0;0
8;14,6;0;0;0;0;0;0
8;14,7;0;0;0;0;0;0
8;14,8;0;0;0;0;0;0
8;14,9;0;0;0;0;0;0
8;15;0;0;0;0;0;0
8;15,1;0;0;0;0;0;0
8;15,2;0;0;0;0;0;0
8;15,3;0;0;0;0;0;0
8;15,4;0;0;0;0;0;0
8;15,5;0;0;0;0;0;0
8;15,6;0;0;0;0;0;0
8;15,7;0;0;0;0;0;0
8;15,8;0;0;0;0;0;0
8;15,9;0;0;0;0;0;0
8;16;0;0;0;0;0;0
8;16,1;0;0;0;0;0;0
8;16,2;0;0;0;0;0;0
8;16,3;0;0;0;0;0;0
8;16,4;0;0;0;0;0;0
8;16,5;0;0;0;0;0;0
8;16,6;0;0;0;0;0;0
8;16,7;0;0;0;0;0;0
8;16,8;0;0;0;0;0;0
8;16,9;0;0;0;0;0;0
8;17;0;0;0;0;0;0
8;17,1;0;0;0;0;0;0
8;17,2;0;0;0;0;0;0
8;17,3;0;0;0;0;0;0
8;17,4;0;0;0;0;0;0
8;17,5;0;0;0;0;0;0
8;17,6;0;0;0;0;0;0
8;17,7;0;0;0;0;0;0
8;17,8;0;0;0;0;0;0
8;17,9;0;0;0;0;0;0
8;18;0;0;0;0;0;0
8;18,1;0;0;0;0;0;0
8;18,2;0;0;0;0;0;0
8;18,3;0;0;0;0;0;0
8;18,4;0;0;0;0;0;0
8;18,5;0;0;0;0;0;0
8;18,6;0;0;0;0;0;0
8;18,7;0;0;0;0;0;0
8;18,8;0;0;0;0;0;0
8;18,9;0;0;0;0;0;0
8;19;0;0;0;0;0;0
8;19,1;0;0;0;0;0;0
8;19,2;0;0;0;0;0;0
8;19,3;0;0;0;0;0;0
8;19,4;0;0;0;0;0;0
8;19,5;0;0;0;0;0;0
8;19,6;0;0;0;0;0;0
8;19,7;0;0;0;0;0;0
8;19,8;0;0;0;0;0;0
8;19,9;0;0;0;0;0;0
8;20;0;0;0;0;0;0
8;20,1;0;0;0;0;0;0
8;20,2;0;0;0;0;0;0
8;20,3;0;0;0;0;0;0
8;20,4;0;0;0;0;0;0
8;20,5;0;0;0;0;0;0
8;20,6;0;0;0;0;0;0
8;20,7;0;0;0;0;0;0
8;20,8;0;0;0;0;0;0
8;20,9;0;0;0;0;0;0
8;21;0;0;0;0;0;0
8;21,1;0;0;0;0;0;0
8;21,2;0;0;0;0;0;0
8;21,3;0;0;0;0;0;0
8;21,4;0;0;0;0;0;0
8;21,5;0;0;0;0;0;0
8;21,6;0;0;0;0;0;0
8;21,7;0;0;0;0;0;0
8;21,8;0;0;0;0;0;0
8;21,9;0;0;0;0;0;0
8;22;0;0;0;0;0;0
8;22,1;0;0;0;0;0;0
8;22,2;0;0;0;0;0;0
8;22,3;0;0;0;0;0;0
8;22,4;0;0;0;0;0;0
8;22,5;0;0;0;0;0;0
8;22,6;0;0;0;0;0;0
8;22,7;0;0;0;0;0;0
8;22,8;0;0;0;0;0;0
8;22,9;0;0;0;0;0;0
8;23;0;0;0;0;0;0
8;23,1;0;0;0;0;0;0
8;23,2;0;0;0;0;0;0
8;23,3;0;0;0;0;0;0
8;23,4;0;0;0;0;0;0
8;23,5;0;0;0;0;0;0
8;23,6;0;0;0;0;0;0
8;23,7;0;0;0;0;0;0
8;23,8;0;0;0;0;0;0
8;23,9;0;0;0;0;0;0
8;24;0;0;0;0;0;0
8;24,1;0;0;0;0;0;0
8;24,2;0;0;0;0;0;0
8;24,3;0;0;0;0;0;0
8;24,4;0;0;0;0;0;0
8;24,5;0;0;0;0;0;0
8;24,6;0;0;0;0;0;0
8;24,7;0;0;0;0;0;0
8;24,8;0;0;0;0;0;0
8;24,9;0;0;0;0;0;0
8;25;0;0;0;0;0;0
8;25,1;0;0;0;0;0;0
8;25,2;0;0;0;0;0;0
8;25,3;0;0;0;0;0;0
8;25,4;0;0;0;0;0;0
8;25,5;0;0;0;0;0;0
8;25,6;0;0;0;0;0;0
8;25,7;0;0;0;0;0;0
8;25,8;0;0;0;0;0;0
8;25,9;0;0;0;0;0;0
8;26;0;0;0;0;0;0
8;26,1;0;0;0;0;0;0
8;26,2;0;0;0;0;0;0
8;26,3;0;0;0;0;0;0
8;26,4;0;0;0;0;0;0
8;26,5;0;0;0;0;0;0
8;26,6;0;0;0;0;0;0
8;26,7;0;0;0;0;0;0
8;26,8;0;0;0;0;0;0
8;26,9;0;0;0;0;0;0
8;27;0;0;0;0;0;0
8;27,1;0;0;0;0;0;0
8;27,2;0;0;0;0;0;0
8;27,3;0;0;0;0;0;0
8;27,4;0;0;0;0;0;0
8;27,5;0;0;0;0;0;0
8;27,6;0;0;0;0;0;0
8;27,7;0;0;0;0;0;0
8;27,8;0;0;0;0;0;0
8;27,9;0;0;0;0;0;0
8;28;0;0;0;0;0;0
8;28,1;0;0;0;0;0;0
8;28,2;0;0;0;0;0;0
8;28,3;0;0;0;0;0;0
8;28,4;0;0;0;0;0;0
8;28,5;0;0;0;0;0;0
8;28,6;0;0;0;0;0;0
8;28,7;0;0;0;0;0;0
8;28,8;0;0;0;0;0;0
8;28,9;0;0;0;0;0;0
8;29;0;0;0;0;0;0
8;29,1;0;0;0;0;0;0
8;29,2;0;0;0;0;0;0
8;29,3;0;0;0;0;0;0
8;29,4;0;0;0;0;0;0
8;29,5;0;0;0;0;0;0
8;29,6;0;0;0;0;0;0
8;29,7;0;0;0;0;0;0
8;29,8;0;0;0;0;0;0
8;29,9;0;0;0;0;0;0
8;30;0;0;0;0;0;0
8;30,1;0;0;0;0;0;0
8;30,2;0;0;0;0;0;0
8;30,3;0;0;0;0;0;0
8;30,4;0;0;0;0;0;0
8;30,5;0;0;0;0;0;0
8;30,6;0;0;0;0;0;0
8;30,7;0;0;0;0;0;0
8;30,8;0;0;0;0;0;0
8;30,9;0;0;0;0;0;0
8;31;0;0;0;0;0;0
8;31,1;0;0;0;0;0;0
8;31,2;0;0;0;0;0;0
8;31,3;0;0;0;0;0;0
8;31,4;0;0;0;0;0;0
8;31,5;0;0;0;0;0;0
8;31,6;0;0;0;0;0;0
8;31,7;0;0;0;0;0;0
8;31,8;0;0;0;0;0;0
8;31,9;0;0;0;0;0;0
8;32;0;0;0;0;0;0
8;32,1;0;0;0;0;0;0
8;32,2;0;0;0;0;0;0
8;32,3;0;0;0;0;0;0
8;32,4;0;0;0;0;0;0
8;32,5;0;0;0;0;0;0
8;32,6;0;0;0;0;0;0
8;32,7;0;0;0;0;0;0
8;32,8;0;0;0;0;0;0
8;32,9;0;0;0;0;0;0
8;33;0;0;0;0;0;0
8;33,1;0;0;0;0;0;0
8;33,2;0;0;0;0;0;0
8;33,3;0;0;0;0;0;0
8;33,4;0;0;0;0;0;0
8;33,5;0;0;0;0;0;0
8;33,6;0;0;0;0;0;0
8;33,7;0;0;0;0;0;0
8;33,8;0;0;0;0;0;0
8;33,9;0;0;0;0;0;0
8;34;0;0;0;0;0;0
8;34,1;0;0;0;0;0;0
8;34,2;0;0;0;0;0;0
8;34,3;0;0;0;0;0;0
8;34,4;0;0;0;0;0;0
8;34,5;0;0;0;0;0;0
8;34,6;0;0;0;0;0;0
8;34,7;0;0;0;0;0;0
8;34,8;0;0;0;0;0;0
8;34,9;0;0;0;0;0;0
8;35;0;0;0;0;0;0
8;35,1;0;0;0;0;0;0
8;35,2;0;0;0;0;0;0
8;35,3;0;0;0;0;0;0
8;35,4;0;0;0;0;0;0
8;35,5;0;0;0;0;0;0
8;35,6;0;0;0;0;0;0
8;35,7;0;0;0;0;0;0
8;35,8;0;0;0;0;0;0
8;35,9;0;0;0;0;0;0
8;36;0;0;0;0;0;0
8;36,1;0;0;0;0;0;0
8;36,2;0;0;0;0;0;0
8;36,3;0;0;0;0;0;0
8;36,4;0;0;0;0;0;0
8;36,5;0;0;0;0;0;0
8;36,6;0;0;0;0;0;0
8;36,7;0;0;0;0;0;0
8;36,8;0;0;0;0;0;0
8;36,9;0;0;0;0;0;0
8;37;0;0;0;0;0;0
8;37,1;0;0;0;0;0;0
8;37,2;0;0;0;0;0;0
8;37,3;0;0;0;0;0;0
8;37,4;0;0;0;0;0;0
8;37,5;0;0;0;0;0;0
8;37,6;0;0;0;0;0;0
8;37,7;0;0;0;0;0;0
8;37,8;0;0;0;0;0;0
8;37,9;0;0;0;0;0;0
8;38;0;0;0;0;0;0
8;38,1;0;0;0;0;0;0
8;38,2;0;0;0;0;0;0
8;38,3;0;0;0;0;0;0
8;38,4;0;0;0;0;0;0
8;38,5;0;0;0;0;0;0
8;38,6;0;0;0;0;0;0
8;38,7;0;0;0;0;0;0
8;38,8;0;0;0;0;0;0
8;38,9;0;0;0;0;0;0
8;39;0;0;0;0;0;0
8;39,1;0;0;0;0;0;0
8;39,2;0;0;0;0;0;0
8;39,3;0;0;0;0;0;0
8;39,4;0;0;0;0;0;0
8;39,5;0;0;0;0;0;0
8;39,6;0;0;0;0;0;0
8;39,7;0;0;0;0;0;0
8;39,8;0;0;0;0;0;0
8;39,9;0;0;0;0;0;0
8;40;0;0;0;0;0;0
9;0;0;0;0;0;0;0
9;0,1;0;0;0;0;0;0
9;0,2;0;0;0;0;0;0
9;0,3;0;0;0;0;0;0
9;0,4;0;0;0;0;0;0
9;0,5;0;0;0;0;0;0
9;0,6;0;0;0;0;0;0
9;0,7;0;0;0;0;0;0
9;0,8;0;0;0;0;0;0
9;0,9;0;0;0;0;0;0
9;1;0;0;0;0;0;0
9;1,1;0;0;0;0;0;0
9;1,2;0;0;0;0;0;0
9;1,3;0;0;0;0;0;0
9;1,4;0;0;0;0;0;0
9;1,5;0;0;0;0;0;0
9;1,6;0;0;0;0;0;0
9;1,7;0;0;0;0;0;0
9;1,8;0;0;0;0;0;0
9;1,9;0;0;0;0;0;0
9;2;0;0;0;0;0;0
9;2,1;0;0;0;0;0;0
9;2,2;0;0;0;0;0;0
9;2,3;0;0;0;0;0;0
9;2,4;0;0;0;0;0;0
9;2,5;0;0;0;0;0;0
9;2,6;0;0;0;0;0;0
9;2,7;0;0;0;0;0;0
9;2,8;0;0;0;0;0;0
9;2,9;0;0;0;0;0;0
9;3;0;0;0;0;0;0
9;3,1;0;0;0;0;0;0
9;3,2;0;0;0;0;0;0
9;3,3;0;0;0;0;0;0
9;3,4;0;0;0;0;0;0
9;3,5;0;0;0;0;0;0
9;3,6;0;0;0;0;0;0
9;3,7;0;0;0;0;0;0
9;3,8;0;0;0;0;0;0
9;3,9;0;0;0;0;0;0
9;4;0;0;0;0;0;0
9;4,1;0;0;0;0;0;0
9;4,2;0;0;0;0;0;0
9;4,3;0;0;0;0;0;0
9;4,4;0;0;0;0;0;0
9;4,5;0;0;0;0;0;0
9;4,6;0;0;0;0;0;0
9;4,7;0;0;0;0;0;0
9;4,8;0;0;0;0;0;0
9;4,9;0;0;0;0;0;0
9;5;0;0;0;0;0;0
9;5,1;0;0;0;0;0;0
9;5,2;0;0;0;0;0;0
9;5,3;0;0;0;0;0;0
9;5,4;0;0;0;0;0;0
9;5,5;0;0;0;0;0;0
9;5,6;0;0;0;0;0;0
9;5,7;0;0;0;0;0;0
9;5,8;0;0;0;0;0;0
9;5,9;0;0;0;0;0;0
9;6;0;0;0;0;0;0
9;6,1;0;0;0;0;0;0
9;6,2;0;0;0;0;0;0
9;6,3;0;0;0;0;0;0
9;6,4;0;0;0;0;0;0
9;6,5;0;0;0;0;0;0
9;6,6;0;0;0;0;0;0
9;6,7;0;0;0;0;0;0
9;6,8;0;0;0;0;0;0
9;6,9;0;0;0;0;0;0
9;7;0;0;0;0;0;0
9;7,1;0;0;0;0;0;0
9;7,2;0;0;0;0;0;0
9;7,3;0;0;0;0;0;0
9;7,4;0;0;0;0;0;0
9;7,5;0;0;0;0;0;0
9;7,6;0;0;0;0;0;0
9;7,7;0;0;0;0;0;0
9;7,8;0;0;0;0;0;0
9;7,9;0;0;0;0;0;0
9;8;0;0;0;0;0;0
9;8,1;0;0;0;0;0;0
9;8,2;0;0;0;0;0;0
9;8,3;0;0;0;0;0;0
9;8,4;0;0;0;0;0;0
9;8,5;0;0;0;0;0;0
9;8,6;0;0;0;0;0;0
9;8,7;0;0;0;0;0;0
9;8,8;0;0;0;0;0;0
9;8,9;0;0;0;0;0;0
9;9;0;0;0;0;0;0
9;9,1;0;0;0;0;0;0
9;9,2;0;0;0;0;0;0
9;9,3;0;0;0;0;0;0
9;9,4;0;0;0;0;0;0
9;9,5;0;0;0;0;0;0
9;9,6;0;0;0;0;0;0
9;9,7;0;0;0;0;0;0
9;9,8;0;0;0;0;0;0
9;9,9;0;0;0;0;0;0
9;10;0;0;0;0;0;0
9;10,1;0;0;0;0;0;0
9;10,2;0;0;0;0;0;0
9;10,3;0;0;0;0;0;0
9;10,4;0;0;0;0;0;0
9;10,5;0;0;0;0;0;0
9;10,6;0;0;0;0;0;0
9;10,7;0;0;0;0;0;0
9;10,8;0;0;0;0;0;0
9;10,9;0;0;0;0;0;0
9;11;0;0;0;0;0;0
9;11,1;0;0;0;0;0;0
9;11,2;0;0;0;0;0;0
9;11,3;0;0;0;0;0;0
9;11,4;0;0;0;0;0;0
9;11,5;0;0;0;0;0;0
9;11,6;0;0;0;0;0;0
9;11,7;0;0;0;0;0;0
9;11,8;0;0;0;0;0;0
9;11,9;0;0;0;0;0;0
9;12;0;0;0;0;0;0
9;12,1;0;0;0;0;0;0
9;12,2;0;0;0;0;0;0
9;12,3;0;0;0;0;0;0
9;12,4;0;0;0;0;0;0
9;12,5;0;0;0;0;0;0
9;12,6;0;0;0;0;0;0
9;12,7;0;0;0;0;0;0
9;12,8;0;0;0;0;0;0
9;12,9;0;0;0;0;0;0
9;13;0;0;0;0;0;0
9;13,1;0;0;0;0;0;0
9;13,2;0;0;0;0;0;0
9;13,3;0;0;0;0;0;0
9;13,4;0;0;0;0;0;0
9;13,5;0;0;0;0;0;0
9;13,6;0;0;0;0;0;0
9;13,7;0;0;0;0;0;0
9;13,8;0;0;0;0;0;0
9;13,9;0;0;0;0;0;0
9;14;0;0;0;0;0;0
9;14,1;0;0;0;0;0;0
9;14,2;0;0;0;0;0;0
9;14,3;0;0;0;0;0;0
9;14,4;0;0;0;0;0;0
9;14,5;0;0;0;0;0;0
9;14,6;0;0;0;0;0;0
9;14,7;0;0;0;0;0;0
9;14,8;0;0;0;0;0;0
9;14,9;0;0;0;0;0;0
9;15;0;0;0;0;0;0
9;15,1;0;0;0;0;0;0
9;15,2;0;0;0;0;0;0
9;15,3;0;0;0;0;0;0
9;15,4;0;0;0;0;0;0
9;15,5;0;0;0;0;0;0
9;15,6;0;0;0;0;0;0
9;15,7;0;0;0;0;0;0
9;15,8;0;0;0;0;0;0
9;15,9;0;0;0;0;0;0
9;16;0;0;0;0;0;0
9;16,1;0;0;0;0;0;0
9;16,2;0;0;0;0;0;0
9;16,3;0;0;0;0;0;0
9;16,4;0;0;0;0;0;0
9;16,5;0;0;0;0;0;0
9;16,6;0;0;0;0;0;0
9;16,7;0;0;0;0;0;0
9;16,8;0;0;0;0;0;0
9;16,9;0;0;0;0;0;0
9;17;0;0;0;0;0;0
9;17,1;0;0;0;0;0;0
9;17,2;0;0;0;0;0;0
9;17,3;0;0;0;0;0;0
9;17,4;0;0;0;0;0;0
9;17,5;0;0;0;0;0;0
9;17,6;0;0;0;0;0;0
9;17,7;0;0;0;0;0;0
9;17,8;0;0;0;0;0;0
9;17,9;0;0;0;0;0;0
9;18;0;0;0;0;0;0
9;18,1;0;0;0;0;0;0
9;18,2;0;0;0;0;0;0
9;18,3;0;0;0;0;0;0
9;18,4;0;0;0;0;0;0
9;18,5;0;0;0;0;0;0
9;18,6;0;0;0;0;0;0
9;18,7;0;0;0;0;0;0
9;18,8;0;0;0;0;0;0
9;18,9;0;0;0;0;0;0
9;19;0;0;0;0;0;0
9;19,1;0;0;0;0;0;0
9;19,2;0;0;0;0;0;0
9;19,3;0;0;0;0;0;0
9;19,4;0;0;0;0;0;0
9;19,5;0;0;0;0;0;0
9;19,6;0;0;0;0;0;0
9;19,7;0;0;0;0;0;0
9;19,8;0;0;0;0;0;0
9;19,9;0;0;0;0;0;0
9;20;0;0;0;0;0;0
9;20,1;0;0;0;0;0;0
9;20,2;0;0;0;0;0;0
9;20,3;0;0;0;0;0;0
9;20,4;0;0;0;0;0;0
9;20,5;0;0;0;0;0;0
9;20,6;0;0;0;0;0;0
9;20,7;0;0;0;0;0;0
9;20,8;0;0;0;0;0;0
9;20,9;0;0;0;0;0;0
9;21;0;0;0;0;0;0
9;21,1;0;0;0;0;0;0
9;21,2;0;0;0;0;0;0
9;21,3;0;0;0;0;0;0
9;21,4;0;0;0;0;0;0
9;21,5;0;0;0;0;0;0
9;21,6;0;0;0;0;0;0
9;21,7;0;0;0;0;0;0
9;21,8;0;0;0;0;0;0
9;21,9;0;0;0;0;0;0
9;22;0;0;0;0;0;0
9;22,1;0;0;0;0;0;0
9;22,2;0;0;0;0;0;0
9;22,3;0;0;0;0;0;0
9;22,4;0;0;0;0;0;0
9;22,5;0;0;0;0;0;0
9;22,6;0;0;0;0;0;0
9;22,7;0;0;0;0;0;0
9;22,8;0;0;0;0;0;0
9;22,9;0;0;0;0;0;0
9;23;0;0;0;0;0;0
9;23,1;0;0;0;0;0;0
9;23,2;0;0;0;0;0;0
9;23,3;0;0;0;0;0;0
9;23,4;0;0;0;0;0;0
9;23,5;0;0;0;0;0;0
9;23,6;0;0;0;0;0;0
9;23,7;0;0;0;0;0;0
9;23,8;0;0;0;0;0;0
9;23,9;0;0;0;0;0;0
9;24;0;0;0;0;0;0
9;24,1;0;0;0;0;0;0
9;24,2;0;0;0;0;0;0
9;24,3;0;0;0;0;0;0
9;24,4;0;0;0;0;0;0
9;24,5;0;0;0;0;0;0
9;24,6;0;0;0;0;0;0
9;24,7;0;0;0;0;0;0
9;24,8;0;0;0;0;0;0
9;24,9;0;0;0;0;0;0
9;25;0;0;0;0;0;0
9;25,1;0;0;0;0;0;0
9;25,2;0;0;0;0;0;0
9;25,3;0;0;0;0;0;0
9;25,4;0;0;0;0;0;0
9;25,5;0;0;0;0;0;0
9;25,6;0;0;0;0;0;0
9;25,7;0;0;0;0;0;0
9;25,8;0;0;0;0;0;0
9;25,9;0;0;0;0;0;0
9;26;0;0;0;0;0;0
9;26,1;0;0;0;0;0;0
9;26,2;0;0;0;0;0;0
9;26,3;0;0;0;0;0;0
9;26,4;0;0;0;0;0;0
9;26,5;0;0;0;0;0;0
9;26,6;0;0;0;0;0;0
9;26,7;0;0;0;0;0;0
9;26,8;0;0;0;0;0;0
9;26,9;0;0;0;0;0;0
9;27;0;0;0;0;0;0
9;27,1;0;0;0;0;0;0
9;27,2;0;0;0;0;0;0
9;27,3;0;0;0;0;0;0
9;27,4;0;0;0;0;0;0
9;27,5;0;0;0;0;0;0
9;27,6;0;0;0;0;0;0
9;27,7;0;0;0;0;0;0
9;27,8;0;0;0;0;0;0
9;27,9;0;0;0;0;0;0
9;28;0;0;0;0;0;0
9;28,1;0;0;0;0;0;0
9;28,2;0;0;0;0;0;0
9;28,3;0;0;0;0;0;0
9;28,4;0;0;0;0;0;0
9;28,5;0;0;0;0;0;0
9;28,6;0;0;0;0;0;0
9;28,7;0;0;0;0;0;0
9;28,8;0;0;0;0;0;0
9;28,9;0;0;0;0;0;0
9;29;0;0;0;0;0;0
9;29,1;0;0;0;0;0;0
9;29,2;0;0;0;0;0;0
9;29,3;0;0;0;0;0;0
9;29,4;0;0;0;0;0;0
9;29,5;0;0;0;0;0;0
9;29,6;0;0;0;0;0;0
9;29,7;0;0;0;0;0;0
9;29,8;0;0;0;0;0;0
9;29,9;0;0;0;0;0;0
9;30;0;0;0;0;0;0
9;30,1;0;0;0;0;0;0
9;30,2;0;0;0;0;0;0
9;30,3;0;0;0;0;0;0
9;30,4;0;0;0;0;0;0
9;30,5;0;0;0;0;0;0
9;30,6;0;0;0;0;0;0
9;30,7;0;0;0;0;0;0
9;30,8;0;0;0;0;0;0
9;30,9;0;0;0;0;0;0
9;31;0;0;0;0;0;0
9;31,1;0;0;0;0;0;0
9;31,2;0;0;0;0;0;0
9;31,3;0;0;0;0;0;0
9;31,4;0;0;0;0;0;0
9;31,5;0;0;0;0;0;0
9;31,6;0;0;0;0;0;0
9;31,7;0;0;0;0;0;0
9;31,8;0;0;0;0;0;0
9;31,9;0;0;0;0;0;0
9;32;0;0;0;0;0;0
9;32,1;0;0;0;0;0;0
9;32,2;0;0;0;0;0;0
9;32,3;0;0;0;0;0;0
9;32,4;0;0;0;0;0;0
9;32,5;0;0;0;0;0;0
9;32,6;0;0;0;0;0;0
9;32,7;0;0;0;0;0;0
9;32,8;0;0;0;0;0;0
9;32,9;0;0;0;0;0;0
9;33;0;0;0;0;0;0
9;33,1;0;0;0;0;0;0
9;33,2;0;0;0;0;0;0
9;33,3;0;0;0;0;0;0
9;33,4;0;0;0;0;0;0
9;33,5;0;0;0;0;0;0
9;33,6;0;0;0;0;0;0
9;33,7;0;0;0;0;0;0
9;33,8;0;0;0;0;0;0
9;33,9;0;0;0;0;0;0
9;34;0;0;0;0;0;0
9;34,1;0;0;0;0;0;0
9;34,2;0;0;0;0;0;0
9;34,3;0;0;0;0;0;0
9;34,4;0;0;0;0;0;0
9;34,5;0;0;0;0;0;0
9;34,6;0;0;0;0;0;0
9;34,7;0;0;0;0;0;0
9;34,8;0;0;0;0;0;0
9;34,9;0;0;0;0;0;0
9;35;0;0;0;0;0;0
9;35,1;0;0;0;0;0;0
9;35,2;0;0;0;0;0;0
9;35,3;0;0;0;0;0;0
9;35,4;0;0;0;0;0;0
9;35,5;0;0;0;0;0;0
9;35,6;0;0;0;0;0;0
9;35,7;0;0;0;0;0;0
9;35,8;0;0;0;0;0;0
9;35,9;0;0;0;0;0;0
9;36;0;0;0;0;0;0
9;36,1;0;0;0;0;0;0
9;36,2;0;0;0;0;0;0
9;36,3;0;0;0;0;0;0
9;36,4;0;0;0;0;0;0
9;36,5;0;0;0;0;0;0
9;36,6;0;0;0;0;0;0
9;36,7;0;0;0;0;0;0
9;36,8;0;0;0;0;0;0
9;36,9;0;0;0;0;0;0
9;37;0;0;0;0;0;0
9;37,1;0;0;0;0;0;0
9;37,2;0;0;0;0;0;0
9;37,3;0;0;0;0;0;0
9;37,4;0;0;0;0;0;0
9;37,5;0;0;0;0;0;0
9;37,6;0;0;0;0;0;0
9;37,7;0;0;0;0;0;0
9;37,8;0;0;0;0;0;0
9;37,9;0;0;0;0;0;0
9;38;0;0;0;0;0;0
9;38,1;0;0;0;0;0;0
9;38,2;0;0;0;0;0;0
9;38,3;0;0;0;0;0;0
9;38,4;0;0;0;0;0;0
9;38,5;0;0;0;0;0;0
9;38,6;0;0;0;0;0;0
9;38,7;0;0;0;0;0;0
9;38,8;0;0;0;0;0;0
9;38,9;0;0;0;0;0;0
9;39;0;0;0;0;0;0
9;39,1;0;0;0;0;0;0
9;39,2;0;0;0;0;0;0
9;39,3;0;0;0;0;0;0
9;39,4;0;0;0;0;0;0
9;39,5;0;0;0;0;0;0
9;39,6;0;0;0;0;0;0
9;39,7;0;0;0;0;0;0
9;39,8;0;0;0;0;0;0
9;39,9;0;0;0;0;0;0
9;40;0;0;0;0;0;0
10;0;0;0;0;0;0;0
10;0,1;-1,80449;0,0000000002003;-0,00048;0,000001394;0,003181;0,000000002937
10;0,2;-1,91548;-0,00000000002409;-0,00106;0,0000003169;0,007056;0,000000001795
10;0,3;-9,70266;0,0000000002318;0,00007334;-0,00000004643;-0,0004893;0,0000000001964
10;0,4;4,55169;-0,000000000375;0,00157;-0,000001534;-0,01;-0,000000002132
10;0,5;-7,40644;0,0000000003909;0,0006;-0,0000009467;-0,004029;0,000000003239
10;0,6;-7,53595;-0,0000000003099;-0,00049;0,00000005846;0,003265;-0,000000003611
10;0,7;12,01911;0,00000000009624;-0,00028;0,0000006462;0,00187;0,000000003091
10;0,8;6,18124;0,0000000002358;-0,00061;0,000001534;0,004112;-0,000000001623
10;0,9;-2,88408;-0,0000000005296;-0,00079;0,0000004225;0,005243;0,0000000000655
10;1;0,54243;0,0000000007473;0,00041;-0,0000008715;-0,00277;0,000000001383
10;1,1;-4,06489;-0,0000000008557;0,00111;-0,0000006425;-0,007437;-0,000000002607
10;1,2;-6,34885;0,0000000007892;0,00037;-0,0000009108;-0,002449;0,000000003084
10;1,3;0,32613;-0,0000000006191;-0,00021;-0,0000002963;0,001423;-0,000000003018
10;1,4;5,13229;0,0000000004488;-0,00034;0,000001251;0,002282;0,000000002507
10;1,5;5,40515;-0,0000000003426;-0,00066;0,0000009315;0,004427;-0,000000001772
10;1,6;0,43961;0,0000000003514;-0,0005;0,00000006911;0,003311;0,000000001751
10;1,7;-2,89817;-0,0000000004263;0,00047;-0,0000002424;-0,003108;-0,000000002304
10;1,8;-2,50056;0,0000000005405;0,00082;-0,0000009485;-0,0055;0,000000003123
10;1,9;-4,49;-0,0000000007201;0,00029;-0,0000008214;-0,001909;-0,000000004334
10;2;-0,91627;0,0000000008742;-0,00013;0,0000002453;0,0008915;0,000000005219
10;2,1;6,29501;-0,0000000009121;-0,00035;0,0000007596;0,002346;-0,000000005338
10;2,2;3,53;0,0000000008039;-0,00063;0,0000007562;0,004231;0,000000004986
10;2,3;-0,7492;-0,0000000005526;-0,00029;0,0000002735;0,001947;-0,00000000423
10;2,4;-0,54077;0,0000000002429;0,00046;-0,0000005119;-0,003065;0,000000003103
10;2,5;-3,7406;0,000000000111;0,00061;-0,000000767;-0,004106;-0,000000001325
10;2,6;-4,18806;-0,0000000005048;0,00023;-0,0000005166;-0,001535;-0,000000001111
10;2,7;1,66464;0,0000000007898;-0,00007381;0,00000009446;0,0004928;0,000000002942
10;2,8;3,9809;-0,0000000008872;-0,00039;0,0000007595;0,002627;-0,000000003632
10;2,9;2,3697;0,0000000008152;-0,00054;0,0000006517;0,003591;0,000000003575
10;3;0,81902;-0,0000000005909;-0,00015;0,00000006908;0,0009744;-0,000000002716
10;3,1;-1,74291;0,0000000003093;0,0004;-0,0000003673;-0,002694;0,000000001467
10;3,2;-3,56615;-0,00000000005378;0,00047;-0,0000006831;-0,003143;-0,0000000003399
10;3,3;-2,28685;-0,000000000174;0,00022;-0,0000004706;-0,001455;-0,0000000007942
10;3,4;1,0408;0,0000000003329;-0,00009179;0,0000002431;0,0006139;0,000000001632
10;3,5;3,33533;-0,0000000003546;-0,00038;0,0000006078;0,002545;-0,000000001698
10;3,6;2,34404;0,0000000002393;-0,00044;0,0000004852;0,002934;0,000000001181
10;3,7;0,1619;-0,00000000006949;-0,00005645;0,0000001124;0,0003773;-0,0000000004923
10;3,8;-1,51654;-0,00000000007936;0,00034;-0,0000004035;-0,00227;-0,00000000009345
10;3,9;-3,02933;0,0000000002198;0,00039;-0,0000006061;-0,0026;0,0000000006894
10;4;-1,94043;-0,0000000003703;0,00018;-0,0000002897;-0,001182;-0,000000001479
10;4,1;1,43802;0,0000000004625;-0,00009674;0,0000002;0,0006465;0,000000001986
10;4,2;2,66348;-0,0000000004619;-0,00037;0,0000005184;0,002438;-0,000000001973
10;4,3;1,7212;0,0000000004118;-0,00034;0,0000004352;0,002273;0,000000001726
10;4,4;0,39158;-0,0000000003262;-0,00001069;0,00000002329;0,00007147;-0,000000001287
10;4,5;-1,69664;0,0000000002354;0,0003;-0,0000003678;-0,001972;0,000000000896
10;4,6;-2,72843;-0,0000000001654;0,00032;-0,0000004895;-0,002113;-0,0000000006853
10;4,7;-1,07236;0,00000000009342;0,00015;-0,0000002375;-0,001029;0,0000000004246
10;4,8;1,18417;-0,00000000001565;-0,00012;0,0000002169;0,0008089;-0,0000000002038
10;4,9;2,13772;-0,00000000005449;-0,00032;0,0000004521;0,002147;0,0000000001652
10;5;1,65819;0,00000000008236;-0,00027;0,0000003327;0,00179;-0,000000000443
10;5,1;0,05704;-0,00000000004974;0,00002357;0,000000005627;-0,0001571;0,000000001104
10;5,2;-1,66398;0,000000000007653;0,00025;-0,0000003393;-0,001647;-0,000000001687
10;5,3;-2,12972;0,00000000002794;0,00028;-0,0000004225;-0,001839;0,000000001987
10;5,4;-0,81284;-0,00000000007875;0,00011;-0,0000001525;-0,0007434;-0,0000000022
10;5,5;1,10302;0,0000000001241;-0,00012;0,0000002029;0,0008187;0,000000002127
10;5,6;1,88071;-0,0000000001605;-0,00029;0,0000003797;0,001915;-0,000000001731
10;5,7;1,29343;0,0000000001881;-0,0002;0,0000002807;0,001336;0,00000000123
10;5,8;-0,05755;-0,0000000001829;0,00003224;-0,0000000309;-0,0002152;-0,0000000005908
10;5,9;-1,52524;0,0000000001557;0,00022;-0,0000003117;-0,00148;-0,00000000001232
10;6;-1,79814;-0,0000000001148;0,00023;-0,0000003388;-0,001506;0,0000000004637
10;6,1;-0,48426;0,00000000004428;0,00008722;-0,0000001103;-0,0005824;-0,0000000009692
10;6,2;0,99775;0,00000000004323;-0,00013;0,0000001914;0,0008826;0,000000001381
10;6,3;1,56818;-0,0000000001327;-0,00024;0,0000003318;0,001597;-0,000000001613
10;6,4;1,10427;0,0000000002086;-0,00016;0,0000002173;0,001064;0,000000001823
10;6,5;-0,20698;-0,0000000002413;0,00004828;-0,00000005052;-0,0003223;-0,000000001821
10;6,6;-1,40825;0,0000000002265;0,00019;-0,0000002745;-0,001252;0,000000001533
10;6,7;-1,41059;-0,0000000001667;0,0002;-0,0000002828;-0,001311;-0,000000001048
10;6,8;-0,32039;0,00000000007592;0,00005218;-0,00000006917;-0,0003484;0,0000000003937
10;6,9;0,89307;-0,0000000000109;-0,00012;0,0000001803;0,0008131;0,00000000009459
10;7;1,38119;-0,00000000001901;-0,00021;0,0000002801;0,001393;-0,0000000003122
10;7,1;0,85686;0,00000000004689;-0,00012;0,0000001721;0,0007716;0,000000000505
10;7,2;-0,30165;-0,00000000004855;0,0000463;-0,00000006395;-0,0003092;-0,0000000005235
10;7,3;-1,22594;0,00000000002024;0,00017;-0,0000002451;-0,001148;0,0000000003243
10;7,4;-1,1528;0,00000000001067;0,00016;-0,0000002277;-0,001044;-0,00000000008291
10;7,5;-0,18229;-0,00000000003923;0,00003682;-0,00000004113;-0,0002458;-0,0000000002286
10;7,6;0,82711;0,00000000003989;-0,00012;0,0000001654;0,0008122;0,0000000003827
10;7,7;1,16938;-0,000000000001671;-0,00017;0,0000002401;0,001128;-0,0000000002445
10;7,8;0,66826;-0,00000000005633;-0,0000938;0,0000001313;0,0006264;-0,00000000001584
10;7,9;-0,35013;0,0000000001235;0,00005617;-0,00000007299;-0,0003751;0,0000000004092
10;8;-1,08168;-0,0000000001631;0,00014;-0,0000002127;-0,000964;-0,0000000007501
10;8,1;-0,91828;0,0000000001509;0,00013;-0,0000001857;-0,0008989;0,000000000805
10;8,2;-0,08209;-0,0000000001172;0,00001249;-0,0000000192;-0,00008341;-0,0000000007219
10;8,3;0,74677;0,00000000007298;-0,00011;0,0000001526;0,0007053;0,0000000005962
10;8,4;1,00303;-0,00000000002751;-0,00015;0,0000002021;0,0009855;-0,0000000004775
10;8,5;0,50061;0,000000000003852;-0,00006429;0,0000000985;0,0004294;0,000000000443
10;8,6;-0,38018;0,00000000001377;0,00005034;-0,00000007563;-0,0003362;-0,0000000003523
10;8,7;-0,92926;-0,00000000003526;0,00013;-0,0000001859;-0,0008862;0,0000000001546
10;8,8;-0,73848;0,00000000005332;0,0001;-0,0000001489;-0,0006864;0,00000000004601
10;8,9;-0,00998;-0,00000000007153;0,000006373;-0,000000002743;-0,00004251;-0,0000000002444
10;9;0,68387;0,00000000008157;-0,0001;0,0000001382;0,0006834;0,0000000003537
10;9,1;0,84298;-0,0000000000859;-0,00012;0,0000001698;0,00078;-0,000000000345
10;9,2;0,36427;0,00000000009843;-0,00005307;0,00000007228;0,0003544;0,0000000003658
10;9,3;-0,3806;-0,0000000001009;0,0000568;-0,00000007659;-0,0003793;-0,0000000003631
10;9,4;-0,80201;0,00000000007732;0,00011;-0,0000001599;-0,0007278;0,0000000002645
10;9,5;-0,58861;-0,00000000004543;0,00008825;-0,0000001192;-0,0005893;-0,0000000001664
10;9,6;0,04803;0,00000000002126;-0,000009547;0,000000009216;0,00006372;0,00000000007534
10;9,7;0,6149;-0,000000000007432;-0,00008554;0,0000001246;0,0005713;0,00000000001515
10;9,8;0,70549;0,000000000006673;-0,0001;0,0000001416;0,0006881;-0,00000000006199
10;9,9;0,25706;-0,00000000002187;-0,00003207;0,00000005075;0,0002142;0,00000000005241
10;10;-0,37295;0,00000000004728;0,00004868;-0,00000007407;-0,0003251;0,00000000003723
10;10,1;-0,68533;-0,00000000007422;0,0001;-0,0000001377;-0,0006688;-0,0000000001911
10;10,2;-0,46562;0,0000000001011;0,00006384;-0,0000000941;-0,0004263;0,0000000003601
10;10,3;0,08716;-0,0000000001234;-0,000009328;0,00000001766;0,00006233;-0,0000000005269
10;10,4;0,55181;0,0000000001286;-0,00008229;0,0000001113;0,0005495;0,0000000005969
10;10,5;0,58434;-0,0000000001098;-0,00007917;0,000000117;0,0005287;-0,0000000004917
10;10,6;0,17138;0,00000000007167;-0,00002723;0,00000003444;0,0001818;0,0000000002839
10;10,7;-0,35357;-0,00000000001991;0,00005281;-0,00000007089;-0,0003526;-0,00000000001808
10;10,8;-0,58457;-0,00000000003259;0,00007976;-0,0000001173;-0,0005326;-0,0000000002496
10;10,9;-0,36505;0,00000000006912;0,00005555;-0,00000007373;-0,0003709;0,0000000004067
10;11;0,11593;-0,0000000000897;-0,00001991;0,00000002349;0,000133;-0,0000000004691
10;11,1;0,48946;0,0000000000916;-0,00006662;0,00000009847;0,0004449;0,0000000004595
10;11,2;0,47997;-0,00000000007902;-0,0000709;0,00000009634;0,0004734;-0,0000000004043
10;11,3;0,10659;0,00000000007112;-0,00001187;0,0000000212;0,00007931;0,0000000003922
10;11,4;-0,3308;-0,00000000005799;0,00004337;-0,00000006608;-0,0002896;-0,0000000003469
10;11,5;-0,49609;0,00000000002852;0,00007374;-0,00000009989;-0,0004924;0,0000000002107
10;11,6;-0,28164;0,00000000000474;0,0000371;-0,00000005668;-0,0002478;-0,00000000007209
10;11,7;0,13308;-0,00000000003375;-0,00001604;0,00000002685;0,0001072;-0,00000000004957
10;11,8;0,43115;0,00000000005144;-0,0000644;0,00000008677;0,00043;0,0000000001367
10;11,9;0,3914;-0,00000000004975;-0,00005214;0,00000007836;0,0003482;-0,0000000001337
10;12;0,05657;0,0000000000295;-0,00001125;0,00000001156;0,00007508;0,00000000005333
10;12,1;-0,3047;-0,0000000000003686;0,00004617;-0,00000006123;-0,0003083;0,00000000005424
10;12,2;-0,41893;-0,00000000002294;0,00005654;-0,00000008419;-0,0003776;-0,0000000001168
10;12,3;-0,21395;0,00000000003244;0,00003352;-0,00000004312;-0,0002238;0,00000000008597
10;12,4;0,14257;-0,00000000003257;-0,0000235;0,00000002885;0,0001569;-0,00000000001342
10;12,5;0,37678;0,00000000003232;-0,00005037;0,00000007557;0,0003364;-0,00000000004002
10;12,6;0,31633;-0,00000000003417;-0,00004783;0,00000006362;0,0003194;0,00000000006172
10;12,7;0,01957;0,00000000003147;0,0000001857;0,00000000386;-0,000001206;-0,00000000006126
10;12,8;-0,27778;-0,0000000000249;0,0000363;-0,00000005566;-0,0002425;0,00000000004365
10;12,9;-0,35202;0,00000000002267;0,00005313;-0,00000007091;-0,0003548;0,000000000009358
10;13;-0,15868;-0,00000000002314;0,00001948;-0,00000003178;-0,0001301;-0,00000000008878
10;13,1;0,14536;0,00000000001973;-0,00001771;0,00000002917;0,0001183;0,0000000001375
10;13,2;0,32695;-0,00000000001474;-0,00004937;0,00000006578;0,0003296;-0,0000000001477
10;13,3;0,25367;0,00000000001007;-0,00003293;0,00000005082;0,0002199;0,0000000001498
10;13,4;-0,00775;-0,000000000002684;-0,000001995;-0,000000001393;0,00001329;-0,0000000001331
10;13,5;-0,25079;-0,000000000004202;0,00003859;-0,0000000505;-0,0002577;0,0000000001072
10;13,6;-0,29396;0,000000000009756;0,00003881;-0,00000005902;-0,0002592;-0,00000000007869
10;13,7;-0,11442;-0,00000000001628;0,00001919;-0,00000002307;-0,0001281;0,00000000002628
10;13,8;0,14345;0,00000000001988;-0,00002338;0,00000002896;0,0001561;0,00000000002514
10;13,9;0,28192;-0,00000000002;-0,00003699;0,00000005651;0,0002471;-0,00000000007055
10;14;0,20139;0,00000000002054;-0,00003154;0,00000004058;0,0002106;0,0000000001275
10;14,1;-0,02713;-0,0000000000207;0,000006751;-0,000000005531;-0,00004505;-0,0000000001602
10;14,2;-0,2245;0,00000000001857;0,00002894;-0,00000004502;-0,0001933;0,0000000001602
10;14,3;-0,24404;-0,00000000001311;0,00003761;-0,00000004916;-0,0002511;-0,0000000001357
10;14,4;-0,07916;0,000000000003579;0,000008272;-0,00000001578;-0,00005528;0,00000000006835
10;14,5;0,13808;0,000000000007452;-0,00001669;0,00000002765;0,0001115;0,00000000001825
10;14,6;0,24156;-0,00000000001847;-0,00003717;0,00000004863;0,0002482;-0,0000000000917
10;14,7;0,15823;0,00000000003106;-0,00001956;0,00000003169;0,0001306;0,0000000001526
10;14,8;-0,04041;-0,0000000000448;0,000002809;-0,000000007994;-0,00001879;-0,0000000002005
10;14,9;-0,19942;0,00000000005732;0,00003122;-0,00000004019;-0,0002084;0,0000000002478
10;15;-0,20121;-0,00000000006411;0,00002569;-0,00000004033;-0,0001716;-0,0000000002972
10;15,1;-0,05151;0,00000000005963;0,00001016;-0,00000001045;-0,00006783;0,0000000003086
10;15,2;0,13037;-0,00000000004528;-0,00002137;0,00000002631;0,0001427;-0,0000000002733
10;15,3;0,20581;0,00000000002422;-0,00002633;0,00000004123;0,0001759;0,000000000203
10;15,4;0,12271;-0,0000000000008708;-0,00002028;0,00000002477;0,0001354;-0,0000000001028
10;15,5;-0,04891;-0,00000000001554;0,000009778;-0,000000009926;-0,00006527;0,00000000001806
10;15,6;-0,17584;0,00000000002078;0,00002214;-0,00000003524;-0,0001479;0,00000000002094
10;15,7;-0,16474;-0,0000000000174;0,00002622;-0,00000003321;-0,000175;-0,00000000001884
10;15,8;-0,03009;0,00000000000967;0,000001432;-0,000000005933;-0,000009595;-0,00000000001918
10;15,9;0,1212;-0,00000000000249;-0,00001438;0,00000002424;0,00009605;0,00000000005702
10;16;0,17431;-0,000000000001051;-0,00002754;0,00000003513;0,0001839;-0,00000000006451
10;16,1;0,09371;0,0000000000007983;-0,00001051;0,00000001873;0,00007021;0,00000000004975
10;16,2;-0,05371;0,000000000001673;0,000004827;-0,00000001069;-0,00003226;-0,00000000002023
10;16,3;-0,154;-0,00000000000004683;0,00002466;-0,00000003106;-0,0001646;0,00000000001275
10;16,4;-0,13385;-0,000000000008827;0,00001621;-0,00000002679;-0,0001083;-0,00000000005325
10;16,5;-0,0138;0,00000000001903;0,000004727;-0,000000002877;-0,00003153;0,0000000001051
10;16,6;0,11123;-0,00000000002789;-0,00001855;0,00000002246;0,0001238;-0,0000000001516
10;16,7;0,14679;0,00000000003538;-0,00001807;0,00000002939;0,0001207;0,0000000001893
10;16,8;0,0702;-0,00000000003905;-0,00001272;0,00000001422;0,00008494;-0,0000000001984
10;16,9;-0,05573;0,00000000003804;0,00001066;-0,00000001131;-0,00007114;0,0000000001825
10;17;-0,13399;-0,00000000002988;0,00001629;-0,00000002682;-0,0001088;-0,0000000001326
10;17,1;-0,10785;0,00000000001387;0,00001804;-0,00000002178;-0,0001204;0,00000000004403
10;17,2;-0,00166;0,000000000003334;-0,000002491;-0,0000000002262;0,0000166;0,00000000003935
10;17,3;0,10098;-0,00000000001656;-0,00001161;0,00000002018;0,00007757;-0,00000000009256
10;17,4;0,12289;0,00000000002379;-0,00002015;0,0000000248;0,0001346;0,0000000001132
10;17,5;0,05129;-0,00000000002248;-0,00000458;0,0000000102;0,00003062;-0,00000000008962
10;17,6;-0,05566;0,00000000001429;0,000005206;-0,00000001108;-0,0000348;0,00000000003573
10;17,7;-0,11586;-0,000000000002941;0,00001914;-0,00000002339;-0,0001278;0,00000000002599
10;17,8;-0,08611;-0,000000000009084;0,000009536;-0,0000000172;-0,00006371;-0,00000000008409
10;17,9;0,00716;0,00000000001918;0,00000166;0,000000001332;-0,00001106;0,0000000001237
10;18;0,0908;-0,00000000002548;-0,00001555;0,00000001835;0,0001038;-0,0000000001437
10;18,1;0,10226;0,00000000002736;-0,00001185;0,00000002044;0,00007919;0,0000000001496
10;18,2;0,03622;-0,00000000002487;-0,000007797;0,000000007386;0,00005204;-0,0000000001346
10;18,3;-0,05409;0,00000000001911;0,00001033;-0,00000001098;-0,00006894;0,0000000001029
10;18,4;-0,09958;-0,00000000001143;0,00001149;-0,0000000199;-0,00007679;-0,00000000006549
10;18,5;-0,06803;0,000000000003372;0,00001229;-0,00000001378;-0,00008204;0,00000000002458
10;18,6;0,01332;0,000000000003275;-0,000004518;0,000000002783;0,00003014;0,00000000001202
10;18,7;0,08095;-0,000000000008713;-0,000008868;0,00000001616;0,00005925;-0,0000000000423
10;18,8;0,08455;0,00000000001332;-0,00001462;0,0000000171;0,00009758;0,00000000006662
10;18,9;0,02433;-0,00000000001584;-0,000000847;0,000000004784;0,000005686;-0,0000000000739
10;19;-0,05147;0,00000000001556;0,000004707;-0,00000001024;-0,00003146;0,00000000006407
10;19,1;-0,08509;-0,00000000001179;0,00001467;-0,0000000172;-0,00009794;-0,00000000003818
10;19,2;-0,05311;0,000000000005474;0,000004951;-0,00000001057;-0,00003309;-0,000000000002601
10;19,3;0,01741;0,00000000000007684;0,0000001097;0,000000003395;-0,000000703;0,00000000003703
10;19,4;0,07162;-0,000000000004076;-0,00001274;0,00000001449;0,00008504;-0,00000000006039
10;19,5;0,06944;0,000000000007075;-0,00000729;0,00000001385;0,00004871;0,0000000000817
10;19,6;0,01508;-0,000000000008056;-0,0000047;0,000000003132;0,00003136;-0,00000000009021
10;19,7;-0,04817;0,000000000006702;0,000009391;-0,000000009781;-0,00006269;0,00000000007927
10;19,8;-0,07228;-0,000000000002813;0,000007712;-0,00000001442;-0,00005153;-0,00000000005058
10;19,9;-0,04087;-0,000000000002929;0,000008342;-0,000000008314;-0,00005568;0,000000000009582
10;20;0,01989;0,000000000007905;-0,000005356;0,000000004097;0,00003574;0,00000000002657
10;20,1;0,06291;-0,00000000001148;-0,000006402;0,00000001254;0,00004278;-0,00000000005326
10;20,2;0,05661;0,00000000001308;-0,00001056;0,00000001148;0,00007047;0,00000000007065
10;20,3;0,00798;-0,0000000000108;0,000001382;0,000000001502;-0,000009202;-0,00000000006724
10;20,4;-0,04446;0,000000000005728;0,000003803;-0,000000008832;-0,00002542;0,00000000004784
10;20,5;-0,06105;-0,0000000000002561;0,00001117;-0,00000001237;-0,00007454;-0,00000000002659
10;20,6;-0,03091;-0,000000000004441;0,000001892;-0,000000006109;-0,00001267;0,000000000006571
10;20,7;0,02113;0,000000000007957;-0,0000005103;0,000000004143;0,000003436;0,000000000009702
10;20,8;0,0549;-0,00000000001177;-0,00001027;0,00000001113;0,00006858;-0,00000000003122
10;20,9;0,0458;0,00000000001753;-0,000004025;0,0000000091;0,00002691;0,0000000000693
10;21;0,00263;-0,00000000002272;-0,000002842;0,0000000006305;0,00001895;-0,0000000001052
10;21,1;-0,04056;0,00000000002372;0,00000822;-0,000000008253;-0,00005487;0,0000000001181
10;21,2;-0,05125;-0,00000000001978;0,000004818;-0,0000000102;-0,0000322;-0,0000000001039
10;21,3;-0,02287;0,00000000001253;0,000005696;-0,000000004696;-0,00003801;0,00000000006733
10;21,4;0,02145;-0,000000000004667;-0,000005488;0,000000004411;0,00003662;-0,0000000000256
10;21,5;0,0476;-0,000000000002521;-0,000004319;0,000000009465;0,00002887;-0,00000000001216
10;21,6;0,03673;0,000000000008434;-0,000007644;0,00000000748;0,00005102;0,00000000004505
10;21,7;-0,00131;-0,00000000001171;0,000002611;-0,0000000003624;-0,00001741;-0,00000000006225
10;21,8;-0,03663;0,00000000001167;0,000002781;-0,000000007262;-0,0000186;0,00000000006039
10;21,9;-0,04277;-0,000000000008254;0,000008483;-0,000000008694;-0,00005663;-0,00000000004176
10;22;-0,01643;0,000000000002559;-0,0000000747;-0,000000003201;0,0000004716;0,00000000001075
10;22,1;0,02109;0,000000000002874;-0,0000005933;0,000000004138;0,000003989;0,00000000001705
10;22,2;0,04102;-0,000000000006894;-0,000008217;0,000000008344;0,00005485;-0,00000000003383
10;22,3;0,02917;0,000000000009295;-0,000001752;0,00000000576;0,00001173;0,00000000004084
10;22,4;-0,00412;-0,000000000009713;-0,000001797;-0,0000000007268;0,00001198;-0,00000000003658
10;22,5;-0,03279;0,000000000008359;0,000007029;-0,000000006689;-0,00004692;0,00000000002267
10;22,6;-0,03547;-0,000000000005292;0,000002665;-0,000000007027;-0,00001783;-0,00000000000184
10;22,7;-0,01132;0,000000000001092;0,000003971;-0,000000002376;-0,00002649;-0,00000000002185
10;22,8;0,02025;0,00000000000247;-0,000005232;0,00000000417;0,00003491;0,00000000003835
10;22,9;0,03515;-0,000000000004619;-0,000002638;0,000000006963;0,00001764;-0,00000000004409
10;23;0,0229;0,000000000005563;-0,000005596;0,000000004701;0,00003734;0,00000000004199
10;23,1;-0,00603;-0,000000000005164;0,000003195;-0,000000001311;-0,00002131;-0,00000000003119
10;23,2;-0,02911;0,000000000004019;0,000001799;-0,000000005751;-0,00001204;0,00000000001769
10;23,3;-0,02922;-0,000000000002975;0,000006475;-0,000000005971;-0,00004321;-0,000000000008744
10;23,4;-0,00733;0,000000000001869;-0,000001281;-0,000000001374;0,000008528;0,0000000000004267
10;23,5;0,01909;-0,0000000000007339;-0,000000395;0,000000003738;0,000002664;0,000000000006512
10;23,6;0,02994;0,00000000000001523;-0,000006559;0,000000006115;0,00004377;-0,000000000007586
10;23,7;0,01775;0,0000000000003956;-0,0000002163;0,000000003468;0,00000147;0,000000000006089
10;23,8;-0,00725;-0,0000000000006811;-0,000001268;-0,000000001358;0,000008442;-0,000000000004252
10;23,9;-0,02566;0,0000000000008786;0,000005933;-0,000000005255;-0,00003959;0,000000000002371
10;24;-0,02391;-0,0000000000007854;0,000001108;-0,000000004706;-0,000007428;-0,0000000000006043
10;24,1;-0,00424;0,0000000000002103;0,000002881;-0,0000000009506;-0,00001921;-0,000000000002377
10;24,2;0,01773;0,0000000000002824;-0,00000479;0,000000003662;0,00003196;0,000000000002995
10;24,3;0,02535;-0,0000000000002612;-0,000001331;0,000000004996;0,000008913;0,000000000001283
10;24,4;0,01354;-0,00000000000003779;-0,000004184;0,000000002819;0,00002791;-0,000000000006908
10;24,5;-0,00793;0,0000000000004329;0,000003382;-0,000000001692;-0,00002256;0,00000000001245
10;24,6;-0,02246;-0,0000000000009712;0,0000009373;-0,000000004415;-0,000006285;-0,00000000001788
10;24,7;-0,01941;0,000000000001442;0,000005;-0,000000003999;-0,00003337;0,00000000002127
10;24,8;-0,00189;-0,00000000000141;-0,00000197;-0,0000000002825;0,00001313;-0,00000000002123
10;24,9;0,01626;0,000000000001148;-0,00000007504;0,00000000317;0,0000005264;0,0000000000192
10;25;0,02135;-0,000000000001439;-0,000005257;0,000000004387;0,00003508;-0,00000000001934
10;25,1;0,01013;0,000000000002334;0,000000784;0,000000001938;-0,000005211;0,00000000002279
10;25,2;-0,00821;-0,000000000002977;-0,000001051;-0,000000001552;0,000006993;-0,000000000024
10;25,3;-0,01953;0,000000000002931;0,000004982;-0,000000004021;-0,00003325;0,00000000002023
10;25,4;-0,01563;-0,000000000002295;0,00000001467;-0,000000003045;-0,0000001229;-0,00000000001359
10;25,5;-0,00014;0,000000000001206;0,000002219;-0,0000000001258;-0,00001479;0,00000000000508
10;25,6;0,01475;-0,0000000000001232;-0,000004287;0,000000003061;0,0000286;0,000000000002899
10;25,7;0,01786;-0,0000000000007018;-0,0000003482;0,000000003493;0,00000235;-0,000000000008926
10;25,8;0,00738;0,000000000001232;-0,00000323;0,00000000158;0,00002154;0,00000000001356
10;25,9;-0,00818;-0,000000000001308;0,000003337;-0,00000000174;-0,00002226;-0,00000000001449
10;26;-0,01688;0,0000000000008006;0,0000002252;-0,000000003295;-0,000001528;0,00000000001007
10;26,1;-0,01247;0,000000000000291;0,000003936;-0,000000002603;-0,00002626;-0,000000000001844
10;26,2;0,00112;-0,00000000000148;-0,000002319;0,000000000322;0,00001546;-0,000000000007094
10;26,3;0,01326;0,000000000002185;0,0000002721;0,000000002568;-0,000001793;0,0000000000133
10;26,4;0,01486;-0,000000000002453;-0,000004257;0,000000003082;0,00002841;-0,00000000001564
10;26,5;0,0052;0,000000000002511;0,000001405;0,0000000009488;-0,000009357;0,00000000001517
10;26,6;-0,00794;-0,000000000002058;-0,000001011;-0,000000001499;0,000006726;-0,00000000001104
10;26,7;-0,0145;0,000000000001129;0,00000419;-0,00000000301;-0,00002796;0,000000000003996
10;26,8;-0,00985;-0,0000000000001755;-0,0000007285;-0,000000001883;0,000004841;0,000000000003213
10;26,9;0,00201;-0,0000000000007377;0,000001836;0,0000000003075;-0,00001224;-0,00000000001014
10;27;0,01181;0,000000000001285;-0,000003792;0,00000000247;0,0000253;0,00000000001396
10;27,1;0,01228;-0,000000000001189;0,000000367;0,000000002372;-0,000002427;-0,00000000001236
10;27,2;0,00348;0,0000000000007433;-0,000002598;0,0000000007947;0,00001733;0,000000000007822
10;27,3;-0,00754;-0,0000000000001044;0,00000317;-0,000000001611;-0,00002114;-0,000000000001562
10;27,4;-0,01239;-0,0000000000005975;-0,0000003359;-0,000000002393;0,00000222;-0,000000000005652
10;27,5;-0,00768;0,00000000000115;0,000003179;-0,000000001639;-0,0000212;0,00000000001167
10;27,6;0,00259;-0,000000000001529;-0,000002451;0,0000000006157;0,00001634;-0,00000000001602
10;27,7;0,01045;0,000000000001516;0,0000005948;0,000000002005;-0,000003949;0,00000000001731
10;27,8;0,01008;-0,000000000001074;-0,000003503;0,00000000212;0,00002337;-0,0000000000146
10;27,9;0,00214;0,0000000000005836;0,000001763;0,0000000003355;-0,00001175;0,00000000001009
10;28;-0,00705;-0,0000000000001019;-0,000001061;-0,000000001322;0,000007061;-0,000000000004664
10;28,1;-0,01052;-0,0000000000004363;0,000003549;-0,000000002208;-0,00002368;-0,00000000000132
10;28,2;-0,00591;0,000000000001;-0,000001213;-0,000000001092;0,000008077;0,000000000006609
10;28,3;0,00294;-0,00000000000149;0,000001628;0,0000000004969;-0,00001085;-0,00000000001068
10;28,4;0,00917;0,000000000001635;-0,000003343;0,000000001938;0,0000223;0,00000000001179
10;28,5;0,00822;-0,00000000000129;0,0000008695;0,000000001557;-0,000005783;-0,000000000008706
10;28,6;0,00111;0,0000000000006482;-0,000002188;0,0000000003179;0,00001459;0,000000000003615
10;28,7;-0,0065;0,00000000000004012;0,000002948;-0,000000001401;-0,00001966;0,000000000001314
10;28,8;-0,00888;-0,0000000000006497;-0,0000007597;-0,00000000169;0,00000505;-0,000000000005412
10;28,9;-0,00446;0,000000000001027;0,000002648;-0,0000000009901;-0,00001766;0,000000000007537
10;29;0,00312;-0,000000000001027;-0,000002452;0,0000000007196;0,00001635;-0,000000000007186
10;29,1;0,008;0,0000000000005072;0,0000008686;0,000000001514;-0,000005778;0,000000000004045
10;29,2;0,00664;0,0000000000003182;-0,000002942;0,000000001428;0,00001962;0,0000000000009497
10;29,3;0,00034;-0,0000000000008939;0,000001946;-0,00000000002457;-0,00001297;-0,000000000004693
10;29,4;-0,00593;0,000000000001146;-0,000001148;-0,000000001098;0,000007641;0,000000000006516
10;29,5;-0,00745;-0,000000000001262;0,000003042;-0,000000001591;-0,00002029;-0,000000000007233
10;29,6;-0,00329;0,000000000001322;-0,000001511;-0,0000000005688;0,00001007;0,000000000007128
10;29,7;0,00315;-0,000000000001307;0,000001526;0,0000000005408;-0,00001017;-0,000000000006474
10;29,8;0,00694;0,000000000001088;-0,000002953;0,000000001487;0,0000197;0,000000000004975
10;29,9;0,00532;-0,0000000000006281;0,000001208;0,0000000009767;-0,000008046;-0,000000000002439
10;30;-0,00022;0,0000000000000737;-0,000001927;0,0000000000477;0,00001284;-0,0000000000003959
10;30,1;-0,00535;0,0000000000003371;0,000002713;-0,000000001168;-0,0000181;0,000000000002565
10;30,2;-0,00622;-0,0000000000004582;-0,000001066;-0,000000001156;0,000007099;-0,000000000003396
10;30,3;-0,00236;0,0000000000003179;0,000002279;-0,000000000567;-0,0000152;0,000000000002537
10;30,4;0,0031;-0,00000000000004415;-0,000002378;0,0000000007146;0,00001586;-0,0000000000006883
10;30,5;0,00597;-0,0000000000002822;0,000001086;0,000000001108;-0,000007228;-0,000000000001377
10;30,6;0,00422;0,0000000000005962;-0,000002528;0,000000000941;0,00001686;0,000000000003349
10;30,7;-0,00063;-0,0000000000007877;0,000002013;-0,0000000002183;-0,00001342;-0,000000000004576
10;30,8;-0,00479;0,0000000000007726;-0,000001239;-0,0000000008699;0,000008255;0,000000000004639
10;30,9;-0,00515;-0,0000000000005527;0,000002645;-0,000000001127;-0,00001764;-0,000000000003512
10;31;-0,00162;0,0000000000002772;-0,000001679;-0,0000000002342;0,00001119;0,000000000001729
10;31,1;0,00297;-0,00000000000008062;0,000001483;0,0000000005049;-0,00000988;-0,0000000000003554
10;31,2;0,00512;-0,00000000000003876;-0,000002626;0,00000000112;0,00001751;-0,0000000000004341
10;31,3;0,00331;0,0000000000001258;0,000001424;0,0000000005744;-0,000009488;0,000000000001179
10;31,4;-0,0009;-0,0000000000001705;-0,000001762;-0,00000000008979;0,00001174;-0,00000000000144
10;31,5;-0,00425;0,0000000000001804;0,000002488;-0,000000000945;-0,00001659;0,000000000001103
10;31,6;-0,00424;-0,0000000000002075;-0,000001278;-0,0000000007614;0,000008511;-0,0000000000008091
10;31,7;-0,00104;0,0000000000002563;0,000002023;-0,0000000003011;-0,00001349;0,000000000000499
10;31,8;0,0028;-0,0000000000002948;-0,000002267;0,0000000006531;0,00001512;-0,0000000000001216
10;31,9;0,00436;0,0000000000003082;0,000001247;0,0000000007844;-0,000008307;-0,00000000000002143
10;32;0,00257;-0,0000000000002841;-0,000002225;0,0000000006067;0,00001484;0,00000000000004692
10;32,1;-0,00108;0,0000000000002105;0,000002009;-0,0000000003071;-0,00001339;-0,00000000000007666
10;32,2;-0,00374;-0,00000000000005166;-0,00000132;-0,0000000006611;0,000008795;0,0000000000003503
10;32,3;-0,00347;-0,000000000000172;0,000002339;-0,0000000007881;-0,0000156;-0,0000000000009992
10;32,4;-0,0006;0,0000000000003515;-0,000001757;-0,00000000002944;0,00001171;0,000000000001542
10;32,5;0,00259;-0,0000000000004226;0,000001469;0,0000000004308;-0,000009789;-0,000000000001843
10;32,6;0,00369;0,0000000000003836;-0,000002356;0,0000000008316;0,00001571;0,000000000001893
10;32,7;0,00196;-0,0000000000002356;0,00000155;0,0000000003025;-0,00001033;-0,000000000001268
10;32,8;-0,00117;0,00000000000001736;-0,000001657;-0,000000000145;0,00001104;0,0000000000001732
10;32,9;-0,00327;0,0000000000002217;0,000002283;-0,0000000007481;-0,00001523;0,0000000000009874
10;33;-0,00282;-0,0000000000004404;-0,000001414;-0,0000000004757;0,000009423;-0,000000000001927
10;33,1;-0,00026;0,0000000000005912;0,000001846;-0,0000000001421;-0,00001231;0,000000000002174
10;33,2;0,00238;-0,0000000000006785;-0,000002142;0,0000000005678;0,00001428;-0,000000000002001
10;33,3;0,0031;0,0000000000006736;0,000001359;0,0000000005337;-0,000009058;0,000000000001563
10;33,4;0,00146;-0,0000000000005147;-0,000002003;0,0000000003833;0,00001335;-0,0000000000004355
10;33,5;-0,00121;0,0000000000002976;0,000001962;-0,0000000003326;-0,00001308;-0,0000000000007578
10;33,6;-0,00285;-0,0000000000001277;-0,000001382;-0,0000000004822;0,00000921;0,000000000001417
10;33,7;-0,00227;0,00000000000002982;0,000002103;-0,0000000005451;-0,00001403;-0,000000000001542
10;33,8;-0,000006758;-0,000000000000005303;-0,000001776;0,00000000008817;0,00001184;0,000000000001124
10;33,9;0,00216;0,00000000000004766;0,000001467;0,0000000003437;-0,000009774;-0,000000000000432
10;34;0,0026;-0,0000000000001606;-0,000002137;0,0000000006111;0,00001425;-0,0000000000003065
10;34,1;0,00106;0,0000000000003022;0,000001613;0,0000000001243;-0,00001075;0,0000000000009999
10;34,2;-0,0012;-0,0000000000003972;-0,000001588;-0,0000000001523;0,00001059;-0,000000000001355
10;34,3;-0,00246;0,0000000000004276;0,000002104;-0,0000000005832;-0,00001403;0,000000000001293
10;34,4;-0,00181;-0,0000000000004139;-0,000001494;-0,0000000002741;0,000009954;-0,0000000000009876
10;34,5;0,00018;0,0000000000003788;0,000001721;-0,00000000005373;-0,00001147;0,0000000000005813
10;34,6;0,00194;-0,000000000000355;-0,000002016;0,000000000478;0,00001344;-0,0000000000003476
10;34,7;0,00216;0,0000000000003781;0,00000143;0,000000000345;-0,000009532;0,0000000000005511
10;34,8;0,00075;-0,0000000000004235;-0,000001838;0,0000000002387;0,00001226;-0,0000000000009031
10;34,9;-0,00116;0,0000000000004568;0,000001893;-0,0000000003226;-0,00001262;0,000000000001256
10;35;-0,00211;-0,0000000000004371;-0,000001424;-0,0000000003357;0,000009488;-0,000000000001542
10;35,1;-0,00143;0,0000000000003334;0,000001921;-0,000000000375;-0,00001281;0,000000000001479
10;35,2;0,0003;-0,0000000000002025;-0,000001758;0,0000000001491;0,00001172;-0,000000000001183
10;35,3;0,00172;0,0000000000001005;0,000001466;0,0000000002582;-0,000009768;0,000000000000867
10;35,4;0,00178;-0,00000000000003752;-0,000001959;0,0000000004466;0,00001306;-0,0000000000006411
10;35,5;0,0005;0,00000000000001786;0,000001631;0,00000000001173;-0,00001087;0,0000000000005876
10;35,6;-0,00111;-0,00000000000002274;-0,00000154;-0,000000000134;0,00001027;-0,0000000000005115
10;35,7;-0,0018;0,00000000000006054;0,000001949;-0,0000000004503;-0,000013;0,0000000000003908
10;35,8;-0,00111;-0,0000000000001331;-0,000001531;-0,0000000001353;0,0000102;-0,0000000000003056
10;35,9;0,00039;0,0000000000002021;0,00000163;-0,00000000001042;-0,00001086;0,0000000000001647
10;36;0,00152;-0,0000000000002791;-0,000001896;0,0000000003941;0,00001265;-0,0000000000001415
10;36,1;0,00146;0,0000000000003899;0,000001468;0,0000000002063;-0,000009785;0,0000000000004433
10;36,2;0,0003;-0,000000000000481;-0,000001715;0,0000000001487;0,00001143;-0,0000000000007597
10;36,3;-0,00103;0,0000000000005147;0,000001814;-0,0000000002951;-0,00001209;0,0000000000009389
10;36,4;-0,00153;-0,0000000000004783;-0,000001446;-0,0000000002199;0,000009637;-0,00000000000096
10;36,5;-0,00085;0,0000000000003758;0,00000178;-0,000000000259;-0,00001187;0,0000000000007211
10;36,6;0,00044;-0,0000000000002618;-0,000001716;0,0000000001749;0,00001144;-0,000000000000451
10;36,7;0,00134;0,0000000000001781;0,000001461;0,0000000001815;-0,000009735;0,0000000000003898
10;36,8;0,00119;-0,0000000000001248;-0,000001815;0,0000000003267;0,0000121;-0,0000000000004236
10;36,9;0,00016;0,00000000000009811;0,00000162;-0,00000000005593;-0,0000108;0,0000000000004465
10;37;-0,00095;-0,00000000000008231;-0,000001503;-0,0000000001041;0,00001002;-0,0000000000003728
10;37,1;-0,00129;0,0000000000000632;0,000001817;-0,0000000003465;-0,00001212;0,0000000000001507
10;37,2;-0,00064;-0,00000000000003561;-0,000001538;-0,00000000004242;0,00001025;0,0000000000001473
10;37,3;0,00046;0,00000000000001075;0,00000156;0,000000000005412;-0,0000104;-0,0000000000004293
10;37,4;0,00117;-0,000000000000003251;-0,000001787;0,0000000003211;0,00001191;0,0000000000006151
10;37,5;0,00096;0,00000000000001258;0,00000148;0,0000000001068;-0,000009868;-0,0000000000006381
10;37,6;0,00004402;-0,00000000000002226;-0,000001619;0,00000000009548;0,0000108;0,0000000000006011
10;37,7;-0,00087;0,00000000000004939;0,000001732;-0,0000000002607;-0,00001155;-0,0000000000004113
10;37,8;-0,00108;-0,00000000000009578;-0,000001451;-0,0000000001312;0,000009672;0,00000000000006088
10;37,9;-0,00047;0,0000000000001274;0,000001668;-0,0000000001818;-0,00001112;0,0000000000001749
10;38;0,00046;-0,0000000000001376;-0,000001662;0,0000000001795;0,00001108;-0,0000000000002595
10;38,1;0,00101;0,0000000000001174;0,000001449;0,0000000001168;-0,00000966;0,0000000000001841
10;38,2;0,00077;-0,00000000000005311;-0,000001698;0,0000000002412;0,00001132;0,0000000000001243
10;38,3;-0,00003762;-0,00000000000001824;0,00000159;-0,00000000009366;-0,0000106;-0,0000000000004333
10;38,4;-0,00078;0,00000000000007477;-0,00000147;-0,00000000007104;0,000009796;0,0000000000006702
10;38,5;-0,0009;-0,0000000000001172;0,000001705;-0,0000000002675;-0,00001137;-0,0000000000008769
10;38,6;-0,00034;0,0000000000001355;-0,000001524;0,00000000001768;0,00001016;0,0000000000009508
10;38,7;0,00045;-0,0000000000001299;0,000001504;0,000000000005543;-0,00001003;-0,0000000000009001
10;38,8;0,00087;0,0000000000001012;-0,000001688;0,0000000002606;0,00001125;0,0000000000007219
10;38,9;0,00061;-0,00000000000004455;0,000001474;0,00000000003729;-0,000009824;-0,0000000000003722
10;39;-0,00009556;-0,000000000000014;-0,000001543;0,00000000006636;0,00001029;0,00000000000007881
10;39,1;-0,0007;0,00000000000006274;0,000001652;-0,0000000002259;-0,00001101;0,00000000000008665
10;39,2;-0,00075;-0,0000000000001086;-0,000001442;-0,00000000006499;0,000009615;-0,000000000000214
10;39,3;-0,00023;0,0000000000001518;0,000001578;-0,0000000001321;-0,00001052;0,0000000000003023
10;39,4;0,00044;-0,0000000000001792;-0,000001603;0,0000000001728;0,00001068;-0,0000000000003151
10;39,5;0,00074;0,0000000000001809;0,000001431;0,00000000006447;-0,00000954;0,0000000000002145
10;39,6;0,00048;-0,0000000000001569;-0,000001601;0,0000000001815;0,00001067;0,00000000000002705
10;39,7;-0,00013;0,0000000000001203;0,000001548;-0,0000000001122;-0,00001032;-0,0000000000002903
10;39,8;-0,00062;-0,00000000000007888;-0,000001437;-0,00000000003955;0,000009581;0,0000000000005176
10;39,9;-0,00062;0,00000000000003957;0,000001609;-0,0000000002087;-0,00001073;-0,0000000000007064
10;40;-0,00015;-0,00000000000001457;-0,000001496;0,00000000005498;0,000009976;0,000000000000789
11;0;0;0;0;0;0;0
11;0,1;12,49185;0,0000000007765;-0,00045;0,0000007595;0,002987;0,000000004505
11;0,2;2,84236;-0,000000001545;-0,002;0,000001569;0,013;-0,00000000546
11;0,3;-0,41445;0,00000000194;0,00013;0,0000004407;-0,0008643;0,000000009137
11;0,4;-13,7524;-0,000000002209;0,00258;-0,000002422;-0,017;-0,00000001263
11;0,5;-8,48521;0,000000002258;0,00086;-0,0000004174;-0,005761;0,00000001462
11;0,6;0,52482;-0,00000000215;-0,00096;0,000001093;0,006394;-0,00000001533
11;0,7;5,79315;0,000000001821;-0,00033;-0,0000002806;0,00217;0,0000000145
11;0,8;13,74579;-0,000000001302;-0,00067;0,0000005004;0,004497;-0,00000001212
11;0,9;3,79054;0,0000000008552;-0,00142;0,00000125;0,009473;0,000000009721
11;1;-7,81322;-0,000000000522;0,00051;-0,0000006072;-0,003431;-0,000000007444
11;1,1;-5,7614;0,0000000003713;0,002;-0,000001308;-0,013;0,000000005406
11;1,2;-8,16577;-0,0000000004993;0,0004;-0,0000001566;-0,002692;-0,000000004507
11;1,3;-2,65203;0,0000000007369;-0,00054;0,0000002819;0,003574;0,000000004305
11;1,4;11,21026;-0,0000000009061;-0,00023;0,0000001795;0,00152;-0,000000004707
11;1,5;8,35277;0,0000000009269;-0,00099;0,000000619;0,0066;0,000000005491
11;1,6;0,61982;-0,0000000007438;-0,00097;0,0000006559;0,006453;-0,000000005028
11;1,7;-2,17264;0,00000000046;0,00084;-0,0000004764;-0,005625;0,000000003523
11;1,8;-8,50465;-0,0000000001165;0,00131;-0,000001003;-0,008709;-0,000000001492
11;1,9;-7,36039;-0,0000000003409;0,00027;-0,0000001383;-0,001817;-0,000000001297
11;2;2,19775;0,0000000007369;-0,00018;0,0000002301;0,001183;0,000000003481
11;2,1;6,80997;-0,0000000009194;-0,00043;0,000000139;0,002854;-0,000000004249
11;2,2;6,77799;0,0000000008647;-0,00099;0,0000006729;0,006624;0,000000004276
11;2,3;2,45329;-0,0000000005609;-0,00049;0,0000004501;0,00324;-0,00000000372
11;2,4;-4,59066;0,0000000001273;0,00073;-0,0000006091;-0,004896;0,000000002444
11;2,5;-6,87423;0,000000000435;0,00095;-0,0000006353;-0,006347;0,0000000002809
11;2,6;-4,63234;-0,000000001115;0,00027;-0,00000008872;-0,001821;-0,000000004483
11;2,7;0,84854;0,000000001603;-0,00011;0,00000001431;0,000762;0,000000007623
11;2,8;6,80654;-0,000000001743;-0,00051;0,0000003156;0,003405;-0,000000008597
11;2,9;5,84416;0,000000001573;-0,00084;0,0000006158;0,005609;0,000000008137
11;3;0,61822;-0,000000001121;-0,00027;0,0000001508;0,001776;-0,000000006155
11;3,1;-3,29197;0,0000000005554;0,00067;-0,0000004549;-0,004493;0,000000003442
11;3,2;-6,12521;-0,000000000023;0,00069;-0,0000004563;-0,004636;-0,0000000009468
11;3,3;-4,21695;-0,0000000004694;0,00026;-0,0000001677;-0,001761;-0,000000001578
11;3,4;2,17748;0,0000000008245;-0,0000947;0,00000006343;0,0006319;0,000000003498
11;3,5;5,44942;-0,0000000008957;-0,00054;0,0000003455;0,003622;-0,000000003836
11;3,6;4,34893;0,0000000006885;-0,0007;0,0000004708;0,004686;0,000000002995
11;3,7;1,00896;-0,0000000003726;-0,00007307;0,00000007415;0,0004877;-0,000000001835
11;3,8;-3,61921;0,00000000007709;0,00053;-0,0000003901;-0,003568;0,0000000008112
11;3,9;-5,43158;0,0000000002182;0,00056;-0,0000003635;-0,003725;0,0000000002446
11;4;-2,59853;-0,0000000005177;0,00025;-0,0000001412;-0,001666;-0,000000001528
11;4,1;1,79426;0,0000000006929;-0,00012;0,00000005845;0,0008132;0,000000002201
11;4,2;4,64554;-0,0000000006812;-0,00054;0,0000003506;0,003614;-0,000000001875
11;4,3;3,90337;0,0000000005731;-0,00052;0,0000003791;0,003496;0,000000001153
11;4,4;0,20704;-0,0000000004169;-0,00001212;-0,0000000121;0,0000807;-0,0000000002187
11;4,5;-3,29571;0,0000000002656;0,00046;-0,0000003082;-0,003047;-0,0000000005402
11;4,6;-4,38985;-0,0000000001553;0,00046;-0,0000002897;-0,003045;0,0000000009609
11;4,7;-2,12724;0,00000000003562;0,00022;-0,0000001479;-0,001476;-0,000000001463
11;4,8;1,94276;0,000000000101;-0,00016;0,00000009615;0,001086;0,000000001869
11;4,9;4,05422;-0,0000000002288;-0,00048;0,0000003297;0,003203;-0,00000000189
11;5;2,98131;0,0000000002781;-0,00042;0,0000002728;0,002769;0,000000001196
11;5,1;0,05131;-0,0000000002104;0,00004832;-0,00000003066;-0,0003224;0,0000000003068
11;5,2;-3,04244;0,0000000001262;0,00037;-0,0000002529;-0,002478;-0,000000001645
11;5,3;-3,78657;-0,00000000005419;0,0004;-0,0000002564;-0,002648;0,000000002451
11;5,4;-1,36811;-0,00000000005295;0,00017;-0,0000001135;-0,001123;-0,000000003147
11;5,5;1,81943;0,0000000001559;-0,00017;0,0000001128;0,001151;0,000000003341
11;5,6;3,40276;-0,0000000002521;-0,00044;0,0000002861;0,002904;-0,000000002962
11;5,7;2,51769;0,0000000003512;-0,0003;0,0000002092;0,001998;0,000000002444
11;5,8;-0,27829;-0,0000000004007;0,00005412;-0,00000004625;-0,0003612;-0,000000001685
11;5,9;-2,79296;0,0000000004042;0,00033;-0,0000002162;-0,0022;0,000000000926
11;6;-3,03832;-0,0000000003704;0,00033;-0,0000002161;-0,002197;-0,000000000357
11;6,1;-0,98726;0,0000000002667;0,00013;-0,00000008856;-0,000892;-0,0000000003921
11;6,2;1,71457;-0,0000000001198;-0,00019;0,000000122;0,001296;0,000000001034
11;6,3;2,97604;-0,00000000003597;-0,00036;0,0000002476;0,002394;-0,000000001402
11;6,4;1,94689;0,0000000001727;-0,00024;0,0000001535;0,001595;0,000000001801
11;6,5;-0,45188;-0,0000000002389;0,00007745;-0,00000005025;-0,0005168;-0,000000001881
11;6,6;-2,46138;0,0000000002281;0,00028;-0,0000001852;-0,001844;0,000000001488
11;6,7;-2,53376;-0,0000000001433;0,00029;-0,0000001876;-0,001932;-0,0000000007611
11;6,8;-0,62101;0,000000000003605;0,00008014;-0,00000005905;-0,0005347;-0,0000000002793
11;6,9;1,61678;0,00000000009613;-0,00018;0,0000001232;0,001195;0,000000001049
11;7;2,51038;-0,0000000001399;-0,00032;0,0000002062;0,002102;-0,000000001339
11;7,1;1,54406;0,0000000001795;-0,00017;0,0000001166;0,001131;0,000000001564
11;7,2;-0,57425;-0,000000000168;0,00007026;-0,00000005192;-0,0004688;-0,000000001466
11;7,3;-2,19652;0,00000000009873;0,00025;-0,0000001641;-0,001696;0,0000000009619
11;7,4;-2,04258;-0,00000000001919;0,00023;-0,0000001564;-0,001542;-0,0000000003422
11;7,5;-0,36771;-0,00000000005648;0,00005795;-0,00000003593;-0,0003866;-0,0000000004195
11;7,6;1,48202;0,00000000007625;-0,00018;0,0000001171;0,001218;0,0000000008728
11;7,7;2,15316;-0,00000000001922;-0,00025;0,0000001728;0,00168;-0,0000000007638
11;7,8;1,17615;-0,00000000007964;-0,00014;0,00000008756;0,0009291;0,0000000003919
11;7,9;-0,65313;0,0000000001996;0,00008514;-0,00000005337;-0,000568;0,0000000002694
11;8;-1,9082;-0,0000000002756;0,00021;-0,0000001437;-0,001418;-0,0000000008968
11;8,1;-1,66375;0,0000000002623;0,0002;-0,00000013;-0,001342;0,000000001051
11;8,2;-0,17316;-0,0000000002087;0,00001881;-0,00000001733;-0,0001256;-0,0000000009521
11;8,3;1,3686;0,0000000001326;-0,00016;0,0000001088;0,001046;0,0000000007593
11;8,4;1,81073;-0,00000000005263;-0,00022;0,0000001432;0,001476;-0,0000000005809
11;8,5;0,88392;0,00000000001646;-0,0000937;0,0000000655;0,0006252;0,0000000005892
11;8,6;-0,67889;0,000000000004003;0,00007408;-0,00000005294;-0,0004943;-0,0000000005222
11;8,7;-1,66522;-0,00000000002854;0,0002;-0,0000001268;-0,001317;0,0000000002606
11;8,8;-1,33609;0,00000000004183;0,00015;-0,0000001053;-0,001017;-0,0000000000003875
11;8,9;-0,02355;-0,00000000005416;0,00001098;-0,000000003673;-0,00007322;-0,0000000002514
11;9;1,23789;0,00000000005436;-0,00015;0,00000009863;0,001027;0,0000000003498
11;9,1;1,52319;-0,00000000004454;-0,00017;0,0000001188;0,001154;-0,0000000002359
11;9,2;0,64687;0,00000000005068;-0,0000792;0,00000004844;0,0005284;0,0000000001852
11;9,3;-0,68554;-0,00000000004294;0,0000851;-0,0000000527;-0,0005678;-0,0000000001186
11;9,4;-1,4345;-0,000000000004912;0,00016;-0,0000001102;-0,001073;-0,00000000009007
11;9,5;-1,0674;0,000000000057;0,00013;-0,00000008457;-0,0008846;0,0000000002546
11;9,6;0,08146;-0,00000000008684;-0,000015;0,000000006043;0,0001001;-0,0000000003716
11;9,7;1,11788;0,0000000000994;-0,00013;0,00000008828;0,0008456;0,0000000004962
11;9,8;1,26828;-0,00000000009485;-0,00015;0,0000000985;0,001028;-0,0000000005737
11;9,9;0,456;0,00000000006377;-0,00004653;0,00000003439;0,0003104;0,0000000005578
11;10;-0,66507;-0,00000000001378;0,00007129;-0,00000005085;-0,0004757;-0,0000000003919
11;10,1;-1,23322;-0,00000000004374;0,00015;-0,00000009566;-0,0009989;0,00000000008468
11;10,2;-0,8446;0,0000000001101;0,00009435;-0,0000000666;-0,0006296;0,0000000002992
11;10,3;0,15932;-0,0000000001706;-0,00001301;0,00000001243;0,00008686;-0,0000000006962
11;10,4;0,99693;0,0000000001984;-0,00012;0,00000007846;0,0008241;0,0000000009053
11;10,5;1,0497;-0,0000000001815;-0,00012;0,00000008112;0,0007789;-0,0000000007796
11;10,6;0,30775;0,0000000001252;-0,00004124;0,00000002366;0,0002751;0,0000000004411
11;10,7;-0,6345;-0,00000000004024;0,00007921;-0,00000004884;-0,0005284;0,00000000001465
11;10,8;-1,05286;-0,000000000047;0,00012;-0,00000008188;-0,0007858;-0,0000000004582
11;10,9;-0,65988;0,0000000001049;0,00008367;-0,00000005202;-0,0005582;0,0000000006787
11;11;0,20956;-0,000000000133;-0,00003059;0,00000001672;0,000204;-0,0000000007204
11;11,1;0,88376;0,0000000001267;-0,00009833;0,00000006901;0,0006561;0,0000000006358
11;11,2;0,86263;-0,00000000009479;-0,00011;0,00000006683;0,0007084;-0,000000000479
11;11,3;0,1911;0,000000000074;-0,0000168;0,00000001474;0,0001121;0,0000000004196
11;11,4;-0,59335;-0,00000000004646;0,00006354;-0,00000004572;-0,000424;-0,0000000003206
11;11,5;-0,89443;-0,000000000007819;0,00011;-0,00000006988;-0,0007377;0,00000000008113
11;11,6;-0,5091;0,00000000006645;0,00005441;-0,00000003979;-0,000363;0,0000000001401
11;11,7;0,24159;-0,0000000001178;-0,0000231;0,000000019;0,0001542;-0,0000000003267
11;11,8;0,77697;0,00000000015;-0,00009665;0,00000006063;0,0006449;0,0000000004581
11;11,9;0,70332;-0,0000000001472;-0,00007664;0,00000005441;0,0005113;-0,000000000433
11;12;0,10268;0,000000000109;-0,00001759;0,000000008146;0,0001173;0,0000000002686
11;12,1;-0,54798;-0,00000000005172;0,00006945;-0,00000004255;-0,0004633;-0,00000000004865
11;12,2;-0,75569;0,000000000002604;0,00008332;-0,00000005892;-0,000556;-0,0000000000936
11;12,3;-0,38553;0,00000000001989;0,00005072;-0,00000003017;-0,0003384;0,00000000005699
11;12,4;0,25765;-0,00000000002278;-0,00003584;0,00000002033;0,0002391;0,00000000006657
11;12,5;0,67849;0,00000000002554;-0,00007408;0,00000005269;0,0004943;-0,0000000001573
11;12,6;0,56923;-0,00000000003269;-0,00007192;0,00000004427;0,0004798;0,000000000197
11;12,7;0,03565;0,00000000002946;0,00000106;0,000000002782;-0,000007042;-0,0000000002097
11;12,8;-0,5;-0,00000000001771;0,00005316;-0,00000003876;-0,0003547;0,0000000001958
11;12,9;-0,63467;0,00000000001496;0,00007989;-0,00000004963;-0,000533;-0,0000000001069
11;13;-0,28593;-0,00000000001962;0,00002816;-0,00000002216;-0,0001879;-0,00000000005251
11;13,1;0,26246;0,00000000001809;-0,00002557;0,00000002044;0,0001706;0,0000000001691
11;13,2;0,58866;-0,00000000001233;-0,00007422;0,00000004585;0,0004952;-0,0000000002118
11;13,3;0,45654;0,000000000005828;-0,00004816;0,0000000354;0,0003213;0,0000000002341
11;13,4;-0,01344;0,000000000006475;-0,000003793;-0,0000000008819;0,00002528;-0,0000000002203
11;13,5;-0,45172;-0,00000000001829;0,0000582;-0,00000003524;-0,0003883;0,0000000001869
11;13,6;-0,53;0,00000000002806;0,00005696;-0,00000004125;-0,00038;-0,0000000001396
11;13,7;-0,20587;-0,0000000000395;0,00002932;-0,00000001607;-0,0001956;0,00000000003894
11;13,8;0,25864;0,00000000004541;-0,00003559;0,00000002026;0,0002374;0,00000000006367
11;13,9;0,5075;-0,00000000004527;-0,00005422;0,00000003937;0,0003618;-0,0000000001582
11;14;0,36278;0,00000000004672;-0,00004769;0,00000002831;0,0003182;0,0000000002799
11;14,1;-0,04861;-0,00000000004863;0,00001081;-0,000000003817;-0,0000721;-0,0000000003626
11;14,2;-0,40452;0,00000000004733;0,00004227;-0,00000003142;-0,000282;0,0000000003883
11;14,3;-0,43975;-0,00000000004152;0,00005673;-0,00000003435;-0,0003785;-0,000000000377
11;14,4;-0,14243;0,00000000002954;0,00001152;-0,00000001097;-0,00007687;0,0000000002938
11;14,5;0,24879;-0,00000000001416;-0,00002405;0,0000000193;0,0001605;-0,0000000001721
11;14,6;0,43498;-0,000000000003383;-0,00005604;0,00000003391;0,0003739;0,00000000006621
11;14,7;0,28504;0,00000000002627;-0,00002832;0,00000002211;0,000189;0,00000000002636
11;14,8;-0,07265;-0,00000000005298;0,000003403;-0,000000005542;-0,00002273;-0,0000000001045
11;14,9;-0,35932;0,00000000007856;0,00004721;-0,00000002808;-0,0003149;0,0000000001886
11;15;-0,36252;-0,00000000009332;0,00003745;-0,00000002814;-0,0002499;-0,00000000028
11;15,1;-0,09264;0,00000000008599;0,00001587;-0,000000007278;-0,0001059;0,0000000003028
11;15,2;0,23483;-0,00000000005991;-0,00003255;0,00000001837;0,0002171;-0,0000000002419
11;15,3;0,3706;0,00000000002192;-0,0000384;0,00000002875;0,0002562;0,0000000001203
11;15,4;0,22111;0,00000000001927;-0,00003093;0,00000001731;0,0002063;0,00000000005013
11;15,5;-0,08804;-0,00000000004701;0,00001529;-0,000000006925;-0,000102;-0,0000000001895
11;15,6;-0,31684;0,00000000005463;0,00003218;-0,0000000246;-0,0002147;0,0000000002477
11;15,7;-0,29675;-0,00000000004808;0,00003974;-0,00000002318;-0,0002651;-0,0000000002395
11;15,8;-0,05414;0,00000000003555;0,00000138;-0,000000004118;-0,000009237;0,0000000001757
11;15,9;0,21828;-0,00000000002415;-0,00002064;0,0000000169;0,0001377;-0,0000000001129
11;16;0,31396;0,00000000001965;-0,00004171;0,00000002452;0,0002783;0,0000000001075
11;16,1;0,16886;-0,00000000002378;-0,0000149;0,00000001307;0,00009941;-0,0000000001515
11;16,2;-0,09675;0,00000000003227;0,000006442;-0,000000007448;-0,00004301;0,000000000224
11;16,3;-0,27745;-0,00000000003256;0,00003741;-0,00000002169;-0,0002496;-0,0000000002512
11;16,4;-0,24109;0,00000000001924;0,00002338;-0,00000001868;-0,000156;0,0000000001862
11;16,5;-0,02483;-0,000000000002957;0,000007759;-0,00000000201;-0,00005174;-0,00000000009654
11;16,6;0,20034;-0,00000000001208;-0,00002832;0,00000001567;0,0001889;0,00000000001104
11;16,7;0,26441;0,00000000002552;-0,00002616;0,0000000205;0,0001745;0,0000000000611
11;16,8;0,12649;-0,00000000003182;-0,00001965;0,000000009939;0,0001311;-0,00000000007808
11;16,9;-0,10039;0,00000000002993;0,00001657;-0,000000007903;-0,0001106;0,00000000005095
11;17;-0,2414;-0,00000000001546;0,00002351;-0,00000001871;-0,0001569;0,00000000003566
11;17,1;-0,19426;-0,00000000001378;0,00002754;-0,0000000152;-0,0001837;-0,0000000001941
11;17,2;-0,00298;0,00000000004498;-0,00000442;-0,0000000001478;0,00002947;0,0000000003406
11;17,3;0,18187;-0,00000000006854;-0,00001656;0,00000001407;0,0001105;-0,0000000004294
11;17,4;0,22138;0,00000000008118;-0,00003069;0,00000001731;0,0002047;0,0000000004602
11;17,5;0,09241;-0,00000000007796;-0,000006106;0,000000007119;0,00004076;-0,0000000004118
11;17,6;-0,10028;0,00000000006154;0,000007039;-0,000000007731;-0,00004699;0,0000000003077
11;17,7;-0,20872;-0,00000000003818;0,00002917;-0,00000001633;-0,0001946;-0,0000000001856
11;17,8;-0,15509;0,00000000001232;0,00001348;-0,00000001199;-0,00008998;0,00000000006553
11;17,9;0,01289;0,00000000001021;0,000003169;0,0000000009201;-0,00002112;0,00000000002155
11;18;0,16354;-0,00000000002534;-0,00002383;0,00000001281;0,000159;-0,00000000007256
11;18,1;0,18421;0,00000000003211;-0,00001694;0,00000001426;0,000113;0,0000000001008
11;18,2;0,06525;-0,00000000003089;-0,00001229;0,000000005166;0,00008198;-0,00000000009378
11;18,3;-0,09744;0,0000000000235;0,00001605;-0,000000007673;-0,0001071;0,00000000005583
11;18,4;-0,17939;-0,00000000001234;0,00001641;-0,00000001388;-0,0001095;-0,000000000006553
11;18,5;-0,12254;0,0000000000003244;0,00001897;-0,000000009622;-0,0001265;-0,00000000004976
11;18,6;0,024;0,000000000009426;-0,000007404;0,000000001951;0,00004938;0,0000000001008
11;18,7;0,14581;-0,00000000001751;-0,00001251;0,00000001127;0,00008348;-0,0000000001444
11;18,8;0,15231;0,00000000002455;-0,00002242;0,00000001194;0,0001496;0,0000000001802
11;18,9;0,04383;-0,00000000002805;-0,0000005814;0,000000003331;0,000003903;-0,0000000001861
11;19;-0,09272;0,00000000002699;0,000006325;-0,000000007138;-0,00004222;0,0000000001631
11;19,1;-0,15327;-0,0000000000204;0,0000225;-0,00000001201;-0,0001501;-0,0000000001138
11;19,2;-0,09567;0,000000000009681;0,000006691;-0,000000007366;-0,00004467;0,00000000003823
11;19,3;0,03136;-0,0000000000004813;0,0000008337;0,000000002361;-0,000005538;0,00000000002568
11;19,4;0,12901;-0,000000000005861;-0,00001962;0,00000001012;0,0001309;-0,00000000007006
11;19,5;0,12509;0,00000000001033;-0,00001018;0,00000000966;0,00006793;0,0000000001118
11;19,6;0,02716;-0,00000000001119;-0,000007656;0,000000002192;0,00005106;-0,0000000001304
11;19,7;-0,08677;0,000000000008193;0,00001463;-0,000000006832;-0,0000976;0,0000000001147
11;19,8;-0,1302;-0,0000000000008952;0,00001081;-0,00000001006;-0,00007215;-0,00000000006772
11;19,9;-0,07362;-0,00000000001004;0,00001307;-0,000000005807;-0,00008715;-0,000000000004945
11;20;0,03582;0,00000000001986;-0,000008623;0,000000002863;0,00005751;0,00000000007206
11;20,1;0,11333;-0,00000000002719;-0,000008869;0,000000008747;0,0000592;-0,0000000001232
11;20,2;0,10199;0,00000000003092;-0,00001636;0,000000008015;0,0001091;0,0000000001586
11;20,3;0,01437;-0,00000000002738;0,000002706;0,000000001043;-0,00001803;-0,0000000001556
11;20,4;-0,08009;0,0000000000186;0,000005009;-0,000000006159;-0,00003344;0,0000000001234
11;20,5;-0,10996;-0,000000000009256;0,00001725;-0,000000008636;-0,0001151;-0,0000000000895
11;20,6;-0,05568;0,000000000001375;0,000002171;-0,000000004258;-0,00001451;0,00000000005819
11;20,7;0,03806;0,000000000004325;-0,0000001168;0,000000002886;0,0000008021;-0,00000000003352
11;20,8;0,09889;-0,00000000001075;-0,00001592;0,000000007776;0,0001062;-0,0000000000017
11;20,9;0,0825;0,00000000002132;-0,000005349;0,000000006346;0,00003571;0,00000000007039
11;21;0,00474;-0,00000000003121;-0,000004864;0,000000000445;0,00003243;-0,0000000001379
11;21,1;-0,07307;0,00000000003342;0,00001286;-0,000000005764;-0,00008579;0,0000000001634
11;21,2;-0,09232;-0,00000000002663;0,000006534;-0,000000007111;-0,00004362;-0,0000000001399
11;21,3;-0,04119;0,00000000001403;0,000009103;-0,000000003281;-0,00006071;0,00000000007671
11;21,4;0,03864;-0,000000000000433;-0,000008792;0,000000003082;0,00005864;-0,000000000005367
11;21,5;0,08575;-0,00000000001213;-0,000005798;0,000000006602;0,0000387;-0,0000000000584
11;21,6;0,06616;0,00000000002271;-0,000012;0,000000005224;0,00008001;0,0000000001138
11;21,7;-0,00236;-0,00000000002854;0,000004506;-0,0000000002562;-0,00003004;-0,0000000001411
11;21,8;-0,06599;0,00000000002825;0,000003515;-0,000000005065;-0,00002348;0,0000000001343
11;21,9;-0,07705;-0,00000000002191;0,00001324;-0,00000000607;-0,0000883;-0,00000000009848
11;22;-0,02959;0,00000000001156;-0,0000007282;-0,000000002231;0,000004836;0,00000000004174
11;22,1;0,03799;-0,000000000001593;-0,0000002673;0,000000002885;0,000001806;0,000000000008954
11;22,2;0,0739;-0,000000000006086;-0,00001284;0,000000005826;0,00008562;-0,00000000004115
11;22,3;0,05254;0,00000000001103;-0,000001994;0,000000004017;0,00001333;0,00000000005756
11;22,4;-0,00741;-0,00000000001243;-0,000003283;-0,0000000005037;0,00002188;-0,00000000005445
11;22,5;-0,05906;0,00000000001063;0,00001106;-0,000000004672;-0,00007379;0,00000000003366
11;22,6;-0,0639;-0,000000000005575;0,000003359;-0,000000004901;-0,00002243;0,000000000001183
11;22,7;-0,0204;-0,000000000001837;0,00000651;-0,000000001662;-0,00004341;-0,00000000004337
11;22,8;0,03648;0,000000000008242;-0,000008384;0,000000002913;0,00005592;0,0000000000739
11;22,9;0,06331;-0,00000000001203;-0,000003323;0,000000004856;0,0000222;-0,00000000008583
11;23;0,04126;0,00000000001347;-0,000008922;0,000000003284;0,00005951;0,00000000008381
11;23,1;-0,01087;-0,00000000001243;0,000005349;-0,0000000009178;-0,00003567;-0,00000000006574
11;23,2;-0,05244;0,00000000001001;0,000002081;-0,000000004011;-0,00001391;0,00000000004227
11;23,3;-0,05264;-0,000000000007697;0,00001022;-0,00000000417;-0,00006819;-0,00000000002621
11;23,4;-0,0132;0,000000000005276;-0,000002496;-0,0000000009562;0,00001663;0,00000000001066
11;23,5;0,03439;-0,000000000002832;0,000000001652;0,000000002606;0,00000001043;0,000000000002643
11;23,6;0,05393;0,000000000001133;-0,00001034;0,00000000427;0,00006899;-0,000000000005298
11;23,7;0,03197;-0,000000000000003446;0,0000002639;0,000000002418;-0,00000174;0,000000000003106
11;23,8;-0,01306;-0,0000000000008477;-0,00000247;-0,0000000009451;0,00001646;-0,000000000000266
11;23,9;-0,04622;0,000000000001499;0,000009407;-0,00000000367;-0,00006274;-0,000000000002679
11;24;-0,04307;-0,00000000000158;0,000001068;-0,000000003281;-0,00000715;0,000000000005801
11;24,1;-0,00764;0,0000000000006174;0,000004864;-0,000000000666;-0,00003243;-0,00000000001184
11;24,2;0,03194;0,0000000000003417;-0,000007702;0,000000002558;0,00005137;0,00000000001379
11;24,3;0,04567;-0,0000000000004676;-0,000001405;0,000000003484;0,000009394;-0,000000000007025
11;24,4;0,02439;0,0000000000001715;-0,000006796;0,000000001969;0,00004532;-0,000000000001821
11;24,5;-0,01429;0,0000000000003195;0,000005602;-0,000000001183;-0,00003735;0,00000000001075
11;24,6;-0,04045;-0,000000000001155;0,0000008247;-0,000000003079;-0,000005523;-0,0000000000201
11;24,7;-0,03497;0,000000000001875;0,000008005;-0,000000002792;-0,00005339;0,00000000002621
11;24,8;-0,00341;-0,000000000001607;-0,000003497;-0,0000000001955;0,00002331;-0,00000000002631
11;24,9;0,02929;0,000000000000924;0,0000004526;0,000000002211;-0,000002999;0,00000000002295
11;25;0,03845;-0,000000000001365;-0,000008382;0,000000003063;0,0000559;-0,00000000002401
11;25,1;0,01824;0,000000000003045;0,000001727;0,000000001351;-0,0000115;0,00000000003191
11;25,2;-0,01478;-0,000000000004316;-0,000002122;-0,000000001082;0,00001414;-0,00000000003599
11;25,3;-0,03518;0,000000000004369;0,000007968;-0,000000002808;-0,00005314;0,00000000003074
11;25,4;-0,02816;-0,000000000003482;-0,0000005337;-0,000000002124;0,00000354;-0,0000000000204
11;25,5;-0,00026;0,000000000001837;0,000003855;-0,00000000008878;-0,0000257;0,000000000006709
11;25,6;0,02657;-0,000000000000118;-0,000006929;0,000000002137;0,00004621;0,000000000006379
11;25,7;0,03218;-0,000000000001285;0,00000003241;0,000000002437;-0,000000196;-0,00000000001664
11;25,8;0,0133;0,000000000002259;-0,000005353;0,000000001104;0,00003569;0,00000000002501
11;25,9;-0,01474;-0,000000000002428;0,000005511;-0,000000001215;-0,00003675;-0,00000000002679
11;26;-0,03041;0,000000000001447;-0,0000002102;-0,000000002299;0,000001383;0,00000000001825
11;26,1;-0,02247;0,000000000000717;0,000006397;-0,000000001817;-0,00004266;-0,000000000001955
11;26,2;0,00202;-0,000000000003076;-0,000003991;0,0000000002252;0,00002661;-0,00000000001586
11;26,3;0,02388;0,000000000004514;0,0000009448;0,000000001792;-0,000006284;0,00000000002828
11;26,4;0,02677;-0,000000000005114;-0,000006871;0,000000002151;0,00004582;-0,00000000003287
11;26,5;0,00937;0,000000000005291;0,000002626;0,0000000006618;-0,0000175;0,00000000003156
11;26,6;-0,0143;-0,000000000004541;-0,000002039;-0,000000001046;0,00001358;-0,00000000002361
11;26,7;-0,02612;0,000000000002986;0,000006766;-0,000000002101;-0,00004512;0,00000000001082
11;26,8;-0,01774;-0,000000000001419;-0,000001615;-0,000000001314;0,00001076;0,000000000002111
11;26,9;0,00362;-0,0000000000001375;0,000003261;0,0000000002143;-0,00002174;-0,00000000001479
11;27;0,02128;0,000000000001149;-0,000006169;0,000000001724;0,00004114;0,00000000002222
11;27,1;0,02212;-0,000000000001113;0,000001073;0,000000001655;-0,000007137;-0,00000000001998
11;27,2;0,00627;0,0000000000004831;-0,00000439;0,0000000005547;0,00002927;0,00000000001225
11;27,3;-0,01359;0,0000000000005301;0,000005238;-0,000000001124;-0,00003493;-0,00000000000107
11;27,4;-0,02231;-0,000000000001722;-0,000001021;-0,00000000167;0,000006796;-0,00000000001228
11;27,5;-0,01384;0,000000000002698;0,000005249;-0,000000001143;-0,000035;0,00000000002382
11;27,6;0,00467;-0,000000000003384;-0,000004164;0,0000000004293;0,00002776;-0,00000000003247
11;27,7;0,01882;0,000000000003336;0,000001402;0,0000000014;-0,000009332;0,00000000003539
11;27,8;0,01816;-0,00000000000245;-0,000005726;0,000000001479;0,00003819;-0,00000000003063
11;27,9;0,00385;0,000000000001439;0,000003137;0,0000000002348;-0,00002091;0,00000000002239
11;28;-0,0127;-0,0000000000004724;-0,00000209;-0,0000000009237;0,00001393;-0,00000000001252
11;28,1;-0,01894;-0,0000000000005522;0,00000579;-0,00000000154;-0,00003861;0,000000000001609
11;28,2;-0,01064;0,00000000000162;-0,000002313;-0,0000000007632;0,00001541;0,000000000008233
11;28,3;0,0053;-0,000000000002608;0,000002929;0,0000000003477;-0,00001953;-0,00000000001614
11;28,4;0,01653;0,000000000002983;-0,000005478;0,000000001351;0,00003653;0,00000000001859
11;28,5;0,0148;-0,000000000002358;0,000001797;0,000000001087;-0,00001197;-0,00000000001266
11;28,6;0,00201;0,000000000001081;-0,000003758;0,0000000002207;0,00002505;0,000000000002502
11;28,7;-0,01171;0,0000000000002956;0,000004886;-0,0000000009763;-0,00003258;0,000000000007359
11;28,8;-0,01599;-0,00000000000147;-0,000001629;-0,000000001181;0,00001085;-0,00000000001541
11;28,9;-0,00804;0,000000000002112;0,000004436;-0,0000000006896;-0,00002958;0,00000000001929
11;29;0,00561;-0,000000000002007;-0,000004143;0,0000000005008;0,00002762;-0,0000000000183
11;29,1;0,01441;0,0000000000009647;0,000001787;0,000000001058;-0,0000119;0,00000000001215
11;29,2;0,01196;0,0000000000005658;-0,000004869;0,000000000995;0,00003247;-0,000000000002668
11;29,3;0,00062;-0,000000000001564;0,000003385;-0,00000000001552;-0,00002257;-0,000000000004395
11;29,4;-0,01068;0,000000000001954;-0,000002197;-0,000000000768;0,00001464;0,000000000007864
11;29,5;-0,01342;-0,000000000002124;0,000005013;-0,000000001108;-0,00003343;-0,000000000009289
11;29,6;-0,00593;0,000000000002242;-0,000002735;-0,0000000003988;0,00001823;0,000000000009306
11;29,7;0,00568;-0,000000000002251;0,000002755;0,0000000003793;-0,00001836;-0,000000000008439
11;29,8;0,01249;0,000000000001871;-0,000004876;0,000000001035;0,00003252;0,000000000005985
11;29,9;0,00959;-0,000000000001034;0,000002279;0,0000000006837;-0,00001519;-0,000000000001617
11;30;-0,0004;0,00000000000003381;-0,000003347;0,0000000000312;0,00002231;-0,000000000003272
11;30,1;-0,00964;0,0000000000006909;0,000004515;-0,0000000008129;-0,0000301;0,00000000000699
11;30,2;-0,0112;-0,0000000000009327;-0,000002064;-0,0000000008093;0,00001375;-0,000000000008688
11;30,3;-0,00425;0,0000000000007618;0,000003866;-0,0000000003934;-0,00002577;0,000000000007766
11;30,4;0,00558;-0,0000000000003536;-0,000004012;0,0000000004963;0,00002675;-0,000000000005062
11;30,5;0,01076;-0,0000000000002167;0,000002088;0,0000000007759;-0,00001391;0,000000000001556
11;30,6;0,00761;0,0000000000008655;-0,000004232;0,0000000006542;0,00002822;0,000000000002335
11;30,7;-0,00113;-0,000000000001351;0,000003464;-0,0000000001497;-0,0000231;-0,00000000000519
11;30,8;-0,00862;0,000000000001466;-0,000002312;-0,0000000006098;0,00001541;0,000000000005996
11;30,9;-0,00928;-0,000000000001195;0,000004402;-0,000000000784;-0,00002935;-0,000000000004629
11;31;-0,00292;0,0000000000008035;-0,000002963;-0,0000000001663;0,00001975;0,000000000001946
11;31,1;0,00535;-0,0000000000005578;0,00000267;0,0000000003553;-0,00001779;-0,00000000000001103
11;31,2;0,00922;0,000000000000455;-0,000004368;0,0000000007785;0,00002913;-0,0000000000008584
11;31,3;0,00597;-0,0000000000003806;0,000002579;0,000000000404;-0,00001719;0,000000000001835
11;31,4;-0,00162;0,0000000000003459;-0,00000308;-0,00000000006581;0,00002053;-0,000000000002087
11;31,5;-0,00765;-0,0000000000003614;0,000004159;-0,0000000006563;-0,00002773;0,000000000001193
11;31,6;-0,00764;0,0000000000003248;-0,000002357;-0,0000000005346;0,00001571;-0,0000000000004401
11;31,7;-0,00188;-0,0000000000002228;0,000003465;-0,0000000002068;-0,0000231;-0,0000000000001205
11;31,8;0,00504;0,0000000000001237;-0,000003826;0,0000000004525;0,00002551;0,0000000000006819
11;31,9;0,00785;-0,00000000000005744;0,000002307;0,0000000005508;-0,00001538;-0,0000000000008079
11;32;0,00462;0,00000000000004465;-0,000003761;0,00000000042;0,00002507;0,0000000000007075
11;32,1;-0,00194;-0,000000000000126;0,000003437;-0,0000000002108;-0,00002292;-0,0000000000006357
11;32,2;-0,00674;0,0000000000003839;-0,000002412;-0,0000000004649;0,00001607;0,000000000001091
11;32,3;-0,00625;-0,0000000000007813;0,000003926;-0,0000000005463;-0,00002618;-0,000000000002335
11;32,4;-0,00108;0,000000000001092;-0,000003059;-0,00000000002429;0,00002039;0,000000000003327
11;32,5;0,00467;-0,000000000001213;0,000002629;0,0000000003044;-0,00001752;-0,000000000003907
11;32,6;0,00664;0,000000000001156;-0,000003947;0,0000000005765;0,00002632;0,000000000004145
11;32,7;0,00352;-0,0000000000009002;0,000002747;0,0000000002151;-0,00001831;-0,000000000003123
11;32,8;-0,00211;0,0000000000005016;-0,000002904;-0,0000000001052;0,00001936;0,000000000001147
11;32,9;-0,0059;-0,0000000000000634;0,000003834;-0,000000000518;-0,00002556;0,0000000000009903
11;33;-0,00507;-0,0000000000003365;-0,00000254;-0,0000000003361;0,00001693;-0,00000000000278
11;33,1;-0,00047;0,0000000000006069;0,000003181;-0,00000000009499;-0,00002121;0,000000000003298
11;33,2;0,00428;-0,0000000000007789;-0,00000362;0,000000000392;0,00002414;-0,000000000003074
11;33,3;0,00559;0,0000000000008159;0,000002454;0,0000000003768;-0,00001636;0,000000000002445
11;33,4;0,00263;-0,0000000000005826;-0,00000341;0,0000000002632;0,00002273;-0,0000000000006023
11;33,5;-0,00218;0,0000000000002322;0,000003348;-0,0000000002277;-0,00002232;-0,000000000001407
11;33,6;-0,00513;0,00000000000005293;-0,000002484;-0,000000000341;0,00001656;0,000000000002514
11;33,7;-0,00408;-0,0000000000002365;0,000003556;-0,0000000003759;-0,00002371;-0,000000000002758
11;33,8;-0,00001217;0,0000000000002946;-0,000003067;0,00000000005693;0,00002045;0,000000000002063
11;33,9;0,00388;-0,0000000000002372;0,000002606;0,0000000002445;-0,00001737;-0,000000000000908
11;34;0,00468;0,00000000000007133;-0,000003601;0,0000000004218;0,00002401;-0,0000000000002225
11;34,1;0,00191;0,0000000000001287;0,00000282;0,0000000000915;-0,0000188;0,000000000001127
11;34,2;-0,00217;-0,0000000000002452;-0,000002783;-0,0000000001111;0,00001855;-0,000000000001399
11;34,3;-0,00443;0,0000000000002485;0,000003548;-0,0000000004021;-0,00002365;0,0000000000009506
11;34,4;-0,00326;-0,0000000000001841;-0,000002639;-0,0000000001962;0,00001759;-0,0000000000001535
11;34,5;0,00032;0,00000000000009845;0,000002975;-0,0000000000325;-0,00001984;-0,0000000000007367
11;34,6;0,00349;-0,00000000000004066;-0,000003413;0,0000000003285;0,00002276;0,000000000001277
11;34,7;0,00389;0,00000000000005816;0,000002541;0,0000000002459;-0,00001694;-0,000000000001067
11;34,8;0,00134;-0,0000000000001105;-0,000003146;0,0000000001614;0,00002098;0,0000000000006196
11;34,9;-0,0021;0,0000000000001463;0,000003227;-0,0000000002199;-0,00002151;-0,0000000000001502
11;35;-0,0038;-0,0000000000001034;-0,000002527;-0,0000000002396;0,00001684;-0,0000000000002833
11;35,1;-0,00257;-0,00000000000007456;0,000003266;-0,0000000002564;-0,00002177;0,000000000000146
11;35,2;0,00054;0,0000000000002858;-0,000003021;0,00000000009868;0,00002014;0,0000000000003404
11;35,3;0,00311;-0,0000000000004339;0,000002585;0,0000000001856;-0,00001723;-0,0000000000007766
11;35,4;0,00321;0,0000000000005032;-0,000003318;0,0000000003062;0,00002212;0,0000000000009522
11;35,5;0,0009;-0,0000000000004954;0,000002829;0,00000000001377;-0,00001886;-0,0000000000007811
11;35,6;-0,00199;0,0000000000004487;-0,000002693;-0,00000000009915;0,00001795;0,0000000000006709
11;35,7;-0,00325;-0,0000000000003551;0,000003299;-0,0000000003086;-0,00002199;-0,0000000000007207
11;35,8;-0,002;0,0000000000002055;-0,000002676;-0,0000000001001;0,00001784;0,0000000000007582
11;35,9;0,00069;-0,00000000000006438;0,000002821;-0,000000000001519;-0,00001881;-0,0000000000009251
11;36;0,00275;-0,00000000000009378;-0,000003217;0,0000000002693;0,00002145;0,0000000000008811
11;36,1;0,00264;0,0000000000003155;0,000002578;0,0000000001498;-0,00001719;-0,000000000000264
11;36,2;0,00055;-0,0000000000005049;-0,000002944;0,0000000000979;0,00001963;-0,0000000000003771
11;36,3;-0,00186;0,0000000000005865;0,00000309;-0,0000000002;-0,0000206;0,0000000000007627
11;36,4;-0,00276;-0,0000000000005378;-0,000002542;-0,0000000001595;0,00001694;-0,0000000000008756
11;36,5;-0,00154;0,0000000000003625;0,000003037;-0,0000000001747;-0,00002025;0,000000000000484
11;36,6;0,00078;-0,0000000000001628;-0,000002941;0,0000000001159;0,00001961;-0,00000000000001466
11;36,7;0,00241;0,00000000000002372;0,00000256;0,0000000001328;-0,00001706;-0,00000000000004729
11;36,8;0,00215;0,00000000000004076;-0,000003086;0,0000000002218;0,00002058;-0,0000000000001403
11;36,9;0,00028;-0,00000000000004826;0,000002794;-0,00000000003274;-0,00001863;0,0000000000003325
11;37;-0,00171;0,00000000000003116;-0,000002619;-0,00000000007896;0,00001746;-0,0000000000003785
11;37,1;-0,00233;-0,00000000000001624;0,000003085;-0,0000000002354;-0,00002057;0,000000000000179
11;37,2;-0,00116;0,00000000000002215;-0,000002669;-0,00000000003604;0,00001779;0,000000000000166
11;37,3;0,00083;-0,00000000000003869;0,0000027;0,00000000001026;-0,000018;-0,0000000000005308
11;37,4;0,0021;0,00000000000003431;-0,000003036;0,0000000002176;0,00002024;0,0000000000007665
11;37,5;0,00173;-0,00000000000000941;0,000002579;0,00000000008114;-0,00001719;-0,0000000000007704
11;37,6;0,00007929;-0,000000000000009055;-0,000002784;0,00000000005999;0,00001856;0,0000000000006891
11;37,7;-0,00156;0,0000000000000571;0,000002951;-0,0000000001752;-0,00001967;-0,0000000000003301
11;37,8;-0,00195;-0,000000000000147;-0,000002532;-0,00000000009832;0,00001688;-0,0000000000003572
11;37,9;-0,00085;0,0000000000002124;0,000002853;-0,00000000012;-0,00001902;0,000000000000841
11;38;0,00084;-0,0000000000002428;-0,000002844;0,0000000001184;0,00001896;-0,00000000000106
11;38,1;0,00182;0,0000000000002204;0,000002525;0,00000000008842;-0,00001683;0,0000000000009913
11;38,2;0,00139;-0,0000000000001182;-0,000002894;0,0000000001614;0,0000193;-0,0000000000005025
11;38,3;-0,00006776;-0,000000000000004889;0,000002732;-0,00000000005833;-0,00001821;-0,00000000000001874
11;38,4;-0,00141;0,0000000000001047;-0,000002552;-0,00000000005666;0,00001701;0,0000000000004125
11;38,5;-0,00163;-0,0000000000001842;0,0000029;-0,0000000001795;-0,00001934;-0,0000000000007699
11;38,6;-0,00061;0,0000000000002272;-0,000002631;0,000000000005142;0,00001754;0,0000000000009199
11;38,7;0,00082;-0,0000000000002349;0,000002599;0,00000000001112;-0,00001733;-0,0000000000008797
11;38,8;0,00157;0,0000000000002049;-0,000002872;0,0000000001745;0,00001915;0,0000000000006137
11;38,9;0,0011;-0,0000000000001302;0,000002552;0,00000000003338;-0,00001701;-0,00000000000006894
11;39;-0,00017;0,0000000000000521;-0,000002654;0,00000000003891;0,00001769;-0,0000000000003624
11;39,1;-0,00126;0,00000000000001118;0,000002815;-0,0000000001502;-0,00001876;0,0000000000005648
11;39,2;-0,00135;-0,00000000000007934;-0,000002502;-0,00000000005286;0,00001668;-0,0000000000007485
11;39,3;-0,00042;0,0000000000001496;0,000002702;-0,0000000000846;-0,00001801;0,0000000000008945
11;39,4;0,00078;-0,0000000000001911;-0,000002738;0,000000000113;0,00001825;-0,0000000000009041
11;39,5;0,00134;0,0000000000001814;0,000002482;0,00000000005264;-0,00001654;0,000000000000684
11;39,6;0,00086;-0,0000000000001299;-0,000002733;0,000000000119;0,00001822;-0,0000000000002331
11;39,7;-0,00024;0,00000000000005897;0,000002653;-0,00000000007053;-0,00001769;-0,0000000000002421
11;39,8;-0,00112;0,00000000000001583;-0,000002487;-0,00000000003539;0,00001658;0,0000000000006298
11;39,9;-0,00111;-0,00000000000008368;0,000002741;-0,0000000001378;-0,00001828;-0,0000000000009477
11;40;-0,00027;0,0000000000001236;-0,000002573;0,00000000003048;0,00001715;0,000000000001079
12;0;0;0;0;0;0;0
12;0,1;4,54191;0,000000000897;-0,00014;-0,0000008356;0,0008942;0,000000004999
12;0,2;12,71946;0,000000001187;-0,00239;0,000001038;0,016;0,00000001452
12;0,3;-6,08048;-0,000000000585;0,00035;-0,0000005958;-0,002357;-0,000000009477
12;0,4;-17,3713;0,00000000009767;0,00272;-0,0000003796;-0,018;0,000000004231
12;0,5;-11,31347;0,000000000174;0,00098;-0,0000002972;-0,006505;-0,0000000005912
12;0,6;2,37214;-0,0000000003155;-0,00103;0,0000001941;0,006877;-0,000000001659
12;0,7;9,73544;0,0000000002109;-0,00048;0,0000004142;0,003197;0,000000002114
12;0,8;10,47797;0,00000000007287;-0,00055;-0,0000003435;0,003644;-0,0000000009108
12;0,9;8,60865;-0,0000000001923;-0,00161;0,000000506;0,011;0,00000000008972
12;1;-4,72362;0,0000000001855;0,00039;0,0000003251;-0,002606;0,0000000005709
12;1,1;-16,40908;-0,00000000001371;0,00242;-0,000001119;-0,016;-0,000000001298
12;1,2;-7,73095;-0,0000000004313;0,00038;0,00000004608;-0,002566;0,0000000009946
12;1,3;3,19637;0,0000000008903;-0,00076;0,0000006143;0,005094;-0,0000000002449
12;1,4;6,46359;-0,000000001165;-0,00004326;-0,0000004987;0,0002844;-0,0000000009222
12;1,5;11,1191;0,000000001187;-0,0011;0,0000002903;0,007309;0,00000000224
12;1,6;6,67025;-0,0000000008948;-0,00121;0,000000636;0,008045;-0,000000001671
12;1,7;-7,47672;0,0000000004529;0,00105;-0,0000005576;-0,007023;-0,0000000003034
12;1,8;-11,6847;0,00000000005376;0,00143;-0,0000003338;-0,009523;0,000000002828
12;1,9;-5,62874;-0,0000000006781;0,00021;0,0000001819;-0,001373;-0,000000006191
12;2;1,08009;0,000000001216;-0,00013;-0,0000001174;0,0008989;0,000000008847
12;2,1;7,58912;-0,000000001483;-0,00046;0,0000000817;0,003046;-0,000000009737
12;2,2;9,73425;0,000000001426;-0,00111;0,0000003106;0,007404;0,000000009587
12;2,3;3,33886;-0,000000001009;-0,00052;0,00000009284;0,003457;-0,000000008596
12;2,4;-6,09105;0,0000000003966;0,00079;-0,0000001574;-0,005273;0,000000006572
12;2,5;-9,5934;0,0000000004351;0,00106;-0,0000002858;-0,007066;-0,000000002286
12;2,6;-5,00812;-0,000000001483;0,00029;-0,00000003923;-0,001908;-0,000000004336
12;2,7;1,85364;0,000000002277;-0,00015;0,0000001054;0,001014;0,000000009544
12;2,8;6,80916;-0,000000002581;-0,00051;0,0000000003594;0,003413;-0,00000001169
12;2,9;8,01983;0,000000002448;-0,00092;0,0000002283;0,006163;0,00000001172
12;3;2,26504;-0,000000001905;-0,00033;0,0000001732;0,002218;-0,000000009496
12;3,1;-5,97658;0,000000001188;0,00078;-0,0000002822;-0,005204;0,000000006151
12;3,2;-7,75398;-0,0000000004955;0,00076;-0,0000001709;-0,005048;-0,000000002985
12;3,3;-3,76361;-0,0000000001705;0,00025;0,00000004764;-0,001652;-0,0000000003993
12;3,4;1,57379;0,000000000673;-0,00007263;-0,00000006342;0,0004837;0,000000003136
12;3,5;6,49505;-0,0000000008078;-0,00058;0,0000001097;0,003883;-0,000000003834
12;3,6;6,70186;0,0000000005753;-0,0008;0,0000002472;0,00531;0,000000002951
12;3,7;0,81677;-0,0000000001852;-0,00006392;-0,00000002032;0,000426;-0,000000001563
12;3,8;-5,10176;-0,000000000181;0,00059;-0,0000001556;-0,003943;0,0000000003501
12;3,9;-6,34049;0,0000000005387;0,0006;-0,00000009556;-0,003971;0,0000000008244
12;4;-3,24606;-0,0000000009057;0,00027;-0,00000006783;-0,001824;-0,000000002306
12;4,1;1,97481;0,000000001125;-0,00013;0,00000001876;0,0008494;0,000000003118
12;4,2;5,87691;-0,000000001107;-0,00059;0,0000001295;0,003944;-0,000000002683
12;4,3;5,19748;0,0000000009571;-0,00057;0,0000001357;0,003822;0,000000001662
12;4,4;0,28571;-0,0000000007454;-0,00001678;0,00000000847;0,0001119;-0,0000000003524
12;4,5;-4,52996;0,0000000005444;0,00051;-0,0000001298;-0,003378;-0,0000000006935
12;4,6;-5,38637;-0,0000000003915;0,00049;-0,0000001044;-0,003293;0,000000001279
12;4,7;-2,41344;0,0000000002207;0,00023;-0,00000003021;-0,00156;-0,000000001928
12;4,8;2,05111;-0,00000000003311;-0,00017;0,00000001151;0,001124;0,000000002379
12;4,9;5,1597;-0,0000000001384;-0,00052;0,000000116;0,00348;-0,00000000228
12;5;4,17253;0,0000000002212;-0,00046;0,0000001252;0,00309;0,000000001304
12;5,1;-0,23358;-0,0000000001679;0,00006103;-0,00000002999;-0,0004071;0,0000000006216
12;5,2;-3,98745;0,00000000009826;0,00041;-0,00000009922;-0,002713;-0,000000002287
12;5,3;-4,46845;-0,00000000004617;0,00043;-0,00000007159;-0,002835;0,000000003245
12;5,4;-1,85922;-0,00000000005275;0,00019;-0,00000005158;-0,00124;-0,000000004039
12;5,5;2,13313;0,0000000001518;-0,00018;0,00000003293;0,001222;0,000000004164
12;5,6;4,51004;-0,0000000002516;-0,00048;0,0000001163;0,003202;-0,000000003528
12;5,7;3,21022;0,000000000371;-0,00033;0,00000007267;0,002167;0,000000002767
12;5,8;-0,48537;-0,0000000004417;0,00006072;-0,00000002167;-0,000405;-0,000000001808
12;5,9;-3,50362;0,000000000455;0,00036;-0,00000007472;-0,002394;0,0000000008987
12;6;-3,78009;-0,0000000004178;0,00036;-0,00000007779;-0,002379;-0,0000000002759
12;6,1;-1,29498;0,0000000002913;0,00015;-0,00000003241;-0,000982;-0,0000000005117
12;6,2;2,11356;-0,0000000001004;-0,00021;0,00000004198;0,001409;0,000000001218
12;6,3;3,83956;-0,0000000001192;-0,00039;0,00000009062;0,002609;-0,000000001733
12;6,4;2,51274;0,0000000003258;-0,00026;0,00000005947;0,001752;0,000000002407
12;6,5;-0,66941;-0,0000000004437;0,00008746;-0,00000002288;-0,0005833;-0,000000002716
12;6,6;-3,10727;0,0000000004588;0,0003;-0,0000000678;-0,002002;0,000000002403
12;6,7;-3,1267;-0,0000000003735;0,00031;-0,00000006228;-0,002095;-0,000000001634
12;6,8;-0,86467;0,0000000002164;0,00008821;-0,00000002557;-0,0005883;0,0000000004651
12;6,9;2,02175;-0,0000000001098;-0,00019;0,0000000425;0,00129;0,0000000003488
12;7;3,27444;0,00000000006585;-0,00035;0,00000008026;0,00231;-0,0000000005827
12;7,1;1,92506;-0,00000000001155;-0,00018;0,00000003998;0,001221;0,0000000008098
12;7,2;-0,77986;0,00000000001276;0,00007687;-0,00000002156;-0,0005126;-0,0000000006842
12;7,3;-2,72807;-0,00000000009336;0,00028;-0,00000005585;-0,001843;0,00000000002304
12;7,4;-2,58784;0,0000000002106;0,00025;-0,00000005722;-0,001674;0,0000000008986
12;7,5;-0,51202;-0,0000000003397;0,00006504;-0,0000000152;-0,0004337;-0,000000002078
12;7,6;1,90063;0,0000000003902;-0,0002;0,00000004401;0,001336;0,000000002828
12;7,7;2,75485;-0,000000000333;-0,00027;0,00000006312;0,001827;-0,00000000281
12;7,8;1,46953;0,0000000002186;-0,00015;0,00000003087;0,001015;0,000000002393
12;7,9;-0,83845;-0,00000000006275;0,00009382;-0,00000001953;-0,0006256;-0,000000001473
12;8;-2,39957;-0,00000000005659;0,00023;-0,00000005153;-0,001536;0,0000000004755
12;8,1;-2,10905;0,00000000006753;0,00022;-0,00000004682;-0,001467;-0,00000000005378
12;8,2;-0,24232;-0,00000000002223;0,00002011;-0,000000007216;-0,0001341;-0,00000000002576
12;8,3;1,74555;-0,00000000005575;-0,00017;0,00000003955;0,001135;-0,00000000004995
12;8,4;2,31597;0,0000000001409;-0,00024;0,00000005309;0,001617;0,0000000001655
12;8,5;1,10126;-0,0000000001709;-0,0001;0,0000000228;0,0006723;-0,00000000008478
12;8,6;-0,86649;0,0000000001782;0,00008003;-0,00000001967;-0,0005337;0,0000000001006
12;8,7;-2,09044;-0,0000000001876;0,00022;-0,00000004468;-0,001436;-0,0000000003645
12;8,8;-1,70539;0,0000000001779;0,00017;-0,00000003874;-0,001104;0,0000000006302
12;8,9;-0,04319;-0,0000000001604;0,00001313;-0,000000002113;-0,00008757;-0,0000000008653
12;9;1,5877;0,000000000132;-0,00017;0,00000003679;0,001127;0,0000000009253
12;9,1;1,93321;-0,00000000009815;-0,00019;0,00000004299;0,001251;-0,0000000007576
12;9,2;0,80702;0,00000000008094;-0,00008685;0,00000001688;0,0005791;0,0000000006584
12;9,3;-0,86247;-0,00000000004397;0,0000934;-0,00000001865;-0,0006228;-0,0000000005201
12;9,4;-1,8137;-0,00000000003779;0,00017;-0,00000003974;-0,001162;0,0000000002145
12;9,5;-1,36305;0,000000000114;0,00015;-0,00000003113;-0,0009705;0,00000000001272
12;9,6;0,10235;-0,0000000001536;-0,00001718;0,000000002275;0,0001145;-0,0000000001792
12;9,7;1,42548;0,000000000168;-0,00014;0,00000003222;0,0009164;0,0000000003654
12;9,8;1,60745;-0,0000000001578;-0,00017;0,00000003569;0,001125;-0,0000000004883
12;9,9;0,57324;0,0000000001102;-0,00004977;0,00000001225;0,0003319;0,0000000004802
12;10;-0,84002;-0,00000000003812;0,0000768;-0,00000001832;-0,0005121;-0,0000000002742
12;10,1;-1,5614;-0,000000000042;0,00016;-0,00000003451;-0,001093;-0,0000000001111
12;10,2;-1,07721;0,0000000001353;0,0001;-0,00000002438;-0,0006811;0,0000000006114
12;10,3;0,20192;-0,0000000002238;-0,00001335;0,000000004425;0,00008905;-0,000000001154
12;10,4;1,27045;0,0000000002653;-0,00014;0,00000002877;0,000904;0,000000001438
12;10,5;1,32882;-0,0000000002398;-0,00013;0,00000002926;0,0008425;-0,000000001244
12;10,6;0,3874;0,0000000001598;-0,00004568;0,000000008409;0,0003046;0,0000000007605
12;10,7;-0,8004;-0,00000000004581;0,00008702;-0,00000001747;-0,0005803;-0,0000000001405
12;10,8;-1,33615;-0,00000000006486;0,00013;-0,0000000297;-0,0008506;-0,0000000004334
12;10,9;-0,84115;0,0000000001337;0,00009207;-0,00000001909;-0,000614;0,0000000007033
12;11;0,26834;-0,0000000001657;-0,00003419;0,000000006229;0,000228;-0,0000000007513
12;11,1;1,12308;0,0000000001553;-0,00011;0,00000002507;0,0007095;0,0000000006491
12;11,2;1,09173;-0,0000000001142;-0,00012;0,00000002411;0,0007765;-0,0000000004793
12;11,3;0,2426;0,00000000009136;-0,00001752;0,000000005359;0,0001169;0,0000000004626
12;11,4;-0,75075;-0,00000000006132;0,00006842;-0,00000001648;-0,0004563;-0,0000000003948
12;11,5;-1,13599;-0,000000000002381;0,00012;-0,00000002541;-0,000809;0,0000000001448
12;11,6;-0,64725;0,00000000007042;0,00005854;-0,00000001447;-0,0003904;0,00000000007088
12;11,7;0,30798;-0,0000000001316;-0,00002442;0,00000000694;0,0001629;-0,0000000002486
12;11,8;0,98636;0,0000000001742;-0,00011;0,00000002202;0,0007077;0,0000000003888
12;11,9;0,8909;-0,0000000001772;-0,00008271;0,00000001967;0,0005516;-0,0000000003663
12;12;0,13057;0,0000000001355;-0,00001995;0,000000002955;0,000133;0,0000000001793
12;12,1;-0,69403;-0,00000000006547;0,00007644;-0,00000001537;-0,0005097;0,000000000093
12;12,2;-0,95985;0,000000000004357;0,00009006;-0,00000002141;-0,0006006;-0,0000000002688
12;12,3;-0,48982;0,00000000002016;0,00005606;-0,00000001099;-0,0003738;0,0000000001853
12;12,4;0,3282;-0,0000000000191;-0,00003986;0,000000007452;0,0002658;0,00000000003291
12;12,5;0,86073;0,00000000002116;-0,00007997;0,00000001909;0,0005333;-0,0000000002007
12;12,6;0,72128;-0,00000000003289;-0,00007913;0,00000001602;0,0005276;0,000000000287
12;12,7;0,046;0,00000000003372;0,000001897;0,000000001033;-0,00001264;-0,0000000003337
12;12,8;-0,63402;-0,00000000002182;0,00005718;-0,00000001402;-0,0003813;0,0000000003471
12;12,9;-0,80617;0,00000000001704;0,00008784;-0,00000001806;-0,0005857;-0,0000000002641
12;13;-0,36266;-0,00000000001929;0,00002994;-0,000000008009;-0,0001997;0,00000000008867
12;13,1;0,33364;0,00000000001351;-0,00002713;0,000000007429;0,0001809;0,00000000004092
12;13,2;0,74652;-0,000000000002385;-0,00008163;0,00000001662;0,0005443;-0,00000000008584
12;13,3;0,579;-0,00000000001124;-0,00005173;0,00000001282;0,000345;0,0000000001035
12;13,4;-0,01658;0,00000000003428;-0,000004889;-0,0000000002924;0,00003259;-0,00000000006748
12;13,5;-0,57316;-0,00000000005531;0,00006417;-0,00000001279;-0,0004279;0,000000000009965
12;13,6;-0,67292;0,00000000007085;0,00006134;-0,00000001497;-0,0004091;0,000000000049
12;13,7;-0,26105;-0,00000000008726;0,00003269;-0,000000005827;-0,000218;-0,0000000001575
12;13,8;0,32848;0,00000000009573;-0,00003953;0,000000007366;0,0002636;0,0000000002604
12;13,9;0,64365;-0,00000000009436;-0,00005835;0,00000001426;0,0003891;-0,0000000003438
12;14;0,46021;0,00000000009367;-0,00005271;0,00000001027;0,0003515;0,0000000004557
12;14,1;-0,06134;-0,00000000009511;0,0000125;-0,000000001374;-0,00008337;-0,0000000005316
12;14,2;-0,51338;0,00000000009307;0,00004534;-0,00000001139;-0,0003024;0,0000000005459
12;14,3;-0,55823;-0,00000000008333;0,00006256;-0,00000001248;-0,0004172;-0,000000000508
12;14,4;-0,1805;0,00000000006432;0,00001182;-0,00000000396;-0,00007886;0,0000000003738
12;14,5;0,31576;-0,00000000004117;-0,0000255;0,000000006996;0,00017;-0,0000000001891
12;14,6;0,55168;0,00000000001597;-0,00006179;0,00000001229;0,0004121;0,00000000003022
12;14,7;0,36175;0,00000000001635;-0,00003016;0,000000008016;0,0002011;0,00000000009949
12;14,8;-0,09202;-0,00000000005571;0,000002991;-0,000000001992;-0,00001996;-0,0000000002139
12;14,9;-0,45607;0,000000000095;0,00005216;-0,0000000102;-0,0003478;0,0000000003421
12;15;-0,46005;-0,0000000001187;0,00004011;-0,0000000102;-0,0002674;-0,0000000004681
12;15,1;-0,1174;0,0000000001112;0,000018;-0,000000002644;-0,00012;0,0000000004896
12;15,2;0,29795;-0,00000000007748;-0,00003618;0,00000000667;0,0002412;-0,0000000003913
12;15,3;0,47014;0,00000000002681;-0,00004115;0,00000001041;0,0002744;0,0000000002078
12;15,4;0,28064;0,00000000002611;-0,00003441;0,000000006287;0,0002295;0,00000000002687
12;15,5;-0,11165;-0,00000000005866;0,00001737;-0,000000002515;-0,0001158;-0,0000000002022
12;15,6;-0,40213;0,00000000006471;0,00003438;-0,00000000892;-0,0002293;0,0000000002655
12;15,7;-0,37654;-0,00000000005335;0,00004401;-0,000000008416;-0,0002935;-0,0000000002396
12;15,8;-0,0686;0,00000000003589;0,0000008097;-0,000000001483;-0,00000541;0,0000000001418
12;15,9;0,27693;-0,00000000002128;-0,0000218;0,000000006123;0,0001454;-0,00000000005182
12;16;0,39831;0,00000000001689;-0,00004614;0,000000008895;0,0003077;0,0000000000486
12;16,1;0,21433;-0,00000000002532;-0,00001555;0,000000004738;0,0001037;-0,0000000001229
12;16,2;-0,12275;0,0000000000395;0,000006336;-0,000000002694;-0,00004226;0,0000000002352
12;16,3;-0,35212;-0,00000000004083;0,00004146;-0,000000007878;-0,0002765;-0,0000000002762
12;16,4;-0,30589;0,00000000002167;0,0000248;-0,000000006767;-0,0001654;0,0000000001809
12;16,5;-0,03146;0,000000000003154;0,000009133;-0,0000000007344;-0,00006089;-0,00000000004201
12;16,6;0,25416;-0,00000000002679;-0,00003154;0,00000000569;0,0002103;-0,00000000009272
12;16,7;0,3355;0,00000000004828;-0,00002783;0,000000007426;0,0001856;0,0000000002063
12;16,8;0,16054;-0,0000000000605;-0,00002209;0,000000003615;0,0001473;-0,0000000002463
12;16,9;-0,1274;0,00000000006145;0,00001873;-0,000000002876;-0,0001249;0,0000000002283
12;17;-0,30633;-0,0000000000448;0,00002495;-0,000000006779;-0,0001664;-0,0000000001322
12;17,1;-0,24646;0,000000000008016;0,00003068;-0,00000000552;-0,0002046;-0,00000000005867
12;17,2;-0,00377;0,00000000003248;-0,000005482;-0,00000000004712;0,00003655;0,0000000002402
12;17,3;0,23074;-0,00000000006411;-0,00001738;0,000000005099;0,0001159;-0,0000000003556
12;17,4;0,2809;0,00000000008215;-0,00003411;0,000000006283;0,0002274;0,0000000004054
12;17,5;0,11727;-0,00000000007975;-0,000005996;0,00000000258;0,00004;-0,0000000003604
12;17,6;-0,12725;0,00000000005937;0,000007016;-0,000000002801;-0,0000468;0,0000000002436
12;17,7;-0,26485;-0,00000000002834;0,00003245;-0,000000005927;-0,0002163;-0,00000000009827
12;17,8;-0,19677;-0,000000000007427;0,00001404;-0,000000004342;-0,00009364;-0,00000000005163
12;17,9;0,01635;0,00000000003919;0,000004104;0,0000000003268;-0,00002736;0,0000000001635
12;18;0,2075;-0,000000000061;-0,00002662;0,000000004654;0,0001775;-0,0000000002297
12;18,1;0,23375;0,0000000000719;-0,00001781;0,000000005162;0,0001188;0,0000000002676
12;18,2;0,0828;-0,00000000007209;-0,00001404;0,000000001883;0,00009362;-0,0000000002609
12;18,3;-0,12366;0,00000000006375;0,00001814;-0,000000002792;-0,0001209;0,0000000002149
12;18,4;-0,22762;-0,00000000005118;0,00001724;-0,000000005026;-0,000115;-0,0000000001609
12;18,5;-0,15548;0,00000000003884;0,00002131;-0,000000003497;-0,0001421;0,0000000001046
12;18,6;0,03044;-0,00000000002921;-0,000008706;0,0000000007148;0,00005805;-0,00000000005074
12;18,7;0,18501;0,00000000001993;-0,000013;0,000000004078;0,00008668;-0,000000000004065
12;18,8;0,19327;-0,000000000009801;-0,00002507;0,000000004339;0,0001672;0,00000000005817
12;18,9;0,05562;0,000000000002497;-0,000000002756;0,000000001201;0,00000002829;-0,00000000007916
12;19;-0,11766;-0,000000000000515;0,000006264;-0,000000002583;-0,00004178;0,00000000006388
12;19,1;-0,19448;0,00000000000553;0,00002514;-0,000000004362;-0,0001677;-0,00000000001517
12;19,2;-0,12138;-0,00000000001548;0,000006667;-0,000000002666;-0,00004447;-0,0000000000656
12;19,3;0,03979;0,00000000002316;0,000001532;0,0000000008513;-0,00001021;0,0000000001296
12;19,4;0,16369;-0,00000000002693;-0,000022;0,000000003675;0,0001467;-0,0000000001677
12;19,5;0,15872;0,00000000002818;-0,00001047;0,0000000035;0,00006984;0,000000000204
12;19,6;0,03446;-0,00000000002528;-0,000008961;0,0000000007976;0,00005975;-0,0000000002143
12;19,7;-0,11011;0,00000000001793;0,00001656;-0,00000000248;-0,0001104;0,0000000001829
12;19,8;-0,16521;-0,000000000005667;0,00001117;-0,000000003646;-0,00007448;-0,0000000001131
12;19,9;-0,09342;-0,000000000009917;0,00001485;-0,000000002107;-0,00009903;0,00000000001577
12;20;0,04545;0,00000000002298;-0,00001001;0,000000001039;0,00006673;0,00000000006874
12;20,1;0,1438;-0,00000000003251;-0,000009058;0,000000003172;0,00006041;-0,0000000001312
12;20,2;0,12941;0,00000000003725;-0,00001843;0,000000002908;0,0001229;0,0000000001745
12;20,3;0,01823;-0,00000000003245;0,000003554;0,0000000003771;-0,00002369;-0,0000000001691
12;20,4;-0,10163;0,00000000002081;0,000004856;-0,000000002233;-0,00003239;0,000000000127
12;20,5;-0,13952;-0,000000000008739;0,00001941;-0,000000003134;-0,0001294;-0,00000000008543
12;20,6;-0,07065;-0,00000000000073;0,000001767;-0,000000001542;-0,00001179;0,00000000005046
12;20,7;0,04829;0,000000000007117;0,0000004701;0,000000001044;-0,000003125;-0,00000000002475
12;20,8;0,12548;-0,00000000001489;-0,00001795;0,000000002822;0,0001197;-0,00000000001787
12;20,9;0,10468;0,00000000002883;-0,000005236;0,0000000023;0,00003492;0,0000000001095
12;21;0,00601;-0,00000000004249;-0,000005893;0,0000000001631;0,00003929;-0,0000000002036
12;21,1;-0,09271;0,00000000004636;0,00001461;-0,000000002092;-0,0000974;0,0000000002442
12;21,2;-0,11714;-0,00000000003872;0,000006533;-0,000000002578;-0,00004357;-0,000000000221
12;21,3;-0,05226;0,00000000002361;0,00001051;-0,000000001191;-0,00007006;0,0000000001459
12;21,4;0,04902;-0,000000000006917;-0,00001017;0,000000001118;0,00006779;-0,00000000005776
12;21,5;0,1088;-0,000000000008886;-0,000005736;0,000000002395;0,00003826;-0,00000000002326
12;21,6;0,08395;0,00000000002227;-0,00001365;0,000000001894;0,00009104;0,00000000009334
12;21,7;-0,00299;-0,00000000002947;0,000005491;-0,00000000009188;-0,0000366;-0,0000000001262
12;21,8;-0,08373;0,00000000002874;0,000003254;-0,000000001838;-0,00002171;0,0000000001147
12;21,9;-0,09776;-0,0000000000199;0,000015;-0,0000000022;-0,0001;-0,00000000006386
12;22;-0,03755;0,000000000005581;-0,000001368;-0,0000000008105;0,000009111;-0,00000000001502
12;22,1;0,04821;0,000000000008018;0,0000002809;0,000000001047;-0,000001864;0,00000000008361
12;22,2;0,09377;-0,00000000001804;-0,00001456;0,000000002112;0,00009708;-0,0000000001242
12;22,3;0,06666;0,00000000002392;-0,000001605;0,000000001457;0,00001071;0,0000000001411
12;22,4;-0,00941;-0,00000000002504;-0,000004145;-0,0000000001831;0,00002763;-0,0000000001317
12;22,5;-0,07494;0,00000000002225;0,00001262;-0,000000001694;-0,00008417;0,0000000001
12;22,6;-0,08108;-0,00000000001542;0,000003097;-0,000000001778;-0,00002066;-0,00000000005045
12;22,7;-0,02588;0,000000000005253;0,000007657;-0,0000000006021;-0,00005105;-0,000000000009317
12;22,8;0,04629;0,000000000003835;-0,000009698;0,000000001056;0,00006466;0,00000000005459
12;22,9;0,08034;-0,000000000009567;-0,000003064;0,000000001762;0,00002044;-0,00000000007613
12;23;0,05235;0,00000000001242;-0,00001028;0,00000000119;0,00006854;0,00000000008013
12;23,1;-0,01379;-0,00000000001219;0,000006385;-0,0000000003312;-0,00004257;-0,00000000006379
12;23,2;-0,06654;0,00000000001024;0,000001715;-0,000000001456;-0,00001145;0,0000000000407
12;23,3;-0,0668;-0,000000000008317;0,00001169;-0,00000000151;-0,00007798;-0,00000000002665
12;23,4;-0,01675;0,000000000006084;-0,00000327;-0,0000000003489;0,0000218;0,00000000001205
12;23,5;0,04364;-0,000000000003666;0,0000005499;0,0000000009473;-0,000003658;0,0000000000005244
12;23,6;0,06843;0,000000000002133;-0,00001182;0,000000001547;0,0000788;0,0000000000006708
12;23,7;0,04057;-0,000000000001288;0,0000008324;0,0000000008787;-0,000005542;-0,000000000008402
12;23,8;-0,01657;0,0000000000007014;-0,000003235;-0,0000000003447;0,00002156;0,00000000001628
12;23,9;-0,05864;-0,0000000000001473;0,00001079;-0,000000001329;-0,00007197;-0,0000000000225
12;24;-0,05465;0,000000000000009129;0,0000006248;-0,000000001192;-0,000004175;0,00000000002669
12;24,1;-0,00969;-0,000000000001037;0,000005839;-0,0000000002396;-0,00003893;-0,00000000003283
12;24,2;0,04053;0,000000000002113;-0,00000893;0,0000000009255;0,00005954;0,00000000003404
12;24,3;0,05795;-0,000000000002353;-0,0000009963;0,000000001266;0,000006653;-0,00000000002643
12;24,4;0,03095;0,000000000002326;-0,00000794;0,0000000007117;0,00005294;0,00000000001781
12;24,5;-0,01813;-0,000000000002098;0,000006637;-0,0000000004261;-0,00004425;-0,000000000008582
12;24,6;-0,05133;0,000000000001184;0,000000369;-0,00000000112;-0,000002469;-0,000000000003185
12;24,7;-0,04438;-0,00000000000007527;0,000009253;-0,00000000101;-0,00006169;0,00000000001309
12;24,8;-0,00432;0,00000000000003202;-0,000004337;-0,00000000007429;0,00002892;-0,0000000000167
12;24,9;0,03717;-0,0000000000005137;0,000001018;0,0000000008054;-0,000006781;0,0000000000162
12;25;0,04879;-0,0000000000002704;-0,000009658;0,000000001107;0,0000644;-0,00000000002125
12;25,1;0,02315;0,000000000002435;0,000002404;0,0000000004939;-0,00001602;0,00000000003476
12;25,2;-0,01876;-0,000000000004013;-0,000002833;-0,0000000003964;0,00001888;-0,00000000004262
12;25,3;-0,04464;0,000000000003877;0,000009202;-0,000000001014;-0,00006136;0,00000000003668
12;25,4;-0,03573;-0,000000000002351;-0,000001098;-0,0000000007743;0,000007316;-0,00000000002274
12;25,5;-0,00033;-0,00000000000008282;0,000004716;-0,00000000002795;-0,00003144;0,000000000004435
12;25,6;0,03372;0,000000000002476;-0,000008065;0,0000000007708;0,00005377;0,00000000001255
12;25,7;0,04083;-0,000000000004369;0,0000005473;0,0000000008882;-0,000003642;-0,00000000002536
12;25,8;0,01688;0,000000000005577;-0,000006344;0,0000000003957;0,0000423;0,00000000003532
12;25,9;-0,0187;-0,000000000005681;0,000006515;-0,0000000004361;-0,00004344;-0,00000000003704
12;26;-0,03858;0,000000000004332;-0,0000007364;-0,0000000008386;0,000004902;0,00000000002635
12;26,1;-0,02851;-0,000000000001503;0,000007478;-0,0000000006541;-0,00004986;-0,000000000006103
12;26,2;0,00257;-0,000000000001527;-0,000004854;0,00000000007664;0,00003236;-0,00000000001623
12;26,3;0,0303;0,000000000003453;0,000001532;0,000000000655;-0,00001021;0,00000000003203
12;26,4;0,03396;-0,00000000000453;-0,00000799;0,0000000007749;0,00005327;-0,00000000003827
12;26,5;0,01188;0,0000000000052;0,000003362;0,0000000002453;-0,00002241;0,00000000003691
12;26,6;-0,01814;-0,000000000004631;-0,00000272;-0,0000000003845;0,00001813;-0,00000000002652
12;26,7;-0,03314;0,000000000002914;0,00000787;-0,0000000007566;-0,00005247;0,000000000009115
12;26,8;-0,02251;-0,000000000001107;-0,000002255;-0,0000000004818;0,00001503;0,000000000009165
12;26,9;0,00459;-0,0000000000007233;0,000004047;0,00000000008298;-0,00002698;-0,0000000000273
12;27;0,027;0,000000000001905;-0,000007216;0,00000000062;0,00004811;0,00000000003852
12;27,1;0,02807;-0,000000000001812;0,000001659;0,0000000006057;-0,00001106;-0,00000000003683
12;27,2;0,00795;0,0000000000009906;-0,000005273;0,0000000001956;0,00003516;0,00000000002741
12;27,3;-0,01724;0,0000000000003473;0,000006196;-0,000000000402;-0,00004131;-0,00000000001297
12;27,4;-0,02831;-0,000000000002004;-0,000001599;-0,0000000006118;0,00001065;-0,000000000004797
12;27,5;-0,01756;0,000000000003456;0,000006204;-0,0000000004085;-0,00004136;0,00000000002072
12;27,6;0,00592;-0,000000000004531;-0,000005021;0,0000000001493;0,00003347;-0,00000000003317
12;27,7;0,02388;0,000000000004639;0,000002009;0,0000000005141;-0,00001339;0,00000000003852
12;27,8;0,02304;-0,000000000003618;-0,00000672;0,0000000005297;0,00004481;-0,000000000034
12;27,9;0,00489;0,000000000002335;0,000003896;0,00000000009196;-0,00002598;0,00000000002452
12;28;-0,01612;-0,000000000001059;-0,000002754;-0,0000000003419;0,00001836;-0,00000000001249
12;28,1;-0,02404;-0,0000000000002288;0,000006785;-0,0000000005516;-0,00004524;-0,0000000000009465
12;28,2;-0,0135;0,000000000001466;-0,000002994;-0,0000000002837;0,00001996;0,00000000001279
12;28,3;0,00673;-0,000000000002607;0,000003665;0,0000000001331;-0,00002443;-0,00000000002221
12;28,4;0,02097;0,000000000003039;-0,000006441;0,0000000004829;0,00004294;0,00000000002483
12;28,5;0,01878;-0,000000000002159;0,000002428;0,0000000004016;-0,00001618;-0,00000000001643
12;28,6;0,00255;0,0000000000003414;-0,000004563;0,00000000007266;0,00003042;0,000000000002218
12;28,7;-0,01486;0,000000000001667;0,000005791;-0,0000000003466;-0,00003861;0,00000000001188
12;28,8;-0,02029;-0,000000000003422;-0,00000224;-0,0000000004358;0,00001493;-0,00000000002385
12;28,9;-0,0102;0,000000000004434;0,000005298;-0,0000000002425;-0,00003532;0,00000000003031
12;29;0,00712;-0,000000000004423;-0,000004977;0,0000000001739;0,00003318;-0,00000000003011
12;29,1;0,01829;0,00000000000313;0,000002407;0,0000000003917;-0,00001605;0,00000000002276
12;29,2;0,01518;-0,000000000001155;-0,000005765;0,0000000003529;0,00003844;-0,00000000001072
12;29,3;0,00078;-0,0000000000001171;0,000004147;0,000000000002433;-0,00002765;0,000000000001755
12;29,4;-0,01355;0,0000000000005964;-0,00000285;-0,0000000002867;0,000019;0,000000000002534
12;29,5;-0,01703;-0,0000000000008103;0,000005917;-0,0000000003937;-0,00003945;-0,000000000004198
12;29,6;-0,00753;0,000000000001001;-0,000003434;-0,000000000153;0,00002289;0,000000000004205
12;29,7;0,00721;-0,000000000001068;0,000003454;0,000000000146;-0,00002303;-0,000000000003041
12;29,8;0,01585;0,0000000000005995;-0,000005765;0,000000000367;0,00003843;-0,0000000000003999
12;29,9;0,01217;0,0000000000004611;0,000002933;0,0000000002566;-0,00001955;0,00000000000619
12;30;-0,00051;-0,000000000001702;-0,000004095;0,000000000002582;0,0000273;-0,00000000001238
12;30,1;-0,01223;0,000000000002563;0,000005367;-0,000000000286;-0,00003578;0,00000000001697
12;30,2;-0,01421;-0,000000000002801;-0,000002694;-0,0000000003025;0,00001796;-0,00000000001908
12;30,3;-0,0054;0,000000000002529;0,000004656;-0,0000000001336;-0,00003104;0,00000000001795
12;30,4;0,00708;-0,00000000000194;-0,000004814;0,0000000001708;0,0000321;-0,00000000001439
12;30,5;0,01366;0,000000000001104;0,000002716;0,0000000002907;-0,0000181;0,000000000009592
12;30,6;0,00965;-0,0000000000001794;-0,000005052;0,0000000002279;0,00003368;-0,000000000004458
12;30,7;-0,00144;-0,0000000000005125;0,000004213;-0,00000000004479;-0,00002809;0,0000000000007049
12;30,8;-0,01094;0,0000000000006856;-0,000002956;-0,0000000002308;0,00001971;0,0000000000002911
12;30,9;-0,01178;-0,0000000000002904;0,000005232;-0,0000000002746;-0,00003488;0,000000000002001
12;31;-0,00371;-0,0000000000002491;-0,000003662;-0,00000000007011;0,00002442;-0,000000000006089
12;31,1;0,00679;0,0000000000005387;0,000003342;0,0000000001388;-0,00002228;0,000000000008932
12;31,2;0,0117;-0,0000000000006175;-0,000005191;0,0000000002723;0,00003461;-0,00000000001017
12;31,3;0,00758;0,0000000000006531;0,00000324;0,0000000001567;-0,0000216;0,00000000001132
12;31,4;-0,00206;-0,0000000000006546;-0,000003785;-0,0000000000341;0,00002523;-0,00000000001145
12;31,5;-0,00971;0,0000000000006089;0,000004959;-0,0000000002277;-0,00003306;0,00000000001014
12;31,6;-0,0097;-0,0000000000006304;-0,000002994;-0,0000000002043;0,00001996;-0,000000000008937
12;31,7;-0,00239;0,0000000000007319;0,0000042;-0,00000000006457;-0,000028;0,000000000007879
12;31,8;0,00639;-0,0000000000008289;-0,000004593;0,0000000001536;0,00003062;-0,000000000006807
12;31,9;0,00996;0,0000000000008895;0,000002936;0,0000000002103;-0,00001957;0,00000000000633
12;32;0,00587;-0,0000000000008849;-0,000004518;0,0000000001417;0,00003012;-0,000000000006135
12;32,1;-0,00246;0,0000000000007495;0,000004165;-0,0000000000657;-0,00002777;0,000000000005889
12;32,2;-0,00855;-0,0000000000003424;-0,000003046;-0,0000000001795;0,0000203;-0,000000000004873
12;32,3;-0,00793;-0,0000000000003053;0,000004695;-0,0000000001872;-0,0000313;0,00000000000263
12;32,4;-0,00137;0,0000000000008613;-0,000003748;-0,00000000001991;0,00002499;-0,0000000000005748
12;32,5;0,00593;-0,000000000001157;0,000003278;0,0000000001216;-0,00002185;-0,0000000000008925
12;32,6;0,00843;0,000000000001214;-0,000004713;0,0000000001978;0,00003142;0,000000000001776
12;32,7;0,00447;-0,000000000001024;0,000003404;0,00000000008937;-0,00002269;-0,0000000000009934
12;32,8;-0,00268;0,0000000000006399;-0,000003574;-0,00000000004963;0,00002383;-0,000000000001072
12;32,9;-0,00748;-0,0000000000001864;0,000004587;-0,0000000001763;-0,00003058;0,00000000000345
12;33;-0,00644;-0,0000000000002099;-0,000003175;-0,0000000001335;0,00002116;-0,000000000005355
12;33,1;-0,00059;0,0000000000004411;0,000003872;-0,00000000002275;-0,00002581;0,000000000005592
12;33,2;0,00543;-0,0000000000005853;-0,000004349;0,0000000001304;0,000029;-0,000000000004975
12;33,3;0,00709;0,0000000000006124;0,000003078;0,0000000001485;-0,00002052;0,000000000004
12;33,4;0,00334;-0,0000000000003185;-0,000004118;0,00000000008353;0,00002745;-0,000000000001556
12;33,5;-0,00276;-0,0000000000001404;0,000004049;-0,00000000007057;-0,000027;-0,000000000001178
12;33,6;-0,00651;0,0000000000005276;-0,000003106;-0,0000000001358;0,00002071;0,000000000002844
12;33,7;-0,00518;-0,0000000000007712;0,000004273;-0,0000000001241;-0,00002848;-0,000000000003357
12;33,8;-0,00001545;0,0000000000008352;-0,000003739;0,000000000008331;0,00002493;0,00000000000257
12;33,9;0,00493;-0,0000000000007308;0,000003235;0,0000000001011;-0,00002156;-0,000000000001052
12;34;0,00594;0,0000000000004702;-0,000004318;0,0000000001405;0,00002879;-0,0000000000006086
12;34,1;0,00243;-0,0000000000001782;0,000003466;0,00000000004576;-0,00002311;0,00000000000197
12;34,2;-0,00275;0,000000000000008533;-0,000003424;-0,00000000005295;0,00002283;-0,000000000002423
12;34,3;-0,00562;0,00000000000002469;0,000004256;-0,0000000001331;-0,00002838;0,000000000002032
12;34,4;-0,00413;0,000000000000009683;-0,000003265;-0,00000000008396;0,00002176;-0,000000000001372
12;34,5;0,0004;-0,00000000000005975;0,00000363;0,000000000001088;-0,0000242;0,0000000000006367
12;34,6;0,00443;0,00000000000008254;-0,000004106;0,0000000001062;0,00002738;-0,0000000000002458
12;34,7;0,00493;-0,00000000000003053;0,000003154;0,0000000001022;-0,00002103;0,0000000000006624
12;34,8;0,00171;-0,00000000000005566;-0,000003813;0,00000000004544;0,00002542;-0,000000000001287
12;34,9;-0,00266;0,0000000000001151;0,000003899;-0,00000000006659;-0,00002599;0,000000000001902
12;35;-0,00483;-0,00000000000005933;-0,000003135;-0,0000000001002;0,0000209;-0,000000000002388
12;35,1;-0,00326;-0,0000000000001734;0,000003939;-0,00000000007961;-0,00002626;0,000000000002089
12;35,2;0,00069;0,0000000000004388;-0,000003671;0,00000000002234;0,00002447;-0,000000000001401
12;35,3;0,00394;-0,0000000000006112;0,000003195;0,00000000008087;-0,0000213;0,0000000000009171
12;35,4;0,00408;0,0000000000006639;-0,000003993;0,00000000009742;0,00002662;-0,0000000000009573
12;35,5;0,00114;-0,0000000000006076;0,000003458;0,00000000001869;-0,00002305;0,000000000001509
12;35,6;-0,00253;0,0000000000005106;-0,000003308;-0,00000000004972;0,00002206;-0,000000000001914
12;35,7;-0,00412;-0,0000000000003835;0,000003968;-0,00000000009808;-0,00002645;0,000000000001913
12;35,8;-0,00254;0,0000000000002203;-0,000003288;-0,0000000000502;0,00002192;-0,000000000001653
12;35,9;0,00088;-0,00000000000007525;0,000003445;0,00000000001338;-0,00002297;0,000000000001159
12;36;0,00348;-0,00000000000009124;-0,000003875;0,00000000008367;0,00002583;-0,0000000000009724
12;36,1;0,00334;0,0000000000003269;0,000003178;0,00000000006837;-0,00002119;0,000000000001508
12;36,2;0,00069;-0,0000000000005241;-0,000003575;0,00000000002139;0,00002383;-0,000000000002124
12;36,3;-0,00236;0,0000000000005963;0,000003733;-0,00000000005834;-0,00002489;0,000000000002494
12;36,4;-0,0035;-0,0000000000005098;-0,000003134;-0,00000000007211;0,00002089;-0,000000000002568
12;36,5;-0,00195;0,0000000000002642;0,000003673;-0,00000000004899;-0,00002449;0,000000000001979
12;36,6;0,00099;0,00000000000001452;-0,000003568;0,00000000002759;0,00002378;-0,000000000001222
12;36,7;0,00306;-0,0000000000002168;0,00000315;0,00000000006271;-0,000021;0,0000000000009229
12;36,8;0,00272;0,0000000000003228;-0,000003723;0,00000000006582;0,00002482;-0,0000000000009003
12;36,9;0,00036;-0,0000000000003588;0,000003404;0,000000000002818;-0,00002269;0,0000000000008523
12;37;-0,00217;0,0000000000003613;-0,000003211;-0,0000000000434;0,00002141;-0,0000000000006357
12;37,1;-0,00295;-0,0000000000003606;0,000003718;-0,00000000007055;-0,00002479;0,0000000000001483
12;37,2;-0,00147;0,0000000000003872;-0,000003263;-0,00000000002797;0,00002176;0,0000000000004937
12;37,3;0,00105;-0,0000000000004274;0,000003297;0,00000000001869;-0,00002198;-0,000000000001105
12;37,4;0,00267;0,0000000000004312;-0,000003661;0,00000000006387;0,00002441;0,000000000001475
12;37,5;0,0022;-0,0000000000004042;0,000003162;0,00000000004455;-0,00002108;-0,000000000001534
12;37,6;0,0001;0,0000000000003916;-0,000003385;0,00000000000656;0,00002257;0,000000000001508
12;37,7;-0,00198;-0,0000000000003343;0,000003565;-0,00000000004828;-0,00002377;-0,000000000001077
12;37,8;-0,00248;0,0000000000001989;-0,000003107;-0,00000000005101;0,00002071;0,00000000000009493
12;37,9;-0,00108;-0,0000000000000755;0,000003456;-0,00000000002811;-0,00002304;0,0000000000007241
12;38;0,00106;-0,00000000000000937;-0,000003445;0,00000000002745;0,00002297;-0,000000000001214
12;38,1;0,00231;0,00000000000002493;0,000003097;0,00000000004765;-0,00002064;0,000000000001297
12;38,2;0,00176;0,00000000000006656;-0,000003498;0,00000000004286;0,00002332;-0,0000000000008133
12;38,3;-0,00008598;-0,0000000000001911;0,00000332;-0,000000000005415;-0,00002213;0,0000000000002753
12;38,4;-0,00179;0,0000000000002913;-0,000003122;-0,00000000003637;0,00002081;0,0000000000001153
12;38,5;-0,00206;-0,0000000000003696;0,000003501;-0,00000000004921;-0,00002334;-0,0000000000004847
12;38,6;-0,00078;0,000000000000405;-0,000003206;-0,00000000001411;0,00002137;0,0000000000006135
12;38,7;0,00104;-0,0000000000004027;0,000003171;0,00000000002008;-0,00002114;-0,0000000000005187
12;38,8;0,00199;0,0000000000003619;-0,000003467;0,00000000004718;0,00002311;0,0000000000001521
12;38,9;0,0014;-0,0000000000002698;0,000003117;0,00000000002831;-0,00002078;0,0000000000005441
12;39;-0,00022;0,0000000000001743;-0,000003227;-0,000000000002161;0,00002151;-0,000000000001068
12;39,1;-0,0016;-0,0000000000001016;0,000003401;-0,00000000003814;-0,00002267;0,000000000001271
12;39,2;-0,00171;0,00000000000002467;-0,000003059;-0,00000000003558;0,00002039;-0,000000000001446
12;39,3;-0,00053;0,00000000000006011;0,000003276;-0,00000000001421;-0,00002184;0,000000000001603
12;39,4;0,001;-0,0000000000001059;-0,000003314;0,00000000002444;0,00002209;-0,000000000001581
12;39,5;0,0017;0,00000000000007625;0,000003034;0,00000000003569;-0,00002022;0,000000000001228
12;39,6;0,0011;0,00000000000000716;-0,000003307;0,00000000002649;0,00002204;-0,0000000000005906
12;39,7;-0,00031;-0,0000000000001081;0,000003219;-0,000000000008848;-0,00002146;-0,00000000000004639
12;39,8;-0,00142;0,0000000000002049;-0,000003036;-0,00000000002964;0,00002024;0,0000000000005346
12;39,9;-0,00141;-0,0000000000002875;0,000003312;-0,00000000003312;-0,00002208;-0,0000000000009089
12;40;-0,00034;0,0000000000003376;-0,000003128;-0,000000000005889;0,00002085;0,000000000001066
13;0;0;0;0;0;0;0
13;0,1;0;0;0;0;0;0
13;0,2;0;0;0;0;0;0
13;0,3;0;0;0;0;0;0
13;0,4;0;0;0;0;0;0
13;0,5;0;0;0;0;0;0
13;0,6;0;0;0;0;0;0
13;0,7;0;0;0;0;0;0
13;0,8;0;0;0;0;0;0
13;0,9;0;0;0;0;0;0
13;1;0;0;0;0;0;0
13;1,1;0;0;0;0;0;0
13;1,2;0;0;0;0;0;0
13;1,3;0;0;0;0;0;0
13;1,4;0;0;0;0;0;0
13;1,5;0;0;0;0;0;0
13;1,6;0;0;0;0;0;0
13;1,7;0;0;0;0;0;0
13;1,8;0;0;0;0;0;0
13;1,9;0;0;0;0;0;0
13;2;0;0;0;0;0;0
13;2,1;0;0;0;0;0;0
13;2,2;0;0;0;0;0;0
13;2,3;0;0;0;0;0;0
13;2,4;0;0;0;0;0;0
13;2,5;0;0;0;0;0;0
13;2,6;0;0;0;0;0;0
13;2,7;0;0;0;0;0;0
13;2,8;0;0;0;0;0;0
13;2,9;0;0;0;0;0;0
13;3;0;0;0;0;0;0
13;3,1;0;0;0;0;0;0
13;3,2;0;0;0;0;0;0
13;3,3;0;0;0;0;0;0
13;3,4;0;0;0;0;0;0
13;3,5;0;0;0;0;0;0
13;3,6;0;0;0;0;0;0
13;3,7;0;0;0;0;0;0
13;3,8;0;0;0;0;0;0
13;3,9;0;0;0;0;0;0
13;4;0;0;0;0;0;0
13;4,1;0;0;0;0;0;0
13;4,2;0;0;0;0;0;0
13;4,3;0;0;0;0;0;0
13;4,4;0;0;0;0;0;0
13;4,5;0;0;0;0;0;0
13;4,6;0;0;0;0;0;0
13;4,7;0;0;0;0;0;0
13;4,8;0;0;0;0;0;0
13;4,9;0;0;0;0;0;0
13;5;0;0;0;0;0;0
13;5,1;0;0;0;0;0;0
13;5,2;0;0;0;0;0;0
13;5,3;0;0;0;0;0;0
13;5,4;0;0;0;0;0;0
13;5,5;0;0;0;0;0;0
13;5,6;0;0;0;0;0;0
13;5,7;0;0;0;0;0;0
13;5,8;0;0;0;0;0;0
13;5,9;0;0;0;0;0;0
13;6;0;0;0;0;0;0
13;6,1;0;0;0;0;0;0
13;6,2;0;0;0;0;0;0
13;6,3;0;0;0;0;0;0
13;6,4;0;0;0;0;0;0
13;6,5;0;0;0;0;0;0
13;6,6;0;0;0;0;0;0
13;6,7;0;0;0;0;0;0
13;6,8;0;0;0;0;0;0
13;6,9;0;0;0;0;0;0
13;7;0;0;0;0;0;0
13;7,1;0;0;0;0;0;0
13;7,2;0;0;0;0;0;0
13;7,3;0;0;0;0;0;0
13;7,4;0;0;0;0;0;0
13;7,5;0;0;0;0;0;0
13;7,6;0;0;0;0;0;0
13;7,7;0;0;0;0;0;0
13;7,8;0;0;0;0;0;0
13;7,9;0;0;0;0;0;0
13;8;0;0;0;0;0;0
13;8,1;0;0;0;0;0;0
13;8,2;0;0;0;0;0;0
13;8,3;0;0;0;0;0;0
13;8,4;0;0;0;0;0;0
13;8,5;0;0;0;0;0;0
13;8,6;0;0;0;0;0;0
13;8,7;0;0;0;0;0;0
13;8,8;0;0;0;0;0;0
13;8,9;0;0;0;0;0;0
13;9;0;0;0;0;0;0
13;9,1;0;0;0;0;0;0
13;9,2;0;0;0;0;0;0
13;9,3;0;0;0;0;0;0
13;9,4;0;0;0;0;0;0
13;9,5;0;0;0;0;0;0
13;9,6;0;0;0;0;0;0
13;9,7;0;0;0;0;0;0
13;9,8;0;0;0;0;0;0
13;9,9;0;0;0;0;0;0
13;10;0;0;0;0;0;0
13;10,1;0;0;0;0;0;0
13;10,2;0;0;0;0;0;0
13;10,3;0;0;0;0;0;0
13;10,4;0;0;0;0;0;0
13;10,5;0;0;0;0;0;0
13;10,6;0;0;0;0;0;0
13;10,7;0;0;0;0;0;0
13;10,8;0;0;0;0;0;0
13;10,9;0;0;0;0;0;0
13;11;0;0;0;0;0;0
13;11,1;0;0;0;0;0;0
13;11,2;0;0;0;0;0;0
13;11,3;0;0;0;0;0;0
13;11,4;0;0;0;0;0;0
13;11,5;0;0;0;0;0;0
13;11,6;0;0;0;0;0;0
13;11,7;0;0;0;0;0;0
13;11,8;0;0;0;0;0;0
13;11,9;0;0;0;0;0;0
13;12;0;0;0;0;0;0
13;12,1;0;0;0;0;0;0
13;12,2;0;0;0;0;0;0
13;12,3;0;0;0;0;0;0
13;12,4;0;0;0;0;0;0
13;12,5;0;0;0;0;0;0
13;12,6;0;0;0;0;0;0
13;12,7;0;0;0;0;0;0
13;12,8;0;0;0;0;0;0
13;12,9;0;0;0;0;0;0
13;13;0;0;0;0;0;0
13;13,1;0;0;0;0;0;0
13;13,2;0;0;0;0;0;0
13;13,3;0;0;0;0;0;0
13;13,4;0;0;0;0;0;0
13;13,5;0;0;0;0;0;0
13;13,6;0;0;0;0;0;0
13;13,7;0;0;0;0;0;0
13;13,8;0;0;0;0;0;0
13;13,9;0;0;0;0;0;0
13;14;0;0;0;0;0;0
13;14,1;0;0;0;0;0;0
13;14,2;0;0;0;0;0;0
13;14,3;0;0;0;0;0;0
13;14,4;0;0;0;0;0;0
13;14,5;0;0;0;0;0;0
13;14,6;0;0;0;0;0;0
13;14,7;0;0;0;0;0;0
13;14,8;0;0;0;0;0;0
13;14,9;0;0;0;0;0;0
13;15;0;0;0;0;0;0
13;15,1;0;0;0;0;0;0
13;15,2;0;0;0;0;0;0
13;15,3;0;0;0;0;0;0
13;15,4;0;0;0;0;0;0
13;15,5;0;0;0;0;0;0
13;15,6;0;0;0;0;0;0
13;15,7;0;0;0;0;0;0
13;15,8;0;0;0;0;0;0
13;15,9;0;0;0;0;0;0
13;16;0;0;0;0;0;0
13;16,1;0;0;0;0;0;0
13;16,2;0;0;0;0;0;0
13;16,3;0;0;0;0;0;0
13;16,4;0;0;0;0;0;0
13;16,5;0;0;0;0;0;0
13;16,6;0;0;0;0;0;0
13;16,7;0;0;0;0;0;0
13;16,8;0;0;0;0;0;0
13;16,9;0;0;0;0;0;0
13;17;0;0;0;0;0;0
13;17,1;0;0;0;0;0;0
13;17,2;0;0;0;0;0;0
13;17,3;0;0;0;0;0;0
13;17,4;0;0;0;0;0;0
13;17,5;0;0;0;0;0;0
13;17,6;0;0;0;0;0;0
13;17,7;0;0;0;0;0;0
13;17,8;0;0;0;0;0;0
13;17,9;0;0;0;0;0;0
13;18;0;0;0;0;0;0
13;18,1;0;0;0;0;0;0
13;18,2;0;0;0;0;0;0
13;18,3;0;0;0;0;0;0
13;18,4;0;0;0;0;0;0
13;18,5;0;0;0;0;0;0
13;18,6;0;0;0;0;0;0
13;18,7;0;0;0;0;0;0
13;18,8;0;0;0;0;0;0
13;18,9;0;0;0;0;0;0
13;19;0;0;0;0;0;0
13;19,1;0;0;0;0;0;0
13;19,2;0;0;0;0;0;0
13;19,3;0;0;0;0;0;0
13;19,4;0;0;0;0;0;0
13;19,5;0;0;0;0;0;0
13;19,6;0;0;0;0;0;0
13;19,7;0;0;0;0;0;0
13;19,8;0;0;0;0;0;0
13;19,9;0;0;0;0;0;0
13;20;0;0;0;0;0;0
13;20,1;0;0;0;0;0;0
13;20,2;0;0;0;0;0;0
13;20,3;0;0;0;0;0;0
13;20,4;0;0;0;0;0;0
13;20,5;0;0;0;0;0;0
13;20,6;0;0;0;0;0;0
13;20,7;0;0;0;0;0;0
13;20,8;0;0;0;0;0;0
13;20,9;0;0;0;0;0;0
13;21;0;0;0;0;0;0
13;21,1;0;0;0;0;0;0
13;21,2;0;0;0;0;0;0
13;21,3;0;0;0;0;0;0
13;21,4;0;0;0;0;0;0
13;21,5;0;0;0;0;0;0
13;21,6;0;0;0;0;0;0
13;21,7;0;0;0;0;0;0
13;21,8;0;0;0;0;0;0
13;21,9;0;0;0;0;0;0
13;22;0;0;0;0;0;0
13;22,1;0;0;0;0;0;0
13;22,2;0;0;0;0;0;0
13;22,3;0;0;0;0;0;0
13;22,4;0;0;0;0;0;0
13;22,5;0;0;0;0;0;0
13;22,6;0;0;0;0;0;0
13;22,7;0;0;0;0;0;0
13;22,8;0;0;0;0;0;0
13;22,9;0;0;0;0;0;0
13;23;0;0;0;0;0;0
13;23,1;0;0;0;0;0;0
13;23,2;0;0;0;0;0;0
13;23,3;0;0;0;0;0;0
13;23,4;0;0;0;0;0;0
13;23,5;0;0;0;0;0;0
13;23,6;0;0;0;0;0;0
13;23,7;0;0;0;0;0;0
13;23,8;0;0;0;0;0;0
13;23,9;0;0;0;0;0;0
13;24;0;0;0;0;0;0
13;24,1;0;0;0;0;0;0
13;24,2;0;0;0;0;0;0
13;24,3;0;0;0;0;0;0
13;24,4;0;0;0;0;0;0
13;24,5;0;0;0;0;0;0
13;24,6;0;0;0;0;0;0
13;24,7;0;0;0;0;0;0
13;24,8;0;0;0;0;0;0
13;24,9;0;0;0;0;0;0
13;25;0;0;0;0;0;0
13;25,1;0;0;0;0;0;0
13;25,2;0;0;0;0;0;0
13;25,3;0;0;0;0;0;0
13;25,4;0;0;0;0;0;0
13;25,5;0;0;0;0;0;0
13;25,6;0;0;0;0;0;0
13;25,7;0;0;0;0;0;0
13;25,8;0;0;0;0;0;0
13;25,9;0;0;0;0;0;0
13;26;0;0;0;0;0;0
13;26,1;0;0;0;0;0;0
13;26,2;0;0;0;0;0;0
13;26,3;0;0;0;0;0;0
13;26,4;0;0;0;0;0;0
13;26,5;0;0;0;0;0;0
13;26,6;0;0;0;0;0;0
13;26,7;0;0;0;0;0;0
13;26,8;0;0;0;0;0;0
13;26,9;0;0;0;0;0;0
13;27;0;0;0;0;0;0
13;27,1;0;0;0;0;0;0
13;27,2;0;0;0;0;0;0
13;27,3;0;0;0;0;0;0
13;27,4;0;0;0;0;0;0
13;27,5;0;0;0;0;0;0
13;27,6;0;0;0;0;0;0
13;27,7;0;0;0;0;0;0
13;27,8;0;0;0;0;0;0
13;27,9;0;0;0;0;0;0
13;28;0;0;0;0;0;0
13;28,1;0;0;0;0;0;0
13;28,2;0;0;0;0;0;0
13;28,3;0;0;0;0;0;0
13;28,4;0;0;0;0;0;0
13;28,5;0;0;0;0;0;0
13;28,6;0;0;0;0;0;0
13;28,7;0;0;0;0;0;0
13;28,8;0;0;0;0;0;0
13;28,9;0;0;0;0;0;0
13;29;0;0;0;0;0;0
13;29,1;0;0;0;0;0;0
13;29,2;0;0;0;0;0;0
13;29,3;0;0;0;0;0;0
13;29,4;0;0;0;0;0;0
13;29,5;0;0;0;0;0;0
13;29,6;0;0;0;0;0;0
13;29,7;0;0;0;0;0;0
13;29,8;0;0;0;0;0;0
13;29,9;0;0;0;0;0;0
13;30;0;0;0;0;0;0
13;30,1;0;0;0;0;0;0
13;30,2;0;0;0;0;0;0
13;30,3;0;0;0;0;0;0
13;30,4;0;0;0;0;0;0
13;30,5;0;0;0;0;0;0
13;30,6;0;0;0;0;0;0
13;30,7;0;0;0;0;0;0
13;30,8;0;0;0;0;0;0
13;30,9;0;0;0;0;0;0
13;31;0;0;0;0;0;0
13;31,1;0;0;0;0;0;0
13;31,2;0;0;0;0;0;0
13;31,3;0;0;0;0;0;0
13;31,4;0;0;0;0;0;0
13;31,5;0;0;0;0;0;0
13;31,6;0;0;0;0;0;0
13;31,7;0;0;0;0;0;0
13;31,8;0;0;0;0;0;0
13;31,9;0;0;0;0;0;0
13;32;0;0;0;0;0;0
13;32,1;0;0;0;0;0;0
13;32,2;0;0;0;0;0;0
13;32,3;0;0;0;0;0;0
13;32,4;0;0;0;0;0;0
13;32,5;0;0;0;0;0;0
13;32,6;0;0;0;0;0;0
13;32,7;0;0;0;0;0;0
13;32,8;0;0;0;0;0;0
13;32,9;0;0;0;0;0;0
13;33;0;0;0;0;0;0
13;33,1;0;0;0;0;0;0
13;33,2;0;0;0;0;0;0
13;33,3;0;0;0;0;0;0
13;33,4;0;0;0;0;0;0
13;33,5;0;0;0;0;0;0
13;33,6;0;0;0;0;0;0
13;33,7;0;0;0;0;0;0
13;33,8;0;0;0;0;0;0
13;33,9;0;0;0;0;0;0
13;34;0;0;0;0;0;0
13;34,1;0;0;0;0;0;0
13;34,2;0;0;0;0;0;0
13;34,3;0;0;0;0;0;0
13;34,4;0;0;0;0;0;0
13;34,5;0;0;0;0;0;0
13;34,6;0;0;0;0;0;0
13;34,7;0;0;0;0;0;0
13;34,8;0;0;0;0;0;0
13;34,9;0;0;0;0;0;0
13;35;0;0;0;0;0;0
13;35,1;0;0;0;0;0;0
13;35,2;0;0;0;0;0;0
13;35,3;0;0;0;0;0;0
13;35,4;0;0;0;0;0;0
13;35,5;0;0;0;0;0;0
13;35,6;0;0;0;0;0;0
13;35,7;0;0;0;0;0;0
13;35,8;0;0;0;0;0;0
13;35,9;0;0;0;0;0;0
13;36;0;0;0;0;0;0
13;36,1;0;0;0;0;0;0
13;36,2;0;0;0;0;0;0
13;36,3;0;0;0;0;0;0
13;36,4;0;0;0;0;0;0
13;36,5;0;0;0;0;0;0
13;36,6;0;0;0;0;0;0
13;36,7;0;0;0;0;0;0
13;36,8;0;0;0;0;0;0
13;36,9;0;0;0;0;0;0
13;37;0;0;0;0;0;0
13;37,1;0;0;0;0;0;0
13;37,2;0;0;0;0;0;0
13;37,3;0;0;0;0;0;0
13;37,4;0;0;0;0;0;0
13;37,5;0;0;0;0;0;0
13;37,6;0;0;0;0;0;0
13;37,7;0;0;0;0;0;0
13;37,8;0;0;0;0;0;0
13;37,9;0;0;0;0;0;0
13;38;0;0;0;0;0;0
13;38,1;0;0;0;0;0;0
13;38,2;0;0;0;0;0;0
13;38,3;0;0;0;0;0;0
13;38,4;0;0;0;0;0;0
13;38,5;0;0;0;0;0;0
13;38,6;0;0;0;0;0;0
13;38,7;0;0;0;0;0;0
13;38,8;0;0;0;0;0;0
13;38,9;0;0;0;0;0;0
13;39;0;0;0;0;0;0
13;39,1;0;0;0;0;0;0
13;39,2;0;0;0;0;0;0
13;39,3;0;0;0;0;0;0
13;39,4;0;0;0;0;0;0
13;39,5;0;0;0;0;0;0
13;39,6;0;0;0;0;0;0
13;39,7;0;0;0;0;0;0
13;39,8;0;0;0;0;0;0
13;39,9;0;0;0;0;0;0
13;40;0;0;0;0;0;0
14;0;0;0;0;0;0;0
14;0,1;-1,80449;-0,0000000006807;0,00048;-0,000001394;0,003181;0,000000002937
14;0,2;-1,91548;-0,0000000005625;0,00106;-0,0000003164;0,007056;0,000000001795
14;0,3;-9,70266;0,0000000001729;-0,00007334;0,00000004601;-0,0004893;0,0000000001964
14;0,4;4,55169;0,0000000002646;-0,00157;0,000001534;-0,01;-0,000000002132
14;0,5;-7,40644;-0,0000000005806;-0,0006;0,0000009464;-0,004029;0,000000003239
14;0,6;-7,53595;0,0000000007734;0,00049;-0,00000005817;0,003265;-0,000000003611
14;0,7;12,01911;-0,0000000008309;0,00028;-0,0000006465;0,00187;0,000000003091
14;0,8;6,18124;0,0000000007226;0,00061;-0,000001533;0,004112;-0,000000001623
14;0,9;-2,88408;-0,0000000005492;0,00079;-0,0000004227;0,005243;0,0000000000655
14;1;0,54243;0,0000000003325;-0,00041;0,0000008718;-0,00277;0,000000001383
14;1,1;-4,06489;-0,00000000007365;-0,00111;0,0000006422;-0,007437;-0,000000002607
14;1,2;-6,34885;-0,0000000001359;-0,00037;0,0000009112;-0,002449;0,000000003084
14;1,3;0,32613;0,0000000002863;0,00021;0,0000002958;0,001423;-0,000000003018
14;1,4;5,13229;-0,0000000003033;0,00034;-0,000001251;0,002282;0,000000002507
14;1,5;5,40515;0,0000000001889;0,00066;-0,000000932;0,004427;-0,000000001772
14;1,6;0,43961;-0,0000000001737;0,0005;-0,00000006872;0,003311;0,000000001751
14;1,7;-2,89817;0,000000000265;-0,00047;0,000000242;-0,003108;-0,000000002304
14;1,8;-2,50056;-0,0000000003965;-0,00082;0,0000009488;-0,0055;0,000000003123
14;1,9;-4,49;0,0000000005801;-0,00029;0,0000008211;-0,001909;-0,000000004334
14;2;-0,91627;-0,0000000006915;0,00013;-0,000000245;0,0008915;0,000000005219
14;2,1;6,29501;0,0000000006893;0,00035;-0,0000007599;0,002346;-0,000000005338
14;2,2;3,53;-0,000000000692;0,00063;-0,0000007559;0,004231;0,000000004986
14;2,3;-0,7492;0,0000000007165;0,00029;-0,0000002738;0,001947;-0,00000000423
14;2,4;-0,54077;-0,0000000006879;-0,00046;0,0000005122;-0,003065;0,000000003103
14;2,5;-3,7406;0,0000000005086;-0,00061;0,0000007666;-0,004106;-0,000000001325
14;2,6;-4,18806;-0,0000000001715;-0,00023;0,000000517;-0,001535;-0,000000001111
14;2,7;1,66464;-0,00000000009283;0,00007381;-0,00000009485;0,0004928;0,000000002942
14;2,8;3,9809;0,0000000002024;0,00039;-0,0000007592;0,002627;-0,000000003632
14;2,9;2,3697;-0,0000000002572;0,00054;-0,0000006521;0,003591;0,000000003575
14;3;0,81902;0,0000000002239;0,00015;-0,00000006875;0,0009744;-0,000000002716
14;3,1;-1,74291;-0,0000000001307;-0,0004;0,000000367;-0,002694;0,000000001467
14;3,2;-3,56615;0,00000000004819;-0,00047;0,0000006834;-0,003143;-0,0000000003399
14;3,3;-2,28685;0,00000000006426;-0,00022;0,0000004703;-0,001455;-0,0000000007942
14;3,4;1,0408;-0,0000000001567;0,00009179;-0,0000002428;0,0006139;0,000000001632
14;3,5;3,33533;0,0000000001547;0,00038;-0,000000608;0,002545;-0,000000001698
14;3,6;2,34404;-0,0000000001151;0,00044;-0,000000485;0,002934;0,000000001181
14;3,7;0,1619;0,00000000007819;0,00005645;-0,0000001127;0,0003773;-0,0000000004923
14;3,8;-1,51654;-0,00000000005133;-0,00034;0,0000004038;-0,00227;-0,00000000009345
14;3,9;-3,02933;0,00000000001296;-0,00039;0,0000006058;-0,0026;0,0000000006894
14;4;-1,94043;0,00000000007348;-0,00018;0,0000002901;-0,001182;-0,000000001479
14;4,1;1,43802;-0,0000000001333;0,00009674;-0,0000002004;0,0006465;0,000000001986
14;4,2;2,66348;0,0000000001299;0,00037;-0,000000518;0,002438;-0,000000001973
14;4,3;1,7212;-0,000000000106;0,00034;-0,0000004356;0,002273;0,000000001726
14;4,4;0,39158;0,00000000006003;0,00001069;-0,0000000229;0,00007147;-0,000000001287
14;4,5;-1,69664;-0,00000000003344;-0,0003;0,0000003674;-0,001972;0,000000000896
14;4,6;-2,72843;0,00000000004022;-0,00032;0,0000004899;-0,002113;-0,0000000006853
14;4,7;-1,07236;-0,00000000003397;-0,00015;0,0000002371;-0,001029;0,0000000004246
14;4,8;1,18417;0,00000000004549;0,00012;-0,0000002166;0,0008089;-0,0000000002038
14;4,9;2,13772;-0,0000000001041;0,00032;-0,0000004524;0,002147;0,0000000001652
14;5;1,65819;0,0000000002153;0,00027;-0,0000003324;0,00179;-0,000000000443
14;5,1;0,05704;-0,000000000381;-0,00002357;-0,000000005848;-0,0001571;0,000000001104
14;5,2;-1,66398;0,0000000005137;-0,00025;0,0000003395;-0,001647;-0,000000001687
14;5,3;-2,12972;-0,0000000005683;-0,00028;0,0000004223;-0,001839;0,000000001987
14;5,4;-0,81284;0,0000000005814;-0,00011;0,0000001527;-0,0007434;-0,0000000022
14;5,5;1,10302;-0,0000000005138;0,00012;-0,0000002031;0,0008187;0,000000002127
14;5,6;1,88071;0,0000000003588;0,00029;-0,0000003795;0,001915;-0,000000001731
14;5,7;1,29343;-0,0000000001808;0,0002;-0,000000281;0,001336;0,00000000123
14;5,8;-0,05755;-0,000000000005677;-0,00003224;0,00000003117;-0,0002152;-0,0000000005908
14;5,9;-1,52524;0,0000000001594;-0,00022;0,0000003114;-0,00148;-0,00000000001232
14;6;-1,79814;-0,0000000002539;-0,00023;0,0000003391;-0,001506;0,0000000004637
14;6,1;-0,48426;0,000000000335;-0,00008722;0,00000011;-0,0005824;-0,0000000009692
14;6,2;0,99775;-0,000000000371;0,00013;-0,0000001911;0,0008826;0,000000001381
14;6,3;1,56818;0,0000000003512;0,00024;-0,0000003321;0,001597;-0,000000001613
14;6,4;1,10427;-0,0000000003384;0,00016;-0,0000002171;0,001064;0,000000001823
14;6,5;-0,20698;0,0000000003051;-0,00004828;0,00000005029;-0,0003223;-0,000000001821
14;6,6;-1,40825;-0,0000000002334;-0,00019;0,0000002747;-0,001252;0,000000001533
14;6,7;-1,41059;0,0000000001477;-0,0002;0,0000002825;-0,001311;-0,000000001048
14;6,8;-0,32039;-0,00000000004219;-0,00005218;0,00000006938;-0,0003484;0,0000000003937
14;6,9;0,89307;-0,00000000003927;0,00012;-0,0000001805;0,0008131;0,00000000009459
14;7;1,38119;0,00000000007464;0,00021;-0,0000002799;0,001393;-0,0000000003122
14;7,1;0,85686;-0,0000000001046;0,00012;-0,0000001724;0,0007716;0,000000000505
14;7,2;-0,30165;0,0000000001085;-0,0000463;0,00000006417;-0,0003092;-0,0000000005235
14;7,3;-1,22594;-0,00000000007705;-0,00017;0,0000002449;-0,001148;0,0000000003243
14;7,4;-1,1528;0,00000000003554;-0,00016;0,000000228;-0,001044;-0,00000000008291
14;7,5;-0,18229;0,00000000002934;-0,00003682;0,0000000409;-0,0002458;-0,0000000002286
14;7,6;0,82711;-0,00000000007491;0,00012;-0,0000001652;0,0008122;0,0000000003827
14;7,7;1,16938;0,00000000007169;0,00017;-0,0000002403;0,001128;-0,0000000002445
14;7,8;0,66826;-0,00000000005158;0,0000938;-0,0000001311;0,0006264;-0,00000000001584
14;7,9;-0,35013;0,0000000000007481;-0,00005617;0,00000007272;-0,0003751;0,0000000004092
14;8;-1,08168;0,00000000006193;-0,00014;0,000000213;-0,000964;-0,0000000007501
14;8,1;-0,91828;-0,00000000009059;-0,00013;0,0000001855;-0,0008989;0,000000000805
14;8,2;-0,08209;0,00000000009935;-0,00001249;0,00000001944;-0,00008341;-0,0000000007219
14;8,3;0,74677;-0,0000000001059;0,00011;-0,0000001528;0,0007053;0,0000000005962
14;8,4;1,00303;0,0000000001157;0,00015;-0,0000002019;0,0009855;-0,0000000004775
14;8,5;0,50061;-0,0000000001291;0,00006429;-0,00000009871;0,0004294;0,000000000443
14;8,6;-0,38018;0,0000000001195;-0,00005034;0,00000007584;-0,0003362;-0,0000000003523
14;8,7;-0,92926;-0,00000000008163;-0,00013;0,0000001856;-0,0008862;0,0000000001546
14;8,8;-0,73848;0,00000000003952;-0,0001;0,0000001492;-0,0006864;0,00000000004601
14;8,9;-0,00998;0,000000000001796;-0,000006373;0,000000002509;-0,00004251;-0,0000000002444
14;9;0,68387;-0,00000000002453;0,0001;-0,000000138;0,0006834;0,0000000003537
14;9,1;0,84298;0,00000000001761;0,00012;-0,00000017;0,00078;-0,000000000345
14;9,2;0,36427;-0,00000000001132;0,00005307;-0,00000007204;0,0003544;0,0000000003658
14;9,3;-0,3806;0,000000000008019;-0,0000568;0,00000007635;-0,0003793;-0,0000000003631
14;9,4;-0,80201;-0,000000000002037;-0,00011;0,0000001601;-0,0007278;0,0000000002645
14;9,5;-0,58861;0,000000000004487;-0,00008825;0,0000001189;-0,0005893;-0,0000000001664
14;9,6;0,04803;-0,000000000001341;0,000009547;-0,000000008956;0,00006372;0,00000000007534
14;9,7;0,6149;-0,00000000001198;0,00008554;-0,0000001248;0,0005713;0,00000000001515
14;9,8;0,70549;0,00000000002527;0,0001;-0,0000001414;0,0006881;-0,00000000006199
14;9,9;0,25706;-0,0000000000376;0,00003207;-0,00000005099;0,0002142;0,00000000005241
14;10;-0,37295;0,00000000003611;-0,00004868;0,00000007431;-0,0003251;0,00000000003723
14;10,1;-0,68533;-0,00000000001688;-0,0001;0,0000001375;-0,0006688;-0,0000000001911
14;10,2;-0,46562;-0,000000000006968;-0,00006384;0,00000009433;-0,0004263;0,0000000003601
14;10,3;0,08716;0,00000000003469;0,000009328;-0,00000001789;0,00006233;-0,0000000005269
14;10,4;0,55181;-0,00000000005049;0,00008229;-0,0000001111;0,0005495;0,0000000005969
14;10,5;0,58434;0,00000000003773;0,00007917;-0,0000001172;0,0005287;-0,0000000004917
14;10,6;0,17138;-0,00000000001352;0,00002723;-0,00000003422;0,0001818;0,0000000002839
14;10,7;-0,35357;-0,00000000001449;-0,00005281;0,00000007067;-0,0003526;-0,00000000001808
14;10,8;-0,58457;0,0000000000423;-0,00007976;0,0000001176;-0,0005326;-0,0000000002496
14;10,9;-0,36505;-0,00000000005289;-0,00005555;0,00000007349;-0,0003709;0,0000000004067
14;11;0,11593;0,00000000005104;0,00001991;-0,00000002326;0,000133;-0,0000000004691
14;11,1;0,48946;-0,00000000004626;0,00006662;-0,0000000987;0,0004449;0,0000000004595
14;11,2;0,47997;0,00000000004227;0,0000709;-0,00000009611;0,0004734;-0,0000000004043
14;11,3;0,10659;-0,00000000004652;0,00001187;-0,00000002143;0,00007931;0,0000000003922
14;11,4;-0,3308;0,00000000004609;-0,00004337;0,0000000663;-0,0002896;-0,0000000003469
14;11,5;-0,49609;-0,0000000000347;-0,00007374;0,00000009966;-0,0004924;0,0000000002107
14;11,6;-0,28164;0,00000000002637;-0,0000371;0,0000000569;-0,0002478;-0,00000000007209
14;11,7;0,13308;-0,00000000001888;0,00001604;-0,00000002706;0,0001072;-0,00000000004957
14;11,8;0,43115;0,00000000001041;0,0000644;-0,00000008657;0,00043;0,0000000001367
14;11,9;0,3914;-0,000000000009648;0,00005214;-0,00000007856;0,0003482;-0,0000000001337
14;12;0,05657;0,0000000000135;0,00001125;-0,00000001135;0,00007508;0,00000000005333
14;12,1;-0,3047;-0,00000000001664;-0,00004617;0,00000006102;-0,0003083;0,00000000005424
14;12,2;-0,41893;0,00000000001211;-0,00005654;0,00000008441;-0,0003776;-0,0000000001168
14;12,3;-0,21395;0,000000000006647;-0,00003352;0,00000004289;-0,0002238;0,00000000008597
14;12,4;0,14257;-0,00000000002855;0,0000235;-0,00000002863;0,0001569;-0,00000000001342
14;12,5;0,37678;0,00000000004432;0,00005037;-0,0000000758;0,0003364;-0,00000000004002
14;12,6;0,31633;-0,00000000005269;0,00004783;-0,00000006338;0,0003194;0,00000000006172
14;12,7;0,01957;0,00000000004985;-0,0000001857;-0,000000004097;-0,000001206;-0,00000000006126
14;12,8;-0,27778;-0,00000000003799;-0,0000363;0,00000005589;-0,0002425;0,00000000004365
14;12,9;-0,35202;0,00000000001986;-0,00005313;0,00000007068;-0,0003548;0,000000000009358
14;13;-0,15868;0,000000000003494;-0,00001948;0,00000003201;-0,0001301;-0,00000000008878
14;13,1;0,14536;-0,00000000002153;0,00001771;-0,00000002939;0,0001183;0,0000000001375
14;13,2;0,32695;0,00000000002957;0,00004937;-0,00000006555;0,0003296;-0,0000000001477
14;13,3;0,25367;-0,00000000003487;0,00003293;-0,00000005104;0,0002199;0,0000000001498
14;13,4;-0,00775;0,00000000003724;0,000001995;0,000000001608;0,00001329;-0,0000000001331
14;13,5;-0,25079;-0,00000000003636;-0,00003859;0,00000005028;-0,0002577;0,0000000001072
14;13,6;-0,29396;0,00000000003336;-0,00003881;0,00000005923;-0,0002592;-0,00000000007869
14;13,7;-0,11442;-0,00000000002417;-0,00001919;0,00000002286;-0,0001281;0,00000000002628
14;13,8;0,14345;0,00000000001234;0,00002338;-0,00000002875;0,0001561;0,00000000002514
14;13,9;0,28192;0,00000000000117;0,00003699;-0,00000005672;0,0002471;-0,00000000007055
14;14;0,20139;-0,00000000001769;0,00003154;-0,00000004036;0,0002106;0,0000000001275
14;14,1;-0,02713;0,00000000002735;-0,000006751;0,000000005313;-0,00004505;-0,0000000001602
14;14,2;-0,2245;-0,00000000002948;-0,00002894;0,00000004523;-0,0001933;0,0000000001602
14;14,3;-0,24404;0,00000000002759;-0,00003761;0,00000004894;-0,0002511;-0,0000000001357
14;14,4;-0,07916;-0,00000000001693;-0,000008272;0,000000016;-0,00005528;0,00000000006835
14;14,5;0,13808;0,000000000001977;0,00001669;-0,00000002786;0,0001115;0,00000000001825
14;14,6;0,24156;0,000000000009036;0,00003717;-0,00000004841;0,0002482;-0,0000000000917
14;14,7;0,15823;-0,00000000001471;0,00001956;-0,00000003191;0,0001306;0,0000000001526
14;14,8;-0,04041;0,00000000001536;-0,000002809;0,000000008217;-0,00001879;-0,0000000002005
14;14,9;-0,19942;-0,00000000001702;-0,00003122;0,00000003997;-0,0002084;0,0000000002478
14;15;-0,20121;0,00000000002505;-0,00002569;0,00000004055;-0,0001716;-0,0000000002972
14;15,1;-0,05151;-0,00000000003294;-0,00001016;0,00000001022;-0,00006783;0,0000000003086
14;15,2;0,13037;0,00000000003672;0,00002137;-0,00000002608;0,0001427;-0,0000000002733
14;15,3;0,20581;-0,00000000003668;0,00002633;-0,00000004145;0,0001759;0,000000000203
14;15,4;0,12271;0,00000000002997;0,00002028;-0,00000002456;0,0001354;-0,0000000001028
14;15,5;-0,04891;-0,00000000002095;-0,000009778;0,000000009713;-0,00006527;0,00000000001806
14;15,6;-0,17584;0,0000000000145;-0,00002214;0,00000003545;-0,0001479;0,00000000002094
14;15,7;-0,16474;-0,00000000001175;-0,00002622;0,00000003299;-0,000175;-0,00000000001884
14;15,8;-0,03009;0,00000000001542;-0,000001432;0,000000006147;-0,000009595;-0,00000000001918
14;15,9;0,1212;-0,0000000000196;0,00001438;-0,00000002446;0,00009605;0,00000000005702
14;16;0,17431;0,0000000000183;0,00002754;-0,00000003491;0,0001839;-0,00000000006451
14;16,1;0,09371;-0,00000000001413;0,00001051;-0,00000001895;0,00007021;0,00000000004975
14;16,2;-0,05371;0,000000000007743;-0,000004826;0,0000000109;-0,00003226;-0,00000000002023
14;16,3;-0,154;-0,000000000003872;-0,00002466;0,00000003084;-0,0001646;0,00000000001275
14;16,4;-0,13385;0,000000000007149;-0,00001621;0,000000027;-0,0001083;-0,00000000005325
14;16,5;-0,0138;-0,0000000000125;-0,000004727;0,00000000266;-0,00003153;0,0000000001051
14;16,6;0,11123;0,00000000001759;0,00001855;-0,00000002224;0,0001238;-0,0000000001516
14;16,7;0,14679;-0,0000000000214;0,00001807;-0,00000002961;0,0001207;0,0000000001893
14;16,8;0,0702;0,00000000002046;0,00001272;-0,000000014;0,00008494;-0,0000000001984
14;16,9;-0,05573;-0,0000000000167;-0,00001066;0,00000001109;-0,00007114;0,0000000001825
14;17;-0,13399;0,000000000009888;-0,00001629;0,00000002704;-0,0001088;-0,0000000001326
14;17,1;-0,10785;0,000000000000657;-0,00001804;0,00000002156;-0,0001204;0,00000000004403
14;17,2;-0,00166;-0,00000000000847;0,000002491;0,0000000004399;0,0000166;0,00000000003935
14;17,3;0,10098;0,00000000001121;0,00001161;-0,00000002039;0,00007757;-0,00000000009256
14;17,4;0,12289;-0,00000000001017;0,00002015;-0,00000002459;0,0001346;0,0000000001132
14;17,5;0,05129;0,000000000004406;0,00000458;-0,00000001041;0,00003062;-0,00000000008962
14;17,6;-0,05566;0,000000000003565;-0,000005206;0,00000001129;-0,0000348;0,00000000003573
14;17,7;-0,11586;-0,00000000001074;-0,00001914;0,00000002318;-0,0001278;0,00000000002599
14;17,8;-0,08611;0,00000000001614;-0,000009536;0,00000001741;-0,00006371;-0,00000000008409
14;17,9;0,00716;-0,00000000001793;-0,00000166;-0,000000001546;-0,00001106;0,0000000001237
14;18;0,0908;0,00000000001761;0,00001555;-0,00000001813;0,0001038;-0,0000000001437
14;18,1;0,10226;-0,00000000001753;0,00001185;-0,00000002066;0,00007919;0,0000000001496
14;18,2;0,03622;0,00000000001552;0,000007797;-0,000000007169;0,00005204;-0,0000000001346
14;18,3;-0,05409;-0,00000000001175;-0,00001033;0,00000001076;-0,00006894;0,0000000001029
14;18,4;-0,09958;0,000000000008216;-0,00001149;0,00000002012;-0,00007679;-0,00000000006549
14;18,5;-0,06803;-0,000000000004003;-0,00001229;0,00000001356;-0,00008204;0,00000000002458
14;18,6;0,01332;-0,0000000000003307;0,000004518;-0,000000002569;0,00003014;0,00000000001202
14;18,7;0,08095;0,000000000003977;0,000008868;-0,00000001637;0,00005925;-0,0000000000423
14;18,8;0,08455;-0,00000000000667;0,00001462;-0,00000001688;0,00009758;0,00000000006662
14;18,9;0,02433;0,00000000000633;0,0000008469;-0,000000004997;0,000005686;-0,0000000000739
14;19;-0,05147;-0,000000000003665;-0,000004707;0,00000001045;-0,00003146;0,00000000006407
14;19,1;-0,08509;-0,000000000000334;-0,00001467;0,00000001699;-0,00009794;-0,00000000003818
14;19,2;-0,05311;0,000000000006255;-0,000004951;0,00000001078;-0,00003309;-0,000000000002601
14;19,3;0,01741;-0,00000000001103;-0,0000001097;-0,000000003604;-0,000000703;0,00000000003703
14;19,4;0,07162;0,00000000001404;0,00001274;-0,00000001429;0,00008504;-0,00000000006039
14;19,5;0,06944;-0,00000000001744;0,00000729;-0,00000001406;0,00004871;0,0000000000817
14;19,6;0,01508;0,00000000001901;0,0000047;-0,000000002925;0,00003136;-0,00000000009021
14;19,7;-0,04817;-0,00000000001708;-0,000009391;0,000000009575;-0,00006269;0,00000000007927
14;19,8;-0,07228;0,00000000001236;-0,000007712;0,00000001463;-0,00005153;-0,00000000005058
14;19,9;-0,04087;-0,000000000005803;-0,000008342;0,000000008109;-0,00005568;0,000000000009582
14;20;0,01989;-0,00000000000006516;0,000005356;-0,000000003893;0,00003574;0,00000000002657
14;20,1;0,06291;0,000000000004496;0,000006402;-0,00000001274;0,00004278;-0,00000000005326
14;20,2;0,05661;-0,000000000008119;0,00001056;-0,00000001127;0,00007047;0,00000000007065
14;20,3;0,00798;0,000000000009368;-0,000001382;-0,000000001706;-0,000009202;-0,00000000006724
14;20,4;-0,04446;-0,000000000008625;-0,000003803;0,000000009038;-0,00002542;0,00000000004784
14;20,5;-0,06105;0,00000000000772;-0,00001117;0,00000001216;-0,00007454;-0,00000000002659
14;20,6;-0,03091;-0,000000000006413;-0,000001892;0,000000006315;-0,00001267;0,000000000006571
14;20,7;0,02113;0,000000000005047;0,0000005103;-0,00000000435;0,000003436;0,000000000009702
14;20,8;0,0549;-0,000000000002401;0,00001027;-0,00000001093;0,00006858;-0,00000000003122
14;20,9;0,0458;-0,000000000003259;0,000004025;-0,000000009307;0,00002691;0,0000000000693
14;21;0,00263;0,000000000008851;0,000002842;-0,0000000004241;0,00001895;-0,0000000001052
14;21,1;-0,04056;-0,0000000000117;-0,00000822;0,000000008047;-0,00005487;0,0000000001181
14;21,2;-0,05125;0,00000000001139;-0,000004818;0,0000000104;-0,0000322;-0,0000000001039
14;21,3;-0,02287;-0,000000000007667;-0,000005696;0,000000004492;-0,00003801;0,00000000006733
14;21,4;0,02145;0,000000000003013;0,000005488;-0,000000004207;0,00003662;-0,0000000000256
14;21,5;0,0476;0,000000000001127;0,000004319;-0,000000009667;0,00002887;-0,00000000001216
14;21,6;0,03673;-0,000000000005081;0,000007644;-0,000000007278;0,00005102;0,00000000004505
14;21,7;-0,00131;0,000000000006966;-0,000002611;0,0000000001614;-0,00001741;-0,00000000006225
14;21,8;-0,03663;-0,000000000006445;-0,000002781;0,000000007462;-0,0000186;0,00000000006039
14;21,9;-0,04277;0,000000000004272;-0,000008483;0,000000008493;-0,00005663;-0,00000000004176
14;22;-0,01643;-0,0000000000006644;0,00000007472;0,000000003402;0,0000004716;0,00000000001075
14;22,1;0,02109;-0,000000000002242;0,0000005933;-0,000000004339;0,000003989;0,00000000001705
14;22,2;0,04102;0,000000000003256;0,000008217;-0,000000008142;0,00005485;-0,00000000003383
14;22,3;0,02917;-0,000000000002955;0,000001752;-0,000000005963;0,00001173;0,00000000004084
14;22,4;-0,00412;0,00000000000126;0,000001797;0,0000000009291;0,00001198;-0,00000000003658
14;22,5;-0,03279;0,000000000001559;-0,000007029;0,000000006486;-0,00004692;0,00000000002267
14;22,6;-0,03547;-0,00000000000474;-0,000002665;0,00000000723;-0,00001783;-0,00000000000184
14;22,7;-0,01132;0,000000000007646;-0,000003971;0,000000002174;-0,00002649;-0,00000000002185
14;22,8;0,02025;-0,000000000009037;0,000005232;-0,000000003968;0,00003491;0,00000000003835
14;22,9;0,03515;0,000000000008608;0,000002638;-0,000000007164;0,00001764;-0,00000000004409
14;23;0,0229;-0,000000000007034;0,000005596;-0,000000004501;0,00003734;0,00000000004199
14;23,1;-0,00603;0,000000000004194;-0,000003195;0,000000001111;-0,00002131;-0,00000000003119
14;23,2;-0,02911;-0,000000000001288;-0,000001799;0,00000000595;-0,00001204;0,00000000001769
14;23,3;-0,02922;-0,000000000000352;-0,000006475;0,000000005772;-0,00004321;-0,000000000008744
14;23,4;-0,00733;0,000000000001741;0,000001281;0,000000001573;0,000008528;0,0000000000004267
14;23,5;0,01909;-0,000000000002688;0,000000395;-0,000000003937;0,000002664;0,000000000006512
14;23,6;0,02994;0,000000000002291;0,000006559;-0,000000005916;0,00004377;-0,000000000007586
14;23,7;0,01775;-0,000000000001431;0,0000002162;-0,000000003667;0,00000147;0,000000000006089
14;23,8;-0,00725;0,0000000000005946;0,000001268;0,000000001557;0,000008442;-0,000000000004252
14;23,9;-0,02566;0,0000000000001674;-0,000005933;0,000000005055;-0,00003959;0,000000000002371
14;24;-0,02391;-0,0000000000006041;-0,000001108;0,000000004905;-0,000007428;-0,0000000000006043
14;24,1;-0,00424;0,0000000000009236;-0,000002881;0,0000000007514;-0,00001921;-0,000000000002377
14;24,2;0,01773;-0,0000000000006161;0,00000479;-0,000000003463;0,00003196;0,000000000002995
14;24,3;0,02535;-0,0000000000006462;0,000001331;-0,000000005195;0,000008913;0,000000000001283
14;24,4;0,01354;0,000000000002035;0,000004184;-0,000000002621;0,00002791;-0,000000000006908
14;24,5;-0,00793;-0,000000000003303;-0,000003382;0,000000001494;-0,00002256;0,00000000001245
14;24,6;-0,02246;0,000000000004393;-0,0000009373;0,000000004612;-0,000006285;-0,00000000001788
14;24,7;-0,01941;-0,00000000000494;-0,000005;0,000000003802;-0,00003337;0,00000000002127
14;24,8;-0,00189;0,000000000004958;0,00000197;0,0000000004792;0,00001313;-0,00000000002123
14;24,9;0,01626;-0,000000000004611;0,00000007502;-0,000000003366;0,0000005264;0,0000000000192
14;25;0,02135;0,000000000004362;0,000005257;-0,00000000419;0,00003508;-0,00000000001934
14;25,1;0,01013;-0,000000000004502;-0,0000007841;-0,000000002134;-0,000005211;0,00000000002279
14;25,2;-0,00821;0,000000000004224;0,000001051;0,000000001748;0,000006993;-0,000000000024
14;25,3;-0,01953;-0,000000000003137;-0,000004982;0,000000003826;-0,00003325;0,00000000002023
14;25,4;-0,01563;0,000000000001783;-0,00000001465;0,00000000324;-0,0000001229;-0,00000000001359
14;25,5;-0,00014;-0,0000000000003175;-0,000002219;-0,00000000006972;-0,00001479;0,00000000000508
14;25,6;0,01475;-0,0000000000009928;0,000004287;-0,000000002866;0,0000286;0,000000000002899
14;25,7;0,01786;0,000000000001976;0,0000003482;-0,000000003688;0,00000235;-0,000000000008926
14;25,8;0,00738;-0,000000000002836;0,00000323;-0,000000001386;0,00002154;0,00000000001356
14;25,9;-0,00818;0,00000000000304;-0,000003337;0,000000001546;-0,00002226;-0,00000000001449
14;26;-0,01688;-0,000000000002222;-0,0000002252;0,00000000349;-0,000001528;0,00000000001007
14;26,1;-0,01247;0,0000000000008443;-0,000003936;0,000000002409;-0,00002626;-0,000000000001844
14;26,2;0,00112;0,0000000000006487;0,000002319;-0,000000000128;0,00001546;-0,000000000007094
14;26,3;0,01326;-0,000000000001804;-0,0000002721;-0,000000002762;-0,000001793;0,0000000000133
14;26,4;0,01486;0,00000000000224;0,000004258;-0,000000002888;0,00002841;-0,00000000001564
14;26,5;0,0052;-0,000000000002039;-0,000001405;-0,000000001142;-0,000009357;0,00000000001517
14;26,6;-0,00794;0,000000000001253;0,000001011;0,000000001692;0,000006726;-0,00000000001104
14;26,7;-0,0145;-0,00000000000007003;-0,00000419;0,000000002816;-0,00002796;0,000000000003996
14;26,8;-0,00985;-0,000000000001139;0,0000007285;0,000000002077;0,000004841;0,000000000003213
14;26,9;0,00201;0,000000000002304;-0,000001836;-0,0000000005009;-0,00001224;-0,00000000001014
14;27;0,01181;-0,000000000002904;0,000003792;-0,000000002277;0,0000253;0,00000000001396
14;27,1;0,01228;0,000000000002518;-0,000000367;-0,000000002565;-0,000002427;-0,00000000001236
14;27,2;0,00348;-0,000000000001603;0,000002598;-0,0000000006019;0,00001733;0,000000000007822
14;27,3;-0,00754;0,0000000000003641;-0,00000317;0,000000001419;-0,00002114;-0,000000000001562
14;27,4;-0,01239;0,000000000001098;0,0000003359;0,000000002585;0,00000222;-0,000000000005652
14;27,5;-0,00768;-0,000000000002351;-0,000003179;0,000000001447;-0,0000212;0,00000000001167
14;27,6;0,00259;0,000000000003277;0,000002451;-0,0000000004244;0,00001634;-0,00000000001602
14;27,7;0,01045;-0,000000000003678;-0,0000005948;-0,000000002196;-0,000003949;0,00000000001731
14;27,8;0,01008;0,000000000003304;0,000003503;-0,00000000193;0,00002337;-0,0000000000146
14;27,9;0,00214;-0,000000000002444;-0,000001763;-0,000000000526;-0,00001175;0,00000000001009
14;28;-0,00705;0,000000000001297;0,000001061;0,000000001513;0,000007061;-0,000000000004664
14;28,1;-0,01052;-0,00000000000004036;-0,000003549;0,000000002017;-0,00002368;-0,00000000000132
14;28,2;-0,00591;-0,0000000000009825;0,000001213;0,000000001283;0,000008077;0,000000000006609
14;28,3;0,00294;0,000000000001713;-0,000001628;-0,000000000687;-0,00001085;-0,00000000001068
14;28,4;0,00917;-0,000000000001903;0,000003343;-0,000000001748;0,0000223;0,00000000001179
14;28,5;0,00822;0,000000000001322;-0,0000008695;-0,000000001746;-0,000005783;-0,000000000008706
14;28,6;0,00111;-0,0000000000004364;0,000002188;-0,0000000001285;0,00001459;0,000000000003615
14;28,7;-0,0065;-0,0000000000003542;-0,000002948;0,000000001211;-0,00001966;0,000000000001314
14;28,8;-0,00888;0,000000000000974;0,0000007597;0,000000001879;0,00000505;-0,000000000005412
14;28,9;-0,00446;-0,000000000001234;-0,000002648;0,0000000008012;-0,00001766;0,000000000007537
14;29;0,00312;0,000000000001128;0,000002452;-0,0000000005309;0,00001635;-0,000000000007186
14;29,1;0,008;-0,0000000000007061;-0,0000008686;-0,000000001703;-0,000005778;0,000000000004045
14;29,2;0,00664;0,00000000000003334;0,000002942;-0,00000000124;0,00001962;0,0000000000009497
14;29,3;0,00034;0,0000000000005138;-0,000001946;-0,0000000001636;-0,00001297;-0,000000000004693
14;29,4;-0,00593;-0,0000000000008089;0,000001148;0,000000001286;0,000007641;0,000000000006516
14;29,5;-0,00745;0,0000000000009081;-0,000003042;0,000000001403;-0,00002029;-0,000000000007233
14;29,6;-0,00329;-0,000000000000816;0,000001511;0,0000000007565;0,00001007;0,000000000007128
14;29,7;0,00315;0,0000000000006356;-0,000001526;-0,0000000007282;-0,00001017;-0,000000000006474
14;29,8;0,00694;-0,0000000000004046;0,000002953;-0,000000001299;0,0000197;0,000000000004975
14;29,9;0,00532;0,0000000000001036;-0,000001208;-0,000000001164;-0,000008046;-0,000000000002439
14;30;-0,00022;0,0000000000001925;0,000001927;0,0000000001392;0,00001284;-0,0000000000003959
14;30,1;-0,00535;-0,0000000000004325;-0,000002713;0,0000000009812;-0,0000181;0,000000000002565
14;30,2;-0,00622;0,0000000000005608;0,000001066;0,000000001343;0,000007099;-0,000000000003396
14;30,3;-0,00236;-0,0000000000004433;-0,000002279;0,0000000003807;-0,0000152;0,000000000002537
14;30,4;0,0031;0,0000000000001623;0,000002378;-0,0000000005285;0,00001586;-0,0000000000006883
14;30,5;0,00597;0,0000000000001308;-0,000001086;-0,000000001294;-0,000007228;-0,000000000001377
14;30,6;0,00422;-0,0000000000004086;0,000002528;-0,0000000007553;0,00001686;0,000000000003349
14;30,7;-0,00063;0,0000000000005852;-0,000002013;0,00000000003274;-0,00001342;-0,000000000004576
14;30,8;-0,00479;-0,000000000000619;0,000001239;0,000000001055;0,000008255;0,000000000004639
14;30,9;-0,00515;0,0000000000005008;-0,000002645;0,0000000009422;-0,00001764;-0,000000000003512
14;31;-0,00162;-0,0000000000002415;0,000001679;0,0000000004192;0,00001119;0,000000000001729
14;31,1;0,00297;0,000000000000026;-0,000001483;-0,0000000006897;-0,00000988;-0,0000000000003554
14;31,2;0,00512;0,00000000000009147;0,000002626;-0,0000000009353;0,00001751;-0,0000000000004341
14;31,3;0,00331;-0,0000000000002279;-0,000001424;-0,0000000007588;-0,000009488;0,000000000001179
14;31,4;-0,0009;0,0000000000002614;0,000001762;0,000000000274;0,00001174;-0,00000000000144
14;31,5;-0,00425;-0,0000000000001505;-0,000002488;0,0000000007609;-0,00001659;0,000000000001103
14;31,6;-0,00424;0,00000000000003523;0,000001278;0,0000000009453;0,000008511;-0,0000000000008091
14;31,7;-0,00104;0,0000000000001065;-0,000002023;0,0000000001173;-0,00001349;0,000000000000499
14;31,8;0,0028;-0,0000000000002584;0,000002267;-0,0000000004694;0,00001512;-0,0000000000001216
14;31,9;0,00436;0,0000000000003146;-0,000001247;-0,0000000009679;-0,000008307;-0,00000000000002143
14;32;0,00257;-0,0000000000002982;0,000002225;-0,0000000004234;0,00001484;0,00000000000004692
14;32,1;-0,00108;0,0000000000002335;-0,000002009;0,0000000001239;-0,00001339;-0,00000000000007666
14;32,2;-0,00374;-0,0000000000001568;0,00000132;0,0000000008441;0,000008795;0,0000000000003503
14;32,3;-0,00347;0,0000000000001277;-0,000002339;0,0000000006053;-0,0000156;-0,0000000000009992
14;32,4;-0,0006;-0,0000000000001112;0,000001757;0,000000000212;0,00001171;0,000000000001542
14;32,5;0,00259;0,0000000000001302;-0,000001469;-0,0000000006131;-0,000009789;-0,000000000001843
14;32,6;0,00369;-0,0000000000001845;0,000002356;-0,0000000006494;0,00001571;0,000000000001893
14;32,7;0,00196;0,0000000000001447;-0,00000155;-0,0000000004845;-0,00001033;-0,000000000001268
14;32,8;-0,00117;-0,00000000000003459;0,000001657;0,0000000003269;0,00001104;0,0000000000001732
14;32,9;-0,00327;-0,00000000000007451;-0,000002283;0,0000000005664;-0,00001523;0,0000000000009874
14;33;-0,00282;0,0000000000001378;0,000001414;0,0000000006573;0,000009423;-0,000000000001927
14;33,1;-0,00026;-0,00000000000006097;-0,000001846;-0,00000000003931;-0,00001231;0,000000000002174
14;33,2;0,00238;-0,00000000000007804;0,000002142;-0,0000000003865;0,00001428;-0,000000000002001
14;33,3;0,0031;0,0000000000002048;-0,000001359;-0,0000000007149;-0,000009058;0,000000000001563
14;33,4;0,00146;-0,0000000000003841;0,000002003;-0,0000000002024;0,00001335;-0,0000000000004355
14;33,5;-0,00121;0,000000000000525;-0,000001962;0,0000000001518;-0,00001308;-0,0000000000007578
14;33,6;-0,00285;-0,0000000000005529;0,000001382;0,0000000006628;0,00000921;0,000000000001417
14;33,7;-0,00227;0,0000000000004924;-0,000002103;0,0000000003647;-0,00001403;-0,000000000001542
14;33,8;-0,000006758;-0,0000000000003425;0,000001776;0,00000000009204;0,00001184;0,000000000001124
14;33,9;0,00216;0,0000000000001773;-0,000001467;-0,0000000005237;-0,000009774;-0,000000000000432
14;34;0,0026;-0,00000000000006863;0,000002137;-0,0000000004313;0,00001425;-0,0000000000003065
14;34,1;0,00106;0,000000000000002237;-0,000001613;-0,000000000304;-0,00001075;0,0000000000009999
14;34,2;-0,0012;0,000000000000009243;0,000001588;0,0000000003319;0,00001059;-0,000000000001355
14;34,3;-0,00246;0,00000000000003985;-0,000002104;0,0000000004038;-0,00001403;0,000000000001293
14;34,4;-0,00181;-0,0000000000001176;0,000001494;0,0000000004533;0,000009954;-0,0000000000009876
14;34,5;0,00018;0,0000000000002044;-0,000001721;-0,0000000001254;-0,00001147;0,0000000000005813
14;34,6;0,00194;-0,0000000000002507;0,000002016;-0,000000000299;0,00001344;-0,0000000000003476
14;34,7;0,00216;0,0000000000002128;-0,00000143;-0,0000000005238;-0,000009532;0,0000000000005511
14;34,8;0,00075;-0,0000000000001526;0,000001838;-0,00000000006008;0,00001226;-0,0000000000009031
14;34,9;-0,00116;0,00000000000007998;-0,000001893;0,0000000001442;-0,00001262;0,000000000001256
14;35;-0,00211;0,00000000000002555;0,000001424;0,000000000514;0,000009488;-0,000000000001542
14;35,1;-0,00143;-0,0000000000001104;-0,000001921;0,0000000001969;-0,00001281;0,000000000001479
14;35,2;0,0003;0,0000000000001522;0,000001758;0,00000000002876;0,00001172;-0,000000000001183
14;35,3;0,00172;-0,0000000000001596;-0,000001466;-0,0000000004359;-0,000009768;0,000000000000867
14;35,4;0,00178;0,0000000000001548;0,000001959;-0,0000000002691;0,00001306;-0,0000000000006411
14;35,5;0,0005;-0,0000000000001584;-0,000001631;-0,0000000001891;-0,00001087;0,0000000000005876
14;35,6;-0,00111;0,0000000000001307;0,00000154;0,0000000003113;0,00001027;-0,0000000000005115
14;35,7;-0,0018;-0,00000000000005671;-0,000001949;0,0000000002731;-0,000013;0,0000000000003908
14;35,8;-0,00111;-0,0000000000000414;0,000001531;0,0000000003123;0,0000102;-0,0000000000003056
14;35,9;0,00039;0,0000000000001527;-0,00000163;-0,0000000001665;-0,00001086;0,0000000000001647
14;36;0,00152;-0,0000000000002367;0,000001896;-0,0000000002174;0,00001265;-0,0000000000001415
14;36,1;0,00146;0,0000000000002569;-0,000001468;-0,0000000003829;-0,000009785;0,0000000000004433
14;36,2;0,0003;-0,0000000000002531;0,000001715;0,00000000002779;0,00001143;-0,0000000000007597
14;36,3;-0,00103;0,000000000000233;-0,000001814;0,0000000001187;-0,00001209;0,0000000000009389
14;36,4;-0,00153;-0,0000000000001903;0,000001446;0,0000000003961;0,000009637;-0,00000000000096
14;36,5;-0,00085;0,0000000000001594;-0,00000178;0,00000000008296;-0,00001187;0,0000000000007211
14;36,6;0,00044;-0,0000000000001265;0,000001716;0,0000000000009651;0,00001144;-0,000000000000451
14;36,7;0,00134;0,00000000000006113;-0,000001461;-0,0000000003571;-0,000009735;0,0000000000003898
14;36,8;0,00119;0,000000000000002246;0,000001815;-0,0000000001513;0,0000121;-0,0000000000004236
14;36,9;0,00016;-0,00000000000003584;-0,00000162;-0,0000000001194;-0,0000108;0,0000000000004465
14;37;-0,00095;0,00000000000002952;0,000001503;0,0000000002792;0,00001002;-0,0000000000003728
14;37,1;-0,00129;0,00000000000001799;-0,000001817;0,0000000001715;-0,00001212;0,0000000000001507
14;37,2;-0,00064;-0,00000000000007979;0,000001538;0,0000000002173;0,00001025;0,0000000000001473
14;37,3;0,00046;0,0000000000001395;-0,00000156;-0,0000000001801;-0,0000104;-0,0000000000004293
14;37,4;0,00117;-0,0000000000001878;0,000001787;-0,0000000001466;0,00001191;0,0000000000006151
14;37,5;0,00096;0,000000000000204;-0,00000148;-0,0000000002813;-0,000009868;-0,0000000000006381
14;37,6;0,00004402;-0,0000000000002026;0,000001619;0,0000000000788;0,0000108;0,0000000000006011
14;37,7;-0,00087;0,0000000000001728;-0,000001732;0,00000000008657;-0,00001155;-0,0000000000004113
14;37,8;-0,00108;-0,000000000000114;0,000001451;0,0000000003052;0,000009672;0,00000000000006088
14;37,9;-0,00047;0,0000000000000749;-0,000001668;0,000000000007962;-0,00001112;0,0000000000001749
14;38;0,00046;-0,00000000000005979;0,000001663;-0,000000000005892;0,00001108;-0,0000000000002595
14;38,1;0,00101;0,00000000000006215;-0,000001449;-0,0000000002903;-0,00000966;0,0000000000001841
14;38,2;0,00077;-0,00000000000009041;0,000001698;-0,00000000006785;0,00001132;0,0000000000001243
14;38,3;-0,00003762;0,0000000000001118;-0,00000159;-0,00000000007952;-0,0000106;-0,0000000000004333
14;38,4;-0,00078;-0,0000000000001263;0,00000147;0,0000000002441;0,000009796;0,0000000000006702
14;38,5;-0,0009;0,0000000000001459;-0,000001705;0,00000000009461;-0,00001137;-0,0000000000008769
14;38,6;-0,00034;-0,0000000000001498;0,000001524;0,000000000155;0,00001016;0,0000000000009508
14;38,7;0,00045;0,0000000000001401;-0,000001504;-0,0000000001781;-0,00001003;-0,0000000000009001
14;38,8;0,00087;-0,0000000000001153;0,000001688;-0,00000000008818;0,00001125;0,0000000000007219
14;38,9;0,00061;0,0000000000000671;-0,000001474;-0,0000000002095;-0,000009824;-0,0000000000003722
14;39;-0,00009556;-0,00000000000003765;0,000001543;0,0000000001057;0,00001029;0,00000000000007881
14;39,1;-0,0007;0,00000000000003675;-0,000001652;0,00000000005398;-0,00001101;0,00000000000008665
14;39,2;-0,00075;-0,00000000000004438;0,000001442;0,0000000002368;0,000009615;-0,000000000000214
14;39,3;-0,00023;0,00000000000006109;-0,000001578;-0,0000000000396;-0,00001052;0,0000000000003023
14;39,4;0,00044;-0,00000000000008467;0,000001603;-0,000000000001251;0,00001068;-0,0000000000003151
14;39,5;0,00074;0,0000000000001165;-0,000001431;-0,0000000002358;-0,00000954;0,0000000000002145
14;39,6;0,00048;-0,000000000000165;0,000001601;-0,0000000000103;0,00001067;0,00000000000002705
14;39,7;-0,00013;0,0000000000002074;-0,000001548;-0,00000000005891;-0,00001032;-0,0000000000002903
14;39,8;-0,00062;-0,0000000000002341;0,000001437;0,0000000002105;0,000009581;0,0000000000005176
14;39,9;-0,00062;0,0000000000002515;-0,000001609;0,00000000003796;-0,00001073;-0,0000000000007064
14;40;-0,00015;-0,0000000000002513;0,000001496;0,0000000001157;0,000009976;0,000000000000789
15;0;0;0;0;0;0;0
15;0,1;12,49185;-0,0000000005751;0,00045;-0,0000007592;0,002987;0,000000004505
15;0,2;2,84236;0,0000000000934;0,002;-0,000001568;0,013;-0,00000000546
15;0,3;-0,41445;-0,0000000008011;-0,00013;-0,0000004412;-0,0008643;0,000000009137
15;0,4;-13,7524;0,000000001581;-0,00258;0,000002422;-0,017;-0,00000001263
15;0,5;-8,48521;-0,000000002128;-0,00086;0,0000004171;-0,005761;0,00000001462
15;0,6;0,52482;0,000000002448;0,00096;-0,000001093;0,006394;-0,00000001533
15;0,7;5,79315;-0,000000002529;0,00033;0,0000002803;0,00217;0,0000000145
15;0,8;13,74579;0,000000002335;0,00067;-0,0000005001;0,004497;-0,00000001212
15;0,9;3,79054;-0,000000002061;0,00142;-0,000001251;0,009473;0,000000009721
15;1;-7,81322;0,000000001711;-0,00051;0,0000006075;-0,003431;-0,000000007444
15;1,1;-5,7614;-0,000000001251;-0,002;0,000001307;-0,013;0,000000005406
15;1,2;-8,16577;0,0000000008528;-0,0004;0,0000001571;-0,002692;-0,000000004507
15;1,3;-2,65203;-0,0000000005545;0,00054;-0,0000002825;0,003574;0,000000004305
15;1,4;11,21026;0,0000000005059;0,00023;-0,0000001788;0,00152;-0,000000004707
15;1,5;8,35277;-0,0000000007203;0,00099;-0,0000006195;0,0066;0,000000005491
15;1,6;0,61982;0,0000000007647;0,00097;-0,0000006554;0,006453;-0,000000005028
15;1,7;-2,17264;-0,000000000597;-0,00084;0,000000476;-0,005625;0,000000003523
15;1,8;-8,50465;0,000000000331;-0,00131;0,000001004;-0,008709;-0,000000001492
15;1,9;-7,36039;0,00000000004807;-0,00027;0,000000138;-0,001817;-0,000000001297
15;2;2,19775;-0,0000000003075;0,00018;-0,0000002298;0,001183;0,000000003481
15;2,1;6,80997;0,0000000003553;0,00043;-0,0000001393;0,002854;-0,000000004249
15;2,2;6,77799;-0,0000000004182;0,00099;-0,0000006726;0,006624;0,000000004276
15;2,3;2,45329;0,000000000555;0,00049;-0,0000004504;0,00324;-0,00000000372
15;2,4;-4,59066;-0,0000000006058;-0,00073;0,0000006095;-0,004896;0,000000002444
15;2,5;-6,87423;0,0000000003508;-0,00095;0,0000006348;-0,006347;0,0000000002809
15;2,6;-4,63234;0,0000000002298;-0,00027;0,00000008917;-0,001821;-0,000000004483
15;2,7;0,84854;-0,0000000006835;0,00011;-0,00000001476;0,000762;0,000000007623
15;2,8;6,80654;0,0000000008358;0,00051;-0,0000003151;0,003405;-0,000000008597
15;2,9;5,84416;-0,000000000868;0,00084;-0,0000006162;0,005609;0,000000008137
15;3;0,61822;0,0000000007257;0,00027;-0,0000001504;0,001776;-0,000000006155
15;3,1;-3,29197;-0,0000000004773;-0,00067;0,0000004546;-0,004493;0,000000003442
15;3,2;-6,12521;0,000000000261;-0,00069;0,0000004566;-0,004636;-0,0000000009468
15;3,3;-4,21695;0,000000000003964;-0,00026;0,0000001675;-0,001761;-0,000000001578
15;3,4;2,17748;-0,0000000002248;0,0000947;-0,00000006323;0,0006319;0,000000003498
15;3,5;5,44942;0,0000000002552;0,00054;-0,0000003457;0,003622;-0,000000003836
15;3,6;4,34893;-0,00000000021;0,0007;-0,0000004706;0,004686;0,000000002995
15;3,7;1,00896;0,0000000001778;0,00007307;-0,00000007442;0,0004877;-0,000000001835
15;3,8;-3,61921;-0,0000000001663;-0,00053;0,0000003904;-0,003568;0,0000000008112
15;3,9;-5,43158;0,0000000001448;-0,00056;0,0000003632;-0,003725;0,0000000002446
15;4;-2,59853;-0,00000000005927;-0,00025;0,0000001416;-0,001666;-0,000000001528
15;4,1;1,79426;0,00000000003277;0,00012;-0,00000005889;0,0008132;0,000000002201
15;4,2;4,64554;-0,0000000001189;0,00054;-0,0000003501;0,003614;-0,000000001875
15;4,3;3,90337;0,0000000002274;0,00052;-0,0000003795;0,003496;0,000000001153
15;4,4;0,20704;-0,0000000003513;0,00001212;0,00000001256;0,0000807;-0,0000000002187
15;4,5;-3,29571;0,0000000004277;-0,00046;0,0000003077;-0,003047;-0,0000000005402
15;4,6;-4,38985;-0,0000000004436;-0,00046;0,0000002901;-0,003045;0,0000000009609
15;4,7;-2,12724;0,0000000004745;-0,00022;0,0000001475;-0,001476;-0,000000001463
15;4,8;1,94276;-0,0000000004598;0,00016;-0,00000009577;0,001086;0,000000001869
15;4,9;4,05422;0,0000000003381;0,00048;-0,00000033;0,003203;-0,00000000189
15;5;2,98131;-0,00000000008062;0,00042;-0,0000002725;0,002769;0,000000001196
15;5,1;0,05131;-0,0000000003025;-0,00004832;0,00000003047;-0,0003224;0,0000000003068
15;5,2;-3,04244;0,0000000006197;-0,00037;0,0000002531;-0,002478;-0,000000001645
15;5,3;-3,78657;-0,0000000007896;-0,0004;0,0000002563;-0,002648;0,000000002451
15;5,4;-1,36811;0,0000000008913;-0,00017;0,0000001136;-0,001123;-0,000000003147
15;5,5;1,81943;-0,0000000008463;0,00017;-0,0000001129;0,001151;0,000000003341
15;5,6;3,40276;0,0000000006365;0,00044;-0,000000286;0,002904;-0,000000002962
15;5,7;2,51769;-0,000000000382;0,0003;-0,0000002094;0,001998;0,000000002444
15;5,8;-0,27829;0,0000000001048;-0,00005412;0,0000000465;-0,0003612;-0,000000001685
15;5,9;-2,79296;0,0000000001264;-0,00033;0,0000002159;-0,0022;0,000000000926
15;6;-3,03832;-0,0000000002633;-0,00033;0,0000002164;-0,002197;-0,000000000357
15;6,1;-0,98726;0,0000000003844;-0,00013;0,00000008827;-0,000892;-0,0000000003921
15;6,2;1,71457;-0,0000000004299;0,00019;-0,0000001217;0,001296;0,000000001034
15;6,3;2,97604;0,0000000003847;0,00036;-0,0000002478;0,002394;-0,000000001402
15;6,4;1,94689;-0,0000000003675;0,00024;-0,0000001533;0,001595;0,000000001801
15;6,5;-0,45188;0,0000000003255;-0,00007745;0,00000005007;-0,0005168;-0,000000001881
15;6,6;-2,46138;-0,0000000002183;-0,00028;0,0000001854;-0,001844;0,000000001488
15;6,7;-2,53376;0,00000000008506;-0,00029;0,0000001874;-0,001932;-0,0000000007611
15;6,8;-0,62101;0,00000000008739;-0,00008014;0,0000000592;-0,0005347;-0,0000000002793
15;6,9;1,61678;-0,0000000002185;0,00018;-0,0000001233;0,001195;0,000000001049
15;7;2,51038;0,0000000002617;0,00032;-0,0000002061;0,002102;-0,000000001339
15;7,1;1,54406;-0,0000000002897;0,00017;-0,0000001167;0,001131;0,000000001564
15;7,2;-0,57425;0,0000000002717;-0,00007026;0,00000005208;-0,0004688;-0,000000001466
15;7,3;-2,19652;-0,0000000001898;-0,00025;0,000000164;-0,001696;0,0000000009619
15;7,4;-2,04258;0,00000000008348;-0,00023;0,0000001566;-0,001542;-0,0000000003422
15;7,5;-0,36771;0,00000000006938;-0,00005795;0,00000003574;-0,0003866;-0,0000000004195
15;7,6;1,48202;-0,0000000001856;0,00018;-0,0000001169;0,001218;0,0000000008728
15;7,7;2,15316;0,0000000002099;0,00025;-0,000000173;0,00168;-0,0000000007638
15;7,8;1,17615;-0,0000000001972;0,00014;-0,00000008733;0,0009291;0,0000000003919
15;7,9;-0,65313;0,0000000001187;-0,00008514;0,00000005313;-0,000568;0,0000000002694
15;8;-1,9082;-0,000000000006579;-0,00021;0,0000001439;-0,001418;-0,0000000008968
15;8,1;-1,66375;-0,00000000005288;-0,0002;0,0000001298;-0,001342;0,000000001051
15;8,2;-0,17316;0,00000000007689;-0,00001881;0,00000001752;-0,0001256;-0,0000000009521
15;8,3;1,3686;-0,00000000009518;0,00016;-0,000000109;0,001046;0,0000000007593
15;8,4;1,81073;0,0000000001216;0,00022;-0,0000001431;0,001476;-0,0000000005809
15;8,5;0,88392;-0,0000000001603;0,0000937;-0,00000006565;0,0006252;0,0000000005892
15;8,6;-0,67889;0,0000000001607;-0,00007408;0,0000000531;-0,0004943;-0,0000000005222
15;8,7;-1,66522;-0,0000000001067;-0,0002;0,0000001266;-0,001317;0,0000000002606
15;8,8;-1,33609;0,00000000004194;-0,00015;0,0000001055;-0,001017;-0,0000000000003875
15;8,9;-0,02355;0,00000000002125;-0,00001098;0,000000003475;-0,00007322;-0,0000000002514
15;9;1,23789;-0,00000000005059;0,00015;-0,00000009842;0,001027;0,0000000003498
15;9,1;1,52319;0,00000000002623;0,00017;-0,000000119;0,001154;-0,0000000002359
15;9,2;0,64687;-0,000000000004875;0,0000792;-0,00000004822;0,0005284;0,0000000001852
15;9,3;-0,68554;-0,000000000007362;-0,0000851;0,00000005247;-0,0005678;-0,0000000001186
15;9,4;-1,4345;0,00000000002211;-0,00016;0,0000001105;-0,001073;-0,00000000009007
15;9,5;-1,0674;-0,00000000001937;-0,00013;0,00000008432;-0,0008846;0,0000000002546
15;9,6;0,08146;0,00000000002464;0,000015;-0,000000005796;0,0001001;-0,0000000003716
15;9,7;1,11788;-0,00000000004947;0,00013;-0,00000008852;0,0008456;0,0000000004962
15;9,8;1,26828;0,00000000007725;0,00015;-0,00000009826;0,001028;-0,0000000005737
15;9,9;0,456;-0,0000000001036;0,00004653;-0,00000003461;0,0003104;0,0000000005578
15;10;-0,66507;0,0000000001038;-0,00007129;0,00000005106;-0,0004757;-0,0000000003919
15;10,1;-1,23322;-0,00000000006914;-0,00015;0,00000009547;-0,0009989;0,00000000008468
15;10,2;-0,8446;0,00000000002037;-0,00009435;0,00000006679;-0,0006296;0,0000000002992
15;10,3;0,15932;0,00000000003823;0,00001301;-0,00000001262;0,00008686;-0,0000000006962
15;10,4;0,99693;-0,00000000007315;0,00012;-0,00000007827;0,0008241;0,0000000009053
15;10,5;1,0497;0,00000000005235;0,00012;-0,00000008131;0,0007789;-0,0000000007796
15;10,6;0,30775;-0,000000000007142;0,00004124;-0,00000002348;0,0002751;0,0000000004411
15;10,7;-0,6345;-0,00000000004464;-0,00007921;0,00000004865;-0,0005284;0,00000000001465
15;10,8;-1,05286;0,00000000009045;-0,00012;0,00000008208;-0,0007858;-0,0000000004582
15;10,9;-0,65988;-0,00000000009872;-0,00008367;0,00000005181;-0,0005582;0,0000000006787
15;11;0,20956;0,00000000008308;0,00003059;-0,00000001651;0,000204;-0,0000000007204
15;11,1;0,88376;-0,00000000006405;0,00009833;-0,00000006921;0,0006561;0,0000000006358
15;11,2;0,86263;0,00000000004891;0,00011;-0,00000006663;0,0007084;-0,000000000479
15;11,3;0,1911;-0,00000000005189;0,0000168;-0,00000001493;0,0001121;0,0000000004196
15;11,4;-0,59335;0,00000000004971;-0,00006354;0,00000004591;-0,000424;-0,0000000003206
15;11,5;-0,89443;-0,00000000003216;-0,00011;0,0000000697;-0,0007377;0,00000000008113
15;11,6;-0,5091;0,00000000002442;-0,00005441;0,00000003996;-0,000363;0,0000000001401
15;11,7;0,24159;-0,00000000001976;0,0000231;-0,00000001916;0,0001542;-0,0000000003267
15;11,8;0,77697;0,00000000001262;0,00009665;-0,00000006048;0,0006449;0,0000000004581
15;11,9;0,70332;-0,00000000001728;0,00007664;-0,00000005456;0,0005113;-0,000000000433
15;12;0,10268;0,00000000002842;0,00001759;-0,000000007993;0,0001173;0,0000000002686
15;12,1;-0,54798;-0,00000000003712;-0,00006945;0,00000004239;-0,0004633;-0,00000000004865
15;12,2;-0,75569;0,00000000003068;-0,00008332;0,00000005908;-0,000556;-0,0000000000936
15;12,3;-0,38553;0,000000000002789;-0,00005072;0,00000003;-0,0003384;0,00000000005699
15;12,4;0,25765;-0,00000000004275;0,00003584;-0,00000002015;0,0002391;0,00000000006657
15;12,5;0,67849;0,00000000007273;0,00007408;-0,00000005288;0,0004943;-0,0000000001573
15;12,6;0,56923;-0,00000000009179;0,00007192;-0,00000004407;0,0004798;0,000000000197
15;12,7;0,03565;0,00000000009236;-0,00000106;-0,000000002984;-0,000007042;-0,0000000002097
15;12,8;-0,5;-0,00000000007646;-0,00005316;0,00000003896;-0,0003547;0,0000000001958
15;12,9;-0,63467;0,00000000004702;-0,00007989;0,00000004943;-0,000533;-0,0000000001069
15;13;-0,28593;-0,000000000003871;-0,00002816;0,00000002235;-0,0001879;-0,00000000005251
15;13,1;0,26246;-0,00000000003265;0,00002557;-0,00000002063;0,0001706;0,0000000001691
15;13,2;0,58866;0,00000000005122;0,00007422;-0,00000004567;0,0004952;-0,0000000002118
15;13,3;0,45654;-0,00000000006442;0,00004816;-0,00000003558;0,0003213;0,0000000002341
15;13,4;-0,01344;0,00000000007256;0,000003793;0,000000001053;0,00002528;-0,0000000002203
15;13,5;-0,45172;-0,00000000007437;-0,0000582;0,00000003508;-0,0003883;0,0000000001869
15;13,6;-0,53;0,00000000006993;-0,00005696;0,00000004142;-0,00038;-0,0000000001396
15;13,7;-0,20587;-0,00000000005118;-0,00002932;0,00000001591;-0,0001956;0,00000000003894
15;13,8;0,25864;0,0000000000263;0,00003559;-0,0000000201;0,0002374;0,00000000006367
15;13,9;0,5075;0,000000000002183;0,00005422;-0,00000003954;0,0003618;-0,0000000001582
15;14;0,36278;-0,00000000003725;0,00004769;-0,00000002814;0,0003182;0,0000000002799
15;14,1;-0,04861;0,00000000006014;-0,00001081;0,000000003644;-0,0000721;-0,0000000003626
15;14,2;-0,40452;-0,00000000006917;-0,00004227;0,0000000316;-0,000282;0,0000000003883
15;14,3;-0,43975;0,0000000000716;-0,00005673;0,00000003418;-0,0003785;-0,000000000377
15;14,4;-0,14243;-0,0000000000586;-0,00001152;0,00000001114;-0,00007687;0,0000000002938
15;14,5;0,24879;0,00000000003746;0,00002405;-0,00000001947;0,0001605;-0,0000000001721
15;14,6;0,43498;-0,00000000002325;0,00005604;-0,00000003374;0,0003739;0,00000000006621
15;14,7;0,28504;0,00000000001836;0,00002832;-0,00000002229;0,000189;0,00000000002636
15;14,8;-0,07265;-0,00000000002162;-0,000003403;0,000000005722;-0,00002273;-0,0000000001045
15;14,9;-0,35932;0,00000000002199;-0,00004721;0,0000000279;-0,0003149;0,0000000001886
15;15;-0,36252;-0,000000000009332;-0,00003745;0,00000002833;-0,0002499;-0,00000000028
15;15,1;-0,09264;-0,000000000004857;-0,00001587;0,000000007093;-0,0001059;0,0000000003028
15;15,2;0,23483;0,00000000001265;0,00003255;-0,00000001819;0,0002171;-0,0000000002419
15;15,3;0,3706;-0,00000000001418;0,0000384;-0,00000002892;0,0002562;0,0000000001203
15;15,4;0,22111;0,000000000004229;0,00003093;-0,00000001714;0,0002063;0,00000000005013
15;15,5;-0,08804;0,000000000009852;-0,00001529;0,000000006757;-0,000102;-0,0000000001895
15;15,6;-0,31684;-0,00000000001967;-0,00003218;0,00000002477;-0,0002147;0,0000000002477
15;15,7;-0,29675;0,00000000002377;-0,00003974;0,00000002301;-0,0002651;-0,0000000002395
15;15,8;-0,05414;-0,00000000001717;-0,00000138;0,000000004288;-0,000009237;0,0000000001757
15;15,9;0,21828;0,000000000009717;0,00002064;-0,00000001707;0,0001377;-0,0000000001129
15;16;0,31396;-0,00000000001259;0,00004171;-0,00000002435;0,0002783;0,0000000001075
15;16,1;0,16886;0,00000000002167;0,0000149;-0,00000001324;0,00009941;-0,0000000001515
15;16,2;-0,09675;-0,00000000003492;-0,000006442;0,000000007618;-0,00004301;0,000000000224
15;16,3;-0,27745;0,00000000004281;-0,00003741;0,00000002152;-0,0002496;-0,0000000002512
15;16,4;-0,24109;-0,00000000003663;-0,00002338;0,00000001885;-0,000156;0,0000000001862
15;16,5;-0,02483;0,00000000002601;-0,000007759;0,000000001838;-0,00005174;-0,00000000009654
15;16,6;0,20034;-0,00000000001539;0,00002832;-0,0000000155;0,0001889;0,00000000001104
15;16,7;0,26441;0,000000000007191;0,00002616;-0,00000002067;0,0001745;0,0000000000611
15;16,8;0,12649;-0,000000000008391;0,00001965;-0,000000009764;0,0001311;-0,00000000007808
15;16,9;-0,10039;0,00000000001465;-0,00001657;0,000000007727;-0,0001106;0,00000000005095
15;17;-0,2414;-0,00000000002616;-0,00002351;0,00000001889;-0,0001569;0,00000000003566
15;17,1;-0,19426;0,00000000004446;-0,00002754;0,00000001503;-0,0001837;-0,0000000001941
15;17,2;-0,00298;-0,0000000000572;0,00000442;0,0000000003162;0,00002947;0,0000000003406
15;17,3;0,18187;0,00000000006029;0,00001656;-0,00000001424;0,0001105;-0,0000000004294
15;17,4;0,22138;-0,00000000005689;0,00003069;-0,00000001715;0,0002047;0,0000000004602
15;17,5;0,09241;0,00000000004556;0,000006106;-0,00000000728;0,00004076;-0,0000000004118
15;17,6;-0,10028;-0,00000000003076;-0,000007039;0,000000007892;-0,00004699;0,0000000003077
15;17,7;-0,20872;0,00000000001751;-0,00002917;0,00000001617;-0,0001946;-0,0000000001856
15;17,8;-0,15509;-0,000000000007342;-0,00001348;0,00000001216;-0,00008998;0,00000000006553
15;17,9;0,01289;0,000000000003748;-0,000003169;-0,000000001091;-0,00002112;0,00000000002155
15;18;0,16354;-0,000000000003569;0,00002383;-0,00000001264;0,000159;-0,00000000007256
15;18,1;0,18421;0,000000000001872;0,00001694;-0,00000001443;0,000113;0,0000000001008
15;18,2;0,06525;-0,000000000002758;0,00001229;-0,000000004991;0,00008198;-0,00000000009378
15;18,3;-0,09744;0,000000000006749;-0,00001605;0,000000007498;-0,0001071;0,00000000005583
15;18,4;-0,17939;-0,00000000001037;-0,00001641;0,00000001405;-0,0001095;-0,000000000006553
15;18,5;-0,12254;0,00000000001525;-0,00001897;0,00000000945;-0,0001265;-0,00000000004976
15;18,6;0,024;-0,00000000002081;0,000007404;-0,000000001779;0,00004938;0,0000000001008
15;18,7;0,14581;0,0000000000258;0,00001251;-0,00000001144;0,00008348;-0,0000000001444
15;18,8;0,15231;-0,00000000002952;0,00002242;-0,00000001177;0,0001496;0,0000000001802
15;18,9;0,04383;0,00000000002779;0,0000005814;-0,000000003499;0,000003903;-0,0000000001861
15;19;-0,09272;-0,00000000002193;-0,000006325;0,000000007305;-0,00004222;0,0000000001631
15;19,1;-0,15327;0,00000000001373;-0,0000225;0,00000001185;-0,0001501;-0,0000000001138
15;19,2;-0,09567;-0,000000000001788;-0,000006691;0,000000007531;-0,00004467;0,00000000003823
15;19,3;0,03136;-0,000000000008187;-0,0000008337;-0,000000002525;-0,000005538;0,00000000002568
15;19,4;0,12901;0,00000000001516;0,00001962;-0,000000009959;0,0001309;-0,00000000007006
15;19,5;0,12509;-0,00000000002323;0,00001018;-0,000000009821;0,00006793;0,0000000001118
15;19,6;0,02716;0,00000000002792;0,000007656;-0,000000002033;0,00005106;-0,0000000001304
15;19,7;-0,08677;-0,00000000002622;-0,00001463;0,000000006675;-0,0000976;0,0000000001147
15;19,8;-0,1302;0,00000000001942;-0,00001081;0,00000001022;-0,00007215;-0,00000000006772
15;19,9;-0,07362;-0,000000000008555;-0,00001307;0,000000005651;-0,00008715;-0,000000000004945
15;20;0,03582;-0,000000000001757;0,000008623;-0,000000002709;0,00005751;0,00000000007206
15;20,1;0,11333;0,000000000009781;0,000008869;-0,000000008902;0,0000592;-0,0000000001232
15;20,2;0,10199;-0,00000000001667;0,00001636;-0,000000007861;0,0001091;0,0000000001586
15;20,3;0,01437;0,0000000000193;-0,000002706;-0,000000001198;-0,00001803;-0,0000000001556
15;20,4;-0,08009;-0,00000000001842;-0,000005009;0,000000006315;-0,00003344;0,0000000001234
15;20,5;-0,10996;0,00000000001759;-0,00001725;0,000000008479;-0,0001151;-0,0000000000895
15;20,6;-0,05568;-0,00000000001608;-0,000002171;0,000000004416;-0,00001451;0,00000000005819
15;20,7;0,03806;0,00000000001438;0,0000001167;-0,000000003044;0,0000008021;-0,00000000003352
15;20,8;0,09889;-0,00000000001024;0,00001592;-0,000000007618;0,0001062;-0,0000000000017
15;20,9;0,0825;0,0000000000002047;0,000005349;-0,000000006504;0,00003571;0,00000000007039
15;21;0,00474;0,00000000001015;0,000004864;-0,0000000002878;0,00003243;-0,0000000001379
15;21,1;-0,07307;-0,00000000001561;-0,00001286;0,000000005608;-0,00008579;0,0000000001634
15;21,2;-0,09232;0,00000000001533;-0,000006534;0,000000007266;-0,00004362;-0,0000000001399
15;21,3;-0,04119;-0,000000000008987;-0,000009103;0,000000003128;-0,00006071;0,00000000007671
15;21,4;0,03864;0,000000000001177;0,000008792;-0,000000002929;0,00005864;-0,000000000005367
15;21,5;0,08575;0,000000000005387;0,000005798;-0,000000006753;0,0000387;-0,0000000000584
15;21,6;0,06616;-0,00000000001143;0,000012;-0,000000005073;0,00008001;0,0000000001138
15;21,7;-0,00236;0,00000000001379;-0,000004506;0,0000000001069;-0,00003004;-0,0000000001411
15;21,8;-0,06599;-0,00000000001203;-0,000003515;0,000000005213;-0,00002348;0,0000000001343
15;21,9;-0,07705;0,000000000007631;-0,00001324;0,000000005922;-0,0000883;-0,00000000009848
15;22;-0,02959;-0,0000000000009594;0,0000007282;0,00000000238;0,000004836;0,00000000004174
15;22,1;0,03799;-0,000000000004279;0,0000002673;-0,000000003034;0,000001806;0,000000000008954
15;22,2;0,0739;0,00000000000626;0,00001284;-0,000000005676;0,00008562;-0,00000000004115
15;22,3;0,05254;-0,00000000000624;0,000001994;-0,000000004167;0,00001333;0,00000000005756
15;22,4;-0,00741;0,000000000003903;0,000003283;0,0000000006548;0,00002188;-0,00000000005445
15;22,5;-0,05906;0,0000000000005348;-0,00001106;0,00000000452;-0,00007379;0,00000000003366
15;22,6;-0,0639;-0,00000000000593;-0,000003359;0,000000005052;-0,00002243;0,000000000001183
15;22,7;-0,0204;0,00000000001117;-0,00000651;0,000000001511;-0,00004341;-0,00000000004337
15;22,8;0,03648;-0,00000000001393;0,000008384;-0,000000002763;0,00005592;0,0000000000739
15;22,9;0,06331;0,00000000001372;0,000003323;-0,000000005006;0,0000222;-0,00000000008583
15;23;0,04126;-0,00000000001167;0,000008922;-0,000000003136;0,00005951;0,00000000008381
15;23,1;-0,01087;0,000000000007294;-0,000005349;0,0000000007702;-0,00003567;-0,00000000006574
15;23,2;-0,05244;-0,000000000002671;-0,000002081;0,000000004158;-0,00001391;0,00000000004227
15;23,3;-0,05264;0,0000000000001676;-0,00001022;0,000000004023;-0,00006819;-0,00000000002621
15;23,4;-0,0132;0,000000000002077;0,000002496;0,000000001103;0,00001663;0,00000000001066
15;23,5;0,03439;-0,000000000003625;-0,000000001666;-0,000000002753;0,00000001043;0,000000000002643
15;23,6;0,05393;0,000000000002722;0,00001034;-0,000000004123;0,00006899;-0,000000000005298
15;23,7;0,03197;-0,0000000000009353;-0,0000002639;-0,000000002564;-0,00000174;0,000000000003106
15;23,8;-0,01306;-0,000000000000768;0,00000247;0,000000001092;0,00001646;-0,000000000000266
15;23,9;-0,04622;0,000000000002303;-0,000009407;0,000000003523;-0,00006274;-0,000000000002679
15;24;-0,04307;-0,00000000000332;-0,000001068;0,000000003428;-0,00000715;0,000000000005801
15;24,1;-0,00764;0,000000000004169;-0,000004864;0,0000000005192;-0,00003243;-0,00000000001184
15;24,2;0,03194;-0,000000000003795;0,000007702;-0,000000002411;0,00005137;0,00000000001379
15;24,3;0,04567;0,00000000000164;0,000001405;-0,00000000363;0,000009394;-0,000000000007025
15;24,4;0,02439;0,0000000000007177;0,000006796;-0,000000001824;0,00004532;-0,000000000001821
15;24,5;-0,01429;-0,000000000002904;-0,000005602;0,000000001038;-0,00003735;0,00000000001075
15;24,6;-0,04045;0,000000000004874;-0,0000008247;0,000000003223;-0,000005523;-0,0000000000201
15;24,7;-0,03497;-0,000000000005988;-0,000008005;0,000000002649;-0,00005339;0,00000000002621
15;24,8;-0,00341;0,000000000006286;0,000003497;0,0000000003386;0,00002331;-0,00000000002631
15;24,9;0,02929;-0,000000000005961;-0,0000004526;-0,000000002353;-0,000002999;0,00000000002295
15;25;0,03845;0,000000000005839;0,000008382;-0,00000000292;0,0000559;-0,00000000002401
15;25,1;0,01824;-0,000000000006527;-0,000001727;-0,000000001493;-0,0000115;0,00000000003191
15;25,2;-0,01478;0,00000000000648;0,000002122;0,000000001223;0,00001414;-0,00000000003599
15;25,3;-0,03518;-0,000000000004852;-0,000007968;0,000000002666;-0,00005314;0,00000000003074
15;25,4;-0,02816;0,000000000002638;0,0000005337;0,000000002265;0,00000354;-0,0000000000204
15;25,5;-0,00026;-0,0000000000001755;-0,000003855;-0,00000000005217;-0,0000257;0,000000000006709
15;25,6;0,02657;-0,000000000002032;0,000006929;-0,000000001997;0,00004621;0,000000000006379
15;25,7;0,03218;0,000000000003707;-0,00000003242;-0,000000002577;-0,000000196;-0,00000000001664
15;25,8;0,0133;-0,000000000005243;0,000005353;-0,0000000009637;0,00003569;0,00000000002501
15;25,9;-0,01474;0,000000000005609;-0,000005511;0,000000001075;-0,00003675;-0,00000000002679
15;26;-0,03041;-0,000000000004028;0,0000002103;0,000000002439;0,000001383;0,00000000001825
15;26,1;-0,02247;0,000000000001304;-0,000006397;0,000000001678;-0,00004266;-0,000000000001955
15;26,2;0,00202;0,000000000001682;0,000003991;-0,00000000008637;0,00002661;-0,00000000001586
15;26,3;0,02388;-0,00000000000397;-0,0000009448;-0,00000000193;-0,000006284;0,00000000002828
15;26,4;0,02677;0,000000000004746;0,000006871;-0,000000002013;0,00004582;-0,00000000003287
15;26,5;0,00937;-0,000000000004177;-0,000002626;-0,0000000008;-0,0000175;0,00000000003156
15;26,6;-0,0143;0,000000000002542;0,000002039;0,000000001184;0,00001358;-0,00000000002361
15;26,7;-0,02612;-0,0000000000002595;-0,000006766;0,000000001963;-0,00004512;0,00000000001082
15;26,8;-0,01774;-0,000000000002052;0,000001615;0,000000001452;0,00001076;0,000000000002111
15;26,9;0,00362;0,000000000004298;-0,000003261;-0,0000000003523;-0,00002174;-0,00000000001479
15;27;0,02128;-0,000000000005516;0,000006169;-0,000000001586;0,00004114;0,00000000002222
15;27,1;0,02212;0,00000000000488;-0,000001073;-0,000000001793;-0,000007137;-0,00000000001998
15;27,2;0,00627;-0,000000000003191;0,00000439;-0,0000000004175;0,00002927;0,00000000001225
15;27,3;-0,01359;0,0000000000008511;-0,000005238;0,0000000009878;-0,00003493;-0,00000000000107
15;27,4;-0,02231;0,000000000001961;0,000001021;0,000000001807;0,000006796;-0,00000000001228
15;27,5;-0,01384;-0,000000000004449;-0,000005249;0,000000001008;-0,000035;0,00000000002382
15;27,6;0,00467;0,000000000006358;0,000004164;-0,0000000002942;0,00002776;-0,00000000003247
15;27,7;0,01882;-0,000000000007282;-0,000001402;-0,000000001534;-0,000009332;0,00000000003539
15;27,8;0,01816;0,000000000006739;0,000005726;-0,000000001345;0,00003819;-0,00000000003063
15;27,9;0,00385;-0,000000000005278;-0,000003137;-0,0000000003687;-0,00002091;0,00000000002239
15;28;-0,0127;0,000000000003285;0,00000209;0,000000001057;0,00001393;-0,00000000001252
15;28,1;-0,01894;-0,000000000001035;-0,00000579;0,000000001406;-0,00003861;0,000000000001609
15;28,2;-0,01064;-0,0000000000008504;0,000002313;0,0000000008966;0,00001541;0,000000000008233
15;28,3;0,0053;0,000000000002233;-0,000002929;-0,0000000004809;-0,00001953;-0,00000000001614
15;28,4;0,01653;-0,000000000002594;0,000005478;-0,000000001218;0,00003653;0,00000000001859
15;28,5;0,0148;0,000000000001439;-0,000001797;-0,00000000122;-0,00001197;-0,00000000001266
15;28,6;0,00201;0,0000000000003303;0,000003758;-0,00000000008848;0,00002505;0,000000000002502
15;28,7;-0,01171;-0,000000000001912;-0,000004886;0,0000000008444;-0,00003258;0,000000000007359
15;28,8;-0,01599;0,000000000003153;0,000001629;0,000000001313;0,00001085;-0,00000000001541
15;28,9;-0,00804;-0,000000000003675;-0,000004436;0,0000000005582;-0,00002958;0,00000000001929
15;29;0,00561;0,000000000003484;0,000004143;-0,0000000003696;0,00002762;-0,0000000000183
15;29,1;0,01441;-0,00000000000268;-0,000001787;-0,000000001189;-0,0000119;0,00000000001215
15;29,2;0,01196;0,000000000001366;0,000004869;-0,0000000008645;0,00003247;-0,000000000002668
15;29,3;0,00062;-0,0000000000002455;-0,000003385;-0,0000000001148;-0,00002257;-0,000000000004395
15;29,4;-0,01068;-0,0000000000004056;0,000002197;0,0000000008981;0,00001464;0,000000000007864
15;29,5;-0,01342;0,0000000000006626;-0,000005013;0,0000000009784;-0,00003343;-0,000000000009289
15;29,6;-0,00593;-0,0000000000005494;0,000002735;0,0000000005284;0,00001823;0,000000000009306
15;29,7;0,00568;0,0000000000002802;-0,000002755;-0,0000000005086;-0,00001836;-0,000000000008439
15;29,8;0,01249;0,00000000000007565;0,000004876;-0,0000000009065;0,00003252;0,000000000005985
15;29,9;0,00959;-0,000000000000549;-0,000002279;-0,0000000008124;-0,00001519;-0,000000000001617
15;30;-0,0004;0,000000000001015;0,000003347;0,00000000009732;0,00002231;-0,000000000003272
15;30,1;-0,00964;-0,000000000001406;-0,000004515;0,0000000006847;-0,0000301;0,00000000000699
15;30,2;-0,0112;0,000000000001674;0,000002064;0,0000000009372;0,00001375;-0,000000000008688
15;30,3;-0,00425;-0,000000000001568;-0,000003866;0,0000000002657;-0,00002577;0,000000000007766
15;30,4;0,00558;0,000000000001165;0,000004012;-0,000000000369;0,00002675;-0,000000000005062
15;30,5;0,01076;-0,0000000000006836;-0,000002088;-0,000000000903;-0,00001391;0,000000000001556
15;30,6;0,00761;0,0000000000001651;0,000004232;-0,0000000005274;0,00002822;0,000000000002335
15;30,7;-0,00113;0,0000000000002057;-0,000003464;0,00000000002326;-0,0000231;-0,00000000000519
15;30,8;-0,00862;-0,0000000000003332;0,000002312;0,0000000007359;0,00001541;0,000000000005996
15;30,9;-0,00928;0,0000000000001938;-0,000004402;0,0000000006581;-0,00002935;-0,000000000004629
15;31;-0,00292;0,0000000000002197;0,000002963;0,0000000002919;0,00001975;0,000000000001946
15;31,1;0,00535;-0,0000000000005545;-0,00000267;-0,0000000004806;-0,00001779;-0,00000000000001103
15;31,2;0,00922;0,0000000000007125;0,000004368;-0,0000000006535;0,00002913;-0,0000000000008584
15;31,3;0,00597;-0,0000000000009312;-0,000002579;-0,0000000005287;-0,00001719;0,000000000001835
15;31,4;-0,00162;0,0000000000009719;0,00000308;0,0000000001903;0,00002053;-0,000000000002087
15;31,5;-0,00765;-0,0000000000007192;-0,000004159;0,0000000005321;-0,00002773;0,000000000001193
15;31,6;-0,00764;0,0000000000004569;0,000002357;0,0000000006586;0,00001571;-0,0000000000004401
15;31,7;-0,00188;-0,0000000000001866;-0,000003465;0,00000000008297;-0,0000231;-0,0000000000001205
15;31,8;0,00504;-0,00000000000008088;0,000003826;-0,0000000003288;0,00002551;0,0000000000006819
15;31,9;0,00785;0,0000000000001849;-0,000002307;-0,0000000006742;-0,00001538;-0,0000000000008079
15;32;0,00462;-0,0000000000001676;0,000003761;-0,0000000002967;0,00002507;0,0000000000007075
15;32,1;-0,00194;0,00000000000006468;-0,000003437;0,00000000008782;-0,00002292;-0,0000000000006357
15;32,2;-0,00674;0,00000000000005661;0,000002412;0,0000000005876;0,00001607;0,000000000001091
15;32,3;-0,00625;-0,00000000000008063;-0,000003926;0,000000000424;-0,00002618;-0,000000000002335
15;32,4;-0,00108;0,0000000000000939;0,000003059;0,0000000001463;0,00002039;0,000000000003327
15;32,5;0,00467;-0,00000000000004117;-0,000002629;-0,0000000004262;-0,00001752;-0,000000000003907
15;32,6;0,00664;-0,00000000000008735;0,000003947;-0,000000000455;0,00002632;0,000000000004145
15;32,7;0,00352;0,00000000000003673;-0,000002747;-0,0000000003363;-0,00001831;-0,000000000003123
15;32,8;-0,00211;0,0000000000001575;0,000002904;0,0000000002262;0,00001936;0,000000000001147
15;32,9;-0,0059;-0,0000000000003605;-0,000003834;0,0000000003973;-0,00002556;0,0000000000009903
15;33;-0,00507;0,0000000000004975;0,00000254;0,0000000004567;0,00001693;-0,00000000000278
15;33,1;-0,00047;-0,0000000000003824;-0,000003181;-0,00000000002536;-0,00002121;0,000000000003298
15;33,2;0,00428;0,0000000000001432;0,00000362;-0,0000000002719;0,00002414;-0,000000000003074
15;33,3;0,00559;0,00000000000008233;-0,000002454;-0,0000000004967;-0,00001636;0,000000000002445
15;33,4;0,00263;-0,0000000000004019;0,00000341;-0,0000000001435;0,00002273;-0,0000000000006023
15;33,5;-0,00218;0,0000000000006543;-0,000003348;0,0000000001083;-0,00002232;-0,000000000001407
15;33,6;-0,00513;-0,0000000000007012;0,000002484;0,0000000004601;0,00001656;0,000000000002514
15;33,7;-0,00408;0,000000000000591;-0,000003556;0,0000000002569;-0,00002371;-0,000000000002758
15;33,8;-0,00001217;-0,0000000000003242;0,000003067;0,0000000000617;0,00002045;0,000000000002063
15;33,9;0,00388;0,00000000000003518;-0,000002606;-0,0000000003629;-0,00001737;-0,000000000000908
15;34;0,00468;0,0000000000001381;0,000003601;-0,0000000003037;0,00002401;-0,0000000000002225
15;34,1;0,00191;-0,0000000000002095;-0,00000282;-0,0000000002094;-0,0000188;0,000000000001127
15;34,2;-0,00217;0,0000000000001744;0,000002783;0,0000000002288;0,00001855;-0,000000000001399
15;34,3;-0,00443;-0,00000000000003673;-0,000003548;0,0000000002846;-0,00002365;0,0000000000009506
15;34,4;-0,00326;-0,000000000000138;0,000002639;0,0000000003135;0,00001759;-0,0000000000001535
15;34,5;0,00032;0,0000000000003195;-0,000002975;-0,00000000008454;-0,00001984;-0,0000000000007367
15;34,6;0,00349;-0,0000000000004238;0,000003413;-0,0000000002117;0,00002276;0,000000000001277
15;34,7;0,00389;0,0000000000003783;-0,000002541;-0,0000000003625;-0,00001694;-0,000000000001067
15;34,8;0,00134;-0,0000000000002964;0,000003146;-0,00000000004506;0,00002098;0,0000000000006196
15;34,9;-0,0021;0,0000000000001914;-0,000003227;0,0000000001038;-0,00002151;-0,0000000000001502
15;35;-0,0038;-0,00000000000001844;0,000002527;0,0000000003554;0,00001684;-0,0000000000002833
15;35,1;-0,00257;-0,0000000000001184;-0,000003266;0,0000000001408;-0,00002177;0,000000000000146
15;35,2;0,00054;0,0000000000001837;0,000003021;0,00000000001667;0,00002014;0,0000000000003404
15;35,3;0,00311;-0,0000000000002009;-0,000002585;-0,0000000003008;-0,00001723;-0,0000000000007766
15;35,4;0,00321;0,0000000000002175;0,000003318;-0,0000000001913;0,00002212;0,0000000000009522
15;35,5;0,0009;-0,0000000000002611;-0,000002829;-0,0000000001284;-0,00001886;-0,0000000000007811
15;35,6;-0,00199;0,0000000000002475;0,000002693;0,0000000002136;0,00001795;0,0000000000006709
15;35,7;-0,00325;-0,0000000000001389;-0,000003299;0,0000000001943;-0,00002199;-0,0000000000007207
15;35,8;-0,002;-0,00000000000002198;0,000002676;0,0000000002142;0,00001784;0,0000000000007582
15;35,9;0,00069;0,0000000000002131;-0,000002821;-0,0000000001124;-0,00001881;-0,0000000000009251
15;36;0,00275;-0,0000000000003581;0,000003217;-0,0000000001555;0,00002145;0,0000000000008811
15;36,1;0,00264;0,0000000000003948;-0,000002578;-0,0000000002634;-0,00001719;-0,000000000000264
15;36,2;0,00055;-0,0000000000003917;0,000002944;0,00000000001548;0,00001963;-0,0000000000003771
15;36,3;-0,00186;0,0000000000003576;-0,00000309;0,00000000008683;-0,0000206;0,0000000000007627
15;36,4;-0,00276;-0,0000000000002751;0,000002542;0,0000000002724;0,00001694;-0,0000000000008756
15;36,5;-0,00154;0,0000000000002173;-0,000003037;0,000000000062;-0,00002025;0,000000000000484
15;36,6;0,00078;-0,0000000000001584;0,000002941;-0,000000000003496;0,00001961;-0,00000000000001466
15;36,7;0,00241;0,0000000000000379;-0,00000256;-0,000000000245;-0,00001706;-0,00000000000004729
15;36,8;0,00215;0,00000000000008286;0,000003086;-0,0000000001099;0,00002058;-0,0000000000001403
15;36,9;0,00028;-0,000000000000148;-0,000002794;-0,00000000007896;-0,00001863;0,0000000000003325
15;37;-0,00171;0,0000000000001447;0,000002619;0,0000000001905;0,00001746;-0,0000000000003785
15;37,1;-0,00233;-0,00000000000006994;-0,000003085;0,0000000001241;-0,00002057;0,000000000000179
15;37,2;-0,00116;-0,00000000000002764;0,000002669;0,0000000001471;0,00001779;0,000000000000166
15;37,3;0,00083;0,0000000000001205;-0,0000027;-0,0000000001212;-0,000018;-0,0000000000005308
15;37,4;0,0021;-0,0000000000001956;0,000003036;-0,0000000001069;0,00002024;0,0000000000007665
15;37,5;0,00173;0,0000000000002217;-0,000002579;-0,0000000001916;-0,00001719;-0,0000000000007704
15;37,6;0,00007929;-0,0000000000002158;0,000002784;0,00000000005025;0,00001856;0,0000000000006891
15;37,7;-0,00156;0,0000000000001561;-0,000002951;0,00000000006521;-0,00001967;-0,0000000000003301
15;37,8;-0,00195;-0,0000000000000398;0,000002532;0,0000000002081;0,00001688;-0,0000000000003572
15;37,9;-0,00085;-0,0000000000000399;-0,000002853;0,00000000001047;-0,00001902;0,000000000000841
15;38;0,00084;0,00000000000007521;0,000002844;-0,000000000009087;0,00001896;-0,00000000000106
15;38,1;0,00182;-0,00000000000007701;-0,000002525;-0,0000000001976;-0,00001683;0,0000000000009913
15;38,2;0,00139;0,00000000000003259;0,000002894;-0,00000000005245;0,0000193;-0,0000000000005025
15;38,3;-0,00006776;0,0000000000000007326;-0,000002732;-0,00000000005034;-0,00001821;-0,00000000000001874
15;38,4;-0,00141;-0,00000000000001906;0,000002552;0,0000000001651;0,00001701;0,0000000000004125
15;38,5;-0,00163;0,00000000000004673;-0,0000029;0,00000000007129;-0,00001934;-0,0000000000007699
15;38,6;-0,00061;-0,00000000000004875;0,000002631;0,0000000001029;0,00001754;0,0000000000009199
15;38,7;0,00082;0,000000000000029;-0,000002599;-0,0000000001189;-0,00001733;-0,0000000000008797
15;38,8;0,00157;0,0000000000000208;0,000002872;-0,00000000006699;0,00001915;0,0000000000006137
15;38,9;0,0011;-0,0000000000001095;-0,000002552;-0,0000000001407;-0,00001701;-0,00000000000006894
15;39;-0,00017;0,0000000000001608;0,000002654;0,00000000006822;0,00001769;-0,0000000000003624
15;39,1;-0,00126;-0,0000000000001583;-0,000002815;0,00000000004329;-0,00001876;0,0000000000005648
15;39,2;-0,00135;0,0000000000001452;0,000002502;0,0000000001596;0,00001668;-0,0000000000007485
15;39,3;-0,00042;-0,0000000000001187;-0,000002702;-0,00000000002192;-0,00001801;0,0000000000008945
15;39,4;0,00078;0,00000000000008009;0,000002738;-0,00000000000664;0,00001825;-0,0000000000009041
15;39,5;0,00134;-0,00000000000002381;-0,000002482;-0,0000000001588;-0,00001654;0,000000000000684
15;39,6;0,00086;-0,00000000000006;0,000002733;-0,00000000001306;0,00001822;-0,0000000000002331
15;39,7;-0,00024;0,0000000000001316;-0,000002653;-0,00000000003519;-0,00001769;-0,0000000000002421
15;39,8;-0,00112;-0,0000000000001731;0,000002487;0,0000000001409;0,00001658;0,0000000000006298
15;39,9;-0,00111;0,0000000000002006;-0,000002741;0,00000000003252;-0,00001828;-0,0000000000009477
15;40;-0,00027;-0,0000000000002001;0,000002573;0,00000000007463;0,00001715;0,000000000001079
16;0;0;0;0;0;0;0
16;0,1;4,54191;-0,0000000006026;0,00014;0,000000836;0,0008942;0,000000004999
16;0,2;12,71946;-0,000000003168;0,00239;-0,000001038;0,016;0,00000001452
16;0,3;-6,08048;0,000000002258;-0,00035;0,0000005953;-0,002357;-0,000000009477
16;0,4;-17,3713;-0,000000001172;-0,00272;0,00000038;-0,018;0,000000004231
16;0,5;-11,31347;0,0000000003514;-0,00098;0,0000002969;-0,006505;-0,0000000005912
16;0,6;2,37214;0,0000000001823;0,00103;-0,0000001938;0,006877;-0,000000001659
16;0,7;9,73544;-0,0000000004232;0,00048;-0,0000004144;0,003197;0,000000002114
16;0,8;10,47797;0,0000000003461;0,00055;0,0000003438;0,003644;-0,0000000009108
16;0,9;8,60865;-0,0000000002192;0,00161;-0,0000005063;0,011;0,00000000008972
16;1;-4,72362;0,00000000001427;-0,00039;-0,0000003247;-0,002606;0,0000000005709
16;1,1;-16,40908;0,0000000003757;-0,00242;0,000001119;-0,016;-0,000000001298
16;1,2;-7,73095;-0,0000000007297;-0,00038;-0,00000004553;-0,002566;0,0000000009946
16;1,3;3,19637;0,0000000009638;0,00076;-0,0000006149;0,005094;-0,0000000002449
16;1,4;6,46359;-0,000000000888;0,00004326;0,0000004993;0,0002844;-0,0000000009222
16;1,5;11,1191;0,0000000005147;0,0011;-0,0000002908;0,007309;0,00000000224
16;1,6;6,67025;-0,0000000003936;0,00121;-0,0000006355;0,008045;-0,000000001671
16;1,7;-7,47672;0,000000000544;-0,00105;0,0000005571;-0,007023;-0,0000000003034
16;1,8;-11,6847;-0,0000000007945;-0,00143;0,0000003341;-0,009523;0,000000002828
16;1,9;-5,62874;0,000000001179;-0,00021;-0,0000001822;-0,001373;-0,000000006191
16;2;1,08009;-0,000000001438;0,00013;0,0000001177;0,0008989;0,000000008847
16;2,1;7,58912;0,000000001438;0,00046;-0,0000000819;0,003046;-0,000000009737
16;2,2;9,73425;-0,00000000145;0,00111;-0,0000003104;0,007404;0,000000009587
16;2,3;3,33886;0,00000000157;0,00052;-0,0000000931;0,003457;-0,000000008596
16;2,4;-6,09105;-0,000000001575;-0,00079;0,0000001577;-0,005273;0,000000006572
16;2,5;-9,5934;0,000000001121;-0,00106;0,0000002854;-0,007066;-0,000000002286
16;2,6;-5,00812;-0,0000000001825;-0,00029;0,00000003965;-0,001908;-0,000000004336
16;2,7;1,85364;-0,0000000005867;0,00015;-0,0000001058;0,001014;0,000000009544
16;2,8;6,80916;0,0000000009254;0,00051;0,0000000000578;0,003413;-0,00000001169
16;2,9;8,01983;-0,000000001068;0,00092;-0,0000002287;0,006163;0,00000001172
16;3;2,26504;0,0000000009434;0,00033;-0,0000001729;0,002218;-0,000000009496
16;3,1;-5,97658;-0,0000000006576;-0,00078;0,0000002819;-0,005204;0,000000006151
16;3,2;-7,75398;0,0000000003999;-0,00076;0,0000001711;-0,005048;-0,000000002985
16;3,3;-3,76361;-0,00000000005074;-0,00025;-0,0000000478;-0,001652;-0,0000000003993
16;3,4;1,57379;-0,0000000002679;0,00007263;0,00000006355;0,0004837;0,000000003136
16;3,5;6,49505;0,0000000003425;0,00058;-0,0000001098;0,003883;-0,000000003834
16;3,6;6,70186;-0,0000000003101;0,0008;-0,0000002471;0,00531;0,000000002951
16;3,7;0,81677;0,0000000002839;0,00006392;0,00000002012;0,000426;-0,000000001563
16;3,8;-5,10176;-0,0000000002861;-0,00059;0,0000001558;-0,003943;0,0000000003501
16;3,9;-6,34049;0,0000000002913;-0,0006;0,00000009525;-0,003971;0,0000000008244
16;4;-3,24606;-0,000000000214;-0,00027;0,00000006818;-0,001824;-0,000000002306
16;4,1;1,97481;0,0000000001895;0,00013;-0,00000001915;0,0008494;0,000000003118
16;4,2;5,87691;-0,0000000003021;0,00059;-0,0000001291;0,003944;-0,000000002683
16;4,3;5,19748;0,0000000004585;0,00057;-0,0000001361;0,003822;0,000000001662
16;4,4;0,28571;-0,0000000006397;0,00001678;-0,000000008062;0,0001119;-0,0000000003524
16;4,5;-4,52996;0,0000000007524;-0,00051;0,0000001294;-0,003378;-0,0000000006935
16;4,6;-5,38637;-0,0000000007753;-0,00049;0,0000001048;-0,003293;0,000000001279
16;4,7;-2,41344;0,000000000799;-0,00023;0,00000002985;-0,00156;-0,000000001928
16;4,8;2,05111;-0,0000000007467;0,00017;-0,00000001119;0,001124;0,000000002379
16;4,9;5,1597;0,0000000005456;0,00052;-0,0000001162;0,00348;-0,00000000228
16;5;4,17253;-0,00000000017;0,00046;-0,000000125;0,00309;0,000000001304
16;5,1;-0,23358;-0,0000000003544;-0,00006103;0,00000002988;-0,0004071;0,0000000006216
16;5,2;-3,98745;0,0000000007845;-0,00041;0,00000009927;-0,002713;-0,000000002287
16;5,3;-4,46845;-0,00000000102;-0,00043;0,00000007157;-0,002835;0,000000003245
16;5,4;-1,85922;0,000000001159;-0,00019;0,00000005158;-0,00124;-0,000000004039
16;5,5;2,13313;-0,000000001097;0,00018;-0,00000003294;0,001222;0,000000004164
16;5,6;4,51004;0,0000000008069;0,00048;-0,0000001163;0,003202;-0,000000003528
16;5,7;3,21022;-0,000000000459;0,00033;-0,00000007278;0,002167;0,000000002767
16;5,8;-0,48537;0,0000000001009;-0,00006072;0,00000002184;-0,000405;-0,000000001808
16;5,9;-3,50362;0,0000000001854;-0,00036;0,00000007452;-0,002394;0,0000000008987
16;6;-3,78009;-0,000000000335;-0,00036;0,000000078;-0,002379;-0,0000000002759
16;6,1;-1,29498;0,0000000004448;-0,00015;0,00000003221;-0,000982;-0,0000000005117
16;6,2;2,11356;-0,000000000466;0,00021;-0,00000004181;0,001409;0,000000001218
16;6,3;3,83956;0,0000000004008;0,00039;-0,00000009075;0,002609;-0,000000001733
16;6,4;2,51274;-0,0000000003962;0,00026;-0,00000005937;0,001752;0,000000002407
16;6,5;-0,66941;0,0000000003711;-0,00008746;0,00000002281;-0,0005833;-0,000000002716
16;6,6;-3,10727;-0,0000000002621;-0,0003;0,00000006785;-0,002002;0,000000002403
16;6,7;-3,1267;0,0000000001167;-0,00031;0,00000006223;-0,002095;-0,000000001634
16;6,8;-0,86467;0,00000000007689;-0,00008821;0,00000002562;-0,0005883;0,0000000004651
16;6,9;2,02175;-0,0000000002144;0,00019;-0,00000004255;0,00129;0,0000000003488
16;7;3,27444;0,0000000002407;0,00035;-0,00000008021;0,00231;-0,0000000005827
16;7,1;1,92506;-0,0000000002545;0,00018;-0,00000004004;0,001221;0,0000000008098
16;7,2;-0,77986;0,000000000218;-0,00007687;0,00000002163;-0,0005126;-0,0000000006842
16;7,3;-2,72807;-0,0000000001003;-0,00028;0,00000005578;-0,001843;0,00000000002304
16;7,4;-2,58784;-0,00000000005898;-0,00025;0,0000000573;-0,001674;0,0000000008986
16;7,5;-0,51202;0,0000000002837;-0,00006504;0,00000001511;-0,0004337;-0,000000002078
16;7,6;1,90063;-0,0000000004583;0,0002;-0,0000000439;0,001336;0,000000002828
16;7,7;2,75485;0,00000000051;0,00027;-0,00000006325;0,001827;-0,00000000281
16;7,8;1,46953;-0,0000000004992;0,00015;-0,00000003073;0,001015;0,000000002393
16;7,9;-0,83845;0,0000000003793;-0,00009382;0,00000001939;-0,0006256;-0,000000001473
16;8;-2,39957;-0,0000000001992;-0,00023;0,00000005167;-0,001536;0,0000000004755
16;8,1;-2,10905;0,00000000008366;-0,00022;0,0000000467;-0,001467;-0,00000000005378
16;8,2;-0,24232;-0,00000000001451;-0,00002011;0,000000007316;-0,0001341;-0,00000000002576
16;8,3;1,74555;-0,00000000004077;0,00017;-0,00000003963;0,001135;-0,00000000004995
16;8,4;2,31597;0,00000000009126;0,00024;-0,00000005302;0,001617;0,0000000001655
16;8,5;1,10126;-0,0000000001454;0,0001;-0,00000002285;0,0006723;-0,00000000008478
16;8,6;-0,86649;0,000000000148;-0,00008003;0,00000001973;-0,0005337;0,0000000001006
16;8,7;-2,09044;-0,00000000007828;-0,00022;0,00000004461;-0,001436;-0,0000000003645
16;8,8;-1,70539;-0,00000000001115;-0,00017;0,00000003883;-0,001104;0,0000000006302
16;8,9;-0,04319;0,00000000009917;-0,00001313;0,000000002007;-0,00008757;-0,0000000008653
16;9;1,5877;-0,0000000001456;0,00017;-0,00000003667;0,001127;0,0000000009253
16;9,1;1,93321;0,0000000001291;0,00019;-0,00000004312;0,001251;-0,0000000007576
16;9,2;0,80702;-0,0000000001166;0,00008685;-0,00000001675;0,0005791;0,0000000006584
16;9,3;-0,86247;0,0000000001121;-0,0000934;0,00000001851;-0,0006228;-0,0000000005201
16;9,4;-1,8137;-0,0000000001021;-0,00017;0,0000000399;-0,001162;0,0000000002145
16;9,5;-1,36305;0,0000000001102;-0,00015;0,00000003096;-0,0009705;0,00000000001272
16;9,6;0,10235;-0,00000000009979;0,00001718;-0,000000002109;0,0001145;-0,0000000001792
16;9,7;1,42548;0,00000000005841;0,00014;-0,00000003238;0,0009164;0,0000000003654
16;9,8;1,60745;-0,00000000001126;0,00017;-0,00000003554;0,001125;-0,0000000004883
16;9,9;0,57324;-0,00000000003383;0,00004977;-0,00000001238;0,0003319;0,0000000004802
16;10;-0,84002;0,00000000004414;-0,0000768;0,00000001843;-0,0005121;-0,0000000002742
16;10,1;-1,5614;-0,000000000008671;-0,00016;0,00000003441;-0,001093;-0,0000000001111
16;10,2;-1,07721;-0,00000000004813;-0,0001;0,00000002448;-0,0006811;0,0000000006114
16;10,3;0,20192;0,0000000001225;0,00001335;-0,000000004524;0,00008905;-0,000000001154
16;10,4;1,27045;-0,0000000001661;0,00014;-0,00000002867;0,000904;0,000000001438
16;10,5;1,32882;0,0000000001334;0,00013;-0,00000002936;0,0008425;-0,000000001244
16;10,6;0,3874;-0,00000000006833;0,00004568;-0,000000008313;0,0003046;0,0000000007605
16;10,7;-0,8004;-0,000000000003651;-0,00008702;0,00000001737;-0,0005803;-0,0000000001405
16;10,8;-1,33615;0,00000000006517;-0,00013;0,0000000298;-0,0008506;-0,0000000004334
16;10,9;-0,84115;-0,00000000007731;-0,00009207;0,00000001898;-0,000614;0,0000000007033
16;11;0,26834;0,00000000005967;0,00003419;-0,000000006112;0,000228;-0,0000000007513
16;11,1;1,12308;-0,00000000003942;0,00011;-0,00000002519;0,0007095;0,0000000006491
16;11,2;1,09173;0,0000000000296;0,00012;-0,000000024;0,0007765;-0,0000000004793
16;11,3;0,2426;-0,00000000004741;0,00001752;-0,000000005463;0,0001169;0,0000000004626
16;11,4;-0,75075;0,00000000005714;-0,00006842;0,00000001658;-0,0004563;-0,0000000003948
16;11,5;-1,13599;-0,00000000004581;-0,00012;0,00000002532;-0,000809;0,0000000001448
16;11,6;-0,64725;0,00000000004916;-0,00005854;0,00000001455;-0,0003904;0,00000000007088
16;11,7;0,30798;-0,00000000005703;0,00002442;-0,000000007006;0,0001629;-0,0000000002486
16;11,8;0,98636;0,00000000005759;0,00011;-0,00000002196;0,0007077;0,0000000003888
16;11,9;0,8909;-0,00000000006729;0,00008271;-0,00000001973;0,0005516;-0,0000000003663
16;12;0,13057;0,00000000008168;0,00001995;-0,000000002899;0,000133;0,0000000001793
16;12,1;-0,69403;-0,00000000009337;-0,00007644;0,0000000153;-0,0005097;0,000000000093
16;12,2;-0,95985;0,000000000085;-0,00009006;0,00000002148;-0,0006006;-0,0000000002688
16;12,3;-0,48982;-0,00000000003542;-0,00005606;0,00000001091;-0,0003738;0,0000000001853
16;12,4;0,3282;-0,00000000002897;0,00003986;-0,000000007361;0,0002658;0,00000000003291
16;12,5;0,86073;0,00000000008136;0,00007997;-0,00000001919;0,0005333;-0,0000000002007
16;12,6;0,72128;-0,000000000119;0,00007913;-0,00000001591;0,0005276;0,000000000287
16;12,7;0,046;0,0000000001338;-0,000001898;-0,000000001144;-0,00001264;-0,0000000003337
16;12,8;-0,63402;-0,0000000001259;-0,00005718;0,00000001413;-0,0003813;0,0000000003471
16;12,9;-0,80617;0,00000000009628;-0,00008784;0,00000001795;-0,0005857;-0,0000000002641
16;13;-0,36266;-0,00000000004589;-0,00002994;0,000000008111;-0,0001997;0,00000000008867
16;13,1;0,33364;0,000000000001234;0,00002713;-0,000000007524;0,0001809;0,00000000004092
16;13,2;0,74652;0,00000000002337;0,00008163;-0,00000001653;0,0005443;-0,00000000008584
16;13,3;0,579;-0,0000000000423;0,00005173;-0,0000000129;0,000345;0,0000000001035
16;13,4;-0,01658;0,00000000005452;0,000004889;0,0000000003703;0,00003259;-0,00000000006748
16;13,5;-0,57316;-0,0000000000583;-0,00006417;0,00000001271;-0,0004279;0,000000000009965
16;13,6;-0,67292;0,00000000005615;-0,00006134;0,00000001505;-0,0004091;0,000000000049
16;13,7;-0,26105;-0,00000000004002;-0,00003269;0,000000005757;-0,000218;-0,0000000001575
16;13,8;0,32848;0,00000000001762;0,00003953;-0,000000007296;0,0002636;0,0000000002604
16;13,9;0,64365;0,000000000008767;0,00005835;-0,00000001433;0,0003891;-0,0000000003438
16;14;0,46021;-0,00000000004304;0,00005271;-0,00000001019;0,0003515;0,0000000004557
16;14,1;-0,06134;0,00000000006439;-0,0000125;0,000000001296;-0,00008337;-0,0000000005316
16;14,2;-0,51338;-0,00000000007069;-0,00004534;0,00000001147;-0,0003024;0,0000000005459
16;14,3;-0,55823;0,00000000006908;-0,00006256;0,0000000124;-0,0004172;-0,000000000508
16;14,4;-0,1805;-0,00000000004784;-0,00001182;0,000000004038;-0,00007886;0,0000000003738
16;14,5;0,31576;0,00000000001556;0,0000255;-0,000000007073;0,00017;-0,0000000001891
16;14,6;0,55168;0,0000000000069;0,00006179;-0,00000001222;0,0004121;0,00000000003022
16;14,7;0,36175;-0,0000000000135;0,00003016;-0,000000008097;0,0002011;0,00000000009949
16;14,8;-0,09202;0,000000000008451;-0,000002991;0,000000002079;-0,00001996;-0,0000000002139
16;14,9;-0,45607;-0,000000000007636;-0,00005216;0,00000001011;-0,0003478;0,0000000003421
16;15;-0,46005;0,00000000002177;-0,00004011;0,00000001029;-0,0002674;-0,0000000004681
16;15,1;-0,1174;-0,00000000003565;-0,000018;0,000000002552;-0,00012;0,0000000004896
16;15,2;0,29795;0,00000000003993;0,00003618;-0,000000006582;0,0002412;-0,0000000003913
16;15,3;0,47014;-0,00000000003553;0,00004115;-0,00000001049;0,0002744;0,0000000002078
16;15,4;0,28064;0,00000000001805;0,00003441;-0,000000006211;0,0002295;0,00000000002687
16;15,5;-0,11165;0,000000000001981;-0,00001737;0,00000000244;-0,0001158;-0,0000000002022
16;15,6;-0,40213;-0,00000000001493;-0,00003438;0,000000008995;-0,0002293;0,0000000002655
16;15,7;-0,37654;0,00000000001854;-0,00004401;0,000000008339;-0,0002935;-0,0000000002396
16;15,8;-0,0686;-0,000000000006652;-0,0000008097;0,000000001559;-0,00000541;0,0000000001418
16;15,9;0,27693;-0,000000000005735;0,0000218;-0,000000006198;0,0001454;-0,00000000005182
16;16;0,39831;0,000000000002306;0,00004614;-0,000000008818;0,0003077;0,0000000000486
16;16,1;0,21433;0,00000000001155;0,00001555;-0,000000004815;0,0001037;-0,0000000001229
16;16,2;-0,12275;-0,00000000003105;-0,000006336;0,00000000277;-0,00004226;0,0000000002352
16;16,3;-0,35212;0,00000000004202;-0,00004146;0,0000000078;-0,0002765;-0,0000000002762
16;16,4;-0,30589;-0,0000000000326;-0,0000248;0,000000006845;-0,0001654;0,0000000001809
16;16,5;-0,03146;0,00000000001576;-0,000009133;0,0000000006553;-0,00006089;-0,00000000004201
16;16,6;0,25416;0,000000000001024;0,00003154;-0,00000000561;0,0002103;-0,00000000009272
16;16,7;0,3355;-0,0000000000136;0,00002783;-0,000000007507;0,0001856;0,0000000002063
16;16,8;0,16054;0,0000000000134;0,00002209;-0,000000003533;0,0001473;-0,0000000002463
16;16,9;-0,1274;-0,000000000007046;-0,00001873;0,000000002793;-0,0001249;0,0000000002283
16;17;-0,30633;-0,000000000005127;-0,00002495;0,000000006861;-0,0001664;-0,0000000001322
16;17,1;-0,24646;0,00000000002562;-0,00003068;0,000000005441;-0,0002046;-0,00000000005867
16;17,2;-0,00377;-0,00000000003959;0,000005482;0,000000000122;0,00003655;0,0000000002402
16;17,3;0,23074;0,00000000004258;0,00001738;-0,000000005169;0,0001159;-0,0000000003556
16;17,4;0,2809;-0,00000000003948;0,00003411;-0,000000006215;0,0002274;0,0000000004054
16;17,5;0,11727;0,00000000002838;0,000005996;-0,000000002646;0,00004;-0,0000000003604
16;17,6;-0,12725;-0,00000000001372;-0,000007016;0,000000002868;-0,0000468;0,0000000002436
16;17,7;-0,26485;0,000000000001136;-0,00003245;0,000000005858;-0,0002163;-0,00000000009827
16;17,8;-0,19677;0,000000000008063;-0,00001404;0,000000004415;-0,00009364;-0,00000000005163
16;17,9;0,01635;-0,000000000009854;-0,000004104;-0,0000000004044;-0,00002736;0,0000000001635
16;18;0,2075;0,000000000007908;0,00002662;-0,000000004573;0,0001775;-0,0000000002297
16;18,1;0,23375;-0,000000000008395;0,00001781;-0,000000005245;0,0001188;0,0000000002676
16;18,2;0,0828;0,000000000006179;0,00001404;-0,0000000018;0,00009362;-0,0000000002609
16;18,3;-0,12366;-0,0000000000007325;-0,00001814;0,00000000271;-0,0001209;0,0000000002149
16;18,4;-0,22762;-0,0000000000029;-0,00001724;0,000000005107;-0,000115;-0,0000000001609
16;18,5;-0,15548;0,000000000007447;-0,00002131;0,000000003417;-0,0001421;0,0000000001046
16;18,6;0,03044;-0,00000000001398;0,000008706;-0,0000000006356;0,00005805;-0,00000000005074
16;18,7;0,18501;0,00000000002115;0,000013;-0,000000004157;0,00008668;-0,000000000004065
16;18,8;0,19327;-0,00000000002725;0,00002507;-0,000000004261;0,0001672;0,00000000005817
16;18,9;0,05562;0,00000000002624;0,000000002749;-0,000000001278;0,00000002829;-0,00000000007916
16;19;-0,11766;-0,00000000001968;-0,000006264;0,000000002658;-0,00004178;0,00000000006388
16;19,1;-0,19448;0,00000000001008;-0,00002514;0,000000004289;-0,0001677;-0,00000000001517
16;19,2;-0,12138;0,000000000004197;-0,000006667;0,000000002738;-0,00004447;-0,0000000000656
16;19,3;0,03979;-0,0000000000157;-0,000001532;-0,0000000009219;-0,00001021;0,0000000001296
16;19,4;0,16369;0,00000000002337;0,000022;-0,000000003606;0,0001467;-0,0000000001677
16;19,5;0,15872;-0,00000000003302;0,00001047;-0,000000003567;0,00006984;0,000000000204
16;19,6;0,03446;0,00000000003902;0,000008961;-0,0000000007326;0,00005975;-0,0000000002143
16;19,7;-0,11011;-0,00000000003696;-0,00001656;0,000000002417;-0,0001104;0,0000000001829
16;19,8;-0,16521;0,00000000002828;-0,00001117;0,000000003708;-0,00007448;-0,0000000001131
16;19,9;-0,09342;-0,00000000001465;-0,00001485;0,000000002046;-0,00009903;0,00000000001577
16;20;0,04545;0,000000000002361;0,00001001;-0,0000000009793;0,00006673;0,00000000006874
16;20,1;0,1438;0,000000000006835;0,000009058;-0,000000003231;0,00006041;-0,0000000001312
16;20,2;0,12941;-0,00000000001512;0,00001843;-0,000000002848;0,0001229;0,0000000001745
16;20,3;0,01823;0,00000000001829;-0,000003554;-0,0000000004372;-0,00002369;-0,0000000001691
16;20,4;-0,10163;-0,00000000001729;-0,000004856;0,000000002294;-0,00003239;0,000000000127
16;20,5;-0,13952;0,00000000001689;-0,00001941;0,000000003072;-0,0001294;-0,00000000008543
16;20,6;-0,07065;-0,00000000001587;-0,000001767;0,000000001605;-0,00001179;0,00000000005046
16;20,7;0,04829;0,00000000001454;-0,0000004701;-0,000000001108;-0,000003125;-0,00000000002475
16;20,8;0,12548;-0,000000000009527;0,00001795;-0,000000002759;0,0001197;-0,00000000001787
16;20,9;0,10468;-0,000000000004017;0,000005236;-0,000000002362;0,00003492;0,0000000001095
16;21;0,00601;0,00000000001861;0,000005893;-0,0000000001008;0,00003929;-0,0000000002036
16;21,1;-0,09271;-0,00000000002691;-0,00001461;0,000000002031;-0,0000974;0,0000000002442
16;21,2;-0,11714;0,00000000002759;-0,000006533;0,000000002638;-0,00004357;-0,000000000221
16;21,3;-0,05226;-0,00000000002017;-0,00001051;0,000000001132;-0,00007006;0,0000000001459
16;21,4;0,04902;0,00000000001041;0,00001017;-0,000000001061;0,00006779;-0,00000000005776
16;21,5;0,1088;-0,000000000001909;0,000005736;-0,000000002451;0,00003826;-0,00000000002326
16;21,6;0,08395;-0,000000000005732;0,00001365;-0,000000001839;0,00009104;0,00000000009334
16;21,7;-0,00299;0,000000000008393;-0,000005491;0,0000000000382;-0,0000366;-0,0000000001262
16;21,8;-0,08373;-0,000000000005659;-0,000003254;0,000000001891;-0,00002171;0,0000000001147
16;21,9;-0,09776;-0,0000000000007454;-0,000015;0,000000002147;-0,0001;-0,00000000006386
16;22;-0,03755;0,00000000001009;0,000001368;0,0000000008638;0,000009111;-0,00000000001502
16;22,1;0,04821;-0,00000000001706;-0,0000002809;-0,000000001101;-0,000001864;0,00000000008361
16;22,2;0,09377;0,00000000001923;0,00001456;-0,000000002058;0,00009708;-0,0000000001242
16;22,3;0,06666;-0,00000000001841;0,000001605;-0,000000001513;0,00001071;0,0000000001411
16;22,4;-0,00941;0,00000000001448;0,000004145;0,0000000002388;0,00002763;-0,0000000001317
16;22,5;-0,07494;-0,000000000007753;-0,00001262;0,000000001638;-0,00008417;0,0000000001
16;22,6;-0,08108;-0,000000000000287;-0,000003097;0,000000001834;-0,00002066;-0,00000000005045
16;22,7;-0,02588;0,000000000008048;-0,000007657;0,0000000005468;-0,00005105;-0,000000000009317
16;22,8;0,04629;-0,00000000001254;0,000009698;-0,000000001001;0,00006466;0,00000000005459
16;22,9;0,08034;0,00000000001327;0,000003064;-0,000000001816;0,00002044;-0,00000000007613
16;23;0,05235;-0,00000000001162;0,00001028;-0,000000001137;0,00006854;0,00000000008013
16;23,1;-0,01379;0,000000000006941;-0,000006385;0,0000000002793;-0,00004257;-0,00000000006379
16;23,2;-0,06654;-0,000000000001975;-0,000001715;0,000000001508;-0,00001145;0,0000000000407
16;23,3;-0,0668;-0,0000000000003219;-0,00001169;0,000000001459;-0,00007798;-0,00000000002665
16;23,4;-0,01675;0,00000000000247;0,00000327;0,0000000003996;0,0000218;0,00000000001205
16;23,5;0,04364;-0,000000000003823;-0,0000005499;-0,0000000009979;-0,000003658;0,0000000000005244
16;23,6;0,06843;0,000000000001932;0,00001182;-0,000000001496;0,0000788;0,0000000000006708
16;23,7;0,04057;0,000000000001233;-0,0000008324;-0,0000000009298;-0,000005542;-0,000000000008402
16;23,8;-0,01657;-0,000000000004183;0,000003235;0,0000000003959;0,00002156;0,00000000001628
16;23,9;-0,05864;0,000000000006601;-0,00001079;0,000000001278;-0,00007197;-0,0000000000225
16;24;-0,05465;-0,000000000007998;-0,0000006248;0,000000001243;-0,000004175;0,00000000002669
16;24,1;-0,00969;0,000000000008811;-0,000005839;0,0000000001886;-0,00003893;-0,00000000003283
16;24,2;0,04053;-0,000000000008098;0,000008931;-0,0000000008751;0,00005954;0,00000000003404
16;24,3;0,05795;0,000000000005576;0,0000009963;-0,000000001316;0,000006653;-0,00000000002643
16;24,4;0,03095;-0,000000000003016;0,00000794;-0,0000000006626;0,00005294;0,00000000001781
16;24,5;-0,01813;0,0000000000004762;-0,000006637;0,0000000003777;-0,00004425;-0,000000000008582
16;24,6;-0,05133;0,000000000002139;-0,000000369;0,000000001168;-0,000002469;-0,000000000003185
16;24,7;-0,04438;-0,000000000004003;-0,000009253;0,0000000009622;-0,00006169;0,00000000001309
16;24,8;-0,00432;0,000000000005041;0,000004337;0,0000000001211;0,00002892;-0,0000000000167
16;24,9;0,03717;-0,000000000005375;-0,000001018;-0,0000000008517;-0,000006781;0,0000000000162
16;25;0,04879;0,000000000006104;0,000009658;-0,000000001061;0,0000644;-0,00000000002125
16;25,1;0,02315;-0,000000000007994;-0,000002404;-0,0000000005393;-0,00001602;0,00000000003476
16;25,2;-0,01876;0,000000000008772;0,000002833;0,0000000004414;0,00001888;-0,00000000004262
16;25,3;-0,04464;-0,000000000007129;-0,000009202;0,0000000009694;-0,00006136;0,00000000003668
16;25,4;-0,03573;0,000000000004472;0,000001098;0,0000000008189;0,000007316;-0,00000000002274
16;25,5;-0,00033;-0,000000000001413;-0,000004716;-0,00000000001632;-0,00003144;0,000000000004435
16;25,6;0,03372;-0,000000000001289;0,000008065;-0,0000000007269;0,00005377;0,00000000001255
16;25,7;0,04083;0,000000000003238;-0,0000005473;-0,0000000009318;-0,000003642;-0,00000000002536
16;25,8;0,01688;-0,000000000005019;0,000006344;-0,0000000003524;0,0000423;0,00000000003532
16;25,9;-0,0187;0,00000000000543;-0,000006515;0,0000000003931;-0,00004344;-0,00000000003704
16;26;-0,03858;-0,000000000003573;0,0000007364;0,0000000008813;0,000004902;0,00000000002635
16;26,1;-0,02851;0,0000000000003275;-0,000007478;0,0000000006118;-0,00004986;-0,000000000006103
16;26,2;0,00257;0,000000000003342;0,000004854;-0,00000000003472;0,00003236;-0,00000000001623
16;26,3;0,0303;-0,000000000006156;-0,000001532;-0,0000000006965;-0,00001021;0,00000000003203
16;26,4;0,03396;0,000000000006952;0,00000799;-0,0000000007337;0,00005327;-0,00000000003827
16;26,5;0,01188;-0,000000000005872;-0,000003362;-0,0000000002865;-0,00002241;0,00000000003691
16;26,6;-0,01814;0,000000000003324;0,00000272;0,0000000004257;0,00001813;-0,00000000002652
16;26,7;-0,03314;0,0000000000001798;-0,00000787;0,0000000007155;-0,00005247;0,000000000009115
16;26,8;-0,02251;-0,000000000003856;0,000002255;0,0000000005229;0,00001503;0,000000000009165
16;26,9;0,00459;0,000000000007467;-0,000004047;-0,0000000001241;-0,00002698;-0,0000000000273
16;27;0,027;-0,000000000009649;0,000007216;-0,0000000005789;0,00004811;0,00000000003852
16;27,1;0,02807;0,000000000009238;-0,000001659;-0,0000000006464;-0,00001106;-0,00000000003683
16;27,2;0,00795;-0,000000000007233;0,000005273;-0,0000000001554;0,00003516;0,00000000002741
16;27,3;-0,01724;0,000000000004239;-0,000006196;0,0000000003624;-0,00004131;-0,00000000001297
16;27,4;-0,02831;-0,0000000000005653;0,000001599;0,0000000006508;0,00001065;-0,000000000004797
16;27,5;-0,01756;-0,00000000000276;-0,000006204;0,0000000003701;-0,00004136;0,00000000002072
16;27,6;0,00592;0,00000000000542;0,000005021;-0,0000000001115;0,00003347;-0,00000000003317
16;27,7;0,02388;-0,000000000006916;-0,000002009;-0,0000000005515;-0,00001339;0,00000000003852
16;27,8;0,02304;0,000000000006583;0,00000672;-0,0000000004928;0,00004481;-0,000000000034
16;27,9;0,00489;-0,000000000005021;-0,000003896;-0,0000000001285;-0,00002598;0,00000000002452
16;28;-0,01612;0,000000000002687;0,000002754;0,0000000003782;0,00001836;-0,00000000001249
16;28,1;-0,02404;0,00000000000005516;-0,000006785;0,0000000005154;-0,00004524;-0,0000000000009465
16;28,2;-0,0135;-0,00000000000237;0,000002994;0,0000000003198;0,00001996;0,00000000001279
16;28,3;0,00673;0,000000000004056;-0,000003665;-0,000000000169;-0,00002443;-0,00000000002221
16;28,4;0,02097;-0,000000000004411;0,000006441;-0,0000000004474;0,00004294;0,00000000002483
16;28,5;0,01878;0,000000000002772;-0,000002428;-0,0000000004368;-0,00001618;-0,00000000001643
16;28,6;0,00255;-0,000000000000324;0,000004563;-0,00000000003789;0,00003042;0,000000000002218
16;28,7;-0,01486;-0,000000000001898;-0,000005791;0,0000000003121;-0,00003861;0,00000000001188
16;28,8;-0,02029;0,000000000003734;0,00000224;0,00000000047;0,00001493;-0,00000000002385
16;28,9;-0,0102;-0,000000000004658;-0,000005298;0,0000000002085;-0,00003532;0,00000000003031
16;29;0,00712;0,000000000004611;0,000004977;-0,0000000001402;0,00003318;-0,00000000003011
16;29,1;0,01829;-0,000000000003698;-0,000002407;-0,000000000425;-0,00001605;0,00000000002276
16;29,2;0,01518;0,00000000000206;0,000005765;-0,0000000003199;0,00003844;-0,00000000001072
16;29,3;0,00078;-0,0000000000006435;-0,000004147;-0,00000000003516;-0,00002765;0,000000000001755
16;29,4;-0,01355;-0,0000000000001638;0,00000285;0,0000000003192;0,000019;0,000000000002534
16;29,5;-0,01703;0,0000000000004491;-0,000005917;0,0000000003615;-0,00003945;-0,000000000004198
16;29,6;-0,00753;-0,0000000000002605;0,000003434;0,0000000001849;0,00002289;0,000000000004205
16;29,7;0,00721;-0,0000000000001554;-0,000003454;-0,0000000001776;-0,00002303;-0,000000000003041
16;29,8;0,01585;0,0000000000007194;0,000005765;-0,0000000003358;0,00003843;-0,0000000000003999
16;29,9;0,01217;-0,000000000001396;-0,000002933;-0,0000000002875;-0,00001955;0,00000000000619
16;30;-0,00051;0,00000000000201;0,000004095;0,00000000002813;0,0000273;-0,00000000001238
16;30,1;-0,01223;-0,000000000002529;-0,000005367;0,0000000002556;-0,00003578;0,00000000001697
16;30,2;-0,01421;0,000000000002922;0,000002694;0,0000000003325;0,00001796;-0,00000000001908
16;30,3;-0,0054;-0,000000000002857;-0,000004656;0,0000000001039;-0,00003104;0,00000000001795
16;30,4;0,00708;0,000000000002378;0,000004814;-0,0000000001414;0,0000321;-0,00000000001439
16;30,5;0,01366;-0,000000000001773;-0,000002716;-0,0000000003198;-0,0000181;0,000000000009592
16;30,6;0,00965;0,000000000001158;0,000005052;-0,0000000001991;0,00003368;-0,000000000004458
16;30,7;-0,00144;-0,000000000000724;-0,000004213;0,00000000001639;-0,00002809;0,0000000000007049
16;30,8;-0,01094;0,0000000000005983;0,000002956;0,0000000002588;0,00001971;0,0000000000002911
16;30,9;-0,01178;-0,0000000000008908;-0,000005232;0,0000000002468;-0,00003488;0,000000000002001
16;31;-0,00371;0,000000000001578;0,000003662;0,00000000009759;0,00002442;-0,000000000006089
16;31,1;0,00679;-0,000000000002141;-0,000003342;-0,0000000001659;-0,00002228;0,000000000008932
16;31,2;0,0117;0,000000000002435;0,000005191;-0,0000000002455;0,00003461;-0,00000000001017
16;31,3;0,00758;-0,000000000002742;-0,00000324;-0,0000000001831;-0,0000216;0,00000000001132
16;31,4;-0,00206;0,000000000002779;0,000003785;0,0000000000603;0,00002523;-0,00000000001145
16;31,5;-0,00971;-0,000000000002432;-0,000004959;0,0000000002017;-0,00003306;0,00000000001014
16;31,6;-0,0097;0,000000000002051;0,000002994;0,00000000023;0,00001996;-0,000000000008937
16;31,7;-0,00239;-0,000000000001632;-0,0000042;0,00000000003901;-0,000028;0,000000000007879
16;31,8;0,00639;0,000000000001213;0,000004593;-0,0000000001282;0,00003062;-0,000000000006807
16;31,9;0,00996;-0,00000000000101;-0,000002936;-0,0000000002355;-0,00001957;0,00000000000633
16;32;0,00587;0,0000000000009557;0,000004518;-0,0000000001168;0,00003012;-0,000000000006135
16;32,1;-0,00246;-0,000000000001017;-0,000004165;0,00000000004108;-0,00002777;0,000000000005889
16;32,2;-0,00855;0,00000000000112;0,000003046;0,0000000002038;0,0000203;-0,000000000004873
16;32,3;-0,00793;-0,000000000001094;-0,000004695;0,0000000001632;-0,0000313;0,00000000000263
16;32,4;-0,00137;0,000000000001034;0,000003748;0,00000000004349;0,00002499;-0,0000000000005748
16;32,5;0,00593;-0,0000000000008891;-0,000003278;-0,0000000001449;-0,00002185;-0,0000000000008925
16;32,6;0,00843;0,0000000000006814;0,000004713;-0,0000000001748;0,00003142;0,000000000001776
16;32,7;0,00447;-0,0000000000007262;-0,000003404;-0,0000000001121;-0,00002269;-0,0000000000009934
16;32,8;-0,00268;0,0000000000009615;0,000003574;0,00000000007209;0,00002383;-0,000000000001072
16;32,9;-0,00748;-0,000000000001221;-0,000004587;0,0000000001541;-0,00003058;0,00000000000345
16;33;-0,00644;0,000000000001397;0,000003175;0,0000000001555;0,00002116;-0,000000000005355
16;33,1;-0,00059;-0,000000000001236;-0,000003872;0,000000000001004;-0,00002581;0,000000000005592
16;33,2;0,00543;0,0000000000009071;0,000004349;-0,0000000001089;0,000029;-0,000000000004975
16;33,3;0,00709;-0,0000000000005876;-0,000003078;-0,0000000001698;-0,00002052;0,000000000004
16;33,4;0,00334;0,0000000000001483;0,000004118;-0,00000000006246;0,00002745;-0,000000000001556
16;33,5;-0,00276;0,0000000000002131;-0,000004049;0,00000000004979;-0,000027;-0,000000000001178
16;33,6;-0,00651;-0,0000000000003257;0,000003106;0,0000000001563;0,00002071;0,000000000002844
16;33,7;-0,00518;0,000000000000236;-0,000004273;0,0000000001039;-0,00002848;-0,000000000003357
16;33,8;-0,00001545;0,00000000000006422;0,000003739;0,00000000001155;0,00002493;0,00000000000257
16;33,9;0,00493;-0,0000000000004152;-0,000003235;-0,0000000001207;-0,00002156;-0,000000000001052
16;34;0,00594;0,0000000000006528;0,000004318;-0,0000000001211;0,00002879;-0,0000000000006086
16;34,1;0,00243;-0,0000000000007691;-0,000003466;-0,00000000006486;-0,00002311;0,00000000000197
16;34,2;-0,00275;0,0000000000007355;0,000003424;0,00000000007183;0,00002283;-0,000000000002423
16;34,3;-0,00562;-0,0000000000005849;-0,000004256;0,0000000001145;-0,00002838;0,000000000002032
16;34,4;-0,00413;0,0000000000004213;0,000003265;0,0000000001024;0,00002176;-0,000000000001372
16;34,5;0,0004;-0,0000000000002508;-0,00000363;-0,00000000001926;-0,0000242;0,0000000000006367
16;34,6;0,00443;0,0000000000001563;0,000004106;-0,00000000008825;0,00002738;-0,0000000000002458
16;34,7;0,00493;-0,0000000000002293;-0,000003154;-0,0000000001199;-0,00002103;0,0000000000006624
16;34,8;0,00171;0,0000000000003305;0,000003813;-0,00000000002797;0,00002542;-0,000000000001287
16;34,9;-0,00266;-0,0000000000004556;-0,000003899;0,00000000004936;-0,00002599;0,000000000001902
16;35;-0,00483;0,000000000000657;0,000003135;0,0000000001171;0,0000209;-0,000000000002388
16;35,1;-0,00326;-0,0000000000008;-0,000003939;0,00000000006294;-0,00002626;0,000000000002089
16;35,2;0,00069;0,0000000000008589;0,000003671;-0,00000000000594;0,00002447;-0,000000000001401
16;35,3;0,00394;-0,0000000000008863;-0,000003195;-0,00000000009701;-0,0000213;0,0000000000009171
16;35,4;0,00408;0,0000000000009511;0,000003993;-0,00000000008153;0,00002662;-0,0000000000009573
16;35,5;0,00114;-0,00000000000106;-0,000003458;-0,00000000003434;-0,00002305;0,000000000001509
16;35,6;-0,00253;0,000000000001085;0,000003308;0,00000000006516;0,00002206;-0,000000000001914
16;35,7;-0,00412;-0,0000000000009575;-0,000003968;0,00000000008284;-0,00002645;0,000000000001913
16;35,8;-0,00254;0,0000000000007161;0,000003288;0,00000000006527;0,00002192;-0,000000000001653
16;35,9;0,00088;-0,000000000000423;-0,000003445;-0,00000000002829;-0,00002297;0,000000000001159
16;36;0,00348;0,0000000000002005;0,000003875;-0,00000000006893;0,00002583;-0,0000000000009724
16;36,1;0,00334;-0,0000000000001255;-0,000003178;-0,00000000008292;-0,00002119;0,000000000001508
16;36,2;0,00069;0,0000000000001131;0,000003575;-0,000000000007052;0,00002383;-0,000000000002124
16;36,3;-0,00236;-0,0000000000001519;-0,000003733;0,00000000004423;-0,00002489;0,000000000002494
16;36,4;-0,0035;0,0000000000002606;0,000003134;0,00000000008596;0,00002089;-0,000000000002568
16;36,5;-0,00195;-0,0000000000003297;-0,000003673;0,0000000000354;-0,00002449;0,000000000001979
16;36,6;0,00099;0,000000000000381;0,000003568;-0,00000000001427;0,00002378;-0,000000000001222
16;36,7;0,00306;-0,0000000000004937;-0,00000315;-0,00000000007576;-0,000021;0,0000000000009229
16;36,8;0,00272;0,0000000000005929;0,000003723;-0,00000000005302;0,00002482;-0,0000000000009003
16;36,9;0,00036;-0,0000000000006144;-0,000003404;-0,00000000001538;-0,00002269;0,0000000000008523
16;37;-0,00217;0,000000000000552;0,000003211;0,00000000005575;0,00002141;-0,0000000000006357
16;37,1;-0,00295;-0,0000000000004051;-0,000003718;0,00000000005841;-0,00002479;0,0000000000001483
16;37,2;-0,00147;0,0000000000002391;0,000003263;0,0000000000399;0,00002176;0,0000000000004937
16;37,3;0,00105;-0,00000000000009607;-0,000003297;-0,0000000000304;-0,00002198;-0,000000000001105
16;37,4;0,00267;-0,00000000000001143;0,000003661;-0,00000000005239;0,00002441;0,000000000001475
16;37,5;0,0022;0,00000000000005597;-0,000003162;-0,0000000000558;-0,00002108;-0,000000000001534
16;37,6;0,0001;-0,00000000000006067;0,000003385;0,000000000004454;0,00002257;0,000000000001508
16;37,7;-0,00198;-0,00000000000001111;-0,000003565;0,0000000000375;-0,00002377;-0,000000000001077
16;37,8;-0,00248;0,0000000000001705;0,000003107;0,00000000006155;0,00002071;0,00000000000009493
16;37,9;-0,00108;-0,0000000000002927;-0,000003456;0,00000000001781;-0,00002304;0,0000000000007241
16;38;0,00106;0,0000000000003548;0,000003445;-0,00000000001738;0,00002297;-0,000000000001214
16;38,1;0,00231;-0,000000000000364;-0,000003097;-0,00000000005748;-0,00002064;0,000000000001297
16;38,2;0,00176;0,0000000000003105;0,000003498;-0,00000000003327;0,00002332;-0,0000000000008133
16;38,3;-0,00008598;-0,0000000000002737;-0,00000332;-0,000000000003932;-0,00002213;0,0000000000002753
16;38,4;-0,00179;0,0000000000002567;0,000003122;0,00000000004548;0,00002081;0,0000000000001153
16;38,5;-0,00206;-0,0000000000002242;-0,000003501;0,00000000004034;-0,00002334;-0,0000000000004847
16;38,6;-0,00078;0,000000000000221;0,000003206;0,00000000002275;0,00002137;0,0000000000006135
16;38,7;0,00104;-0,000000000000247;-0,000003171;-0,00000000002848;-0,00002114;-0,0000000000005187
16;38,8;0,00199;0,0000000000003162;0,000003467;-0,00000000003901;0,00002311;0,0000000000001521
16;38,9;0,0014;-0,0000000000004331;-0,000003117;-0,00000000003624;-0,00002078;0,0000000000005441
16;39;-0,00022;0,0000000000004946;0,000003227;0,000000000009875;0,00002151;-0,000000000001068
16;39,1;-0,0016;-0,0000000000004829;-0,000003401;0,00000000003064;-0,00002267;0,000000000001271
16;39,2;-0,00171;0,0000000000004586;0,000003059;0,00000000004287;0,00002039;-0,000000000001446
16;39,3;-0,00053;-0,0000000000004209;-0,000003276;0,00000000000712;-0,00002184;0,000000000001603
16;39,4;0,001;0,0000000000003685;0,000003314;-0,00000000001754;0,00002209;-0,000000000001581
16;39,5;0,0017;-0,0000000000002922;-0,000003034;-0,00000000004238;-0,00002022;0,000000000001228
16;39,6;0,0011;0,0000000000001843;0,000003307;-0,00000000002001;0,00002204;-0,0000000000005906
16;39,7;-0,00031;-0,00000000000009422;-0,000003219;0,000000000002577;-0,00002146;-0,00000000000004639
16;39,8;-0,00142;0,0000000000000445;0,000003036;0,0000000000357;0,00002024;0,0000000000005346
16;39,9;-0,00141;-0,0000000000000148;-0,000003312;0,00000000002728;-0,00002208;-0,0000000000009089
16;40;-0,00034;0,00000000000001789;0,000003128;0,00000000001151;0,00002085;0,000000000001066