Joint;Time;U1;U2;U3;R1;R2;R3
Text;Unitless;m/sec;m/sec;m/sec;rad/sec;rad/sec;rad/sec
1;0;0;0;0;0;0;0
1;0,1;-0,00000000000000005679;0;0;0;0;0
1;0,2;-0,0000000000000001123;0;0;0;0;0
1;0,3;-0,0000000000000001123;0;0;0;0;0
1;0,4;-0,0000000000000001123;0;0;0;0;0
1;0,5;-0,0000000000000001123;0;0;0;0;0
1;0,6;-0,0000000000000001123;0;0;0;0;0
1;0,7;-0,0000000000000001123;0;0;0;0;0
1;0,8;-0,0000000000000001123;0;0;0;0;0
1;0,9;-0,0000000000000001123;0;0;0;0;0
1;1;-0,0000000000000001123;0;0;0;0;0
1;1,1;-0,0000000000000001123;0;0;0;0;0
1;1,2;-0,0000000000000001123;0;0;0;0;0
1;1,3;-0,0000000000000001123;0;0;0;0;0
1;1,4;-0,0000000000000001123;0;0;0;0;0
1;1,5;-0,0000000000000001123;0;0;0;0;0
1;1,6;-0,0000000000000001123;0;0;0;0;0
1;1,7;-0,0000000000000001123;0;0;0;0;0
1;1,8;-0,0000000000000001123;0;0;0;0;0
1;1,9;-0,0000000000000001123;0;0;0;0;0
1;2;-0,0000000000000001123;0;0;0;0;0
1;2,1;-0,0000000000000001123;0;0;0;0;0
1;2,2;-0,0000000000000001123;0;0;0;0;0
1;2,3;-0,0000000000000001123;0;0;0;0;0
1;2,4;-0,0000000000000001123;0;0;0;0;0
1;2,5;-0,0000000000000001123;0;0;0;0;0
1;2,6;-0,0000000000000001123;0;0;0;0;0
1;2,7;-0,0000000000000001123;0;0;0;0;0
1;2,8;-0,0000000000000001123;0;0;0;0;0
1;2,9;-0,0000000000000001123;0;0;0;0;0
1;3;-0,0000000000000001123;0;0;0;0;0
1;3,1;-0,0000000000000001123;0;0;0;0;0
1;3,2;-0,0000000000000001123;0;0;0;0;0
1;3,3;-0,0000000000000001123;0;0;0;0;0
1;3,4;-0,0000000000000001123;0;0;0;0;0
1;3,5;-0,0000000000000001123;0;0;0;0;0
1;3,6;-0,0000000000000001123;0;0;0;0;0
1;3,7;-0,0000000000000001123;0;0;0;0;0
1;3,8;-0,0000000000000001123;0;0;0;0;0
1;3,9;-0,0000000000000001123;0;0;0;0;0
1;4;-0,0000000000000001123;0;0;0;0;0
1;4,1;-0,0000000000000001123;0;0;0;0;0
1;4,2;-0,0000000000000001123;0;0;0;0;0
1;4,3;-0,0000000000000001123;0;0;0;0;0
1;4,4;-0,0000000000000001123;0;0;0;0;0
1;4,5;-0,0000000000000001123;0;0;0;0;0
1;4,6;-0,0000000000000001123;0;0;0;0;0
1;4,7;-0,0000000000000001123;0;0;0;0;0
1;4,8;-0,0000000000000001123;0;0;0;0;0
1;4,9;-0,0000000000000001123;0;0;0;0;0
1;5;-0,0000000000000001123;0;0;0;0;0
1;5,1;-0,0000000000000001123;0;0;0;0;0
1;5,2;-0,0000000000000001123;0;0;0;0;0
1;5,3;-0,0000000000000001123;0;0;0;0;0
1;5,4;-0,0000000000000001123;0;0;0;0;0
1;5,5;-0,0000000000000001123;0;0;0;0;0
1;5,6;-0,0000000000000001123;0;0;0;0;0
1;5,7;-0,0000000000000001123;0;0;0;0;0
1;5,8;-0,0000000000000001123;0;0;0;0;0
1;5,9;-0,0000000000000001123;0;0;0;0;0
1;6;-0,0000000000000001123;0;0;0;0;0
1;6,1;-0,0000000000000001123;0;0;0;0;0
1;6,2;-0,0000000000000001123;0;0;0;0;0
1;6,3;-0,0000000000000001123;0;0;0;0;0
1;6,4;-0,0000000000000001123;0;0;0;0;0
1;6,5;-0,0000000000000001123;0;0;0;0;0
1;6,6;-0,0000000000000001123;0;0;0;0;0
1;6,7;-0,0000000000000001123;0;0;0;0;0
1;6,8;-0,0000000000000001123;0;0;0;0;0
1;6,9;-0,0000000000000001123;0;0;0;0;0
1;7;-0,0000000000000001123;0;0;0;0;0
1;7,1;-0,0000000000000001123;0;0;0;0;0
1;7,2;-0,0000000000000001123;0;0;0;0;0
1;7,3;-0,0000000000000001123;0;0;0;0;0
1;7,4;-0,0000000000000001123;0;0;0;0;0
1;7,5;-0,0000000000000001123;0;0;0;0;0
1;7,6;-0,0000000000000001123;0;0;0;0;0
1;7,7;-0,0000000000000001123;0;0;0;0;0
1;7,8;-0,0000000000000001123;0;0;0;0;0
1;7,9;-0,0000000000000001123;0;0;0;0;0
1;8;-0,0000000000000001123;0;0;0;0;0
1;8,1;-0,0000000000000001123;0;0;0;0;0
1;8,2;-0,0000000000000001123;0;0;0;0;0
1;8,3;-0,0000000000000001123;0;0;0;0;0
1;8,4;-0,0000000000000001123;0;0;0;0;0
1;8,5;-0,0000000000000001123;0;0;0;0;0
1;8,6;-0,0000000000000001123;0;0;0;0;0
1;8,7;-0,0000000000000001123;0;0;0;0;0
1;8,8;-0,0000000000000001123;0;0;0;0;0
1;8,9;-0,0000000000000001123;0;0;0;0;0
1;9;-0,0000000000000001123;0;0;0;0;0
1;9,1;-0,0000000000000001123;0;0;0;0;0
1;9,2;-0,0000000000000001123;0;0;0;0;0
1;9,3;-0,0000000000000001123;0;0;0;0;0
1;9,4;-0,0000000000000001123;0;0;0;0;0
1;9,5;-0,0000000000000001123;0;0;0;0;0
1;9,6;-0,0000000000000001123;0;0;0;0;0
1;9,7;-0,0000000000000001123;0;0;0;0;0
1;9,8;-0,0000000000000001123;0;0;0;0;0
1;9,9;-0,0000000000000001123;0;0;0;0;0
1;10;-0,0000000000000001123;0;0;0;0;0
1;10,1;-0,0000000000000001123;0;0;0;0;0
1;10,2;-0,0000000000000001123;0;0;0;0;0
1;10,3;-0,0000000000000001123;0;0;0;0;0
1;10,4;-0,0000000000000001123;0;0;0;0;0
1;10,5;-0,0000000000000001123;0;0;0;0;0
1;10,6;-0,0000000000000001123;0;0;0;0;0
1;10,7;-0,0000000000000001123;0;0;0;0;0
1;10,8;-0,0000000000000001123;0;0;0;0;0
1;10,9;-0,0000000000000001123;0;0;0;0;0
1;11;-0,0000000000000001123;0;0;0;0;0
1;11,1;-0,0000000000000001123;0;0;0;0;0
1;11,2;-0,0000000000000001123;0;0;0;0;0
1;11,3;-0,0000000000000001123;0;0;0;0;0
1;11,4;-0,0000000000000001123;0;0;0;0;0
1;11,5;-0,0000000000000001123;0;0;0;0;0
1;11,6;-0,0000000000000001123;0;0;0;0;0
1;11,7;-0,0000000000000001123;0;0;0;0;0
1;11,8;-0,0000000000000001123;0;0;0;0;0
1;11,9;-0,0000000000000001123;0;0;0;0;0
1;12;-0,0000000000000001123;0;0;0;0;0
1;12,1;-0,0000000000000001123;0;0;0;0;0
1;12,2;-0,0000000000000001123;0;0;0;0;0
1;12,3;-0,0000000000000001123;0;0;0;0;0
1;12,4;-0,0000000000000001123;0;0;0;0;0
1;12,5;-0,0000000000000001123;0;0;0;0;0
1;12,6;-0,0000000000000001123;0;0;0;0;0
1;12,7;-0,0000000000000001123;0;0;0;0;0
1;12,8;-0,0000000000000001123;0;0;0;0;0
1;12,9;-0,0000000000000001123;0;0;0;0;0
1;13;-0,0000000000000001123;0;0;0;0;0
1;13,1;-0,0000000000000001123;0;0;0;0;0
1;13,2;-0,0000000000000001123;0;0;0;0;0
1;13,3;-0,0000000000000001123;0;0;0;0;0
1;13,4;-0,0000000000000001123;0;0;0;0;0
1;13,5;-0,0000000000000001123;0;0;0;0;0
1;13,6;-0,0000000000000001123;0;0;0;0;0
1;13,7;-0,0000000000000001123;0;0;0;0;0
1;13,8;-0,0000000000000001123;0;0;0;0;0
1;13,9;-0,0000000000000001123;0;0;0;0;0
1;14;-0,0000000000000001123;0;0;0;0;0
1;14,1;-0,0000000000000001123;0;0;0;0;0
1;14,2;-0,0000000000000001123;0;0;0;0;0
1;14,3;-0,0000000000000001123;0;0;0;0;0
1;14,4;-0,0000000000000001123;0;0;0;0;0
1;14,5;-0,0000000000000001123;0;0;0;0;0
1;14,6;-0,0000000000000001123;0;0;0;0;0
1;14,7;-0,0000000000000001123;0;0;0;0;0
1;14,8;-0,0000000000000001123;0;0;0;0;0
1;14,9;-0,0000000000000001123;0;0;0;0;0
1;15;-0,0000000000000001123;0;0;0;0;0
1;15,1;-0,0000000000000001123;0;0;0;0;0
1;15,2;-0,0000000000000001123;0;0;0;0;0
1;15,3;-0,0000000000000001123;0;0;0;0;0
1;15,4;-0,0000000000000001123;0;0;0;0;0
1;15,5;-0,0000000000000001123;0;0;0;0;0
1;15,6;-0,0000000000000001123;0;0;0;0;0
1;15,7;-0,0000000000000001123;0;0;0;0;0
1;15,8;-0,0000000000000001123;0;0;0;0;0
1;15,9;-0,0000000000000001123;0;0;0;0;0
1;16;-0,0000000000000001123;0;0;0;0;0
1;16,1;-0,0000000000000001123;0;0;0;0;0
1;16,2;-0,0000000000000001123;0;0;0;0;0
1;16,3;-0,0000000000000001123;0;0;0;0;0
1;16,4;-0,0000000000000001123;0;0;0;0;0
1;16,5;-0,0000000000000001123;0;0;0;0;0
1;16,6;-0,0000000000000001123;0;0;0;0;0
1;16,7;-0,0000000000000001123;0;0;0;0;0
1;16,8;-0,0000000000000001123;0;0;0;0;0
1;16,9;-0,0000000000000001123;0;0;0;0;0
1;17;-0,0000000000000001123;0;0;0;0;0
1;17,1;-0,0000000000000001123;0;0;0;0;0
1;17,2;-0,0000000000000001123;0;0;0;0;0
1;17,3;-0,0000000000000001123;0;0;0;0;0
1;17,4;-0,0000000000000001123;0;0;0;0;0
1;17,5;-0,0000000000000001123;0;0;0;0;0
1;17,6;-0,0000000000000001123;0;0;0;0;0
1;17,7;-0,0000000000000001123;0;0;0;0;0
1;17,8;-0,0000000000000001123;0;0;0;0;0
1;17,9;-0,0000000000000001123;0;0;0;0;0
1;18;-0,0000000000000001123;0;0;0;0;0
1;18,1;-0,0000000000000001123;0;0;0;0;0
1;18,2;-0,0000000000000001123;0;0;0;0;0
1;18,3;-0,0000000000000001123;0;0;0;0;0
1;18,4;-0,0000000000000001123;0;0;0;0;0
1;18,5;-0,0000000000000001123;0;0;0;0;0
1;18,6;-0,0000000000000001123;0;0;0;0;0
1;18,7;-0,0000000000000001123;0;0;0;0;0
1;18,8;-0,0000000000000001123;0;0;0;0;0
1;18,9;-0,0000000000000001123;0;0;0;0;0
1;19;-0,0000000000000001123;0;0;0;0;0
1;19,1;-0,0000000000000001123;0;0;0;0;0
1;19,2;-0,0000000000000001123;0;0;0;0;0
1;19,3;-0,0000000000000001123;0;0;0;0;0
1;19,4;-0,0000000000000001123;0;0;0;0;0
1;19,5;-0,0000000000000001123;0;0;0;0;0
1;19,6;-0,0000000000000001123;0;0;0;0;0
1;19,7;-0,0000000000000001123;0;0;0;0;0
1;19,8;-0,0000000000000001123;0;0;0;0;0
1;19,9;-0,0000000000000001123;0;0;0;0;0
1;20;-0,0000000000000001123;0;0;0;0;0
1;20,1;-0,0000000000000001123;0;0;0;0;0
1;20,2;-0,0000000000000001123;0;0;0;0;0
1;20,3;-0,0000000000000001123;0;0;0;0;0
1;20,4;-0,0000000000000001123;0;0;0;0;0
1;20,5;-0,0000000000000001123;0;0;0;0;0
1;20,6;-0,0000000000000001123;0;0;0;0;0
1;20,7;-0,0000000000000001123;0;0;0;0;0
1;20,8;-0,0000000000000001123;0;0;0;0;0
1;20,9;-0,0000000000000001123;0;0;0;0;0
1;21;-0,0000000000000001123;0;0;0;0;0
1;21,1;-0,0000000000000001123;0;0;0;0;0
1;21,2;-0,0000000000000001123;0;0;0;0;0
1;21,3;-0,0000000000000001123;0;0;0;0;0
1;21,4;-0,0000000000000001123;0;0;0;0;0
1;21,5;-0,0000000000000001123;0;0;0;0;0
1;21,6;-0,0000000000000001123;0;0;0;0;0
1;21,7;-0,0000000000000001123;0;0;0;0;0
1;21,8;-0,0000000000000001123;0;0;0;0;0
1;21,9;-0,0000000000000001123;0;0;0;0;0
1;22;-0,0000000000000001123;0;0;0;0;0
1;22,1;-0,0000000000000001123;0;0;0;0;0
1;22,2;-0,0000000000000001123;0;0;0;0;0
1;22,3;-0,0000000000000001123;0;0;0;0;0
1;22,4;-0,0000000000000001123;0;0;0;0;0
1;22,5;-0,0000000000000001123;0;0;0;0;0
1;22,6;-0,0000000000000001123;0;0;0;0;0
1;22,7;-0,0000000000000001123;0;0;0;0;0
1;22,8;-0,0000000000000001123;0;0;0;0;0
1;22,9;-0,0000000000000001123;0;0;0;0;0
1;23;-0,0000000000000001123;0;0;0;0;0
1;23,1;-0,0000000000000001123;0;0;0;0;0
1;23,2;-0,0000000000000001123;0;0;0;0;0
1;23,3;-0,0000000000000001123;0;0;0;0;0
1;23,4;-0,0000000000000001123;0;0;0;0;0
1;23,5;-0,0000000000000001123;0;0;0;0;0
1;23,6;-0,0000000000000001123;0;0;0;0;0
1;23,7;-0,0000000000000001123;0;0;0;0;0
1;23,8;-0,0000000000000001123;0;0;0;0;0
1;23,9;-0,0000000000000001123;0;0;0;0;0
1;24;-0,0000000000000001123;0;0;0;0;0
1;24,1;-0,0000000000000001123;0;0;0;0;0
1;24,2;-0,0000000000000001123;0;0;0;0;0
1;24,3;-0,0000000000000001123;0;0;0;0;0
1;24,4;-0,0000000000000001123;0;0;0;0;0
1;24,5;-0,0000000000000001123;0;0;0;0;0
1;24,6;-0,0000000000000001123;0;0;0;0;0
1;24,7;-0,0000000000000001123;0;0;0;0;0
1;24,8;-0,0000000000000001123;0;0;0;0;0
1;24,9;-0,0000000000000001123;0;0;0;0;0
1;25;-0,0000000000000001123;0;0;0;0;0
1;25,1;-0,0000000000000001123;0;0;0;0;0
1;25,2;-0,0000000000000001123;0;0;0;0;0
1;25,3;-0,0000000000000001123;0;0;0;0;0
1;25,4;-0,0000000000000001123;0;0;0;0;0
1;25,5;-0,0000000000000001123;0;0;0;0;0
1;25,6;-0,0000000000000001123;0;0;0;0;0
1;25,7;-0,0000000000000001123;0;0;0;0;0
1;25,8;-0,0000000000000001123;0;0;0;0;0
1;25,9;-0,0000000000000001123;0;0;0;0;0
1;26;-0,0000000000000001123;0;0;0;0;0
1;26,1;-0,0000000000000001123;0;0;0;0;0
1;26,2;-0,0000000000000001123;0;0;0;0;0
1;26,3;-0,0000000000000001123;0;0;0;0;0
1;26,4;-0,0000000000000001123;0;0;0;0;0
1;26,5;-0,0000000000000001123;0;0;0;0;0
1;26,6;-0,0000000000000001123;0;0;0;0;0
1;26,7;-0,0000000000000001123;0;0;0;0;0
1;26,8;-0,0000000000000001123;0;0;0;0;0
1;26,9;-0,0000000000000001123;0;0;0;0;0
1;27;-0,0000000000000001123;0;0;0;0;0
1;27,1;-0,0000000000000001123;0;0;0;0;0
1;27,2;-0,0000000000000001123;0;0;0;0;0
1;27,3;-0,0000000000000001123;0;0;0;0;0
1;27,4;-0,0000000000000001123;0;0;0;0;0
1;27,5;-0,0000000000000001123;0;0;0;0;0
1;27,6;-0,0000000000000001123;0;0;0;0;0
1;27,7;-0,0000000000000001123;0;0;0;0;0
1;27,8;-0,0000000000000001123;0;0;0;0;0
1;27,9;-0,0000000000000001123;0;0;0;0;0
1;28;-0,0000000000000001123;0;0;0;0;0
1;28,1;-0,0000000000000001123;0;0;0;0;0
1;28,2;-0,0000000000000001123;0;0;0;0;0
1;28,3;-0,0000000000000001123;0;0;0;0;0
1;28,4;-0,0000000000000001123;0;0;0;0;0
1;28,5;-0,0000000000000001123;0;0;0;0;0
1;28,6;-0,0000000000000001123;0;0;0;0;0
1;28,7;-0,0000000000000001123;0;0;0;0;0
1;28,8;-0,0000000000000001123;0;0;0;0;0
1;28,9;-0,0000000000000001123;0;0;0;0;0
1;29;-0,0000000000000001123;0;0;0;0;0
1;29,1;-0,0000000000000001123;0;0;0;0;0
1;29,2;-0,0000000000000001123;0;0;0;0;0
1;29,3;-0,0000000000000001123;0;0;0;0;0
1;29,4;-0,0000000000000001123;0;0;0;0;0
1;29,5;-0,0000000000000001123;0;0;0;0;0
1;29,6;-0,0000000000000001123;0;0;0;0;0
1;29,7;-0,0000000000000001123;0;0;0;0;0
1;29,8;-0,0000000000000001123;0;0;0;0;0
1;29,9;-0,0000000000000001123;0;0;0;0;0
1;30;-0,0000000000000001123;0;0;0;0;0
1;30,1;-0,0000000000000001123;0;0;0;0;0
1;30,2;-0,0000000000000001123;0;0;0;0;0
1;30,3;-0,0000000000000001123;0;0;0;0;0
1;30,4;-0,0000000000000001123;0;0;0;0;0
1;30,5;-0,0000000000000001123;0;0;0;0;0
1;30,6;-0,0000000000000001123;0;0;0;0;0
1;30,7;-0,0000000000000001123;0;0;0;0;0
1;30,8;-0,0000000000000001123;0;0;0;0;0
1;30,9;-0,0000000000000001123;0;0;0;0;0
1;31;-0,0000000000000001123;0;0;0;0;0
1;31,1;-0,0000000000000001123;0;0;0;0;0
1;31,2;-0,0000000000000001123;0;0;0;0;0
1;31,3;-0,0000000000000001123;0;0;0;0;0
1;31,4;-0,0000000000000001123;0;0;0;0;0
1;31,5;-0,0000000000000001123;0;0;0;0;0
1;31,6;-0,0000000000000001123;0;0;0;0;0
1;31,7;-0,0000000000000001123;0;0;0;0;0
1;31,8;-0,0000000000000001123;0;0;0;0;0
1;31,9;-0,0000000000000001123;0;0;0;0;0
1;32;-0,0000000000000001123;0;0;0;0;0
1;32,1;-0,0000000000000001123;0;0;0;0;0
1;32,2;-0,0000000000000001123;0;0;0;0;0
1;32,3;-0,0000000000000001123;0;0;0;0;0
1;32,4;-0,0000000000000001123;0;0;0;0;0
1;32,5;-0,0000000000000001123;0;0;0;0;0
1;32,6;-0,0000000000000001123;0;0;0;0;0
1;32,7;-0,0000000000000001123;0;0;0;0;0
1;32,8;-0,0000000000000001123;0;0;0;0;0
1;32,9;-0,0000000000000001123;0;0;0;0;0
1;33;-0,0000000000000001123;0;0;0;0;0
1;33,1;-0,0000000000000001123;0;0;0;0;0
1;33,2;-0,0000000000000001123;0;0;0;0;0
1;33,3;-0,0000000000000001123;0;0;0;0;0
1;33,4;-0,0000000000000001123;0;0;0;0;0
1;33,5;-0,0000000000000001123;0;0;0;0;0
1;33,6;-0,0000000000000001123;0;0;0;0;0
1;33,7;-0,0000000000000001123;0;0;0;0;0
1;33,8;-0,0000000000000001123;0;0;0;0;0
1;33,9;-0,0000000000000001123;0;0;0;0;0
1;34;-0,0000000000000001123;0;0;0;0;0
1;34,1;-0,0000000000000001123;0;0;0;0;0
1;34,2;-0,0000000000000001123;0;0;0;0;0
1;34,3;-0,0000000000000001123;0;0;0;0;0
1;34,4;-0,0000000000000001123;0;0;0;0;0
1;34,5;-0,0000000000000001123;0;0;0;0;0
1;34,6;-0,0000000000000001123;0;0;0;0;0
1;34,7;-0,0000000000000001123;0;0;0;0;0
1;34,8;-0,0000000000000001123;0;0;0;0;0
1;34,9;-0,0000000000000001123;0;0;0;0;0
1;35;-0,0000000000000001123;0;0;0;0;0
1;35,1;-0,0000000000000001123;0;0;0;0;0
1;35,2;-0,0000000000000001123;0;0;0;0;0
1;35,3;-0,0000000000000001123;0;0;0;0;0
1;35,4;-0,0000000000000001123;0;0;0;0;0
1;35,5;-0,0000000000000001123;0;0;0;0;0
1;35,6;-0,0000000000000001123;0;0;0;0;0
1;35,7;-0,0000000000000001123;0;0;0;0;0
1;35,8;-0,0000000000000001123;0;0;0;0;0
1;35,9;-0,0000000000000001123;0;0;0;0;0
1;36;-0,0000000000000001123;0;0;0;0;0
1;36,1;-0,0000000000000001123;0;0;0;0;0
1;36,2;-0,0000000000000001123;0;0;0;0;0
1;36,3;-0,0000000000000001123;0;0;0;0;0
1;36,4;-0,0000000000000001123;0;0;0;0;0
1;36,5;-0,0000000000000001123;0;0;0;0;0
1;36,6;-0,0000000000000001123;0;0;0;0;0
1;36,7;-0,0000000000000001123;0;0;0;0;0
1;36,8;-0,0000000000000001123;0;0;0;0;0
1;36,9;-0,0000000000000001123;0;0;0;0;0
1;37;-0,0000000000000001123;0;0;0;0;0
1;37,1;-0,0000000000000001123;0;0;0;0;0
1;37,2;-0,0000000000000001123;0;0;0;0;0
1;37,3;-0,0000000000000001123;0;0;0;0;0
1;37,4;-0,0000000000000001123;0;0;0;0;0
1;37,5;-0,0000000000000001123;0;0;0;0;0
1;37,6;-0,0000000000000001123;0;0;0;0;0
1;37,7;-0,0000000000000001123;0;0;0;0;0
1;37,8;-0,0000000000000001123;0;0;0;0;0
1;37,9;-0,0000000000000001123;0;0;0;0;0
1;38;-0,0000000000000001123;0;0;0;0;0
1;38,1;-0,0000000000000001123;0;0;0;0;0
1;38,2;-0,0000000000000001123;0;0;0;0;0
1;38,3;-0,0000000000000001123;0;0;0;0;0
1;38,4;-0,0000000000000001123;0;0;0;0;0
1;38,5;-0,0000000000000001123;0;0;0;0;0
1;38,6;-0,0000000000000001123;0;0;0;0;0
1;38,7;-0,0000000000000001123;0;0;0;0;0
1;38,8;-0,0000000000000001123;0;0;0;0;0
1;38,9;-0,0000000000000001123;0;0;0;0;0
1;39;-0,0000000000000001123;0;0;0;0;0
1;39,1;-0,0000000000000001123;0;0;0;0;0
1;39,2;-0,0000000000000001123;0;0;0;0;0
1;39,3;-0,0000000000000001123;0;0;0;0;0
1;39,4;-0,0000000000000001123;0;0;0;0;0
1;39,5;-0,0000000000000001123;0;0;0;0;0
1;39,6;-0,0000000000000001123;0;0;0;0;0
1;39,7;-0,0000000000000001123;0;0;0;0;0
1;39,8;-0,0000000000000001123;0;0;0;0;0
1;39,9;-0,0000000000000001123;0;0;0;0;0
1;40;-0,0000000000000001123;0;0;0;0;0
2;0;0;0;0;0;0;0
2;0,1;0,984;-0,0000000000019;-0,00003101;0,00000004787;-0,0002063;0,00000000001499
2;0,2;0,9358;0,000000000007732;0,00006526;0,0000001108;0,000436;-0,00000000004355
2;0,3;0,3549;-0,00000000001175;0,0001145;0,0000001243;0,0007643;0,000000000056
2;0,4;0,0974;0,00000000001012;0,00003241;0,00000004533;0,0002164;-0,00000000004077
2;0,5;-0,0454;-0,000000000005681;-0,00007618;-0,00000007869;-0,0005085;0,00000000001456
2;0,6;-0,7925;0,00000000000396;-0,00008186;-0,0000001231;-0,0005467;-0,000000000004072
2;0,7;-0,5683;0,000000000001085;-0,00004339;-0,00000008787;-0,00029;-0,0000000000301
2;0,8;0,3417;-0,00000000000433;0,000001335;0,00000002113;0,000009072;0,00000000004329
2;0,9;0,5065;0,000000000004341;0,00007137;0,0000001189;0,0004768;-0,00000000003458
2;1;0,3895;-0,000000000006497;0,00008995;0,00000009648;0,0006004;0,00000000003783
2;1,1;0,2133;0,000000000006445;0,00001349;0,00000002078;0,0000901;-0,00000000002337
2;1,2;-0,3074;-0,000000000004034;-0,00006056;-0,00000005689;-0,0004042;0,0000000000004659
2;1,3;-0,6085;0,000000000003484;-0,00006819;-0,0000001172;-0,0004555;0,000000000003747
2;1,4;-0,3356;0,000000000002634;-0,00004046;-0,00000006951;-0,0002703;-0,0000000000218
2;1,5;0,1913;-0,000000000003085;0,000009725;0,00000003962;0,00006515;0,00000000001497
2;1,6;0,4835;-0,000000000002327;0,00006769;0,00000008965;0,000452;0,00000000001392
2;1,7;0,3606;0,000000000002236;0,00006923;0,00000008099;0,0004622;-0,00000000001378
2;1,8;0,0907;-0,000000000004341;0,00000474;0,00000002145;0,00003177;0,00000000002717
2;1,9;-0,2589;0,000000000004835;-0,00005072;-0,00000006704;-0,0003387;-0,00000000003335
2;2;-0,5292;-0,0000000000007341;-0,00005831;-0,00000009585;-0,0003895;0,0000000000109
2;2,1;-0,2602;-0,0000000000008412;-0,00003409;-0,0000000456;-0,0002276;0,000000000004933
2;2,2;0,231;-0,0000000000009726;0,00001515;0,00000003019;0,0001013;-0,00000000001266
2;2,3;0,3701;0,000000000000254;0,00006143;0,00000008167;0,0004102;0,00000000002513
2;2,4;0,3056;0,000000000001681;0,00005306;0,00000006975;0,0003543;-0,00000000003125
2;2,5;0,0915;-0,000000000007286;-0,0000006393;0,00000000581;-0,000004215;0,00000000005761
2;2,6;-0,3049;0,000000000009565;-0,00004287;-0,00000005837;-0,0002862;-0,00000000006421
2;2,7;-0,4311;-0,000000000003653;-0,00005066;-0,00000007948;-0,0003383;0,00000000002735
2;2,8;-0,1488;0,000000000001826;-0,00002731;-0,00000003678;-0,0001824;-0,000000000007145
2;2,9;0,1687;-0,0000000000009139;0,00001924;0,00000003378;0,0001285;-0,00000000001
2;3;0,3281;-0,000000000002577;0,00005343;0,00000006982;0,0003568;0,00000000003294
2;3,1;0,2819;0,000000000002085;0,00004055;0,00000005491;0,0002708;-0,00000000002954
2;3,2;0,0165;-0,00000000000204;-0,000003161;0,00000000239;-0,00002106;0,00000000002679
2;3,3;-0,2762;0,000000000003583;-0,00003757;-0,0000000553;-0,0002509;-0,00000000002992
2;3,4;-0,3385;-0,000000000001039;-0,00004387;-0,00000006667;-0,000293;0,00000000001197
2;3,5;-0,1197;-0,000000000001137;-0,00002022;-0,00000002413;-0,000135;0,000000000008683
2;3,6;0,1643;0,0000000000008445;0,0000208;0,00000003052;0,0001389;-0,00000000001714
2;3,7;0,2896;-0,000000000001;0,0000456;0,0000000604;0,0003045;0,0000000000173
2;3,8;0,2219;0,000000000000343;0,00003142;0,00000004584;0,0002098;-0,00000000001199
2;3,9;-0,0054;-0,000000000001576;-0,000005044;-0,000000004637;-0,00003367;0,00000000001781
2;4;-0,2539;0,000000000002746;-0,00003336;-0,00000004943;-0,0002228;-0,00000000002168
2;4,1;-0,279;-0,0000000000002438;-0,00003736;-0,00000005391;-0,0002495;0,00000000000365
2;4,2;-0,074;-0,0000000000004127;-0,00001427;-0,00000001799;-0,00009529;0,000000000004308
2;4,3;0,1453;0,00000000000078;0,000021;0,00000002969;0,0001402;-0,000000000008023
2;4,4;0,2509;-0,000000000001521;0,00003855;0,00000005261;0,0002575;0,00000000001392
2;4,5;0,1857;-0,0000000000001915;0,00002432;0,00000003539;0,0001624;-0,00000000000565
2;4,6;-0,0356;0,0000000000001475;-0,000006263;-0,000000007479;-0,00004181;0,000000000004888
2;4,7;-0,2256;0,0000000000004604;-0,00002978;-0,00000004383;-0,0001989;-0,000000000008144
2;4,8;-0,22;0,000000000001036;-0,00003143;-0,00000004486;-0,0002099;0,000000000002898
2;4,9;-0,0539;-0,000000000001892;-0,000009305;-0,00000001141;-0,00006212;0,0000000000009692
2;5;0,1358;0,000000000003669;0,00002018;0,00000002783;0,0001347;-0,00000000001292
2;5,1;0,2216;-0,000000000004619;0,00003241;0,00000004475;0,0002164;0,00000000002014
2;5,2;0,1413;0,000000000002012;0,00001889;0,00000002806;0,0001262;-0,000000000008977
2;5,3;-0,0484;-0,0000000000007194;-0,000007209;-0,00000001003;-0,00004814;0,00000000000606
2;5,4;-0,1956;-0,00000000000006629;-0,00002654;-0,00000003878;-0,0001773;-0,000000000004584
2;5,5;-0,181;0,000000000003309;-0,00002598;-0,00000003626;-0,0001735;-0,000000000008275
2;5,6;-0,0319;-0,000000000004443;-0,000005515;-0,000000007131;-0,00003683;0,00000000001149
2;5,7;0,1269;0,000000000004456;0,00001883;0,00000002589;0,0001257;-0,00000000001357
2;5,8;0,1886;-0,00000000000487;0,00002722;0,00000003838;0,0001818;0,00000000001838
2;5,9;0,1095;0,000000000002816;0,00001453;0,00000002125;0,00009701;-0,00000000001178
2;6;-0,0567;-0,000000000001911;-0,000007835;-0,00000001127;-0,00005233;0,00000000001079
2;6,1;-0,1708;0,000000000002146;-0,00002347;-0,00000003373;-0,0001568;-0,00000000001449
2;6,2;-0,1451;0,0000000000003504;-0,00002123;-0,00000002967;-0,0001418;0,000000000006082
2;6,3;-0,0168;-0,0000000000006355;-0,000002665;-0,000000003508;-0,00001779;-0,000000000005535
2;6,4;0,1168;0,000000000000006206;0,00001725;0,00000002395;0,0001152;0,000000000004983
2;6,5;0,1617;-0,000000000001661;0,00002281;0,00000003229;0,0001523;0,000000000005083
2;6,6;0,0809;0,000000000001923;0,00001102;0,00000001604;0,00007358;-0,000000000009326
2;6,7;-0,06;-0,000000000002363;-0,000008172;-0,00000001182;-0,00005458;0,00000000001494
2;6,8;-0,1466;0,000000000002911;-0,0000206;-0,00000002942;-0,0001376;-0,00000000001777
2;6,9;-0,1179;-0,000000000001162;-0,00001712;-0,00000002386;-0,0001143;0,000000000006648
2;7;-0,0042;0,0000000000006059;-0,0000006006;-0,0000000008437;-0,000004011;-0,000000000004231
2;7,1;0,1077;-0,0000000000008919;0,00001561;0,00000002177;0,0001042;0,000000000005408
2;7,2;0,1354;-0,0000000000006966;0,00001907;0,00000002718;0,0001274;0,000000000004481
2;7,3;0,0591;0,0000000000008757;0,000008163;0,00000001173;0,00005451;-0,000000000005479
2;7,4;-0,0599;-0,0000000000012;-0,000008248;-0,00000001192;-0,00005508;0,000000000006591
2;7,5;-0,1266;0,000000000002044;-0,00001791;-0,00000002536;-0,0001196;-0,000000000008983
2;7,6;-0,0944;-0,0000000000002348;-0,00001367;-0,00000001915;-0,00009127;-0,000000000001277
2;7,7;0,0054;-0,0000000000003959;0,0000008618;0,000000001128;0,000005754;0,000000000005631
2;7,8;0,0973;0,0000000000006097;0,000014;0,0000000197;0,00009349;-0,000000000007388
2;7,9;0,1132;-0,000000000001932;0,00001588;0,00000002261;0,000106;0,00000000001228
2;8;0,0416;0,000000000001202;0,000005854;0,000000008329;0,0000391;-0,000000000004766
2;8,1;-0,0584;-0,0000000000002304;-0,000008093;-0,00000001159;-0,00005405;-0,000000000002018
2;8,2;-0,1084;0,0000000000002076;-0,00001545;-0,00000002184;-0,0001032;0,000000000002138
2;8,3;-0,0752;-0,0000000000001188;-0,00001079;-0,00000001517;-0,00007207;-0,000000000004148
2;8,4;0,0123;0,0000000000003742;0,000001868;0,000000002561;0,00001248;0,000000000001787
2;8,5;0,0875;-0,0000000000002919;0,00001246;0,00000001759;0,00008322;0,000000000000065
2;8,6;0,0935;-0,0000000000007718;0,00001316;0,00000001873;0,00008788;0,000000000004602
2;8,7;0,0281;0,00000000000112;0,000004007;0,00000000566;0,00002676;-0,000000000005283
2;8,8;-0,0553;-0,0000000000009861;-0,000007767;-0,00000001108;-0,00005187;0,000000000004747
2;8,9;-0,0927;0,00000000000108;-0,00001323;-0,00000001866;-0,00008832;-0,000000000005173
2;9;-0,0591;-0,00000000000005706;-0,000008427;-0,00000001189;-0,00005627;0,0000000000002907
2;9,1;0,0173;-0,0000000000004031;0,00000253;0,00000000351;0,0000169;0,000000000000723
2;9,2;0,0777;-0,00000000000008862;0,00001102;0,00000001561;0,00007362;0,000000000001762
2;9,3;0,0768;-0,0000000000002536;0,00001084;0,0000000154;0,00007237;0,000000000001898
2;9,4;0,0177;0,00000000000004551;0,000002548;0,000000003573;0,00001702;-0,000000000003032
2;9,5;-0,0518;0,000000000000168;-0,000007313;-0,00000001038;-0,00004884;0,000000000001874
2;9,6;-0,0789;0,0000000000003253;-0,00001125;-0,00000001588;-0,00007512;-0,00000000000268
2;9,7;-0,0457;-0,0000000000003405;-0,000006494;-0,000000009191;-0,00004337;0,000000000001845
2;9,8;0,0203;0,0000000000003243;0,000002935;0,000000004118;0,0000196;-0,0000000000004975
2;9,9;0,0684;-0,0000000000002919;0,000009691;0,00000001374;0,00006471;-0,0000000000009765
2;10;0,0626;-0,000000000000366;0,00000886;0,00000001257;0,00005917;0,000000000003506
2;10,1;0,0097;0,0000000000005954;0,000001419;0,000000001981;0,000009473;-0,000000000004189
2;10,2;-0,0478;-0,0000000000005972;-0,000006781;-0,000000009608;-0,00004528;0,000000000004261
2;10,3;-0,0667;0,0000000000007889;-0,000009507;-0,00000001343;-0,00006348;-0,00000000000408
2;10,4;-0,0348;-0,0000000000000007903;-0,000004926;-0,000000006981;-0,00003289;-0,0000000000005814
2;10,5;0,022;-0,0000000000006385;0,000003147;0,000000004434;0,00002102;0,000000000004679
2;10,6;0,0598;0,0000000000005723;0,000008467;0,00000001201;0,00005654;-0,000000000005709
2;10,7;0,0507;-0,0000000000008279;0,000007188;0,00000001018;0,000048;0,000000000007584
2;10,8;0,0038;0,0000000000005626;0,0000005593;0,0000000007716;0,000003735;-0,000000000005801
2;10,9;-0,0437;0,00000000000003296;-0,000006206;-0,000000008781;-0,00004144;0,000000000002052
2;11;-0,0562;-0,00000000000005943;-0,000007988;-0,00000001129;-0,00005334;-0,00000000000107
2;11,1;-0,0259;0,0000000000001797;-0,000003661;-0,000000005195;-0,00002445;-0,00000000000155
2;11,2;0,0226;-0,00000000000001977;0,000003215;0,000000004546;0,00002147;0,00000000000121
2;11,3;0,0519;-0,0000000000002325;0,000007353;0,00000001042;0,00004911;0,0000000000006023
2;11,4;0,0407;-0,0000000000002542;0,000005778;0,000000008179;0,00003859;0,000000000002864
2;11,5;-0,000638;0,0000000000003151;-0,00000007671;-0,000000000119;-0,0000005124;-0,000000000003945
2;11,6;-0,0395;-0,0000000000001017;-0,000005619;-0,000000007947;-0,00003752;0,000000000002987
2;11,7;-0,047;0,0000000000002727;-0,000006671;-0,000000009439;-0,00004455;-0,000000000003095
2;11,8;-0,0187;-0,0000000000001506;-0,000002649;-0,000000003758;-0,00001769;0,000000000001263
2;11,9;0,0224;-0,0000000000001123;0,000003178;0,000000004498;0,00002122;0,000000000001417
2;12;0,0448;0,00000000000008038;0,000006347;0,000000008994;0,00004239;-0,000000000002599
2;12,1;0,0324;-0,00000000000007657;0,000004601;0,00000000651;0,00003073;0,00000000000278
2;12,2;-0,0038;-0,0000000000003033;-0,0000005346;-0,0000000007614;-0,00000357;-0,0000000000003489
2;12,3;-0,0354;0,0000000000006343;-0,000005038;-0,000000007127;-0,00003364;-0,000000000001891
2;12,4;-0,039;-0,0000000000004607;-0,000005539;-0,00000000784;-0,00003699;0,000000000001736
2;12,5;-0,013;0,0000000000003281;-0,000001845;-0,000000002619;-0,00001232;-0,0000000000009355
2;12,6;0,0216;-0,00000000000009036;0,000003064;0,000000004341;0,00002046;0,0000000000001498
2;12,7;0,0384;-0,0000000000002325;0,000005447;0,000000007715;0,00003637;0,0000000000001728
2;12,8;0,0255;0,0000000000003601;0,000003622;0,000000005125;0,00002419;-0,0000000000007077
2;12,9;-0,006;-0,0000000000005464;-0,0000008495;-0,000000001204;-0,000005673;0,000000000001943
2;13;-0,0315;0,0000000000006215;-0,00000448;-0,000000006339;-0,00002992;-0,000000000002028
2;13,1;-0,0322;-0,0000000000002805;-0,000004569;-0,00000000647;-0,00003051;0,0000000000004106
2;13,2;-0,0086;0,0000000000001211;-0,000001215;-0,000000001722;-0,000008114;-0,00000000000009643
2;13,3;0,0204;-0,000000000000144;0,0000029;0,000000004107;0,00001937;0,000000000000009197
2;13,4;0,0327;-0,00000000000002526;0,000004646;0,000000006579;0,00003103;0,0000000000008445
2;13,5;0,0198;0,00000000000001903;0,000002816;0,000000003984;0,00001881;-0,0000000000004508
2;13,6;-0,0074;-0,0000000000001307;-0,000001054;-0,000000001491;-0,000007038;0,000000000000974
2;13,7;-0,0278;0,0000000000003292;-0,000003954;-0,000000005596;-0,0000264;-0,000000000001647
2;13,8;-0,0264;-0,0000000000002622;-0,000003744;-0,000000005301;-0,000025;0,0000000000009239
2;13,9;-0,0051;0,0000000000004134;-0,0000007253;-0,000000001028;-0,000004844;-0,000000000001347
2;14;0,019;-0,0000000000004128;0,000002701;0,000000003826;0,00001804;0,000000000001498
2;14,1;0,0278;0,00000000000007003;0,00000394;0,000000005578;0,00002631;-0,000000000000137
2;14,2;0,0152;-0,00000000000003662;0,000002156;0,000000003051;0,0000144;-0,0000000000001365
2;14,3;-0,0082;-0,0000000000001313;-0,000001172;-0,000000001658;-0,000007824;0,000000000001089
2;14,4;-0,0244;0,0000000000004018;-0,000003466;-0,000000004905;-0,00002314;-0,000000000002276
2;14,5;-0,0215;-0,0000000000003456;-0,000003045;-0,000000004312;-0,00002033;0,000000000002054
2;14,6;-0,0025;0,000000000000205;-0,0000003521;-0,0000000004984;-0,000002352;-0,000000000001619
2;14,7;0,0175;-0,00000000000007874;0,000002484;0,000000003518;0,00001659;0,000000000001425
2;14,8;0,0234;-0,00000000000004618;0,000003322;0,000000004702;0,00002218;-0,0000000000009735
2;14,9;0,0114;-0,000000000000129;0,00000162;0,000000002293;0,00001082;0,000000000001391
2;15;-0,0086;0,0000000000002725;-0,000001225;-0,000000001733;-0,000008181;-0,000000000001078
2;15,1;-0,0213;-0,000000000000122;-0,000003018;-0,000000004272;-0,00002015;-0,0000000000005092
2;15,2;-0,0173;0,00000000000006706;-0,000002457;-0,000000003479;-0,00001641;0,000000000001252
2;15,3;-0,0005072;0,00000000000006877;-0,00000007208;-0,000000000102;-0,0000004813;-0,000000000002263
2;15,4;0,0159;-0,0000000000002667;0,000002259;0,000000003198;0,00001508;0,000000000002748
2;15,5;0,0196;0,0000000000001844;0,000002784;0,000000003941;0,00001859;-0,00000000000149
2;15,6;0,0084;-0,0000000000001382;0,000001188;0,000000001682;0,000007935;0,0000000000004599
2;15,7;-0,0087;-0,00000000000000058;-0,000001229;-0,00000000174;-0,000008209;0,000000000000565
2;15,8;-0,0184;0,0000000000001832;-0,000002612;-0,000000003697;-0,00001744;-0,000000000001336
2;15,9;-0,0138;-0,00000000000002539;-0,000001964;-0,000000002782;-0,00001312;0,0000000000005555
2;16;0,0009316;-0,00000000000009005;0,0000001317;0,000000000187;0,0000008795;0,000000000000181
2;16,1;0,0143;0,0000000000001188;0,000002034;0,00000000288;0,00001359;-0,0000000000005572
2;16,2;0,0163;-0,0000000000002004;0,000002318;0,000000003282;0,00001548;0,0000000000009184
2;16,3;0,0059;-0,000000000000006786;0,0000008443;0,000000001195;0,000005638;0,0000000000005442
2;16,4;-0,0084;0,0000000000001571;-0,000001199;-0,000000001697;-0,000008009;-0,000000000001481
2;16,5;-0,0158;-0,0000000000001107;-0,000002246;-0,00000000318;-0,000015;0,000000000001112
2;16,6;-0,011;0,0000000000001437;-0,000001555;-0,000000002202;-0,00001039;-0,000000000001213
2;16,7;0,0019;-0,00000000000004687;0,000000276;0,0000000003907;0,000001843;0,0000000000006707
2;16,8;0,0128;-0,00000000000009417;0,000001816;0,000000002571;0,00001213;0,0000000000002158
2;16,9;0,0135;0,00000000000009389;0,000001919;0,000000002717;0,00001282;-0,0000000000005798
2;17;0,004;-0,0000000000002465;0,000000572;0,0000000008101;0,00000382;0,000000000001915
2;17,1;-0,0081;0,0000000000002807;-0,000001144;-0,00000000162;-0,00000764;-0,000000000002512
2;17,2;-0,0135;-0,0000000000001099;-0,000001921;-0,00000000272;-0,00001283;0,000000000001657
2;17,3;-0,0086;0,00000000000002685;-0,000001216;-0,000000001722;-0,000008122;-0,000000000001004
2;17,4;0,0026;0,00000000000007875;0,000000372;0,0000000005271;0,000002485;0,00000000000002779
2;17,5;0,0113;-0,0000000000002093;0,000001609;0,000000002277;0,00001074;0,000000000001206
2;17,6;0,0111;0,0000000000001892;0,000001577;0,000000002233;0,00001053;-0,000000000001488
2;17,7;0,0025;-0,0000000000001694;0,0000003603;0,0000000005099;0,000002406;0,000000000001599
2;17,8;-0,0076;0,0000000000001008;-0,000001073;-0,000000001519;-0,000007168;-0,000000000001306
2;17,9;-0,0115;0,00000000000001122;-0,000001633;-0,000000002313;-0,00001091;0,0000000000006758
2;18;-0,0066;-0,000000000000004723;-0,0000009385;-0,000000001328;-0,000006268;-0,0000000000003211
2;18,1;0,003;-0,0000000000000004224;0,0000004319;0,0000000006112;0,000002884;-0,00000000000002335
2;18,2;0,01;-0,0000000000001007;0,000001414;0,000000002003;0,000009445;0,0000000000007252
2;18,3;0,0091;0,00000000000008791;0,000001288;0,000000001823;0,000008601;-0,0000000000008631
2;18,4;0,0014;-0,00000000000008878;0,0000001968;0,0000000002789;0,000001314;0,000000000001006
2;18,5;-0,007;0,0000000000001219;-0,0000009923;-0,000000001405;-0,000006627;-0,000000000001039
2;18,6;-0,0097;-0,00000000000009481;-0,000001381;-0,000000001955;-0,000009222;0,0000000000007908
2;18,7;-0,005;0,0000000000000875;-0,0000007116;-0,000000001008;-0,000004752;-0,0000000000007231
2;18,8;0,0033;-0,00000000000004715;0,0000004626;0,0000000006552;0,000003089;0,0000000000004927
2;18,9;0,0087;-0,00000000000006417;0,000001236;0,000000001749;0,000008253;0,0000000000001287
2;19;0,0073;0,00000000000006908;0,000001043;0,000000001477;0,000006964;-0,0000000000003629
2;19,1;0,00052;-0,0000000000001309;0,00000007393;0,0000000001045;0,0000004937;0,0000000000009314
2;19,2;-0,0064;0,0000000000001652;-0,0000009071;-0,000000001284;-0,000006058;-0,000000000001108
2;19,3;-0,0082;-0,00000000000007371;-0,00000116;-0,000000001643;-0,000007747;0,0000000000006139
2;19,4;-0,0037;0,00000000000007672;-0,0000005287;-0,0000000007482;-0,000003531;-0,0000000000005541
2;19,5;0,0033;-0,00000000000009306;0,0000004727;0,000000000669;0,000003157;0,0000000000005116
2;19,6;0,0076;-0,00000000000001457;0,000001072;0,000000001518;0,00000716;0,00000000000008654
2;19,7;0,0059;0,00000000000008174;0,0000008377;0,000000001186;0,000005594;-0,0000000000004601
2;19,8;-0,0001217;-0,0000000000001543;-0,00000001746;-0,00000000002447;-0,0000001166;0,0000000000009747
2;19,9;-0,0058;0,0000000000001736;-0,0000008201;-0,000000001161;-0,000005477;-0,000000000001075
2;20;-0,0068;-0,0000000000001199;-0,0000009694;-0,000000001372;-0,000006474;0,0000000000007325
2;20,1;-0,0027;0,0000000000001017;-0,0000003815;-0,0000000005403;-0,000002547;-0,0000000000006019
2;20,2;0,0033;-0,00000000000007951;0,0000004665;0,0000000006607;0,000003115;0,0000000000002677
2;20,3;0,0065;-0,00000000000001707;0,0000009253;0,00000000131;0,000006179;0,0000000000004381
2;20,4;0,0047;0,00000000000002007;0,000000666;0,0000000009431;0,000004448;-0,0000000000005317
2;20,5;-0,0005819;-0,00000000000002518;-0,00000008244;-0,0000000001169;-0,0000005505;0,0000000000005311
2;20,6;-0,0052;0,00000000000004019;-0,0000007353;-0,000000001041;-0,000004911;-0,0000000000004697
2;20,7;-0,0057;-0,0000000000000281;-0,0000008044;-0,000000001139;-0,000005372;0,0000000000003439
2;20,8;-0,0019;0,0000000000001042;-0,0000002652;-0,0000000003752;-0,000001771;-0,0000000000007318
2;20,9;0,0032;-0,0000000000001788;0,0000004498;0,0000000006365;0,000003004;0,000000000001172
2;21;0,0056;0,0000000000001008;0,0000007931;0,000000001123;0,000005297;-0,0000000000006245
2;21,1;0,0037;-0,00000000000004153;0,0000005242;0,0000000007419;0,000003501;0,00000000000001643
2;21,2;-0,0008984;-0,00000000000005681;-0,0000001277;-0,0000000001805;-0,0000008527;0,0000000000007235
2;21,3;-0,0046;0,0000000000001294;-0,0000006534;-0,0000000009252;-0,000004363;-0,000000000001105
2;21,4;-0,0047;-0,0000000000001033;-0,0000006638;-0,0000000009395;-0,000004433;0,0000000000009814
2;21,5;-0,0012;0,0000000000001037;-0,0000001734;-0,0000000002457;-0,000001158;-0,0000000000009066
2;21,6;0,003;-0,00000000000009397;0,0000004248;0,0000000006016;0,000002837;0,0000000000007379
2;21,7;0,0048;0,0000000000000003072;0,0000006765;0,0000000009574;0,000004517;-0,000000000000122
2;21,8;0,0029;0,00000000000002637;0,0000004069;0,0000000005762;0,000002717;-0,000000000000215
2;21,9;-0,0011;-0,00000000000008226;-0,0000001563;-0,0000000002215;-0,000001044;0,0000000000007165
2;22;-0,0041;0,00000000000009813;-0,0000005768;-0,0000000008163;-0,000003852;-0,000000000000834
2;22,1;-0,0038;-0,0000000000000472;-0,0000005434;-0,0000000007695;-0,000003629;0,000000000000556
2;22,2;-0,0007234;0,000000000000003478;-0,0000001028;-0,0000000001454;-0,0000006867;-0,000000000000283
2;22,3;0,0028;0,00000000000001851;0,0000003956;0,0000000005598;0,000002642;0,00000000000006706
2;22,4;0,004;-0,00000000000006627;0,0000005731;0,0000000008115;0,000003827;0,00000000000028
2;22,5;0,0022;0,00000000000007465;0,0000003115;0,0000000004407;0,00000208;-0,0000000000004154
2;22,6;-0,0012;-0,0000000000000844;-0,0000001733;-0,0000000002451;-0,000001157;0,000000000000626
2;22,7;-0,0036;0,00000000000006092;-0,0000005051;-0,0000000007152;-0,000003373;-0,0000000000005583
2;22,8;-0,0031;-0,000000000000008625;-0,000000442;-0,0000000006255;-0,000002952;0,0000000000002671
2;22,9;-0,0003429;-0,00000000000003003;-0,00000004852;-0,0000000000689;-0,000000324;-0,00000000000001978
2;23;0,0026;0,00000000000004867;0,0000003632;0,0000000005143;0,000002425;-0,0000000000001249
2;23,1;0,0034;-0,00000000000009337;0,0000004832;0,0000000006839;0,000003227;0,0000000000004149
2;23,2;0,0016;0,00000000000005189;0,0000002335;0,0000000003308;0,000001559;-0,0000000000002602
2;23,3;-0,0013;-0,00000000000003012;-0,0000001802;-0,0000000002554;-0,000001204;0,0000000000001872
2;23,4;-0,0031;0,00000000000003934;-0,0000004399;-0,0000000006226;-0,000002938;-0,0000000000002287
2;23,5;-0,0025;-0,000000000000007982;-0,0000003561;-0,0000000005044;-0,000002378;0,0000000000001182
2;23,6;-0,00005857;-0,00000000000002781;-0,000000008461;-0,00000000001177;-0,0000000565;0,00000000000006455
2;23,7;0,0023;0,00000000000001519;0,0000003303;0,0000000004674;0,000002206;-0,00000000000001029
2;23,8;0,0029;-0,00000000000002664;0,0000004045;0,0000000005729;0,000002701;0,00000000000008154
2;23,9;0,0012;0,00000000000001146;0,0000001712;0,0000000002422;0,000001144;-0,00000000000001255
2;24;-0,0013;-0,00000000000001038;-0,0000001808;-0,0000000002558;-0,000001208;0,00000000000007577
2;24,1;-0,0027;0,000000000000005591;-0,0000003803;-0,0000000005386;-0,00000254;-0,00000000000007331
2;24,2;-0,002;0,00000000000002096;-0,0000002848;-0,000000000403;-0,000001902;-0,00000000000004242
2;24,3;0,0001485;-0,00000000000004216;0,00000002122;0,00000000002984;0,0000001417;0,0000000000001715
2;24,4;0,0021;0,00000000000002727;0,000000297;0,0000000004206;0,000001983;-0,0000000000001098
2;24,5;0,0024;-0,00000000000003616;0,000000337;0,000000000477;0,000002251;0,0000000000001675
2;24,6;0,0008541;0,00000000000001834;0,0000001211;0,0000000001716;0,0000008086;-0,0000000000001038
2;24,7;-0,0012;-0,00000000000000899;-0,0000001758;-0,0000000002491;-0,000001174;0,00000000000006567
2;24,8;-0,0023;-0,000000000000008062;-0,0000003273;-0,0000000004631;-0,000002186;0,00000000000006782
2;24,9;-0,0016;0,000000000000009305;-0,000000225;-0,0000000003188;-0,000001503;-0,00000000000003374
2;25;0,000294;-0,000000000000003123;0,00000004158;0,00000000005907;0,0000002777;-0,00000000000004087
2;25,1;0,0019;-0,00000000000001013;0,0000002652;0,0000000003753;0,000001771;0,0000000000001316
2;25,2;0,002;-0,00000000000002405;0,0000002786;0,0000000003946;0,00000186;0,00000000000007077
2;25,3;0,0005768;0,00000000000003029;0,00000008201;0,0000000001159;0,0000005477;-0,000000000000118
2;25,4;-0,0012;-0,00000000000003739;-0,0000001678;-0,0000000002374;-0,000001121;0,0000000000002137
2;25,5;-0,002;0,0000000000000359;-0,0000002795;-0,0000000003959;-0,000001867;-0,000000000000212
2;25,6;-0,0012;-0,00000000000002961;-0,0000001761;-0,0000000002491;-0,000001176;0,0000000000001869
2;25,7;0,000391;0,00000000000001954;0,00000005564;0,00000000007857;0,0000003716;-0,0000000000001145
2;25,8;0,0017;-0,00000000000002346;0,0000002345;0,0000000003322;0,000001566;0,0000000000001173
2;25,9;0,0016;-0,00000000000001325;0,0000002292;0,0000000003242;0,00000153;0,00000000000007059
2;26;0,0003606;0,00000000000002767;0,00000005105;0,00000000007246;0,0000003409;-0,0000000000001504
2;26,1;-0,0011;-0,00000000000004121;-0,000000157;-0,0000000002224;-0,000001048;0,0000000000002611
2;26,2;-0,0017;0,00000000000003345;-0,0000002378;-0,0000000003365;-0,000001588;-0,0000000000001859
2;26,3;-0,0009555;-0,0000000000000243;-0,0000001355;-0,000000000192;-0,0000009047;0,0000000000001242
2;26,4;0,0004504;-0,000000000000002488;0,00000006379;0,0000000000905;0,000000426;0,00000000000000699
2;26,5;0,0015;0,000000000000007551;0,0000002064;0,000000000292;0,000001378;-0,00000000000001675
2;26,6;0,0013;-0,00000000000003174;0,0000001867;0,0000000002645;0,000001247;0,0000000000001897
2;26,7;0,0001946;0,00000000000002742;0,00000002776;0,0000000000391;0,0000001854;-0,0000000000001624
2;26,8;-0,001;-0,00000000000003305;-0,0000001453;-0,0000000002055;-0,0000009705;0,0000000000001981
2;26,9;-0,0014;0,00000000000002519;-0,0000002007;-0,0000000002843;-0,00000134;-0,0000000000001483
2;27;-0,0007238;-0,00000000000000481;-0,0000001029;-0,0000000001454;-0,000000687;0,00000000000004293
2;27,1;0,0004809;-0,00000000000002414;0,0000000684;0,00000000009665;0,0000004568;0,0000000000001234
2;27,2;0,0013;0,00000000000002158;0,00000018;0,000000000255;0,000001202;-0,0000000000001033
2;27,3;0,0011;-0,00000000000004037;0,0000001514;0,0000000002141;0,000001011;0,0000000000002097
2;27,4;0,00006928;0,00000000000003273;0,0000000097;0,00000000001392;0,00000006478;-0,000000000000151
2;27,5;-0,0009341;-0,00000000000002992;-0,0000001324;-0,0000000001877;-0,0000008845;0,00000000000015
2;27,6;-0,0012;0,00000000000001637;-0,0000001688;-0,0000000002388;-0,000001128;-0,00000000000006751
2;27,7;-0,0005366;-0,000000000000003692;-0,00000007603;-0,0000000001078;-0,0000005077;-0,000000000000002805
2;27,8;0,0004898;-0,00000000000002238;0,00000006939;0,00000000009842;0,0000004634;0,0000000000001331
2;27,9;0,0011;0,00000000000002066;0,0000001564;0,0000000002212;0,000001044;-0,00000000000009218
2;28;0,0008553;-0,00000000000003667;0,0000001213;0,0000000001719;0,0000008098;0,0000000000001792
2;28,1;-0,00002314;0,00000000000002618;-0,000000003153;-0,000000000004649;-0,00000002106;-0,00000000000012
2;28,2;-0,0008443;-0,00000000000002497;-0,00000012;-0,0000000001697;-0,0000008011;0,0000000000001445
2;28,3;-0,0009925;0,00000000000001154;-0,0000001407;-0,0000000001994;-0,0000009398;-0,0000000000000589
2;28,4;-0,0003866;0,000000000000002043;-0,00000005501;-0,0000000000777;-0,0000003674;-0,00000000000000309
2;28,5;0,0004828;-0,000000000000027;0,00000006866;0,00000000009702;0,0000004585;0,0000000000001513
2;28,6;0,0009493;0,00000000000001727;0,0000001346;0,0000000001907;0,0000008989;-0,0000000000001032
2;28,7;0,0006798;-0,00000000000002226;0,00000009662;0,0000000001366;0,0000006452;0,0000000000001433
2;28,8;-0,00008928;0,000000000000008729;-0,0000000128;-0,00000000001794;-0,00000008549;-0,00000000000006164
2;28,9;-0,0007563;-0,000000000000004262;-0,0000001072;-0,000000000152;-0,000000716;0,00000000000004456
2;29;-0,0008235;-0,000000000000009539;-0,000000117;-0,0000000001655;-0,0000007815;0,00000000000006211
2;29,1;-0,0002677;0,00000000000001157;-0,00000003787;-0,00000000005379;-0,0000002529;-0,00000000000009494
2;29,2;0,0004645;-0,00000000000002207;0,0000000658;0,00000000009333;0,0000004394;0,0000000000001548
2;29,3;0,0008137;0,000000000000005286;0,0000001156;0,0000000001635;0,0000007721;-0,00000000000003237
2;29,4;0,0005344;-0,000000000000009466;0,00000007572;0,0000000001074;0,0000005057;0,00000000000005879
2;29,5;-0,0001346;-0,000000000000004504;-0,00000001898;-0,00000000002705;-0,0000001268;0,0000000000000229
2;29,6;-0,0006719;0,0000000000000001021;-0,0000000955;-0,000000000135;-0,0000006377;0,00000000000001764
2;29,7;-0,0006789;-0,000000000000008918;-0,00000009624;-0,0000000001364;-0,0000006427;0,00000000000005035
2;29,8;-0,0001744;0,000000000000002632;-0,00000002488;-0,00000000003505;-0,0000001662;-0,00000000000002462
2;29,9;0,0004385;-0,00000000000001242;0,00000006237;0,00000000008812;0,0000004165;0,0000000000001022
2;30;0,0006934;0,000000000000002385;0,0000000983;0,0000000001393;0,0000006565;-0,00000000000003957
2;30,1;0,0004147;-0,000000000000009614;0,00000005898;0,00000000008333;0,0000003939;0,0000000000000689
2;30,2;-0,0001637;-0,000000000000003199;-0,00000002336;-0,00000000003289;-0,000000156;0,00000000000002735
2;30,3;-0,0005925;0,000000000000002676;-0,00000008398;-0,0000000001191;-0,0000005608;-0,00000000000001561
2;30,4;-0,0005558;-0,00000000000001137;-0,00000007901;-0,0000000001117;-0,0000005276;0,00000000000007684
2;30,5;-0,0001022;0,000000000000003288;-0,00000001439;-0,00000000002054;-0,00000009607;-0,0000000000000264
2;30,6;0,0004077;-0,0000000000000106;0,00000005775;0,00000000008193;0,0000003856;0,00000000000007224
2;30,7;0,0005875;-0,000000000000001773;0,00000008352;0,0000000001181;0,0000005577;0,0000000000000109
2;30,8;0,0003168;-0,000000000000003461;0,00000004484;0,00000000006366;0,0000002995;0,00000000000001402
2;30,9;-0,0001802;-0,000000000000009373;-0,00000002545;-0,0000000000362;-0,00000017;0,00000000000007038
2;31;-0,000519;0,00000000000000359;-0,00000007378;-0,0000000001043;-0,0000004927;-0,00000000000001874
2;31,1;-0,0004516;-0,000000000000007186;-0,00000006398;-0,00000000009074;-0,0000004272;0,00000000000004995
2;31,2;-0,00004728;-0,000000000000001312;-0,000000006832;-0,000000000009502;-0,00000004562;0,00000000000001047
2;31,3;0,0003743;-0,000000000000008134;0,00000005325;0,00000000007521;0,0000003556;0,00000000000004771
2;31,4;0,0004949;-0,000000000000006457;0,00000007013;0,00000000009945;0,0000004683;0,00000000000003466
2;31,5;0,0002374;-0,0000000000000009084;0,00000003382;0,00000000004771;0,0000002258;0,00000000000001781
2;31,6;-0,0001872;-0,000000000000006671;-0,00000002669;-0,00000000003761;-0,0000001782;0,0000000000000325
2;31,7;-0,0004515;0,0000000000000004182;-0,00000006397;-0,00000000009073;-0,0000004272;0,000000000000017
2;31,8;-0,0003639;-0,000000000000007173;-0,00000005178;-0,00000000007313;-0,0000003458;0,00000000000003587
2;31,9;-0,00000628;-0,000000000000004359;-0,000000000772;-0,00000000000126;-0,000000005157;0,00000000000002872
2;32;0,0003399;-0,000000000000003538;0,00000004812;0,00000000006829;0,0000003214;0,00000000000003
2;32,1;0,0004144;-0,000000000000006776;0,00000005894;0,00000000008328;0,0000003936;0,00000000000002851
2;32,2;0,0001735;-0,000000000000002941;0,00000002451;0,00000000003487;0,0000001637;0,00000000000004219
2;32,3;-0,0001871;-0,000000000000004391;-0,00000002644;-0,00000000003759;-0,0000001765;0,000000000000009748
2;32,4;-0,0003905;-0,000000000000003562;-0,00000005554;-0,00000000007846;-0,0000003709;0,0000000000000369
2;32,5;-0,0002906;-0,00000000000000261;-0,00000004113;-0,0000000000584;-0,0000002747;0,00000000000002187
2;32,6;0,00002351;-0,000000000000005322;0,00000000322;0,000000000004722;0,0000000215;0,0000000000000244
2;32,7;0,0003057;-0,000000000000007311;0,00000004351;0,00000000006143;0,0000002905;0,0000000000000557
2;32,8;0,0003449;-0,000000000000001805;0,00000004884;0,0000000000693;0,0000003261;0,0000000000000009808
2;32,9;0,0001226;-0,00000000000000726;0,00000001752;0,00000000002464;0,000000117;0,00000000000005901
2;33;-0,0001819;-0,000000000000004097;-0,00000002593;-0,00000000003655;-0,0000001732;0,00000000000001203
2;33,1;-0,0003356;-0,0000000000000002569;-0,00000004752;-0,00000000006744;-0,0000003174;0,00000000000002437
2;33,2;-0,0002297;-0,000000000000007208;-0,00000003272;-0,00000000004616;-0,0000002185;0,00000000000003299
2;33,3;0,00004439;-0,000000000000000872;0,000000006415;0,000000000008921;0,00000004284;0,00000000000001106
2;33,4;0,0002726;-0,000000000000009837;0,00000003858;0,00000000005478;0,0000002576;0,00000000000006743
2;33,5;0,0002852;-0,000000000000002792;0,0000000406;0,00000000005731;0,0000002711;0,000000000000007766
2;33,6;0,00008249;-0,00000000000000419;0,00000001159;0,00000000001657;0,00000007743;0,00000000000004074
2;33,7;-0,0001731;-0,000000000000007214;-0,00000002446;-0,00000000003479;-0,0000001634;0,0000000000000345
2;33,8;-0,0002868;0,0000000000000002836;-0,00000004082;-0,00000000005763;-0,0000002726;0,00000000000001359
2;33,9;-0,0001794;-0,000000000000007977;-0,00000002535;-0,00000000003604;-0,0000001693;0,00000000000004819
2;34;0,00005825;-0,000000000000002545;0,000000008155;0,0000000000117;0,00000005446;0,00000000000001127
2;34,1;0,0002412;-0,000000000000005864;0,00000003435;0,00000000004847;0,0000002294;0,00000000000004594
2;34,2;0,0002343;-0,00000000000000529;0,00000003314;0,00000000004707;0,0000002213;0,00000000000002819
2;34,3;0,00005123;-0,000000000000002835;0,000000007383;0,0000000000103;0,0000000493;0,00000000000002508
2;34,4;-0,0001621;-0,000000000000006725;-0,00000002312;-0,00000000003257;-0,0000001544;0,00000000000004032
2;34,5;-0,0002437;-0,000000000000002385;-0,00000003447;-0,00000000004896;-0,0000002302;0,00000000000002
2;34,6;-0,0001381;-0,0000000000000047;-0,00000001971;-0,00000000002775;-0,0000001316;0,00000000000003168
2;34,7;0,00006667;-0,000000000000006595;0,000000009574;0,0000000000134;0,00000006394;0,00000000000004186
2;34,8;0,0002119;-0,000000000000003585;0,00000002997;0,00000000004258;0,0000002001;0,00000000000002426
2;34,9;0,000191;-0,000000000000007216;0,00000002722;0,00000000003839;0,0000001818;0,00000000000004191
2;35;0,00002724;-0,000000000000001939;0,000000003756;0,000000000005471;0,00000002508;0,00000000000002761
2;35,1;-0,0001496;-0,000000000000006182;-0,00000002113;-0,00000000003006;-0,0000001411;0,00000000000002447
2;35,2;-0,0002058;-0,00000000000000409;-0,00000002932;-0,00000000004136;-0,0000001958;0,00000000000003931
2;35,3;-0,0001045;-0,000000000000004457;-0,00000001472;-0,00000000002099;-0,0000000983;0,00000000000002352
2;35,4;0,00007093;-0,000000000000004697;0,000000009958;0,00000000001425;0,0000000665;0,00000000000003482
2;35,5;0,000185;-0,000000000000004877;0,00000002636;0,00000000003717;0,000000176;0,00000000000003214
2;35,6;0,0001546;-0,000000000000006261;0,00000002183;0,00000000003106;0,0000001458;0,00000000000003594
2;35,7;0,000009156;-0,000000000000002561;0,000000001408;0,000000000001841;0,000000009399;0,00000000000002991
2;35,8;-0,0001365;-0,000000000000007466;-0,00000001949;-0,00000000002744;-0,0000001301;0,00000000000003417
2;35,9;-0,0001728;-0,000000000000001903;-0,00000002442;-0,00000000003472;-0,0000001631;0,00000000000002712
2;36;-0,00007732;-0,000000000000006104;-0,00000001108;-0,00000000001554;-0,00000007401;0,00000000000002828
2;36,1;0,00007205;-0,000000000000005093;0,00000001033;0,00000000001448;0,00000006901;0,00000000000004337
2;36,2;0,0001604;-0,000000000000004905;0,00000002266;0,00000000003223;0,0000001513;0,00000000000002755
2;36,3;0,000124;-0,000000000000005911;0,0000000177;0,00000000002491;0,0000001182;0,00000000000003651
2;36,4;-0,000004157;-0,000000000000003773;-0,000000000696;-0,0000000000008375;-0,000000004647;0,00000000000003545
2;36,5;-0,0001233;-0,000000000000005314;-0,0000000174;-0,00000000002478;-0,0000001162;0,00000000000002351
2;36,6;-0,0001442;-0,000000000000003668;-0,00000002058;-0,00000000002899;-0,0000001374;0,00000000000003701
2;36,7;-0,00005559;-0,000000000000006937;-0,000000007785;-0,00000000001117;-0,00000005199;0,00000000000003396
2;36,8;0,00007089;-0,000000000000003768;0,000000009958;0,00000000001424;0,0000000665;0,00000000000003227
2;36,9;0,0001383;-0,000000000000005447;0,00000001973;0,00000000002778;0,0000001317;0,00000000000003342
2;37;0,00009846;-0,000000000000005764;0,00000001387;0,00000000001978;0,00000009264;0,0000000000000371
2;37,1;-0,00001366;-0,000000000000003388;-0,000000001835;-0,000000000002743;-0,00000001226;0,000000000000026
2;37,2;-0,0001104;-0,000000000000006478;-0,00000001578;-0,00000000002219;-0,0000001053;0,0000000000000409
2;37,3;-0,0001196;-0,000000000000003491;-0,00000001688;-0,00000000002404;-0,0000001127;0,0000000000000268
2;37,4;-0,00003836;-0,000000000000005904;-0,000000005548;-0,000000000007711;-0,00000003705;0,00000000000003609
2;37,5;0,00006811;-0,000000000000005092;0,00000000977;0,00000000001369;0,00000006524;0,00000000000003494
2;37,6;0,0001185;-0,000000000000005022;0,00000001671;0,0000000000238;0,0000001116;0,00000000000003309
2;37,7;0,00007734;-0,000000000000006512;0,00000001108;0,00000000001554;0,00000007399;0,00000000000004258
2;37,8;-0,00002015;-0,000000000000003575;-0,000000002963;-0,000000000004052;-0,00000001978;0,00000000000002506
2;37,9;-0,00009805;-0,000000000000005532;-0,00000001382;-0,0000000000197;-0,00000009226;0,00000000000003685
2;38;-0,00009858;-0,000000000000004777;-0,00000001409;-0,00000000001981;-0,00000009412;0,00000000000003262
2;38,1;-0,00002487;-0,000000000000004659;-0,000000003428;-0,000000000004995;-0,00000002289;0,00000000000002885
2;38,2;0,00006423;-0,000000000000006071;0,000000009016;0,0000000000129;0,00000006021;0,00000000000004427
2;38,3;0,0001009;-0,000000000000005004;0,00000001443;0,00000000002028;0,00000009633;0,00000000000002881
2;38,4;0,00005996;-0,00000000000000573;0,00000000841;0,00000000001205;0,00000005616;0,00000000000004066
2;38,5;-0,00002429;-0,000000000000004751;-0,000000003348;-0,000000000004879;-0,00000002236;0,00000000000003032
2;38,6;-0,00008643;-0,000000000000004947;-0,00000001237;-0,00000000001737;-0,00000008259;0,00000000000003401
2;38,7;-0,00008067;-0,000000000000005428;-0,00000001135;-0,00000000001621;-0,0000000758;0,00000000000003654
2;38,8;-0,00001443;-0,000000000000004187;-0,000000002148;-0,000000000002902;-0,00000001434;0,00000000000002763
2;38,9;0,00005967;-0,000000000000006599;0,000000008568;0,00000000001199;0,00000005722;0,00000000000004512
2;39;0,00008547;-0,000000000000005126;0,00000001203;0,00000000001717;0,00000008036;0,00000000000003045
2;39,1;0,00004575;-0,000000000000005171;0,000000006593;0,000000000009196;0,00000004403;0,00000000000003872
2;39,2;-0,00002661;-0,000000000000005552;-0,000000003876;-0,00000000000535;-0,00000002588;0,00000000000003235
2;39,3;-0,00007566;-0,000000000000004717;-0,00000001064;-0,0000000000152;-0,00000007106;0,00000000000003677
2;39,4;-0,00006551;-0,000000000000005896;-0,000000009396;-0,00000000001317;-0,00000006275;0,00000000000003612
2;39,5;-0,000006498;-0,000000000000004305;-0,0000000008247;-0,000000000001304;-0,000000005508;0,00000000000003109
2;39,6;0,00005473;-0,000000000000006729;0,000000007671;0,000000000011;0,00000005123;0,00000000000004317
2;39,7;0,00007197;-0,00000000000000461;0,00000001031;0,00000000001446;0,00000006887;0,00000000000003001
2;39,8;0,00003424;-0,00000000000000595;0,000000004763;0,000000000006878;0,00000003181;0,00000000000004137
2;39,9;-0,00002756;-0,000000000000005083;-0,000000003816;-0,000000000005536;-0,00000002548;0,00000000000003193
2;40;-0,0000658;-0,000000000000005073;-0,000000009437;-0,00000000001322;-0,00000006302;0,00000000000003606
3;0;0;0;0;0;0;0
3;0,1;0,4289;0,00000000000002174;-0,00007935;-0,00000009774;-0,0005298;0,00000000002445
3;0,2;0,9933;0,00000000001419;0,00009039;0,00000003788;0,0006029;-0,00000000008178
3;0,3;1,1147;-0,00000000002119;0,000184;0,0000001383;0,001228;0,000000000102
3;0,4;0,4064;0,00000000001781;0,0000484;0,0000000393;0,000323;-0,00000000007279
3;0,5;-0,7055;-0,000000000009512;-0,0001239;-0,0000001026;-0,0008265;0,00000000002646
3;0,6;-1,1035;0,00000000000649;-0,0001191;-0,00000006885;-0,0007949;-0,000000000008974
3;0,7;-0,7876;0,000000000002429;-0,00005497;-0,00000002821;-0,0003667;-0,00000000005037
3;0,8;0,1893;-0,000000000007251;-0,000004979;-0,00000001722;-0,00003333;0,00000000006835
3;0,9;1,0661;0,000000000006464;0,00009969;0,00000007032;0,0006652;-0,00000000005183
3;1;0,865;-0,00000000001104;0,000145;0,0000001025;0,0009672;0,00000000006204
3;1,1;0,1863;0,00000000001199;0,00001946;0,000000006732;0,0001298;-0,00000000003983
3;1,2;-0,5101;-0,0000000000079;-0,0001005;-0,00000006649;-0,0006707;0,000000000005137
3;1,3;-1,051;0,00000000000701;-0,00009393;-0,00000006022;-0,0006267;-0,000000000004963
3;1,4;-0,6231;0,000000000004578;-0,00005575;-0,00000003716;-0,000372;-0,00000000002507
3;1,5;0,3551;-0,000000000006141;0,000005106;0,000000002765;0,00003406;0,00000000001412
3;1,6;0,8037;-0,000000000003922;0,0001029;0,00000006651;0,0006867;0,00000000003724
3;1,7;0,7261;0,000000000004463;0,0001091;0,00000007548;0,0007281;-0,00000000003801
3;1,8;0,1922;-0,000000000008837;0,000001716;0,00000000149;0,00001145;0,00000000006359
3;1,9;-0,601;0,00000000001012;-0,00007716;-0,0000000556;-0,0005148;-0,00000000007582
3;2;-0,8592;-0,000000000002855;-0,00008192;-0,00000005101;-0,0005466;0,00000000003342
3;2,1;-0,4088;-0,0000000000004664;-0,00005166;-0,00000003256;-0,0003447;-0,000000000004963
3;2,2;0,2706;-0,000000000003612;0,00001937;0,000000008038;0,0001292;-0,000000000003591
3;2,3;0,7322;0,000000000003232;0,00009328;0,00000006418;0,0006224;0,00000000002423
3;2,4;0,6253;0,0000000000006912;0,00008087;0,00000005623;0,0005396;-0,00000000003957
3;2,5;0,0521;-0,00000000001206;-0,000003382;-0,000000005986;-0,00002259;0,00000000009666
3;2,6;-0,5233;0,00000000001696;-0,0000646;-0,00000004219;-0,000431;-0,0000000001135
3;2,7;-0,7125;-0,000000000005721;-0,00007254;-0,00000004591;-0,0004839;0,00000000004351
3;2,8;-0,3297;0,000000000001893;-0,00004131;-0,00000002941;-0,0002756;-0,000000000005181
3;2,9;0,3028;0,0000000000002824;0,00002624;0,00000001715;0,0001751;-0,00000000002815
3;3;0,626;-0,000000000006832;0,00008158;0,00000005548;0,0005443;0,00000000007099
3;3,1;0,4923;0,000000000005589;0,00006123;0,00000004028;0,0004085;-0,00000000006464
3;3,2;0,0214;-0,000000000005222;-0,000007187;-0,000000005284;-0,00004796;0,00000000006012
3;3,3;-0,4957;0,000000000008029;-0,00005513;-0,00000003649;-0,0003678;-0,00000000006611
3;3,4;-0,5977;-0,000000000003015;-0,00006359;-0,0000000417;-0,0004243;0,00000000002989
3;3,5;-0,2163;-0,000000000001495;-0,00003171;-0,00000002125;-0,0002116;0,00000000001296
3;3,6;0,2736;0,0000000000007677;0,00003055;0,00000001956;0,0002038;-0,0000000000291
3;3,7;0,5415;-0,0000000000008402;0,00006932;0,00000004681;0,0004625;0,00000000002891
3;3,8;0,411;-0,0000000000002625;0,00004624;0,00000003102;0,0003085;-0,00000000002228
3;3,9;-0,0416;-0,000000000001337;-0,00000841;-0,000000006664;-0,00005612;0,00000000003051
3;4;-0,4431;0,00000000000294;-0,00004882;-0,0000000319;-0,0003257;-0,00000000003366
3;4,1;-0,4833;0,000000000001615;-0,00005521;-0,00000003604;-0,0003684;-0,00000000000003337
3;4,2;-0,1613;-0,000000000002691;-0,00002203;-0,00000001558;-0,000147;0,00000000001627
3;4,3;0,2661;0,000000000002733;0,00003125;0,0000000209;0,0002085;-0,00000000001983
3;4,4;0,4717;-0,000000000003461;0,00005806;0,00000003925;0,0003874;0,00000000002686
3;4,5;0,3172;0,0000000000003624;0,00003583;0,00000002323;0,0002391;-0,00000000001109
3;4,6;-0,067;-0,0000000000004328;-0,000009818;-0,000000006663;-0,00006551;0,000000000009946
3;4,7;-0,3929;0,000000000001114;-0,0000437;-0,00000002854;-0,0002915;-0,00000000001516
3;4,8;-0,4021;0,000000000001851;-0,00004662;-0,00000003113;-0,0003111;0,000000000005154
3;4,9;-0,1023;-0,000000000004232;-0,00001448;-0,00000000984;-0,00009661;0,000000000004128
3;5;0,2495;0,000000000008645;0,00003028;0,00000002028;0,000202;-0,00000000003059
3;5,1;0,4011;-0,00000000001051;0,00004861;0,00000003239;0,0003243;0,00000000004454
3;5,2;0,2516;0,000000000005351;0,00002763;0,00000001821;0,0001843;-0,00000000002237
3;5,3;-0,0899;-0,000000000003145;-0,00001079;-0,000000007255;-0,00007198;0,00000000001796
3;5,4;-0,3476;0,00000000000194;-0,00003905;-0,00000002575;-0,0002605;-0,00000000001685
3;5,5;-0,325;0,000000000004187;-0,00003884;-0,00000002578;-0,0002591;-0,000000000007176
3;5,6;-0,0639;-0,000000000006305;-0,000008449;-0,000000005838;-0,00005637;0,00000000001177
3;5,7;0,2321;0,000000000006416;0,00002828;0,00000001893;0,0001887;-0,00000000001412
3;5,8;0,3441;-0,000000000007448;0,00004055;0,00000002707;0,0002705;0,00000000002386
3;5,9;0,1905;0,000000000004111;0,00002136;0,00000001395;0,0001425;-0,00000000001407
3;6;-0,1011;-0,000000000002734;-0,00001159;-0,000000007659;-0,00007732;0,00000000001437
3;6,1;-0,3023;0,00000000000332;-0,00003474;-0,00000002289;-0,0002318;-0,00000000002308
3;6,2;-0,266;0,000000000001043;-0,00003171;-0,00000002122;-0,0002116;0,000000000008994
3;6,3;-0,0314;-0,000000000001219;-0,000004059;-0,000000002742;-0,00002708;-0,000000000009429
3;6,4;0,2147;-0,0000000000003608;0,00002584;0,00000001731;0,0001724;0,0000000000105
3;6,5;0,2894;-0,000000000002461;0,00003392;0,00000002247;0,0002263;0,000000000006467
3;6,6;0,1438;0,000000000002901;0,00001623;0,0000000107;0,0001083;-0,00000000001321
3;6,7;-0,106;-0,000000000003758;-0,00001206;-0,000000007938;-0,00008049;0,00000000002312
3;6,8;-0,2637;0,000000000004864;-0,00003055;-0,00000002027;-0,0002038;-0,0000000000289
3;6,9;-0,2139;-0,00000000000169;-0,0000256;-0,00000001706;-0,0001708;0,000000000009572
3;7;-0,0076;0,0000000000004706;-0,0000008956;-0,0000000005929;-0,000005975;-0,00000000000492
3;7,1;0,1952;-0,0000000000009298;0,00002333;0,00000001555;0,0001557;0,000000000006353
3;7,2;0,2436;-0,000000000001829;0,0000283;0,00000001878;0,0001888;0,00000000001127
3;7,3;0,1051;0,000000000002266;0,00001208;0,000000007978;0,0000806;-0,00000000001392
3;7,4;-0,1068;-0,000000000003051;-0,00001218;-0,00000000805;-0,00008127;0,00000000001706
3;7,5;-0,2274;0,000000000004592;-0,00002663;-0,00000001767;-0,0001777;-0,00000000002103
3;7,6;-0,1716;-0,000000000001219;-0,0000204;-0,00000001361;-0,0001361;0,000000000001636
3;7,7;0,0101;-0,000000000000003026;0,000001315;0,0000000008869;0,000008774;0,000000000007089
3;7,8;0,1766;0,0000000000006319;0,00002087;0,00000001391;0,0001392;-0,0000000000115
3;7,9;0,2027;-0,000000000003292;0,00002357;0,00000001561;0,0001573;0,00000000002156
3;8;0,0747;0,000000000002315;0,000008693;0,000000005763;0,000058;-0,000000000009802
3;8,1;-0,1039;-0,0000000000006576;-0,00001199;-0,000000007921;-0,00007999;-0,00000000000211
3;8,2;-0,1958;0,000000000000543;-0,00002299;-0,00000001529;-0,0001534;0,000000000002814
3;8,3;-0,136;-0,0000000000003713;-0,00001609;-0,00000001071;-0,0001074;-0,000000000006825
3;8,4;0,023;0,0000000000009521;0,000002809;0,000000001892;0,00001874;0,000000000002095
3;8,5;0,1577;-0,0000000000009806;0,00001856;0,00000001233;0,0001238;0,000000000002509
3;8,6;0,1679;-0,0000000000009618;0,00001954;0,00000001296;0,0001303;0,000000000005858
3;8,7;0,0507;0,000000000001736;0,000005965;0,000000003968;0,0000398;-0,000000000007223
3;8,8;-0,0993;-0,000000000001503;-0,00001152;-0,00000000764;-0,00007688;0,000000000005789
3;8,9;-0,1673;0,000000000001657;-0,00001969;-0,00000001309;-0,0001314;-0,000000000006799
3;9;-0,1066;0,0000000000001897;-0,00001255;-0,000000008343;-0,00008372;-0,000000000001875
3;9,1;0,0315;-0,000000000001028;0,00000379;0,000000002529;0,00002528;0,000000000003821
3;9,2;0,14;0,00000000000003959;0,00001639;0,00000001089;0,0001094;0,000000000001285
3;9,3;0,138;-0,0000000000005723;0,0000161;0,00000001068;0,0001074;0,000000000004614
3;9,4;0,032;0,0000000000001651;0,000003803;0,000000002532;0,00002538;-0,00000000000582
3;9,5;-0,0931;0,0000000000003023;-0,00001087;-0,000000007208;-0,00007251;0,000000000002404
3;9,6;-0,1424;0,0000000000005658;-0,00001675;-0,00000001113;-0,0001117;-0,000000000003447
3;9,7;-0,0824;-0,0000000000006759;-0,00000966;-0,000000006419;-0,00006445;0,000000000002787
3;9,8;0,0369;0,0000000000007132;0,000004379;0,00000000292;0,00002922;-0,000000000001086
3;9,9;0,1231;-0,0000000000006024;0,00001441;0,000000009565;0,00009613;-0,000000000001881
3;10;0,1127;-0,0000000000005917;0,00001317;0,000000008742;0,00008787;0,000000000006415
3;10,1;0,0178;0,00000000000114;0,00000212;0,000000001416;0,00001414;-0,000000000008944
3;10,2;-0,0861;-0,000000000001299;-0,00001008;-0,000000006697;-0,00006728;0,00000000001025
3;10,3;-0,1204;0,000000000001631;-0,00001415;-0,000000009406;-0,00009441;-0,000000000009594
3;10,4;-0,0626;-0,0000000000001149;-0,000007324;-0,000000004861;-0,00004887;0,0000000000008615
3;10,5;0,0397;-0,000000000001155;0,000004689;0,000000003118;0,00003128;0,000000000007147
3;10,6;0,1076;0,000000000001106;0,00001259;0,000000008357;0,00008398;-0,000000000009774
3;10,7;0,0913;-0,000000000001483;0,00001069;0,000000007098;0,00007131;0,00000000001301
3;10,8;0,0069;0,000000000000807;0,0000008392;0,0000000005615;0,000005599;-0,00000000000916
3;10,9;-0,0787;0,0000000000003932;-0,000009233;-0,000000006133;-0,0000616;0,000000000001869
3;11;-0,1012;-0,0000000000003886;-0,00001189;-0,000000007898;-0,00007931;-0,000000000000211
3;11,1;-0,0466;0,0000000000005629;-0,000005441;-0,000000003612;-0,0000363;-0,000000000004439
3;11,2;0,0407;-0,0000000000001939;0,000004784;0,00000000318;0,00003192;0,0000000000034
3;11,3;0,0934;-0,0000000000003429;0,00001093;0,000000007258;0,00007294;0,0000000000004307
3;11,4;0,0733;-0,0000000000004522;0,000008596;0,000000005709;0,00005735;0,000000000005384
3;11,5;-0,0011;0,0000000000004254;-0,0000001104;-0,00000000007052;-0,0000007363;-0,000000000006588
3;11,6;-0,0712;0,00000000000003845;-0,00000836;-0,000000005554;-0,00005578;0,000000000004473
3;11,7;-0,0846;0,0000000000002712;-0,000009925;-0,000000006594;-0,00006622;-0,000000000004856
3;11,8;-0,0337;-0,00000000000008611;-0,000003937;-0,000000002613;-0,00002627;0,000000000001714
3;11,9;0,0403;-0,000000000000319;0,000004727;0,000000003139;0,00003154;0,000000000002971
3;12;0,0806;0,000000000000238;0,000009438;0,000000006267;0,00006297;-0,000000000005245
3;12,1;0,0584;-0,0000000000001972;0,000006845;0,000000004547;0,00004567;0,000000000005755
3;12,2;-0,0068;-0,000000000000519;-0,0000007936;-0,0000000005258;-0,000005295;-0,000000000001357
3;12,3;-0,0639;0,000000000001155;-0,000007496;-0,00000000498;-0,00005001;-0,000000000003188
3;12,4;-0,0703;-0,0000000000008433;-0,000008239;-0,000000005472;-0,00005497;0,000000000002991
3;12,5;-0,0235;0,0000000000006559;-0,000002743;-0,000000001821;-0,0000183;-0,000000000001545
3;12,6;0,0389;-0,0000000000002968;0,000004557;0,000000003027;0,00003041;0,0000000000004393
3;12,7;0,0692;-0,0000000000002683;0,000008101;0,00000000538;0,00005405;-0,0000000000001944
3;12,8;0,0459;0,0000000000005265;0,000005389;0,000000003581;0,00003596;-0,0000000000008855
3;12,9;-0,0108;-0,0000000000009457;-0,000001263;-0,0000000008388;-0,000008428;0,000000000003563
3;13;-0,0568;0,000000000001212;-0,000006666;-0,000000004428;-0,00004447;-0,000000000004406
3;13,1;-0,058;-0,0000000000006146;-0,000006796;-0,000000004514;-0,00004534;0,000000000001425
3;13,2;-0,0154;0,0000000000003135;-0,000001806;-0,000000001199;-0,00001205;-0,0000000000007098
3;13,3;0,0368;-0,0000000000003465;0,000004313;0,000000002864;0,00002877;0,0000000000004059
3;13,4;0,059;0,00000000000006071;0,00000691;0,00000000459;0,0000461;0,000000000001099
3;13,5;0,0357;-0,00000000000002975;0,00000419;0,000000002784;0,00002796;-0,0000000000005689
3;13,6;-0,0134;-0,0000000000002518;-0,000001568;-0,000000001041;-0,00001046;0,0000000000018
3;13,7;-0,0502;0,0000000000006856;-0,000005882;-0,000000003908;-0,00003924;-0,000000000003231
3;13,8;-0,0475;-0,0000000000005583;-0,000005569;-0,000000003698;-0,00003715;0,000000000001899
3;13,9;-0,0092;0,0000000000008661;-0,000001078;-0,0000000007164;-0,000007195;-0,000000000002827
3;14;0,0343;-0,0000000000008874;0,000004017;0,000000002668;0,0000268;0,000000000003259
3;14,1;0,05;0,0000000000002568;0,000005861;0,000000003893;0,00003911;-0,0000000000008737
3;14,2;0,0273;-0,0000000000001945;0,000003207;0,000000002131;0,0000214;0,0000000000004152
3;14,3;-0,0149;-0,00000000000007298;-0,000001743;-0,000000001158;-0,00001163;0,0000000000009797
3;14,4;-0,044;0,0000000000005769;-0,000005155;-0,000000003424;-0,0000344;-0,000000000003182
3;14,5;-0,0387;-0,0000000000004803;-0,000004529;-0,000000003008;-0,00003022;0,000000000002906
3;14,6;-0,0045;0,0000000000002302;-0,0000005238;-0,0000000003476;-0,000003495;-0,000000000002387
3;14,7;0,0315;-0,00000000000001401;0,000003695;0,000000002454;0,00002465;0,000000000002242
3;14,8;0,0422;-0,0000000000001766;0,000004941;0,000000003282;0,00003296;-0,000000000001667
3;14,9;0,0206;-0,000000000000158;0,00000241;0,000000001601;0,00001608;0,000000000002534
3;15;-0,0155;0,0000000000004747;-0,000001822;-0,00000000121;-0,00001216;-0,000000000002037
3;15,1;-0,0383;-0,0000000000002347;-0,000004488;-0,000000002981;-0,00002995;-0,000000000000895
3;15,2;-0,0312;0,0000000000001551;-0,000003655;-0,000000002427;-0,00002438;0,000000000002151
3;15,3;-0,0009151;0,00000000000007881;-0,0000001072;-0,00000000007142;-0,0000007154;-0,000000000003926
3;15,4;0,0287;-0,0000000000004186;0,000003359;0,000000002231;0,00002241;0,000000000004597
3;15,5;0,0353;0,0000000000002855;0,000004141;0,000000002751;0,00002763;-0,000000000002372
3;15,6;0,0151;-0,0000000000002057;0,000001767;0,000000001174;0,00001179;0,0000000000005355
3;15,7;-0,0156;-0,000000000000001015;-0,000001829;-0,000000001215;-0,0000122;0,0000000000009453
3;15,8;-0,0331;0,0000000000003291;-0,000003885;-0,00000000258;-0,00002592;-0,000000000002244
3;15,9;-0,0249;-0,00000000000004342;-0,000002922;-0,000000001941;-0,00001949;0,0000000000008974
3;16;0,0017;-0,0000000000001869;0,0000001957;0,0000000001302;0,000001306;0,0000000000006265
3;16,1;0,0258;0,0000000000002674;0,000003026;0,00000000201;0,00002019;-0,000000000001575
3;16,2;0,0294;-0,0000000000003952;0,000003449;0,000000002291;0,00002301;0,000000000002048
3;16,3;0,0107;-0,0000000000000009121;0,000001256;0,0000000008339;0,000008379;0,0000000000006856
3;16,4;-0,0152;0,000000000000308;-0,000001784;-0,000000001185;-0,0000119;-0,000000000002564
3;16,5;-0,0285;-0,0000000000002231;-0,000003341;-0,000000002219;-0,00002229;0,000000000001921
3;16,6;-0,0197;0,0000000000003075;-0,000002313;-0,000000001536;-0,00001543;-0,000000000002354
3;16,7;0,0035;-0,0000000000001026;0,0000004105;0,0000000002724;0,000002739;0,000000000001253
3;16,8;0,023;-0,0000000000001625;0,000002701;0,000000001794;0,00001802;0,0000000000004033
3;16,9;0,0244;0,0000000000001504;0,000002855;0,000000001896;0,00001905;-0,0000000000009534
3;17;0,0073;-0,0000000000004251;0,0000008508;0,0000000005653;0,000005676;0,000000000003377
3;17,1;-0,0145;0,0000000000004899;-0,000001702;-0,00000000113;-0,00001135;-0,000000000004546
3;17,2;-0,0244;-0,0000000000001472;-0,000002858;-0,000000001898;-0,00001907;0,000000000002778
3;17,3;-0,0154;0,000000000000007283;-0,000001809;-0,000000001202;-0,00001207;-0,000000000001664
3;17,4;0,0047;0,0000000000001776;0,0000005533;0,0000000003677;0,000003692;-0,0000000000001241
3;17,5;0,0204;-0,0000000000003885;0,000002393;0,000000001589;0,00001597;0,000000000002299
3;17,6;0,02;0,0000000000003517;0,000002346;0,000000001559;0,00001565;-0,000000000002904
3;17,7;0,0046;-0,0000000000003109;0,0000005359;0,0000000003557;0,000003576;0,000000000003199
3;17,8;-0,0136;0,0000000000001974;-0,000001597;-0,00000000106;-0,00001065;-0,000000000002805
3;17,9;-0,0207;0,00000000000001766;-0,000002429;-0,000000001614;-0,00001621;0,000000000001549
3;18;-0,0119;0,0000000000000266;-0,000001396;-0,0000000009271;-0,000009315;-0,000000000001002
3;18,1;0,0055;-0,00000000000005827;0,0000006424;0,0000000004265;0,000004286;0,0000000000004098
3;18,2;0,018;-0,0000000000001026;0,000002104;0,000000001398;0,00001404;0,0000000000007602
3;18,3;0,0163;0,00000000000009695;0,000001916;0,000000001272;0,00001278;-0,000000000001137
3;18,4;0,0025;-0,00000000000008418;0,0000002927;0,0000000001946;0,000001953;0,000000000001327
3;18,5;-0,0126;0,0000000000001598;-0,000001476;-0,0000000009806;-0,000009848;-0,000000000001489
3;18,6;-0,0175;-0,0000000000001182;-0,000002054;-0,000000001364;-0,0000137;0,000000000001063
3;18,7;-0,009;0,000000000000131;-0,000001058;-0,0000000007032;-0,000007062;-0,000000000001115
3;18,8;0,0059;-0,00000000000005502;0,0000006881;0,0000000004572;0,000004591;0,0000000000006782
3;18,9;0,0157;-0,0000000000001412;0,000001838;0,000000001221;0,00001226;0,0000000000003815
3;19;0,0132;0,0000000000001517;0,000001551;0,00000000103;0,00001035;-0,000000000000772
3;19,1;0,0009365;-0,0000000000002584;0,00000011;0,00000000007287;0,000000734;0,000000000001692
3;19,2;-0,0115;0,0000000000003389;-0,000001349;-0,0000000008961;-0,000009003;-0,000000000002086
3;19,3;-0,0147;-0,0000000000001598;-0,000001726;-0,000000001146;-0,00001151;0,00000000000111
3;19,4;-0,0067;0,0000000000001886;-0,0000007865;-0,0000000005222;-0,000005247;-0,000000000001109
3;19,5;0,006;-0,000000000000215;0,0000007032;0,0000000004669;0,000004692;0,0000000000009807
3;19,6;0,0136;0,00000000000001968;0,000001595;0,00000000106;0,00001064;0,00000000000005472
3;19,7;0,0106;0,0000000000001051;0,000001246;0,0000000008275;0,000008314;-0,0000000000007289
3;19,8;-0,0002193;-0,0000000000002347;-0,00000002602;-0,0000000000171;-0,0000001736;0,00000000000162
3;19,9;-0,0104;0,0000000000003086;-0,00000122;-0,0000000008104;-0,000008139;-0,000000000002013
3;20;-0,0123;-0,000000000000207;-0,000001442;-0,0000000009576;-0,000009621;0,000000000001342
3;20,1;-0,0048;0,0000000000001941;-0,0000005674;-0,0000000003771;-0,000003786;-0,000000000001217
3;20,2;0,0059;-0,0000000000001503;0,0000006939;0,0000000004611;0,000004629;0,000000000000553
3;20,3;0,0117;-0,00000000000001898;0,000001376;0,000000000914;0,000009183;0,0000000000007054
3;20,4;0,0085;0,00000000000002484;0,0000009906;0,0000000006582;0,000006609;-0,0000000000009034
3;20,5;-0,001;-0,00000000000001643;-0,0000001226;-0,00000000008163;-0,0000008178;0,0000000000007921
3;20,6;-0,0093;0,00000000000005917;-0,000001094;-0,0000000007263;-0,000007298;-0,0000000000007734
3;20,7;-0,0102;-0,00000000000002587;-0,000001197;-0,0000000007949;-0,000007983;0,0000000000004601
3;20,8;-0,0034;0,0000000000001813;-0,0000003945;-0,0000000002619;-0,000002632;-0,000000000001301
3;20,9;0,0057;-0,0000000000003203;0,000000669;0,0000000004442;0,000004464;0,000000000002133
3;21;0,0101;0,0000000000001975;0,00000118;0,0000000007837;0,000007871;-0,000000000001241
3;21,1;0,0067;-0,00000000000007557;0,0000007798;0,0000000005178;0,000005203;0,0000000000000373
3;21,2;-0,0016;-0,00000000000008945;-0,00000019;-0,000000000126;-0,000001267;0,000000000001215
3;21,3;-0,0083;0,000000000000228;-0,0000009718;-0,0000000006457;-0,000006484;-0,000000000001944
3;21,4;-0,0084;-0,0000000000001625;-0,0000009873;-0,0000000006556;-0,000006588;0,000000000001623
3;21,5;-0,0022;0,0000000000001656;-0,0000002579;-0,0000000001714;-0,00000172;-0,000000000001565
3;21,6;0,0054;-0,0000000000001364;0,0000006318;0,0000000004198;0,000004215;0,000000000001204
3;21,7;0,0086;-0,00000000000001803;0,000001006;0,0000000006682;0,000006714;-0,0000000000001615
3;21,8;0,0052;0,00000000000007005;0,0000006052;0,0000000004021;0,000004038;-0,0000000000005026
3;21,9;-0,002;-0,00000000000015;-0,0000002325;-0,0000000001546;-0,000001551;0,000000000001287
3;22;-0,0073;0,0000000000001836;-0,0000008579;-0,0000000005697;-0,000005724;-0,00000000000155
3;22,1;-0,0069;-0,00000000000007834;-0,0000008082;-0,000000000537;-0,000005392;0,0000000000009848
3;22,2;-0,0013;0,00000000000002067;-0,000000153;-0,0000000001014;-0,000001021;-0,0000000000006252
3;22,3;0,005;0,00000000000002163;0,0000005885;0,0000000003907;0,000003926;0,000000000000195
3;22,4;0,0073;-0,00000000000009523;0,0000008524;0,0000000005663;0,000005687;0,0000000000003501
3;22,5;0,004;0,0000000000001267;0,0000004634;0,0000000003076;0,000003091;-0,0000000000006895
3;22,6;-0,0022;-0,0000000000001431;-0,0000002578;-0,000000000171;-0,00000172;0,000000000001053
3;22,7;-0,0064;0,0000000000001191;-0,0000007512;-0,0000000004991;-0,000005012;-0,000000000001057
3;22,8;-0,0056;-0,00000000000001869;-0,0000006575;-0,0000000004366;-0,000004387;0,0000000000004699
3;22,9;-0,0006177;-0,000000000000029;-0,00000007212;-0,00000000004807;-0,0000004812;-0,0000000000001263
3;23;0,0046;0,00000000000007356;0,0000005401;0,0000000003589;0,000003604;-0,0000000000002272
3;23,1;0,0061;-0,0000000000001453;0,0000007188;0,0000000004773;0,000004796;0,0000000000006764
3;23,2;0,003;0,00000000000008586;0,0000003472;0,0000000002308;0,000002317;-0,000000000000497
3;23,3;-0,0023;-0,00000000000003928;-0,000000268;-0,0000000001782;-0,000001788;0,0000000000003058
3;23,4;-0,0056;0,00000000000007294;-0,0000006544;-0,0000000004345;-0,000004366;-0,0000000000004718
3;23,5;-0,0045;-0,000000000000004465;-0,0000005297;-0,000000000352;-0,000003534;0,0000000000001935
3;23,6;-0,0001055;-0,0000000000000496;-0,00000001263;-0,000000000008208;-0,00000008427;0,00000000000006082
3;23,7;0,0042;0,00000000000003973;0,0000004913;0,0000000003262;0,000003278;-0,00000000000004875
3;23,8;0,0051;-0,00000000000004543;0,0000006016;0,0000000003998;0,000004014;0,00000000000009326
3;23,9;0,0022;0,0000000000000313;0,0000002548;0,000000000169;0,0000017;-0,00000000000005399
3;24;-0,0023;-0,00000000000001957;-0,000000269;-0,0000000001785;-0,000001795;0,0000000000001021
3;24,1;-0,0048;0,00000000000002285;-0,0000005656;-0,0000000003759;-0,000003774;-0,0000000000001997
3;24,2;-0,0036;0,00000000000004154;-0,0000004237;-0,0000000002813;-0,000002827;-0,0000000000001022
3;24,3;0,0002674;-0,00000000000006622;0,00000003161;0,00000000002083;0,0000002109;0,0000000000002361
3;24,4;0,0038;0,00000000000005166;0,0000004417;0,0000000002935;0,000002947;-0,0000000000002062
3;24,5;0,0043;-0,00000000000005767;0,0000005014;0,0000000003329;0,000003345;0,0000000000002401
3;24,6;0,0015;0,00000000000004083;0,0000001801;0,0000000001198;0,000001201;-0,0000000000002276
3;24,7;-0,0022;-0,00000000000001484;-0,0000002614;-0,0000000001738;-0,000001744;0,00000000000007795
3;24,8;-0,0042;0,00000000000000005715;-0,0000004869;-0,0000000003232;-0,000003248;0,0000000000000729
3;24,9;-0,0029;0,00000000000001631;-0,0000003347;-0,0000000002225;-0,000002233;-0,00000000000009515
3;25;0,0005295;0,00000000000001022;0,0000000618;0,00000000004122;0,0000004124;-0,0000000000001484
3;25,1;0,0034;-0,00000000000002417;0,0000003946;0,0000000002619;0,000002632;0,0000000000002462
3;25,2;0,0035;-0,00000000000002649;0,0000004143;0,0000000002754;0,000002764;0,00000000000004199
3;25,3;0,001;0,00000000000005492;0,000000122;0,00000000008089;0,0000008142;-0,0000000000002205
3;25,4;-0,0021;-0,0000000000000558;-0,0000002497;-0,0000000001657;-0,000001666;0,0000000000002963
3;25,5;-0,0035;0,00000000000006733;-0,0000004157;-0,0000000002763;-0,000002774;-0,0000000000003883
3;25,6;-0,0022;-0,00000000000004303;-0,000000262;-0,0000000001739;-0,000001748;0,0000000000002661
3;25,7;0,0007043;0,00000000000004075;0,0000000828;0,00000000005484;0,0000005525;-0,000000000000247
3;25,8;0,003;-0,00000000000003605;0,0000003488;0,0000000002319;0,000002327;0,0000000000001713
3;25,9;0,0029;-0,00000000000001779;0,0000003409;0,0000000002263;0,000002275;0,00000000000008224
3;26;0,0006496;0,00000000000006126;0,00000007589;0,00000000005057;0,0000005063;-0,0000000000003447
3;26,1;-0,002;-0,00000000000007495;-0,0000002335;-0,0000000001552;-0,000001558;0,00000000000047
3;26,2;-0,003;0,00000000000007433;-0,0000003538;-0,0000000002348;-0,00000236;-0,0000000000004207
3;26,3;-0,0017;-0,00000000000004006;-0,0000002015;-0,000000000134;-0,000001344;0,0000000000002004
3;26,4;0,0008113;-0,000000000000001225;0,00000009484;0,00000000006316;0,0000006328;-0,00000000000002905
3;26,5;0,0026;0,00000000000002726;0,0000003071;0,0000000002038;0,000002049;-0,0000000000000946
3;26,6;0,0024;-0,00000000000005448;0,0000002777;0,0000000001846;0,000001853;0,0000000000003028
3;26,7;0,0003505;0,00000000000005963;0,00000004133;0,00000000002729;0,0000002757;-0,0000000000003367
3;26,8;-0,0018;-0,00000000000005595;-0,0000002162;-0,0000000001434;-0,000001443;0,0000000000003098
3;26,9;-0,0025;0,00000000000005635;-0,0000002985;-0,0000000001984;-0,000001992;-0,0000000000003239
3;27;-0,0013;-0,000000000000004561;-0,0000001531;-0,0000000001015;-0,000001021;0,00000000000004763
3;27,1;0,0008664;-0,00000000000003636;0,0000001018;0,00000000006745;0,0000006791;0,0000000000001595
3;27,2;0,0023;0,0000000000000481;0,0000002677;0,0000000001779;0,000001786;-0,0000000000002271
3;27,3;0,0019;-0,0000000000000689;0,0000002252;0,0000000001495;0,000001503;0,0000000000003317
3;27,4;0,0001248;0,0000000000000717;0,00000001439;0,000000000009709;0,00000009599;-0,0000000000003356
3;27,5;-0,0017;-0,00000000000005273;-0,000000197;-0,000000000131;-0,000001314;0,0000000000002417
3;27,6;-0,0021;0,00000000000004272;-0,0000002512;-0,0000000001667;-0,000001676;-0,0000000000001909
3;27,7;-0,0009666;-0,000000000000003439;-0,0000001131;-0,00000000007524;-0,0000007543;-0,00000000000004486
3;27,8;0,0008824;-0,00000000000003058;0,0000001032;0,00000000006869;0,0000006884;0,0000000000001933
3;27,9;0,002;0,00000000000004245;0,0000002327;0,0000000001544;0,000001552;-0,0000000000002187
3;28;0,0015;-0,00000000000005725;0,0000001803;0,0000000001199;0,000001203;0,0000000000002748
3;28,1;-0,00004169;0,00000000000005524;-0,000000004649;-0,000000000003244;-0,00000003102;-0,0000000000002709
3;28,2;-0,0015;-0,00000000000003903;-0,0000001785;-0,0000000001184;-0,000001191;0,0000000000002212
3;28,3;-0,0018;0,00000000000003012;-0,0000002093;-0,0000000001392;-0,000001396;-0,000000000000174
3;28,4;-0,0006965;0,0000000000000121;-0,00000008186;-0,00000000005422;-0,0000005462;-0,00000000000005147
3;28,5;0,0008697;-0,00000000000004563;0,0000001022;0,00000000006771;0,0000006817;0,0000000000002451
3;28,6;0,0017;0,00000000000004285;0,0000002002;0,0000000001331;0,000001336;-0,0000000000002627
3;28,7;0,0012;-0,00000000000003624;0,0000001438;0,00000000009534;0,0000009592;0,0000000000002304
3;28,8;-0,0001608;0,00000000000002581;-0,00000001908;-0,00000000001252;-0,0000001273;-0,0000000000001722
3;28,9;-0,0014;-0,00000000000000025;-0,0000001594;-0,000000000106;-0,000001064;0,0000000000000217
3;29;-0,0015;-0,000000000000009774;-0,0000001741;-0,0000000001155;-0,000001162;0,000000000000071
3;29,1;-0,0004822;0,00000000000003041;-0,00000005628;-0,00000000003753;-0,0000003755;-0,0000000000002366
3;29,2;0,0008367;-0,00000000000003532;0,00000009784;0,00000000006513;0,0000006528;0,0000000000002375
3;29,3;0,0015;0,00000000000002071;0,000000172;0,0000000001141;0,000001148;-0,0000000000001156
3;29,4;0,0009626;-0,00000000000001184;0,0000001126;0,00000000007494;0,0000007512;0,00000000000005787
3;29,5;-0,0002425;0,000000000000001005;-0,00000002819;-0,00000000001887;-0,0000001881;-0,00000000000001339
3;29,6;-0,0012;0,000000000000006663;-0,0000001421;-0,00000000009423;-0,000000948;-0,00000000000001255
3;29,7;-0,0012;-0,000000000000006796;-0,0000001431;-0,0000000000952;-0,0000009548;0,00000000000003082
3;29,8;-0,0003142;0,000000000000011;-0,00000003705;-0,00000000002446;-0,0000002472;-0,00000000000009186
3;29,9;0,0007899;-0,00000000000001267;0,00000009281;0,0000000000615;0,0000006192;0,0000000000001265
3;30;0,0012;0,00000000000001065;0,0000001462;0,00000000009724;0,0000009753;-0,0000000000001179
3;30,1;0,000747;-0,000000000000008887;0,00000008777;0,00000000005815;0,0000005856;0,00000000000006798
3;30,2;-0,0002948;0,000000000000004494;-0,00000003478;-0,00000000002296;-0,0000002321;-0,00000000000001694
3;30,3;-0,0011;0,000000000000009782;-0,0000001249;-0,00000000008309;-0,0000008332;-0,00000000000006306
3;30,4;-0,001;-0,00000000000001036;-0,0000001176;-0,00000000007794;-0,0000007844;0,00000000000007212
3;30,5;-0,0001841;0,00000000000001371;-0,00000002136;-0,00000000001433;-0,0000001425;-0,0000000000001032
3;30,6;0,0007345;-0,00000000000001221;0,00000008586;0,00000000005717;0,0000005729;0,00000000000009138
3;30,7;0,0011;0,000000000000006328;0,0000001243;0,0000000000824;0,0000008291;-0,00000000000005141
3;30,8;0,0005707;-0,00000000000000004697;0,00000006667;0,00000000004442;0,0000004448;-0,00000000000001112
3;30,9;-0,0003246;-0,00000000000000702;-0,00000003782;-0,00000000002526;-0,0000002523;0,00000000000005722
3;31;-0,0009348;0,00000000000001365;-0,0000001098;-0,00000000007278;-0,0000007325;-0,00000000000007696
3;31,1;-0,0008135;-0,000000000000003086;-0,00000009513;-0,00000000006333;-0,0000006347;0,00000000000001978
3;31,2;-0,00008516;0,000000000000004814;-0,0000000102;-0,000000000006633;-0,00000006805;-0,00000000000002369
3;31,3;0,0006742;-0,000000000000006121;0,00000007924;0,00000000005249;0,0000005287;0,00000000000002515
3;31,4;0,0008915;-0,000000000000004086;0,0000001043;0,0000000000694;0,0000006957;0,00000000000001258
3;31,5;0,0004277;0,000000000000008548;0,00000005034;0,0000000000333;0,0000003359;-0,00000000000003213
3;31,6;-0,0003371;-0,000000000000004569;-0,00000003973;-0,00000000002625;-0,0000002651;0,000000000000005497
3;31,7;-0,0008134;0,000000000000008945;-0,00000009512;-0,00000000006332;-0,0000006346;-0,00000000000002253
3;31,8;-0,0006556;-0,000000000000004429;-0,00000007705;-0,00000000005104;-0,0000005141;0,000000000000005538
3;31,9;-0,00001131;0,000000000000000773;-0,000000001112;-0,0000000000008779;-0,00000000742;-0,000000000000000759
3;32;0,0006122;0,000000000000001639;0,00000007154;0,00000000004766;0,0000004773;-0,000000000000005779
3;32,1;0,0007465;-0,000000000000003506;0,00000008771;0,00000000005812;0,0000005852;-0,000000000000002191
3;32,2;0,0003126;0,000000000000002559;0,00000003643;0,00000000002433;0,000000243;0,00000000000002057
3;32,3;-0,000337;0,000000000000001358;-0,00000003928;-0,00000000002623;-0,0000002621;-0,00000000000004166
3;32,4;-0,0007034;0,000000000000002021;-0,00000008265;-0,00000000005476;-0,0000005514;0,000000000000007942
3;32,5;-0,0005235;0,000000000000004657;-0,00000006115;-0,00000000004075;-0,000000408;-0,00000000000002102
3;32,6;0,00004235;-0,000000000000001769;0,000000004754;0,000000000003294;0,00000003172;-0,000000000000009103
3;32,7;0,0005507;-0,0000000000000043;0,00000006475;0,00000000004287;0,000000432;0,000000000000042
3;32,8;0,0006213;0,000000000000005411;0,00000007261;0,00000000004836;0,0000004844;-0,00000000000005679
3;32,9;0,0002209;-0,000000000000004739;0,0000000261;0,0000000000172;0,0000001741;0,00000000000005007
3;33;-0,0003276;0,000000000000002112;-0,00000003861;-0,00000000002551;-0,0000002576;-0,00000000000003941
3;33,1;-0,0006046;0,000000000000007865;-0,00000007065;-0,00000000004706;-0,0000004714;-0,00000000000001351
3;33,2;-0,0004137;-0,000000000000004096;-0,0000000487;-0,00000000003221;-0,0000003249;-0,000000000000002306
3;33,3;0,00007996;0,000000000000007181;0,000000009577;0,000000000006227;0,0000000639;-0,00000000000003373
3;33,4;0,0004911;-0,000000000000008799;0,00000005735;0,00000000003823;0,0000003826;0,00000000000005842
3;33,5;0,0005138;0,000000000000003817;0,00000006042;0,00000000004;0,0000004031;-0,00000000000004203
3;33,6;0,0001486;0,000000000000001469;0,00000001721;0,00000000001156;0,0000001148;0,00000000000001333
3;33,7;-0,0003119;-0,000000000000004043;-0,00000003635;-0,00000000002428;-0,0000002425;0,000000000000001101
3;33,8;-0,0005166;0,000000000000009298;-0,00000006075;-0,00000000004022;-0,0000004054;-0,00000000000003369
3;33,9;-0,0003231;-0,000000000000005151;-0,00000003767;-0,00000000002515;-0,0000002513;0,00000000000002404
3;34;0,0001049;0,000000000000003512;0,0000000121;0,000000000008166;0,00000008071;-0,00000000000003249
3;34,1;0,0004345;-0,00000000000000005705;0,00000005113;0,00000000003383;0,0000003411;0,00000000000001274
3;34,2;0,000422;-0,000000000000001808;0,00000004926;0,00000000003285;0,0000003286;-0,0000000000000008519
3;34,3;0,00009228;0,000000000000005078;0,00000001102;0,000000000007187;0,0000000735;-0,00000000000002327
3;34,4;-0,0002919;-0,000000000000003659;-0,00000003442;-0,00000000002273;-0,0000002296;0,00000000000001659
3;34,5;-0,0004389;0,000000000000005414;-0,00000005124;-0,00000000003417;-0,0000003419;-0,00000000000002792
3;34,6;-0,0002487;0,0000000000000001964;-0,00000002935;-0,00000000001937;-0,0000001958;-0,0000000000000008956
3;34,7;0,0001201;-0,00000000000000208;0,00000001427;0,000000000009352;0,00000009524;0,000000000000009608
3;34,8;0,0003818;0,000000000000002013;0,00000004455;0,00000000002972;0,0000002972;-0,00000000000001276
3;34,9;0,0003441;-0,000000000000003239;0,00000004053;0,00000000002679;0,0000002704;0,00000000000001071
3;35;0,00004906;0,000000000000005407;0,000000005553;0,000000000003816;0,00000003705;-0,00000000000001097
3;35,1;-0,0002695;-0,000000000000001433;-0,00000003139;-0,00000000002098;-0,0000002095;-0,00000000000001783
3;35,2;-0,0003707;0,000000000000001832;-0,00000004365;-0,00000000002886;-0,0000002912;0,000000000000006487
3;35,3;-0,0001882;0,0000000000000009722;-0,00000002186;-0,00000000001465;-0,0000001459;-0,00000000000001532
3;35,4;0,0001278;0,000000000000001805;0,00000001478;0,000000000009943;0,00000009861;-0,000000000000006545
3;35,5;0,0003332;-0,0000000000000003739;0,00000003924;0,00000000002594;0,0000002618;0,000000000000002013
3;35,6;0,0002784;-0,000000000000001056;0,00000003244;0,00000000002167;0,0000002164;-0,000000000000003494
3;35,7;0,00001649;0,000000000000004371;0,000000002126;0,000000000001286;0,00000001419;-0,000000000000005981
3;35,8;-0,000246;-0,000000000000003674;-0,00000002902;-0,00000000001915;-0,0000001936;-0,000000000000004107
3;35,9;-0,0003113;0,000000000000005884;-0,00000003629;-0,00000000002423;-0,0000002422;-0,00000000000001245
3;36;-0,0001393;-0,000000000000001365;-0,00000001652;-0,00000000001085;-0,0000001102;-0,00000000000001465
3;36,1;0,0001298;0,0000000000000004669;0,0000000154;0,00000000001011;0,0000001028;0,0000000000000162
3;36,2;0,0002889;0,0000000000000006176;0,00000003367;0,00000000002249;0,0000002247;-0,00000000000001585
3;36,3;0,0002233;-0,000000000000001087;0,00000002636;0,00000000001739;0,0000001759;0,000000000000003428
3;36,4;-0,000007488;0,000000000000003038;-0,000000001067;-0,000000000000586;-0,00000000712;-0,000000000000002213
3;36,5;-0,0002222;0,0000000000000001455;-0,00000002585;-0,00000000001729;-0,0000001725;-0,00000000000002179
3;36,6;-0,0002598;0,000000000000003092;-0,00000003064;-0,00000000002023;-0,0000002044;0,00000000000000168
3;36,7;-0,0001001;-0,000000000000002932;-0,00000001155;-0,000000000007793;-0,00000007705;-0,000000000000001418
3;36,8;0,0001277;0,000000000000003106;0,00000001478;0,000000000009939;0,00000009861;-0,0000000000000108
3;36,9;0,0002491;-0,000000000000000152;0,00000002938;0,00000000001939;0,000000196;-0,000000000000001189
3;37;0,0001774;-0,000000000000000318;0,0000000206;0,00000000001381;0,0000001375;-0,000000000000003486
3;37,1;-0,00002461;0,00000000000000342;-0,000000002698;-0,000000000001913;-0,000000018;-0,00000000000001346
3;37,2;-0,0001989;-0,000000000000001459;-0,0000000235;-0,00000000001549;-0,0000001568;0,000000000000003787
3;37,3;-0,0002155;0,000000000000003187;-0,00000002507;-0,00000000001677;-0,0000001673;-0,00000000000001445
3;37,4;-0,00006911;-0,0000000000000005676;-0,000000008284;-0,000000000005382;-0,00000005527;-0,00000000000000267
3;37,5;0,0001227;0,0000000000000007361;0,00000001456;0,000000000009554;0,00000009717;-0,000000000000002866
3;37,6;0,0002134;0,000000000000001033;0,00000002483;0,00000000001661;0,0000001657;-0,000000000000006932
3;37,7;0,0001393;-0,00000000000000195;0,00000001651;0,00000000001085;0,0000001102;0,00000000000001102
3;37,8;-0,0000363;0,000000000000003865;-0,000000004438;-0,000000000002829;-0,00000002961;-0,00000000000002335
3;37,9;-0,0001766;-0,0000000000000001197;-0,00000002052;-0,00000000001375;-0,0000001369;0,0000000000000008392
3;38;-0,0001776;0,000000000000001646;-0,000000021;-0,00000000001383;-0,0000001401;-0,00000000000001011
3;38,1;-0,00004479;0,000000000000001556;-0,000000005069;-0,000000000003484;-0,00000003382;-0,00000000000001354
3;38,2;0,0001157;-0,0000000000000006653;0,00000001338;0,000000000009004;0,00000008927;0,0000000000000109
3;38,3;0,0001818;0,000000000000001001;0,00000002149;0,00000000001416;0,0000001434;-0,00000000000001517
3;38,4;0,000108;0,00000000000000008449;0,00000001248;0,000000000008405;0,00000008326;0,000000000000004522
3;38,5;-0,00004376;0,000000000000001468;-0,000000004949;-0,000000000003404;-0,00000003302;-0,00000000000001334
3;38,6;-0,0001557;0,000000000000001367;-0,00000001843;-0,00000000001212;-0,0000001229;-0,000000000000005841
3;38,7;-0,0001453;0,0000000000000003793;-0,00000001685;-0,00000000001131;-0,0000001124;-0,000000000000003827
3;38,8;-0,000026;0,000000000000002869;-0,000000003225;-0,000000000002026;-0,00000002151;-0,00000000000001713
3;38,9;0,0001075;-0,000000000000001566;0,00000001277;0,00000000000837;0,00000008523;0,00000000000001011
3;39;0,000154;0,000000000000001;0,00000001787;0,00000000001198;0,0000001192;-0,00000000000001146
3;39,1;0,00008242;0,000000000000001128;0,000000009836;0,000000000006419;0,00000006563;-0,000000000000001338
3;39,2;-0,00004794;0,0000000000000004752;-0,000000005795;-0,000000000003734;-0,00000003866;-0,00000000000001052
3;39,3;-0,0001363;0,0000000000000018;-0,0000000158;-0,00000000001061;-0,0000001054;-0,000000000000003221
3;39,4;-0,000118;-0,0000000000000001298;-0,00000001401;-0,000000000009189;-0,00000009345;-0,000000000000003701
3;39,5;-0,0000117;0,000000000000002684;-0,000000001197;-0,0000000000009087;-0,000000007989;-0,0000000000000147
3;39,6;0,00009859;-0,000000000000001506;0,00000001138;0,000000000007673;0,00000007593;0,000000000000007846
3;39,7;0,0001296;0,000000000000002074;0,00000001537;0,0000000000101;0,0000001025;-0,00000000000001591
3;39,8;0,00006168;-0,000000000000000001567;0,000000007055;0,000000000004799;0,00000004707;0,000000000000003472
3;39,9;-0,00004965;0,000000000000001374;-0,000000005646;-0,000000000003863;-0,00000003767;-0,00000000000001242
3;40;-0,0001185;0,000000000000001403;-0,00000001407;-0,000000000009231;-0,00000009384;-0,000000000000005871
4;0;0;0;0;0;0;0
4;0,1;0,088;0,000000000002801;-0,0000927;-0,00000003581;-0,0006183;0,000000000009714
4;0,2;1,2931;0,00000000001698;0,0001021;0,00000003149;0,0006812;-0,0000000001067
4;0,3;1,625;-0,0000000000285;0,000204;0,0000000536;0,00136;0,0000000001453
4;0,4;0,4524;0,00000000002583;0,00005021;0,000000004829;0,0003347;-0,000000000117
4;0,5;-0,9818;-0,00000000001519;-0,0001347;-0,00000002901;-0,0008981;0,00000000006497
4;0,6;-1,4289;0,00000000001149;-0,0001319;-0,00000003417;-0,0008796;-0,00000000004756
4;0,7;-0,8235;-0,0000000000005518;-0,00005637;-0,000000003756;-0,0003758;-0,00000000002485
4;0,8;0,1872;-0,000000000004405;-0,000005062;-0,000000000223;-0,00003375;0,00000000003529
4;0,9;1,1415;0,000000000001942;0,0001026;0,000000007899;0,0006843;-0,000000000005768
4;1;1,3358;-0,000000000008303;0,0001634;0,00000004945;0,00109;0,00000000002726
4;1,1;0,2791;0,0000000000112;0,0000231;0,000000009755;0,0001541;-0,0000000000091
4;1,2;-0,9279;-0,000000000006502;-0,0001169;-0,00000004389;-0,0007797;-0,00000000002427
4;1,3;-1,1546;0,000000000005201;-0,00009798;-0,00000001087;-0,0006533;0,00000000001322
4;1,4;-0,6716;0,000000000008988;-0,00005765;-0,000000005089;-0,0003844;-0,00000000004514
4;1,5;0,2075;-0,000000000009681;-0,0000006821;-0,00000001551;-0,000004672;0,00000000002074
4;1,6;1,097;-0,000000000003629;0,0001144;0,0000000308;0,0007631;0,00000000004919
4;1,7;1,0567;0,000000000003887;0,0001221;0,00000003473;0,0008142;-0,00000000004951
4;1,8;0,0986;-0,000000000008642;-0,000001955;-0,00000000984;-0,00001311;0,0000000000767
4;1,9;-0,7671;0,0000000000106;-0,00008366;-0,00000001743;-0,0005579;-0,00000000009149
4;2;-0,9945;-0,000000000002319;-0,00008722;-0,00000001421;-0,0005816;0,00000000004127
4;2,1;-0,561;-0,000000000002309;-0,00005763;-0,00000001599;-0,0003843;-0,000000000003236
4;2,2;0,3051;-0,000000000002936;0,00002072;0,000000003625;0,0001382;-0,00000000001075
4;2,3;0,9588;0,000000000003052;0,0001022;0,0000000238;0,0006813;0,00000000003878
4;2,4;0,8212;0,000000000002811;0,00008854;0,00000002057;0,0005904;-0,00000000006244
4;2,5;0,037;-0,00000000001989;-0,000003974;-0,000000001588;-0,00002651;0,0000000001518
4;2,6;-0,6931;0,00000000002703;-0,00007125;-0,00000001784;-0,0004752;-0,0000000001793
4;2,7;-0,8508;-0,00000000001143;-0,00007796;-0,00000001453;-0,0005198;0,00000000008116
4;2,8;-0,4177;0,000000000005501;-0,00004475;-0,000000009241;-0,0002984;-0,00000000002605
4;2,9;0,3237;-0,000000000001607;0,00002706;0,000000002193;0,0001804;-0,00000000002447
4;3;0,838;-0,000000000007817;0,00008989;0,00000002227;0,0005995;0,00000000008675
4;3,1;0,6524;0,000000000006472;0,0000675;0,00000001682;0,0004501;-0,00000000008047
4;3,2;-0,0341;-0,000000000006412;-0,000009364;-0,000000005835;-0,00006248;0,00000000007785
4;3,3;-0,61;0,00000000001105;-0,00005961;-0,000000012;-0,0003975;-0,00000000009136
4;3,4;-0,7195;-0,000000000004883;-0,00006836;-0,00000001279;-0,0004559;0,00000000004549
4;3,5;-0,316;-0,000000000001149;-0,00003562;-0,00000001047;-0,0002375;0,00000000001057
4;3,6;0,3438;0,0000000000004748;0,0000333;0,000000007374;0,0002221;-0,00000000003359
4;3,7;0,7197;-0,0000000000008364;0,00007631;0,00000001872;0,0005089;0,00000000003581
4;3,8;0,5055;-0,0000000000009479;0,00004994;0,000000009924;0,000333;-0,00000000002485
4;3,9;-0,0666;-0,0000000000006849;-0,000009392;-0,000000002633;-0,00006263;0,00000000003387
4;4;-0,546;0,00000000000318;-0,00005285;-0,0000000108;-0,0003524;-0,00000000004019
4;4,1;-0,6095;0,000000000001954;-0,00006016;-0,00000001326;-0,0004011;0,0000000000004415
4;4,2;-0,2169;-0,000000000003676;-0,00002421;-0,000000005843;-0,0001615;0,0000000000222
4;4,3;0,3368;0,000000000004145;0,00003402;0,000000007418;0,0002269;-0,00000000002886
4;4,4;0,6109;-0,000000000004911;0,00006352;0,00000001463;0,0004236;0,00000000003661
4;4,5;0,3987;0,0000000000007275;0,00003903;0,000000008558;0,0002602;-0,00000000001569
4;4,6;-0,0971;-0,000000000000413;-0,000011;-0,000000003156;-0,00007333;0,00000000001359
4;4,7;-0,4871;0,0000000000007733;-0,00004739;-0,000000009888;-0,000316;-0,00000000001883
4;4,8;-0,5052;0,000000000003385;-0,00005066;-0,00000001082;-0,0003378;0,00000000000373
4;4,9;-0,1447;-0,00000000000667;-0,00001614;-0,00000000445;-0,0001076;0,000000000008666
4;5;0,322;0,00000000001211;0,00003311;0,000000007608;0,0002208;-0,00000000004014
4;5,1;0,5189;-0,00000000001411;0,00005323;0,00000001237;0,0003549;0,00000000005613
4;5,2;0,3079;0,000000000007401;0,00002983;0,000000005909;0,0001989;-0,00000000002716
4;5,3;-0,1149;-0,000000000004361;-0,00001177;-0,000000002632;-0,00007849;0,00000000002073
4;5,4;-0,4313;0,000000000002599;-0,00004233;-0,00000000879;-0,0002823;-0,00000000001896
4;5,5;-0,4176;0,000000000005675;-0,00004246;-0,000000009723;-0,0002832;-0,0000000000127
4;5,6;-0,0855;-0,000000000008848;-0,000009292;-0,000000002261;-0,00006197;0,00000000001909
4;5,7;0,3005;0,00000000000855;0,00003097;0,000000007188;0,0002065;-0,00000000001899
4;5,8;0,4368;-0,000000000009354;0,00004418;0,000000009738;0,0002946;0,00000000002892
4;5,9;0,2373;0,000000000004959;0,00002319;0,000000004918;0,0001547;-0,00000000001656
4;6;-0,1268;-0,000000000002522;-0,0000126;-0,000000002707;-0,00008402;0,00000000001458
4;6,1;-0,3806;0,000000000002968;-0,0000378;-0,000000008218;-0,0002521;-0,0000000000248
4;6,2;-0,3397;0,000000000001912;-0,0000346;-0,000000007739;-0,0002307;0,00000000001054
4;6,3;-0,042;-0,000000000001346;-0,000004473;-0,000000001109;-0,00002983;-0,0000000000152
4;6,4;0,2756;-0,000000000001116;0,00002822;0,000000006395;0,0001882;0,00000000001845
4;6,5;0,3678;-0,000000000002369;0,00003699;0,000000008224;0,0002467;0,000000000002972
4;6,6;0,1789;0,000000000003083;0,00001761;0,00000000369;0,0001174;-0,00000000001269
4;6,7;-0,1328;-0,000000000004188;-0,00001311;-0,000000002814;-0,00008745;0,00000000002575
4;6,8;-0,3323;0,000000000005489;-0,00003324;-0,000000007206;-0,0002216;-0,00000000003269
4;6,9;-0,2745;-0,000000000001387;-0,00002797;-0,00000000636;-0,0001865;0,000000000008005
4;7;-0,0097;-0,00000000000007494;-0,0000009783;-0,0000000002213;-0,000006524;-0,000000000003687
4;7,1;0,2503;-0,000000000000767;0,0000255;0,000000005791;0,00017;0,00000000000767
4;7,2;0,3076;-0,000000000002591;0,0000308;0,000000006712;0,0002054;0,00000000001395
4;7,3;0,1322;0,000000000003296;0,00001314;0,000000002841;0,00008762;-0,00000000001911
4;7,4;-0,1336;-0,000000000004667;-0,00001323;-0,000000002812;-0,00008823;0,00000000002697
4;7,5;-0,2886;0,000000000006569;-0,00002903;-0,000000006433;-0,0001936;-0,000000000032
4;7,6;-0,2192;-0,00000000000216;-0,00002226;-0,000000004993;-0,0001485;0,000000000005505
4;7,7;0,0136;0,0000000000004288;0,000001451;0,000000000364;0,000009676;0,000000000006398
4;7,8;0,2248;0,0000000000009725;0,00002276;0,000000005064;0,0001517;-0,00000000001448
4;7,9;0,2564;-0,000000000005023;0,00002567;0,000000005631;0,0001712;0,00000000003148
4;8;0,0945;0,000000000003978;0,000009468;0,000000002078;0,00006314;-0,00000000001841
4;8,1;-0,131;-0,000000000001801;-0,00001305;-0,00000000284;-0,00008701;0,000000000002675
4;8,2;-0,2485;0,000000000001657;-0,00002506;-0,000000005541;-0,0001671;-0,000000000001302
4;8,3;-0,1734;-0,000000000001107;-0,00001756;-0,000000003925;-0,0001171;-0,000000000005088
4;8,4;0,0297;0,000000000001418;0,000003073;0,0000000007068;0,00002049;0,0000000000006912
4;8,5;0,2006;-0,000000000001292;0,00002023;0,000000004501;0,0001349;0,000000000004728
4;8,6;0,2123;-0,000000000001164;0,00002127;0,000000004657;0,0001419;0,000000000005521
4;8,7;0,0644;0,000000000002322;0,000006503;0,000000001439;0,00004336;-0,000000000007674
4;8,8;-0,1253;-0,00000000000215;-0,00001254;-0,000000002732;-0,00008363;0,000000000005609
4;8,9;-0,2128;0,000000000002251;-0,00002147;-0,000000004775;-0,0001432;-0,000000000006147
4;9;-0,1355;-0,0000000000000692;-0,00001368;-0,000000003041;-0,00009124;-0,000000000003145
4;9,1;0,0405;-0,0000000000008908;0,000004144;0,0000000009488;0,00002763;0,00000000000524
4;9,2;0,1775;-0,0000000000002629;0,00001787;0,000000003942;0,0001191;0,0000000000002787
4;9,3;0,1747;-0,0000000000004893;0,00001754;0,000000003854;0,0001169;0,000000000007196
4;9,4;0,0409;0,000000000000006095;0,000004152;0,0000000009345;0,00002769;-0,000000000008082
4;9,5;-0,1179;0,0000000000004091;-0,00001184;-0,000000002609;-0,00007896;0,00000000000328
4;9,6;-0,1809;0,0000000000009297;-0,00001826;-0,000000004052;-0,0001218;-0,000000000005046
4;9,7;-0,1046;-0,000000000001139;-0,00001053;-0,000000002327;-0,00007021;0,000000000004264
4;9,8;0,0471;0,000000000001218;0,000004778;0,000000001069;0,00003186;-0,000000000001882
4;9,9;0,1561;-0,000000000001036;0,0000157;0,000000003466;0,0001047;-0,000000000002288
4;10;0,1428;-0,0000000000005211;0,00001435;0,000000003162;0,00009569;0,000000000008013
4;10,1;0,0227;0,000000000001252;0,000002314;0,0000000005207;0,00001543;-0,00000000001125
4;10,2;-0,1092;-0,000000000001588;-0,00001099;-0,000000002424;-0,00007327;0,00000000001377
4;10,3;-0,153;0,000000000002132;-0,00001543;-0,000000003422;-0,0001029;-0,00000000001338
4;10,4;-0,0794;-0,00000000000004343;-0,000007981;-0,000000001762;-0,00005322;0,0000000000007895
4;10,5;0,0506;-0,000000000001675;0,000005114;0,00000000114;0,0000341;0,00000000001048
4;10,6;0,1364;0,00000000000158;0,00001371;0,000000003024;0,00009146;-0,00000000001369
4;10,7;0,1158;-0,000000000002019;0,00001165;0,000000002571;0,00007767;0,00000000001731
4;10,8;0,0089;0,000000000001057;0,0000009183;0,0000000002124;0,000006124;-0,00000000001139
4;10,9;-0,0999;0,0000000000004498;-0,00001006;-0,000000002227;-0,00006711;0,000000000002106
4;11;-0,1286;-0,0000000000004321;-0,00001296;-0,00000000287;-0,00008641;-0,0000000000002931
4;11,1;-0,059;0,0000000000005803;-0,000005928;-0,000000001305;-0,00003953;-0,000000000005406
4;11,2;0,0517;0,00000000000008944;0,000005215;0,000000001154;0,00003477;0,000000000003081
4;11,3;0,1185;-0,0000000000008013;0,00001191;0,000000002628;0,00007944;0,000000000002244
4;11,4;0,0931;-0,0000000000003152;0,000009368;0,000000002072;0,00006247;0,00000000000563
4;11,5;-0,0013;0,0000000000002513;-0,0000001188;-0,00000000002263;-0,0000007919;-0,000000000006874
4;11,6;-0,0904;0,000000000000419;-0,000009112;-0,000000002017;-0,00006076;0,000000000003907
4;11,7;-0,1074;0,00000000000002579;-0,00001082;-0,000000002393;-0,00007214;-0,000000000004978
4;11,8;-0,0427;0,0000000000000541;-0,00000429;-0,0000000009453;-0,00002861;0,000000000002034
4;11,9;0,0512;-0,0000000000004305;0,000005152;0,000000001139;0,00003436;0,00000000000316
4;12;0,1022;0,0000000000002892;0,00001029;0,000000002271;0,00006859;-0,00000000000619
4;12,1;0,0741;-0,0000000000002954;0,000007461;0,00000000165;0,00004975;0,000000000007424
4;12,2;-0,0086;-0,0000000000007141;-0,000000864;-0,0000000001886;-0,000005762;-0,000000000001367
4;12,3;-0,0811;0,000000000001765;-0,00000817;-0,000000001808;-0,00005448;-0,000000000005544
4;12,4;-0,0892;-0,000000000001454;-0,00000898;-0,000000001985;-0,00005988;0,000000000005364
4;12,5;-0,0297;0,000000000001165;-0,000002988;-0,0000000006583;-0,00001993;-0,000000000003024
4;12,6;0,0494;-0,0000000000007154;0,000004967;0,000000001097;0,00003312;0,000000000001291
4;12,7;0,0877;0,00000000000002776;0,000008828;0,00000000195;0,00005887;-0,000000000001046
4;12,8;0,0583;0,0000000000004222;0,000005874;0,0000000013;0,00003917;-0,0000000000003769
4;12,9;-0,0137;-0,000000000001061;-0,000001376;-0,0000000003039;-0,000009179;0,000000000003772
4;13;-0,0721;0,000000000001458;-0,000007265;-0,000000001607;-0,00004845;-0,000000000005001
4;13,1;-0,0736;-0,0000000000007751;-0,000007406;-0,000000001636;-0,00004939;0,000000000001478
4;13,2;-0,0196;0,0000000000004549;-0,000001968;-0,000000000434;-0,00001313;-0,0000000000007681
4;13,3;0,0467;-0,0000000000004916;0,0000047;0,000000001038;0,00003134;0,0000000000001167
4;13,4;0,0748;0,0000000000001195;0,000007531;0,000000001664;0,00005022;0,00000000000192
4;13,5;0,0453;-0,00000000000006947;0,000004567;0,00000000101;0,00003045;-0,0000000000009561
4;13,6;-0,017;-0,0000000000001768;-0,000001709;-0,0000000003777;-0,00001139;0,000000000001992
4;13,7;-0,0637;0,0000000000006297;-0,000006411;-0,000000001418;-0,00004275;-0,00000000000343
4;13,8;-0,0603;-0,0000000000004905;-0,000006069;-0,000000001341;-0,00004047;0,000000000001716
4;13,9;-0,0117;0,0000000000008287;-0,000001175;-0,0000000002594;-0,000007836;-0,000000000002453
4;14;0,0435;-0,0000000000008851;0,000004378;0,0000000009671;0,00002919;0,000000000003145
4;14,1;0,0634;0,000000000000182;0,000006388;0,000000001412;0,0000426;-0,0000000000006516
4;14,2;0,0347;-0,0000000000001334;0,000003496;0,0000000007734;0,00002331;0,00000000000006042
4;14,3;-0,0189;-0,0000000000002144;-0,0000019;-0,0000000004203;-0,00001267;0,000000000001953
4;14,4;-0,0558;0,0000000000008476;-0,000005619;-0,000000001242;-0,00003747;-0,000000000004756
4;14,5;-0,049;-0,000000000000766;-0,000004935;-0,00000000109;-0,00003291;0,000000000004481
4;14,6;-0,0057;0,0000000000003572;-0,0000005709;-0,000000000126;-0,000003807;-0,000000000003463
4;14,7;0,04;0,00000000000002718;0,000004027;0,0000000008894;0,00002685;0,000000000003022
4;14,8;0,0535;-0,0000000000002253;0,000005385;0,000000001191;0,00003591;-0,000000000002696
4;14,9;0,0261;-0,0000000000001845;0,000002627;0,0000000005808;0,00001752;0,000000000003718
4;15;-0,0197;0,0000000000005223;-0,000001986;-0,0000000004393;-0,00001325;-0,00000000000258
4;15,1;-0,0486;-0,0000000000001716;-0,000004892;-0,000000001081;-0,00003262;-0,000000000001503
4;15,2;-0,0396;0,00000000000004213;-0,000003983;-0,0000000008801;-0,00002656;0,000000000003412
4;15,3;-0,0012;0,0000000000002621;-0,0000001169;-0,00000000002593;-0,0000007792;-0,000000000005766
4;15,4;0,0364;-0,0000000000006116;0,000003661;0,0000000008091;0,00002441;0,000000000005966
4;15,5;0,0448;0,0000000000003901;0,000004513;0,0000000009977;0,0000301;-0,000000000002798
4;15,6;0,0191;-0,0000000000002573;0,000001926;0,000000000426;0,00001285;0,0000000000003676
4;15,7;-0,0198;-0,00000000000007655;-0,000001993;-0,0000000004408;-0,00001329;0,000000000001658
4;15,8;-0,0421;0,000000000000518;-0,000004234;-0,0000000009357;-0,00002823;-0,000000000003234
4;15,9;-0,0316;-0,0000000000001013;-0,000003184;-0,0000000007037;-0,00002123;0,000000000001265
4;16;0,0021;-0,0000000000002727;0,0000002132;0,00000000004712;0,000001422;0,000000000001104
4;16,1;0,0328;0,0000000000004202;0,000003298;0,0000000007288;0,00002199;-0,000000000002611
4;16,2;0,0373;-0,0000000000005547;0,000003759;0,000000000831;0,00002506;0,000000000003002
4;16,3;0,0136;-0,000000000000006437;0,000001369;0,0000000003024;0,000009127;0,0000000000009528
4;16,4;-0,0193;0,0000000000004643;-0,000001944;-0,0000000004298;-0,00001297;-0,000000000003811
4;16,5;-0,0362;-0,0000000000003781;-0,000003641;-0,0000000008048;-0,00002428;0,000000000003133
4;16,6;-0,025;0,0000000000004609;-0,000002521;-0,0000000005571;-0,00001681;-0,000000000003603
4;16,7;0,0044;-0,0000000000001677;0,0000004474;0,00000000009868;0,000002983;0,000000000002074
4;16,8;0,0292;-0,0000000000001776;0,000002944;0,0000000006507;0,00001963;0,00000000000007131
4;16,9;0,0309;0,0000000000001399;0,000003111;0,0000000006877;0,00002075;-0,0000000000008283
4;17;0,0092;-0,0000000000004687;0,0000009271;0,000000000205;0,000006183;0,000000000003976
4;17,1;-0,0184;0,0000000000005557;-0,000001855;-0,00000000041;-0,00001237;-0,000000000005569
4;17,2;-0,0309;-0,0000000000001428;-0,000003115;-0,0000000006884;-0,00002077;0,000000000003508
4;17,3;-0,0196;0,000000000000007025;-0,000001971;-0,0000000004358;-0,00001315;-0,000000000002263
4;17,4;0,006;0,0000000000001622;0,000000603;0,0000000001333;0,000004021;0,0000000000002267
4;17,5;0,0259;-0,0000000000003925;0,000002608;0,0000000005764;0,00001739;0,000000000002476
4;17,6;0,0254;0,0000000000003407;0,000002557;0,0000000005654;0,00001705;-0,000000000003364
4;17,7;0,0058;-0,0000000000002885;0,0000005841;0,0000000001289;0,000003895;0,000000000003905
4;17,8;-0,0173;0,0000000000001715;-0,00000174;-0,0000000003845;-0,0000116;-0,00000000000359
4;17,9;-0,0263;0,00000000000008192;-0,000002647;-0,0000000005853;-0,00001765;0,000000000002002
4;18;-0,0151;-0,00000000000001539;-0,000001522;-0,0000000003362;-0,00001015;-0,000000000001309
4;18,1;0,007;-0,00000000000003979;0,0000007002;0,0000000001546;0,000004669;0,0000000000005884
4;18,2;0,0228;-0,0000000000001506;0,000002293;0,0000000005069;0,00001529;0,0000000000009257
4;18,3;0,0207;0,0000000000001217;0,000002088;0,0000000004614;0,00001392;-0,000000000001373
4;18,4;0,0032;-0,00000000000005987;0,0000003189;0,00000000007053;0,000002127;0,000000000001327
4;18,5;-0,016;0,0000000000001675;-0,000001609;-0,0000000003556;-0,00001073;-0,000000000001488
4;18,6;-0,0222;-0,0000000000001593;-0,000002239;-0,0000000004947;-0,00001493;0,000000000001207
4;18,7;-0,0115;0,0000000000001993;-0,000001153;-0,000000000255;-0,000007692;-0,000000000001534
4;18,8;0,0075;-0,0000000000001056;0,0000007498;0,0000000001658;0,000005;0,000000000001171
4;18,9;0,0199;-0,000000000000156;0,000002003;0,0000000004428;0,00001336;0,0000000000001219
4;19;0,0168;0,0000000000001723;0,00000169;0,0000000003737;0,00001127;-0,0000000000006421
4;19,1;0,0012;-0,0000000000003076;0,0000001199;0,00000000002643;0,0000007998;0,000000000001793
4;19,2;-0,0146;0,0000000000004062;-0,000001471;-0,000000000325;-0,000009807;-0,000000000002245
4;19,3;-0,0187;-0,0000000000001691;-0,000001881;-0,0000000004157;-0,00001254;0,0000000000009526
4;19,4;-0,0085;0,000000000000214;-0,0000008572;-0,0000000001894;-0,000005716;-0,0000000000009521
4;19,5;0,0076;-0,0000000000002687;0,0000007665;0,0000000001694;0,000005111;0,0000000000008653
4;19,6;0,0173;0,00000000000003118;0,000001738;0,0000000003843;0,00001159;0,0000000000003491
4;19,7;0,0135;0,0000000000001342;0,000001358;0,0000000003001;0,000009056;-0,00000000000122
4;19,8;-0,0002784;-0,0000000000002998;-0,00000002841;-0,000000000006221;-0,0000001894;0,00000000000227
4;19,9;-0,0132;0,0000000000003816;-0,000001329;-0,0000000002939;-0,000008865;-0,000000000002599
4;20;-0,0156;-0,0000000000002327;-0,000001572;-0,0000000003473;-0,00001048;0,000000000001627
4;20,1;-0,0061;0,0000000000002271;-0,0000006183;-0,0000000001368;-0,000004123;-0,000000000001494
4;20,2;0,0075;-0,0000000000001869;0,0000007562;0,0000000001672;0,000005042;0,000000000000676
4;20,3;0,0149;-0,00000000000002826;0,0000015;0,0000000003315;0,00001;0,0000000000009464
4;20,4;0,0107;0,00000000000002152;0,00000108;0,0000000002387;0,000007199;-0,000000000001161
4;20,5;-0,0013;0,000000000000001494;-0,0000001335;-0,00000000002961;-0,0000008906;0,0000000000009173
4;20,6;-0,0118;0,0000000000000527;-0,000001192;-0,0000000002634;-0,00000795;-0,0000000000008315
4;20,7;-0,013;-0,00000000000001359;-0,000001304;-0,0000000002883;-0,000008696;0,000000000000454
4;20,8;-0,0043;0,0000000000002372;-0,00000043;-0,00000000009498;-0,000002868;-0,000000000001677
4;20,9;0,0072;-0,00000000000044;0,0000007292;0,0000000001611;0,000004863;0,000000000002904
4;21;0,0128;0,0000000000002895;0,000001286;0,0000000002842;0,000008573;-0,000000000001805
4;21,1;0,0084;-0,0000000000001256;0,0000008499;0,0000000001878;0,000005668;0,0000000000002244
4;21,2;-0,0021;-0,00000000000009159;-0,0000002071;-0,00000000004571;-0,000001381;0,000000000001385
4;21,3;-0,0105;0,0000000000002793;-0,000001059;-0,0000000002342;-0,000007062;-0,000000000002369
4;21,4;-0,0107;-0,0000000000002087;-0,000001076;-0,0000000002378;-0,000007176;0,00000000000204
4;21,5;-0,0028;0,0000000000002164;-0,000000281;-0,00000000006217;-0,000001874;-0,000000000002011
4;21,6;0,0068;-0,0000000000001657;0,0000006885;0,0000000001523;0,000004591;0,000000000001493
4;21,7;0,0109;-0,00000000000003265;0,000001097;0,0000000002423;0,000007313;-0,0000000000001503
4;21,8;0,0066;0,0000000000001041;0,0000006595;0,0000000001458;0,000004398;-0,0000000000007278
4;21,9;-0,0025;-0,0000000000002161;-0,0000002533;-0,00000000005607;-0,000001689;0,000000000001813
4;22;-0,0093;0,0000000000002509;-0,0000009351;-0,0000000002066;-0,000006236;-0,000000000002131
4;22,1;-0,0088;-0,00000000000009802;-0,0000008808;-0,0000000001948;-0,000005873;0,000000000001298
4;22,2;-0,0017;0,00000000000001028;-0,0000001668;-0,00000000003678;-0,000001112;-0,0000000000007331
4;22,3;0,0064;0,00000000000005121;0,0000006414;0,0000000001417;0,000004277;0,0000000000001112
4;22,4;0,0092;-0,0000000000001454;0,0000009289;0,0000000002054;0,000006195;0,0000000000005815
4;22,5;0,005;0,000000000000191;0,000000505;0,0000000001115;0,000003368;-0,000000000001003
4;22,6;-0,0028;-0,000000000000211;-0,000000281;-0,00000000006203;-0,000001874;0,000000000001475
4;22,7;-0,0081;0,000000000000177;-0,0000008187;-0,000000000181;-0,000005459;-0,000000000001513
4;22,8;-0,0071;-0,00000000000004761;-0,0000007166;-0,0000000001583;-0,000004779;0,0000000000007501
4;22,9;-0,0007837;-0,00000000000001099;-0,00000007856;-0,00000000001743;-0,0000005239;-0,0000000000003272
4;23;0,0059;0,00000000000007158;0,0000005886;0,0000000001302;0,000003925;-0,0000000000001273
4;23,1;0,0078;-0,0000000000001625;0,0000007834;0,0000000001731;0,000005224;0,0000000000006901
4;23,2;0,0038;0,00000000000008581;0,0000003784;0,00000000008371;0,000002523;-0,0000000000004639
4;23,3;-0,0029;-0,00000000000002905;-0,0000002921;-0,00000000006463;-0,000001948;0,0000000000002387
4;23,4;-0,0071;0,00000000000007835;-0,0000007133;-0,0000000001576;-0,000004756;-0,0000000000004916
4;23,5;-0,0057;0,0000000000000107;-0,0000005772;-0,0000000001277;-0,000003849;0,0000000000001368
4;23,6;-0,0001339;-0,00000000000008386;-0,00000001381;-0,000000000002974;-0,00000009207;0,0000000000001966
4;23,7;0,0053;0,00000000000007437;0,0000005355;0,0000000001183;0,000003571;-0,0000000000001899
4;23,8;0,0065;-0,00000000000007311;0,0000006556;0,000000000145;0,000004372;0,000000000000204
4;23,9;0,0028;0,00000000000004783;0,0000002777;0,00000000006131;0,000001852;-0,0000000000001068
4;24;-0,0029;-0,00000000000002202;-0,0000002932;-0,00000000006474;-0,000001955;0,000000000000103
4;24,1;-0,0061;0,0000000000000186;-0,0000006164;-0,0000000001363;-0,000004111;-0,0000000000002037
4;24,2;-0,0046;0,0000000000000542;-0,0000004619;-0,000000000102;-0,00000308;-0,0000000000001431
4;24,3;0,0003393;-0,00000000000007191;0,00000003449;0,000000000007559;0,00000023;0,0000000000002374
4;24,4;0,0048;0,00000000000005609;0,0000004813;0,0000000001064;0,00000321;-0,0000000000001938
4;24,5;0,0054;-0,00000000000007091;0,0000005465;0,0000000001207;0,000003644;0,0000000000002674
4;24,6;0,002;0,00000000000005987;0,0000001962;0,00000000004343;0,000001308;-0,0000000000003209
4;24,7;-0,0028;-0,0000000000000333;-0,0000002849;-0,00000000006304;-0,0000019;0,0000000000001744
4;24,8;-0,0053;0,00000000000001862;-0,0000005307;-0,0000000001172;-0,000003539;-0,000000000000005851
4;24,9;-0,0036;0,000000000000001927;-0,0000003647;-0,00000000008068;-0,000002432;-0,0000000000000305
4;25;0,0006719;0,0000000000000384;0,00000006732;0,00000000001495;0,0000004489;-0,0000000000002828
4;25,1;0,0043;-0,0000000000000561;0,0000004301;0,00000000009499;0,000002868;0,000000000000393
4;25,2;0,0045;-0,00000000000001723;0,0000004515;0,00000000009987;0,000003011;0,0000000000000004212
4;25,3;0,0013;0,00000000000006494;0,000000133;0,00000000002934;0,0000008871;-0,0000000000002962
4;25,4;-0,0027;-0,00000000000006791;-0,0000002722;-0,00000000006009;-0,000001815;0,000000000000401
4;25,5;-0,0045;0,00000000000008502;-0,000000453;-0,0000000001002;-0,000003021;-0,0000000000005143
4;25,6;-0,0028;-0,0000000000000501;-0,0000002856;-0,00000000006306;-0,000001904;0,000000000000335
4;25,7;0,0008937;0,00000000000004736;0,00000009028;0,00000000001989;0,0000006021;-0,0000000000003053
4;25,8;0,0038;-0,00000000000004165;0,0000003801;0,00000000008409;0,000002535;0,0000000000001927
4;25,9;0,0037;-0,0000000000000211;0,0000003716;0,00000000008207;0,000002478;0,0000000000001067
4;26;0,0008243;0,00000000000007173;0,00000008267;0,00000000001834;0,0000005513;-0,0000000000004275
4;26,1;-0,0025;-0,00000000000009054;-0,0000002544;-0,0000000000563;-0,000001697;0,0000000000005848
4;26,2;-0,0038;0,00000000000009292;-0,0000003856;-0,00000000008517;-0,000002571;-0,0000000000005318
4;26,3;-0,0022;-0,00000000000004781;-0,0000002195;-0,00000000004859;-0,000001464;0,0000000000002581
4;26,4;0,001;-0,000000000000008028;0,0000001033;0,00000000002291;0,000000689;-0,00000000000005397
4;26,5;0,0033;0,00000000000004595;0,0000003347;0,00000000007392;0,000002232;-0,0000000000001221
4;26,6;0,003;-0,00000000000008143;0,0000003026;0,00000000006695;0,000002018;0,0000000000003973
4;26,7;0,0004448;0,00000000000009378;0,00000004508;0,000000000009897;0,0000003006;-0,0000000000004728
4;26,8;-0,0023;-0,00000000000009003;-0,0000002357;-0,00000000005202;-0,000001572;0,0000000000004412
4;26,9;-0,0032;0,00000000000009051;-0,0000003253;-0,00000000007196;-0,000002169;-0,0000000000004656
4;27;-0,0017;-0,00000000000001862;-0,0000001669;-0,00000000003682;-0,000001113;0,00000000000009517
4;27,1;0,0011;-0,0000000000000392;0,000000111;0,00000000002447;0,00000074;0,0000000000001793
4;27,2;0,0029;0,00000000000006104;0,0000002917;0,00000000006453;0,000001945;-0,0000000000002918
4;27,3;0,0024;-0,00000000000008867;0,0000002455;0,00000000005421;0,000001637;0,0000000000004302
4;27,4;0,0001584;0,000000000000095;0,00000001564;0,000000000003516;0,0000001043;-0,0000000000004582
4;27,5;-0,0021;-0,00000000000007125;-0,0000002146;-0,0000000000475;-0,000001431;0,000000000000338
4;27,6;-0,0027;0,00000000000006176;-0,0000002738;-0,00000000006046;-0,000001826;-0,0000000000002844
4;27,7;-0,0012;-0,00000000000001304;-0,0000001232;-0,00000000002729;-0,0000008214;-0,00000000000001709
4;27,8;0,0011;-0,0000000000000297;0,0000001124;0,00000000002491;0,0000007496;0,0000000000002086
4;27,9;0,0025;0,00000000000004838;0,0000002536;0,00000000005599;0,000001691;-0,0000000000002654
4;28;0,002;-0,00000000000006835;0,0000001965;0,0000000000435;0,00000131;0,0000000000003363
4;28,1;-0,0000529;0,00000000000006874;-0,00000000503;-0,000000000001176;-0,00000003354;-0,0000000000003354
4;28,2;-0,0019;-0,00000000000004702;-0,0000001946;-0,00000000004294;-0,000001297;0,0000000000002567
4;28,3;-0,0023;0,00000000000003726;-0,0000002281;-0,00000000005047;-0,000001521;-0,0000000000002143
4;28,4;-0,0008837;0,00000000000001952;-0,00000008926;-0,00000000001967;-0,0000005952;-0,00000000000008312
4;28,5;0,0011;-0,00000000000006242;0,0000001114;0,00000000002456;0,0000007428;0,0000000000003368
4;28,6;0,0022;0,00000000000005997;0,0000002181;0,00000000004828;0,000001455;-0,0000000000003741
4;28,7;0,0016;-0,00000000000005114;0,0000001567;0,00000000003458;0,000001045;0,000000000000331
4;28,8;-0,0002041;0,00000000000004067;-0,00000002083;-0,000000000004544;-0,0000001389;-0,0000000000002676
4;28,9;-0,0017;-0,000000000000005503;-0,0000001737;-0,00000000003846;-0,000001158;0,00000000000005499
4;29;-0,0019;-0,000000000000007848;-0,0000001898;-0,00000000004189;-0,000001266;0,00000000000006465
4;29,1;-0,0006118;0,0000000000000378;-0,00000006131;-0,00000000001361;-0,0000004088;-0,000000000000303
4;29,2;0,0011;-0,00000000000004408;0,0000001066;0,00000000002362;0,0000007108;0,0000000000002991
4;29,3;0,0019;0,00000000000002677;0,0000001875;0,00000000004139;0,00000125;-0,0000000000001491
4;29,4;0,0012;-0,0000000000000136;0,0000001227;0,00000000002718;0,0000008181;0,00000000000006531
4;29,5;-0,0003077;0,0000000000000006692;-0,00000003069;-0,000000000006843;-0,0000002047;-0,00000000000001789
4;29,6;-0,0015;0,0000000000000101;-0,0000001549;-0,00000000003418;-0,000001033;-0,00000000000001752
4;29,7;-0,0016;-0,00000000000001069;-0,0000001559;-0,00000000003452;-0,00000104;0,00000000000004071
4;29,8;-0,0003986;0,00000000000001751;-0,00000004041;-0,000000000008873;-0,0000002695;-0,0000000000001313
4;29,9;0,001;-0,00000000000001632;0,0000001012;0,00000000002231;0,0000006747;0,0000000000001582
4;30;0,0016;0,0000000000000144;0,0000001593;0,00000000003527;0,000001062;-0,000000000000151
4;30,1;0,0009478;-0,00000000000001153;0,0000000957;0,00000000002109;0,0000006381;0,00000000000007883
4;30,2;-0,0003741;0,000000000000008121;-0,00000003794;-0,000000000008329;-0,000000253;-0,00000000000002642
4;30,3;-0,0014;0,00000000000001137;-0,0000001361;-0,00000000003013;-0,0000009073;-0,00000000000008258
4;30,4;-0,0013;-0,0000000000000126;-0,0000001282;-0,00000000002827;-0,0000008547;0,00000000000009544
4;30,5;-0,0002337;0,00000000000001762;-0,00000002324;-0,000000000005195;-0,000000155;-0,0000000000001446
4;30,6;0,0009319;-0,00000000000001315;0,00000009354;0,00000000002073;0,0000006238;0,0000000000001121
4;30,7;0,0013;0,000000000000008546;0,0000001355;0,00000000002989;0,0000009034;-0,00000000000007555
4;30,8;0,0007241;0,000000000000002262;0,00000007262;0,00000000001611;0,0000004843;-0,00000000000002575
4;30,9;-0,0004118;-0,00000000000001236;-0,00000004119;-0,000000000009161;-0,0000002746;0,00000000000008886
4;31;-0,0012;0,00000000000002198;-0,0000001197;-0,0000000000264;-0,0000007981;-0,0000000000001155
4;31,1;-0,001;-0,000000000000006182;-0,0000001036;-0,00000000002296;-0,0000006911;0,00000000000002664
4;31,2;-0,0001081;0,000000000000008517;-0,00000001115;-0,000000000002408;-0,00000007435;-0,00000000000003548
4;31,3;0,0008555;-0,000000000000006831;0,0000000864;0,00000000001904;0,0000005761;0,00000000000002162
4;31,4;0,0011;-0,000000000000004974;0,0000001136;0,00000000002517;0,0000007576;0,00000000000001518
4;31,5;0,0005426;0,00000000000001237;0,0000000549;0,00000000001208;0,0000003661;-0,00000000000005024
4;31,6;-0,0004278;-0,0000000000000067;-0,00000004334;-0,000000000009522;-0,000000289;0,000000000000009737
4;31,7;-0,001;0,00000000000001426;-0,0000001036;-0,00000000002296;-0,0000006911;-0,0000000000000432
4;31,8;-0,0008318;-0,000000000000006673;-0,00000008401;-0,00000000001851;-0,0000005602;0,00000000000001041
4;31,9;-0,00001435;0,000000000000003504;-0,000000001178;-0,0000000000003164;-0,000000007858;-0,00000000000001342
4;32;0,0007769;0,0000000000000008118;0,00000007794;0,00000000001728;0,0000005197;-0,000000000000003685
4;32,1;0,0009472;-0,000000000000002263;0,00000009562;0,00000000002108;0,0000006377;-0,00000000000001601
4;32,2;0,0003967;0,000000000000002858;0,00000003967;0,000000000008822;0,0000002645;0,00000000000003478
4;32,3;-0,0004276;0,000000000000004127;-0,00000004278;-0,00000000000951;-0,0000002853;-0,00000000000007739
4;32,4;-0,0008925;0,000000000000001103;-0,00000009011;-0,00000000001986;-0,0000006009;0,00000000000002536
4;32,5;-0,0006643;0,000000000000008334;-0,00000006661;-0,00000000001478;-0,0000004442;-0,00000000000004801
4;32,6;0,00005374;-0,00000000000000205;0,000000005148;0,000000000001192;0,00000003433;-0,000000000000003819
4;32,7;0,0006987;-0,000000000000004291;0,0000000706;0,00000000001555;0,0000004708;0,00000000000003532
4;32,8;0,0007883;0,000000000000007471;0,0000000791;0,00000000001754;0,0000005275;-0,00000000000006795
4;32,9;0,0002803;-0,000000000000005527;0,00000002848;0,00000000000624;0,0000001899;0,00000000000005095
4;33;-0,0004157;0,000000000000003229;-0,00000004211;-0,000000000009253;-0,0000002808;-0,0000000000000443
4;33,1;-0,0007671;0,00000000000001124;-0,00000007697;-0,00000000001707;-0,0000005133;-0,00000000000003246
4;33,2;-0,000525;-0,000000000000005221;-0,00000005311;-0,00000000001168;-0,0000003541;-0,000000000000001626
4;33,3;0,0001015;0,00000000000001075;0,00000001047;0,00000000000226;0,00000006982;-0,00000000000005037
4;33,4;0,0006231;-0,00000000000001121;0,00000006247;0,00000000001386;0,0000004166;0,00000000000007182
4;33,5;0,0006519;0,000000000000006863;0,00000006588;0,00000000001451;0,0000004393;-0,00000000000006491
4;33,6;0,0001885;0,000000000000001233;0,00000001873;0,000000000004192;0,0000001249;0,00000000000001839
4;33,7;-0,0003957;-0,000000000000003253;-0,00000003958;-0,000000000008802;-0,000000264;-0,000000000000007259
4;33,8;-0,0006555;0,00000000000001176;-0,00000006625;-0,00000000001459;-0,0000004418;-0,00000000000004663
4;33,9;-0,00041;-0,000000000000005793;-0,00000004102;-0,000000000009119;-0,0000002735;0,00000000000002927
4;34;0,0001331;0,000000000000006087;0,00000001315;0,00000000000296;0,0000000877;-0,00000000000005377
4;34,1;0,0005514;0,0000000000000002709;0,00000005576;0,00000000001227;0,0000003718;0,0000000000000143
4;34,2;0,0005354;-0,00000000000000141;0,00000005365;0,00000000001191;0,0000003578;-0,000000000000008365
4;34,3;0,0001171;0,000000000000006121;0,00000001204;0,000000000002608;0,00000008027;-0,00000000000002793
4;34,4;-0,0003704;-0,000000000000002059;-0,00000003754;-0,000000000008246;-0,0000002503;0,000000000000005064
4;34,5;-0,0005569;0,000000000000006467;-0,00000005582;-0,00000000001239;-0,0000003722;-0,0000000000000317
4;34,6;-0,0003156;0,000000000000001743;-0,00000003202;-0,000000000007026;-0,0000002135;-0,00000000000001216
4;34,7;0,0001524;-0,000000000000001906;0,00000001559;0,000000000003394;0,000000104;0,000000000000008677
4;34,8;0,0004844;0,000000000000003153;0,00000004852;0,00000000001078;0,0000003235;-0,00000000000002255
4;34,9;0,0004366;-0,000000000000003103;0,0000000442;0,000000000009719;0,0000002948;0,000000000000008202
4;35;0,00006225;0,000000000000006968;0,000000006022;0,000000000001382;0,00000004016;-0,00000000000001608
4;35,1;-0,000342;-0,0000000000000001821;-0,00000003419;-0,000000000007607;-0,000000228;-0,00000000000003103
4;35,2;-0,0004704;0,000000000000002765;-0,0000000476;-0,00000000001047;-0,0000003174;0,000000000000003377
4;35,3;-0,0002388;0,000000000000001397;-0,0000000238;-0,00000000000531;-0,0000001587;-0,0000000000000208
4;35,4;0,0001621;0,000000000000004636;0,00000001608;0,000000000003604;0,0000001072;-0,00000000000002281
4;35,5;0,0004228;-0,0000000000000008221;0,0000000428;0,00000000000941;0,0000002854;0,000000000000004765
4;35,6;0,0003533;0,0000000000000004092;0,00000003532;0,000000000007858;0,0000002355;-0,00000000000001551
4;35,7;0,00002093;0,000000000000006774;0,000000002348;0,0000000000004679;0,00000001566;-0,00000000000001555
4;35,8;-0,0003121;-0,000000000000005298;-0,00000003166;-0,000000000006946;-0,0000002111;-0,000000000000002515
4;35,9;-0,000395;0,000000000000009359;-0,00000003953;-0,000000000008787;-0,0000002636;-0,0000000000000272
4;36;-0,0001767;-0,000000000000001766;-0,00000001803;-0,000000000003935;-0,0000001202;-0,00000000000001786
4;36,1;0,0001647;0,000000000000001984;0,00000001682;0,000000000003667;0,0000001121;0,000000000000008914
4;36,2;0,0003666;0,000000000000001361;0,00000003667;0,000000000008155;0,0000002445;-0,00000000000002188
4;36,3;0,0002833;-0,0000000000000005818;0,00000002876;0,000000000006308;0,0000001918;-0,000000000000003367
4;36,4;-0,000009502;0,000000000000004855;-0,000000001193;-0,0000000000002147;-0,000000007955;-0,000000000000007064
4;36,5;-0,0002819;0,000000000000001403;-0,00000002814;-0,000000000006269;-0,0000001877;-0,00000000000003649
4;36,6;-0,0003297;0,000000000000003968;-0,00000003342;-0,000000000007339;-0,0000002229;0,000000000000001402
4;36,7;-0,0001271;-0,000000000000001668;-0,00000001256;-0,000000000002824;-0,00000008373;-0,00000000000001353
4;36,8;0,000162;0,000000000000003292;0,00000001608;0,000000000003603;0,0000001072;-0,0000000000000124
4;36,9;0,000316;0,000000000000002215;0,00000003205;0,000000000007034;0,0000002137;-0,00000000000001481
4;37;0,0002251;-0,0000000000000009047;0,00000002242;0,000000000005005;0,0000001495;-0,000000000000003976
4;37,1;-0,00003123;0,000000000000006441;-0,000000002911;-0,0000000000006923;-0,00000001942;-0,00000000000002834
4;37,2;-0,0002524;-0,000000000000001861;-0,00000002564;-0,000000000005618;-0,000000171;0,000000000000003757
4;37,3;-0,0002735;0,000000000000005291;-0,0000000273;-0,000000000006082;-0,000000182;-0,00000000000002679
4;37,4;-0,00008769;-0,00000000000000008392;-0,000000009058;-0,000000000001954;-0,0000000604;-0,000000000000008255
4;37,5;0,0001557;0,000000000000002143;0,0000000159;0,000000000003467;0,000000106;-0,00000000000001118
4;37,6;0,0002708;0,000000000000001907;0,00000002703;0,000000000006022;0,0000001802;-0,00000000000001249
4;37,7;0,0001768;-0,000000000000001682;0,00000001802;0,000000000003936;0,0000001202;0,000000000000009029
4;37,8;-0,00004606;0,000000000000006286;-0,000000004865;-0,000000000001028;-0,00000003244;-0,00000000000004009
4;37,9;-0,0002241;0,0000000000000001725;-0,00000002233;-0,000000000004984;-0,0000001489;0,0000000000000008652
4;38;-0,0002253;0,000000000000003276;-0,00000002291;-0,000000000005017;-0,0000001528;-0,00000000000002363
4;38,1;-0,00005683;0,000000000000002815;-0,000000005496;-0,000000000001262;-0,00000003665;-0,00000000000001949
4;38,2;0,0001468;0,0000000000000001403;0,00000001455;0,000000000003264;0,00000009705;0,00000000000000467
4;38,3;0,0002307;0,000000000000001984;0,00000002345;0,000000000005136;0,0000001563;-0,00000000000002223
4;38,4;0,000137;0,000000000000001135;0,00000001357;0,000000000003047;0,00000009051;-0,000000000000002695
4;38,5;-0,00005552;0,000000000000002761;-0,000000005366;-0,000000000001233;-0,00000003578;-0,00000000000002116
4;38,6;-0,0001975;0,000000000000002602;-0,00000002011;-0,000000000004399;-0,0000001341;-0,00000000000001472
4;38,7;-0,0001844;0,0000000000000013;-0,00000001834;-0,0000000000041;-0,0000001223;-0,000000000000009982
4;38,8;-0,00003299;0,000000000000004758;-0,000000003542;-0,0000000000007369;-0,00000002362;-0,00000000000002831
4;38,9;0,0001364;-0,000000000000001084;0,00000001395;0,000000000003037;0,00000009302;0,0000000000000065
4;39;0,0001954;0,000000000000001993;0,00000001945;0,000000000004345;0,0000001297;-0,00000000000001968
4;39,1;0,0001046;0,000000000000002576;0,00000001075;0,00000000000233;0,00000007167;-0,000000000000009511
4;39,2;-0,00006083;0,00000000000000136;-0,000000006343;-0,000000000001356;-0,0000000423;-0,00000000000001827
4;39,3;-0,0001729;0,000000000000003247;-0,00000001719;-0,000000000003846;-0,0000001146;-0,00000000000001044
4;39,4;-0,0001497;0,0000000000000006275;-0,00000001529;-0,000000000003334;-0,000000102;-0,000000000000009337
4;39,5;-0,00001485;0,00000000000000444;-0,000000001278;-0,0000000000003279;-0,000000008519;-0,00000000000002699
4;39,6;0,0001251;-0,000000000000000953;0,00000001238;0,000000000002781;0,00000008253;0,00000000000000489
4;39,7;0,0001645;0,000000000000003553;0,00000001678;0,000000000003663;0,0000001119;-0,00000000000002696
4;39,8;0,00007826;0,000000000000001067;0,000000007662;0,000000000001739;0,0000000511;-0,000000000000002549
4;39,9;-0,000063;0,000000000000002552;-0,000000006127;-0,000000000001399;-0,00000004086;-0,00000000000002127
4;40;-0,0001504;0,000000000000002707;-0,00000001536;-0,00000000000335;-0,0000001024;-0,00000000000001343
5;0;0;0;0;0;0;0
5;0,1;0,4289;0,000000000007357;0,00007935;0,00000009773;-0,0005298;0,00000000002445
5;0,2;0,9933;-0,00000000001034;-0,00009039;-0,00000003789;0,0006029;-0,00000000008178
5;0,3;1,1147;0,000000000009417;-0,000184;-0,0000001383;0,001228;0,000000000102
5;0,4;0,4064;-0,000000000004026;-0,0000484;-0,0000000393;0,000323;-0,00000000007279
5;0,5;-0,7055;-0,000000000001575;0,0001239;0,0000001026;-0,0008265;0,00000000002646
5;0,6;-1,1035;0,000000000003797;0,0001191;0,00000006885;-0,0007949;-0,000000000008974
5;0,7;-0,7876;-0,00000000001268;0,00005497;0,00000002821;-0,0003667;-0,00000000005037
5;0,8;0,1893;0,00000000001325;0,000004979;0,00000001722;-0,00003333;0,00000000006835
5;0,9;1,0661;-0,000000000009084;-0,00009969;-0,00000007032;0,0006652;-0,00000000005183
5;1;0,865;0,000000000007576;-0,000145;-0,0000001025;0,0009672;0,00000000006204
5;1,1;0,1863;0,00000000000003859;-0,00001946;-0,000000006735;0,0001298;-0,00000000003983
5;1,2;-0,5101;-0,000000000006359;0,0001005;0,00000006649;-0,0006707;0,000000000005137
5;1,3;-1,051;0,000000000005521;0,00009393;0,00000006022;-0,0006267;-0,000000000004963
5;1,4;-0,6231;-0,000000000002943;0,00005575;0,00000003716;-0,000372;-0,00000000002507
5;1,5;0,3551;-0,000000000001906;-0,000005106;-0,000000002763;0,00003406;0,00000000001412
5;1,6;0,8037;0,00000000000725;-0,0001029;-0,00000006651;0,0006867;0,00000000003724
5;1,7;0,7261;-0,000000000006939;-0,0001091;-0,00000007548;0,0007281;-0,00000000003801
5;1,8;0,1922;0,00000000001024;-0,000001716;-0,000000001491;0,00001145;0,00000000006359
5;1,9;-0,601;-0,00000000001263;0,00007716;0,0000000556;-0,0005148;-0,00000000007582
5;2;-0,8592;0,00000000000717;0,00008192;0,00000005101;-0,0005466;0,00000000003342
5;2,1;-0,4088;-0,000000000001955;0,00005166;0,00000003256;-0,0003447;-0,000000000004963
5;2,2;0,2706;-0,000000000004689;-0,00001937;-0,000000008037;0,0001292;-0,000000000003591
5;2,3;0,7322;0,0000000000105;-0,00009328;-0,00000006419;0,0006224;0,00000000002423
5;2,4;0,6253;-0,00000000001118;-0,00008087;-0,00000005623;0,0005396;-0,00000000003957
5;2,5;0,0521;0,00000000001694;0,000003382;0,000000005986;-0,00002259;0,00000000009666
5;2,6;-0,5233;-0,00000000001707;0,0000646;0,00000004219;-0,000431;-0,0000000001135
5;2,7;-0,7125;0,000000000007333;0,00007254;0,00000004591;-0,0004839;0,00000000004351
5;2,8;-0,3297;0,000000000000339;0,00004131;0,00000002941;-0,0002756;-0,000000000005181
5;2,9;0,3028;-0,000000000008162;-0,00002624;-0,00000001715;0,0001751;-0,00000000002815
5;3;0,626;0,00000000001446;-0,00008158;-0,00000005548;0,0005443;0,00000000007099
5;3,1;0,4923;-0,0000000000138;-0,00006123;-0,00000004028;0,0004085;-0,00000000006464
5;3,2;0,0214;0,00000000001281;0,000007187;0,000000005283;-0,00004796;0,00000000006012
5;3,3;-0,4957;-0,0000000000118;0,00005513;0,00000003649;-0,0003678;-0,00000000006611
5;3,4;-0,5977;0,000000000005952;0,00006359;0,0000000417;-0,0004243;0,00000000002989
5;3,5;-0,2163;0,000000000002394;0,00003171;0,00000002125;-0,0002116;0,00000000001296
5;3,6;0,2736;-0,000000000007963;-0,00003055;-0,00000001956;0,0002038;-0,0000000000291
5;3,7;0,5415;0,000000000007832;-0,00006932;-0,00000004681;0,0004625;0,00000000002891
5;3,8;0,411;-0,000000000006945;-0,00004624;-0,00000003101;0,0003085;-0,00000000002228
5;3,9;-0,0416;0,000000000007817;0,00000841;0,000000006663;-0,00005612;0,00000000003051
5;4;-0,4431;-0,000000000007158;0,00004882;0,0000000319;-0,0003257;-0,00000000003366
5;4,1;-0,4833;0,000000000001605;0,00005521;0,00000003604;-0,0003684;-0,00000000000003337
5;4,2;-0,1613;0,000000000002189;0,00002203;0,00000001558;-0,000147;0,00000000001627
5;4,3;0,2661;-0,000000000003216;-0,00003125;-0,0000000209;0,0002085;-0,00000000001983
5;4,4;0,4717;0,000000000004598;-0,00005806;-0,00000003925;0,0003874;0,00000000002686
5;4,5;0,3172;-0,000000000002964;-0,00003583;-0,00000002323;0,0002391;-0,00000000001109
5;4,6;-0,067;0,000000000002551;0,000009818;0,000000006662;-0,00006551;0,000000000009946
5;4,7;-0,3929;-0,000000000003435;0,0000437;0,00000002854;-0,0002915;-0,00000000001516
5;4,8;-0,4021;0,000000000003397;0,00004662;0,00000003113;-0,0003111;0,000000000005154
5;4,9;-0,1023;-0,000000000002994;0,00001448;0,000000009841;-0,00009661;0,000000000004128
5;5;0,2495;-0,0000000000005308;-0,00003028;-0,00000002029;0,000202;-0,00000000003059
5;5,1;0,4011;0,000000000002852;-0,00004861;-0,00000003239;0,0003243;0,00000000004454
5;5,2;0,2516;-0,000000000001359;-0,00002763;-0,00000001821;0,0001843;-0,00000000002237
5;5,3;-0,0899;0,000000000002243;0,00001079;0,000000007255;-0,00007198;0,00000000001796
5;5,4;-0,3476;-0,000000000003114;0,00003905;0,00000002575;-0,0002605;-0,00000000001685
5;5,5;-0,325;0,000000000002035;0,00003884;0,00000002578;-0,0002591;-0,000000000007176
5;5,6;-0,0639;-0,000000000002775;0,000008449;0,00000000584;-0,00005637;0,00000000001177
5;5,7;0,2321;0,000000000002182;-0,00002828;-0,00000001893;0,0001887;-0,00000000001412
5;5,8;0,3441;-0,0000000000002892;-0,00004055;-0,00000002707;0,0002705;0,00000000002386
5;5,9;0,1905;-0,0000000000001112;-0,00002136;-0,00000001395;0,0001425;-0,00000000001407
5;6;-0,1011;0,000000000001578;0,00001159;0,000000007659;-0,00007732;0,00000000001437
5;6,1;-0,3023;-0,000000000003606;0,00003474;0,00000002289;-0,0002318;-0,00000000002308
5;6,2;-0,266;0,000000000003741;0,00003171;0,00000002122;-0,0002116;0,000000000008994
5;6,3;-0,0314;-0,000000000004048;0,000004059;0,000000002743;-0,00002708;-0,000000000009429
5;6,4;0,2147;0,000000000002789;-0,00002584;-0,00000001731;0,0001724;0,0000000000105
5;6,5;0,2894;-0,000000000000521;-0,00003392;-0,00000002247;0,0002263;0,000000000006467
5;6,6;0,1438;-0,000000000001062;-0,00001623;-0,0000000107;0,0001083;-0,00000000001321
5;6,7;-0,106;0,000000000003178;0,00001206;0,000000007938;-0,00008049;0,00000000002312
5;6,8;-0,2637;-0,000000000003805;0,00003055;0,00000002027;-0,0002038;-0,0000000000289
5;6,9;-0,2139;0,000000000001181;0,0000256;0,00000001706;-0,0001708;0,000000000009572
5;7;-0,0076;-0,000000000001005;0,0000008956;0,0000000005931;-0,000005975;-0,00000000000492
5;7,1;0,1952;0,0000000000009761;-0,00002333;-0,00000001555;0,0001557;0,000000000006353
5;7,2;0,2436;0,000000000001552;-0,0000283;-0,00000001878;0,0001888;0,00000000001127
5;7,3;0,1051;-0,00000000000191;-0,00001208;-0,000000007978;0,0000806;-0,00000000001392
5;7,4;-0,1068;0,000000000002067;0,00001218;0,00000000805;-0,00008127;0,00000000001706
5;7,5;-0,2274;-0,000000000001717;0,00002663;0,00000001767;-0,0001777;-0,00000000002103
5;7,6;-0,1716;-0,000000000000728;0,0000204;0,00000001361;-0,0001361;0,000000000001636
5;7,7;0,0101;0,000000000002124;-0,000001315;-0,0000000008873;0,000008774;0,000000000007089
5;7,8;0,1766;-0,000000000002819;-0,00002087;-0,0000000139;0,0001392;-0,0000000000115
5;7,9;0,2027;0,000000000003177;-0,00002357;-0,00000001561;0,0001573;0,00000000002156
5;8;0,0747;-0,0000000000006252;-0,000008693;-0,000000005763;0,000058;-0,000000000009802
5;8,1;-0,1039;-0,000000000001291;0,00001199;0,000000007921;-0,00007999;-0,00000000000211
5;8,2;-0,1958;0,000000000001387;0,00002299;0,00000001529;-0,0001534;0,000000000002814
5;8,3;-0,136;-0,000000000002419;0,00001609;0,00000001071;-0,0001074;-0,000000000006825
5;8,4;0,023;0,000000000001581;-0,000002809;-0,000000001893;0,00001874;0,000000000002095
5;8,5;0,1577;-0,0000000000002277;-0,00001856;-0,00000001233;0,0001238;0,000000000002509
5;8,6;0,1679;0,0000000000007956;-0,00001954;-0,00000001296;0,0001303;0,000000000005858
5;8,7;0,0507;-0,000000000000431;-0,000005965;-0,000000003969;0,0000398;-0,000000000007223
5;8,8;-0,0993;0,0000000000002336;0,00001152;0,00000000764;-0,00007688;0,000000000005789
5;8,9;-0,1673;-0,0000000000003829;0,00001969;0,00000001309;-0,0001314;-0,000000000006799
5;9;-0,1066;-0,0000000000003729;0,00001255;0,000000008343;-0,00008372;-0,000000000001875
5;9,1;0,0315;0,0000000000001179;-0,00000379;-0,000000002529;0,00002528;0,000000000003821
5;9,2;0,14;0,000000000000425;-0,00001639;-0,00000001089;0,0001094;0,000000000001285
5;9,3;0,138;0,000000000000812;-0,0000161;-0,00000001068;0,0001074;0,000000000004614
5;9,4;0,032;-0,000000000001581;-0,000003803;-0,000000002532;0,00002538;-0,00000000000582
5;9,5;-0,0931;0,000000000001024;0,00001087;0,000000007208;-0,00007251;0,000000000002404
5;9,6;-0,1424;-0,0000000000004681;0,00001675;0,00000001113;-0,0001117;-0,000000000003447
5;9,7;-0,0824;0,00000000000016;0,00000966;0,000000006419;-0,00006445;0,000000000002787
5;9,8;0,0369;0,0000000000003873;-0,000004379;-0,000000002921;0,00002922;-0,000000000001086
5;9,9;0,1231;-0,000000000001167;-0,00001441;-0,000000009564;0,00009613;-0,000000000001881
5;10;0,1127;0,000000000001333;-0,00001317;-0,000000008742;0,00008787;0,000000000006415
5;10,1;0,0178;-0,000000000001543;-0,00000212;-0,000000001416;0,00001414;-0,000000000008944
5;10,2;-0,0861;0,000000000001777;0,00001008;0,000000006697;-0,00006728;0,00000000001025
5;10,3;-0,1204;-0,000000000001247;0,00001415;0,000000009406;-0,00009441;-0,000000000009594
5;10,4;-0,0626;0,0000000000001436;0,000007324;0,000000004861;-0,00004887;0,0000000000008615
5;10,5;0,0397;0,0000000000009893;-0,000004689;-0,000000003118;0,00003128;0,000000000007147
5;10,6;0,1076;-0,000000000001827;-0,00001259;-0,000000008357;0,00008398;-0,000000000009774
5;10,7;0,0913;0,000000000002421;-0,00001069;-0,000000007098;0,00007131;0,00000000001301
5;10,8;0,0069;-0,000000000001941;-0,0000008392;-0,0000000005614;0,000005599;-0,00000000000916
5;10,9;-0,0787;0,000000000000954;0,000009233;0,000000006133;-0,0000616;0,000000000001869
5;11;-0,1012;-0,000000000000452;0,00001189;0,000000007898;-0,00007931;-0,000000000000211
5;11,1;-0,0466;-0,0000000000007688;0,000005441;0,000000003612;-0,0000363;-0,000000000004439
5;11,2;0,0407;0,000000000000826;-0,000004784;-0,00000000318;0,00003192;0,0000000000034
5;11,3;0,0934;-0,0000000000002137;-0,00001093;-0,000000007258;0,00007294;0,0000000000004307
5;11,4;0,0733;0,000000000001163;-0,000008596;-0,00000000571;0,00005735;0,000000000005384
5;11,5;-0,0011;-0,000000000001551;0,0000001104;0,00000000007074;-0,0000007363;-0,000000000006588
5;11,6;-0,0712;0,00000000000138;0,00000836;0,000000005554;-0,00005578;0,000000000004473
5;11,7;-0,0846;-0,000000000001186;0,000009925;0,000000006594;-0,00006622;-0,000000000004856
5;11,8;-0,0337;0,0000000000004281;0,000003937;0,000000002613;-0,00002627;0,000000000001714
5;11,9;0,0403;0,0000000000005723;-0,000004727;-0,000000003139;0,00003154;0,000000000002971
5;12;0,0806;-0,000000000001335;-0,000009438;-0,000000006267;0,00006297;-0,000000000005245
5;12,1;0,0584;0,000000000001529;-0,000006845;-0,000000004548;0,00004567;0,000000000005755
5;12,2;-0,0068;-0,0000000000009262;0,0000007936;0,0000000005261;-0,000005295;-0,000000000001357
5;12,3;-0,0639;0,0000000000001983;0,000007496;0,00000000498;-0,00005001;-0,000000000003188
5;12,4;-0,0703;0,00000000000005386;0,000008239;0,000000005473;-0,00005497;0,000000000002991
5;12,5;-0,0235;0,0000000000001923;0,000002743;0,000000001821;-0,0000183;-0,000000000001545
5;12,6;0,0389;-0,000000000000165;-0,000004557;-0,000000003027;0,00003041;0,0000000000004393
5;12,7;0,0692;-0,0000000000003266;-0,000008101;-0,00000000538;0,00005405;-0,0000000000001944
5;12,8;0,0459;0,0000000000002609;-0,000005389;-0,000000003581;0,00003596;-0,0000000000008855
5;12,9;-0,0108;0,0000000000001232;0,000001263;0,000000000839;-0,000008428;0,000000000003563
5;13;-0,0568;-0,0000000000001101;0,000006666;0,000000004428;-0,00004447;-0,000000000004406
5;13,1;-0,058;-0,000000000000187;0,000006796;0,000000004514;-0,00004534;0,000000000001425
5;13,2;-0,0154;0,0000000000001006;0,000001806;0,000000001199;-0,00001205;-0,0000000000007098
5;13,3;0,0368;-0,0000000000002247;-0,000004313;-0,000000002864;0,00002877;0,0000000000004059
5;13,4;0,059;0,0000000000003904;-0,00000691;-0,00000000459;0,0000461;0,000000000001099
5;13,5;0,0357;-0,0000000000002004;-0,00000419;-0,000000002783;0,00002796;-0,0000000000005689
5;13,6;-0,0134;0,0000000000002882;0,000001568;0,000000001041;-0,00001046;0,0000000000018
5;13,7;-0,0502;-0,0000000000002837;0,000005882;0,000000003907;-0,00003924;-0,000000000003231
5;13,8;-0,0475;0,00000000000001156;0,000005569;0,000000003698;-0,00003715;0,000000000001899
5;13,9;-0,0092;0,00000000000001813;0,000001078;0,0000000007163;-0,000007195;-0,000000000002827
5;14;0,0343;0,00000000000009028;-0,000004017;-0,000000002668;0,0000268;0,000000000003259
5;14,1;0,05;-0,000000000000005269;-0,000005861;-0,000000003893;0,00003911;-0,0000000000008737
5;14,2;0,0273;-0,00000000000006996;-0,000003207;-0,000000002131;0,0000214;0,0000000000004152
5;14,3;-0,0149;0,0000000000002209;0,000001743;0,000000001158;-0,00001163;0,0000000000009797
5;14,4;-0,044;-0,0000000000003777;0,000005155;0,000000003424;-0,0000344;-0,000000000003182
5;14,5;-0,0387;0,0000000000003914;0,000004529;0,000000003008;-0,00003022;0,000000000002906
5;14,6;-0,0045;-0,0000000000004859;0,0000005238;0,0000000003477;-0,000003495;-0,000000000002387
5;14,7;0,0315;0,0000000000006585;-0,000003695;-0,000000002454;0,00002465;0,000000000002242
5;14,8;0,0422;-0,0000000000006768;-0,000004941;-0,000000003282;0,00003296;-0,000000000001667
5;14,9;0,0206;0,0000000000006021;-0,00000241;-0,000000001601;0,00001608;0,000000000002534
5;15;-0,0155;-0,0000000000001363;0,000001822;0,00000000121;-0,00001216;-0,000000000002037
5;15,1;-0,0383;-0,0000000000005032;0,000004488;0,000000002982;-0,00002995;-0,000000000000895
5;15,2;-0,0312;0,0000000000008004;0,000003655;0,000000002427;-0,00002438;0,000000000002151
5;15,3;-0,0009151;-0,000000000001099;0,0000001072;0,00000000007157;-0,0000007154;-0,000000000003926
5;15,4;0,0287;0,0000000000009606;-0,000003359;-0,000000002231;0,00002241;0,000000000004597
5;15,5;0,0353;-0,0000000000004263;-0,000004141;-0,000000002751;0,00002763;-0,000000000002372
5;15,6;0,0151;-0,00000000000004502;-0,000001767;-0,000000001174;0,00001179;0,0000000000005355
5;15,7;-0,0156;0,0000000000002826;0,000001829;0,000000001215;-0,0000122;0,0000000000009453
5;15,8;-0,0331;-0,0000000000003441;0,000003885;0,00000000258;-0,00002592;-0,000000000002244
5;15,9;-0,0249;0,0000000000002258;0,000002922;0,000000001941;-0,00001949;0,0000000000008974
5;16;0,0017;0,000000000000001031;-0,0000001957;-0,0000000001302;0,000001306;0,0000000000006265
5;16,1;0,0258;-0,0000000000002052;-0,000003026;-0,00000000201;0,00002019;-0,000000000001575
5;16,2;0,0294;0,0000000000002194;-0,000003449;-0,000000002291;0,00002301;0,000000000002048
5;16,3;0,0107;0,0000000000002048;-0,000001256;-0,0000000008339;0,000008379;0,0000000000006856
5;16,4;-0,0152;-0,000000000000461;0,000001784;0,000000001185;-0,0000119;-0,000000000002564
5;16,5;-0,0285;0,0000000000003532;0,000003341;0,000000002219;-0,00002229;0,000000000001921
5;16,6;-0,0197;-0,0000000000003987;0,000002313;0,000000001536;-0,00001543;-0,000000000002354
5;16,7;0,0035;0,0000000000002732;-0,0000004105;-0,0000000002724;0,000002739;0,000000000001253
5;16,8;0,023;-0,00000000000004155;-0,000002701;-0,000000001794;0,00001802;0,0000000000004033
5;16,9;0,0244;-0,0000000000001356;-0,000002855;-0,000000001896;0,00001905;-0,0000000000009534
5;17;0,0073;0,000000000000588;-0,0000008508;-0,0000000005653;0,000005676;0,000000000003377
5;17,1;-0,0145;-0,0000000000008739;0,000001702;0,000000001131;-0,00001135;-0,000000000004546
5;17,2;-0,0244;0,0000000000006862;0,000002858;0,000000001898;-0,00001907;0,000000000002778
5;17,3;-0,0154;-0,0000000000004918;0,000001809;0,000000001202;-0,00001207;-0,000000000001664
5;17,4;0,0047;0,0000000000001403;-0,0000005533;-0,0000000003677;0,000003692;-0,0000000000001241
5;17,5;0,0204;0,0000000000003013;-0,000002393;-0,000000001589;0,00001597;0,000000000002299
5;17,6;0,02;-0,0000000000005196;-0,000002346;-0,000000001559;0,00001565;-0,000000000002904
5;17,7;0,0046;0,0000000000006488;-0,0000005359;-0,0000000003558;0,000003576;0,000000000003199
5;17,8;-0,0136;-0,0000000000006441;0,000001597;0,00000000106;-0,00001065;-0,000000000002805
5;17,9;-0,0207;0,0000000000004823;0,000002429;0,000000001614;-0,00001621;0,000000000001549
5;18;-0,0119;-0,0000000000002739;0,000001396;0,0000000009271;-0,000009315;-0,000000000001002
5;18,1;0,0055;0,00000000000006466;-0,0000006424;-0,0000000004265;0,000004286;0,0000000000004098
5;18,2;0,018;0,0000000000001255;-0,000002104;-0,000000001398;0,00001404;0,0000000000007602
5;18,3;0,0163;-0,0000000000002442;-0,000001916;-0,000000001272;0,00001278;-0,000000000001137
5;18,4;0,0025;0,0000000000003139;-0,0000002927;-0,0000000001946;0,000001953;0,000000000001327
5;18,5;-0,0126;-0,0000000000002868;0,000001476;0,0000000009806;-0,000009848;-0,000000000001489
5;18,6;-0,0175;0,0000000000002008;0,000002054;0,000000001364;-0,0000137;0,000000000001063
5;18,7;-0,009;-0,0000000000002034;0,000001058;0,0000000007032;-0,000007062;-0,000000000001115
5;18,8;0,0059;0,0000000000001484;-0,0000006881;-0,0000000004572;0,000004591;0,0000000000006782
5;18,9;0,0157;-0,00000000000002678;-0,000001838;-0,000000001221;0,00001226;0,0000000000003815
5;19;0,0132;-0,00000000000007993;-0,000001551;-0,00000000103;0,00001035;-0,000000000000772
5;19,1;0,0009365;0,0000000000002493;-0,00000011;-0,00000000007285;0,000000734;0,000000000001692
5;19,2;-0,0115;-0,0000000000002869;0,000001349;0,000000000896;-0,000009003;-0,000000000002086
5;19,3;-0,0147;0,0000000000001731;0,000001726;0,000000001146;-0,00001151;0,00000000000111
5;19,4;-0,0067;-0,000000000000144;0,0000007865;0,0000000005222;-0,000005247;-0,000000000001109
5;19,5;0,006;0,0000000000000792;-0,0000007032;-0,0000000004669;0,000004692;0,0000000000009807
5;19,6;0,0136;0,0000000000000361;-0,000001595;-0,00000000106;0,00001064;0,00000000000005472
5;19,7;0,0106;-0,0000000000001136;-0,000001246;-0,0000000008275;0,000008314;-0,0000000000007289
5;19,8;-0,0002193;0,0000000000002513;0,00000002602;0,00000000001708;-0,0000001736;0,00000000000162
5;19,9;-0,0104;-0,0000000000002954;0,00000122;0,0000000008104;-0,000008139;-0,000000000002013
5;20;-0,0123;0,0000000000001957;0,000001442;0,0000000009576;-0,000009621;0,000000000001342
5;20,1;-0,0048;-0,0000000000001709;0,0000005674;0,0000000003771;-0,000003786;-0,000000000001217
5;20,2;0,0059;0,0000000000000156;-0,0000006939;-0,0000000004611;0,000004629;0,000000000000553
5;20,3;0,0117;0,0000000000001927;-0,000001376;-0,000000000914;0,000009183;0,0000000000007054
5;20,4;0,0085;-0,0000000000002462;-0,0000009906;-0,0000000006581;0,000006609;-0,0000000000009034
5;20,5;-0,001;0,0000000000002212;0,0000001226;0,0000000000816;-0,0000008178;0,0000000000007921
5;20,6;-0,0093;-0,0000000000001728;0,000001094;0,0000000007263;-0,000007298;-0,0000000000007734
5;20,7;-0,0102;0,0000000000001122;0,000001197;0,0000000007949;-0,000007983;0,0000000000004601
5;20,8;-0,0034;-0,0000000000002089;0,0000003945;0,0000000002619;-0,000002632;-0,000000000001301
5;20,9;0,0057;0,0000000000003197;-0,000000669;-0,0000000004442;0,000004464;0,000000000002133
5;21;0,0101;-0,0000000000001748;-0,00000118;-0,0000000007838;0,000007871;-0,000000000001241
5;21,1;0,0067;-0,00000000000006438;-0,0000007798;-0,0000000005177;0,000005203;0,0000000000000373
5;21,2;-0,0016;0,000000000000275;0,00000019;0,000000000126;-0,000001267;0,000000000001215
5;21,3;-0,0083;-0,0000000000003553;0,0000009718;0,0000000006457;-0,000006484;-0,000000000001944
5;21,4;-0,0084;0,0000000000003243;0,0000009873;0,0000000006556;-0,000006588;0,000000000001623
5;21,5;-0,0022;-0,000000000000304;0,0000002579;0,0000000001715;-0,00000172;-0,000000000001565
5;21,6;0,0054;0,0000000000002249;-0,0000006318;-0,0000000004198;0,000004215;0,000000000001204
5;21,7;0,0086;-0,00000000000006649;-0,000001006;-0,0000000006682;0,000006714;-0,0000000000001615
5;21,8;0,0052;-0,00000000000008073;-0,0000006052;-0,0000000004021;0,000004038;-0,0000000000005026
5;21,9;-0,002;0,0000000000002362;0,0000002325;0,0000000001546;-0,000001551;0,000000000001287
5;22;-0,0073;-0,0000000000002814;0,0000008579;0,0000000005697;-0,000005724;-0,00000000000155
5;22,1;-0,0069;0,0000000000002171;0,0000008082;0,000000000537;-0,000005392;0,0000000000009848
5;22,2;-0,0013;-0,0000000000001669;0,000000153;0,0000000001015;-0,000001021;-0,0000000000006252
5;22,3;0,005;0,00000000000008012;-0,0000005885;-0,0000000003907;0,000003926;0,000000000000195
5;22,4;0,0073;0,000000000000009792;-0,0000008524;-0,0000000005663;0,000005687;0,0000000000003501
5;22,5;0,004;-0,00000000000008019;-0,0000004634;-0,0000000003076;0,000003091;-0,0000000000006895
5;22,6;-0,0022;0,0000000000001727;0,0000002578;0,000000000171;-0,00000172;0,000000000001053
5;22,7;-0,0064;-0,0000000000001979;0,0000007512;0,0000000004992;-0,000005012;-0,000000000001057
5;22,8;-0,0056;0,0000000000001223;0,0000006575;0,0000000004365;-0,000004387;0,0000000000004699
5;22,9;-0,0006177;-0,00000000000006688;0,00000007212;0,00000000004809;-0,0000004812;-0,0000000000001263
5;23;0,0046;0,000000000000005402;-0,0000005401;-0,000000000359;0,000003604;-0,0000000000002272
5;23,1;0,0061;0,00000000000005761;-0,0000007188;-0,0000000004772;0,000004796;0,0000000000006764
5;23,2;0,003;-0,00000000000006323;-0,0000003472;-0,0000000002308;0,000002317;-0,000000000000497
5;23,3;-0,0023;0,00000000000005245;0,000000268;0,0000000001782;-0,000001788;0,0000000000003058
5;23,4;-0,0056;-0,0000000000000686;0,0000006544;0,0000000004345;-0,000004366;-0,0000000000004718
5;23,5;-0,0045;0,00000000000005359;0,0000005297;0,000000000352;-0,000003534;0,0000000000001935
5;23,6;-0,0001055;-0,00000000000003136;0,00000001263;0,000000000008215;-0,00000008427;0,00000000000006082
5;23,7;0,0042;0,00000000000002511;-0,0000004913;-0,0000000003262;0,000003278;-0,00000000000004875
5;23,8;0,0051;-0,00000000000001745;-0,0000006016;-0,0000000003998;0,000004014;0,00000000000009326
5;23,9;0,0022;0,00000000000001511;-0,0000002548;-0,000000000169;0,0000017;-0,00000000000005399
5;24;-0,0023;0,00000000000001106;0,000000269;0,0000000001785;-0,000001795;0,0000000000001021
5;24,1;-0,0048;-0,00000000000003706;0,0000005656;0,0000000003759;-0,000003774;-0,0000000000001997
5;24,2;-0,0036;0,0000000000000109;0,0000004237;0,0000000002813;-0,000002827;-0,0000000000001022
5;24,3;0,0002674;0,000000000000004601;-0,00000003161;-0,00000000002081;0,0000002109;0,0000000000002361
5;24,4;0,0038;-0,0000000000000102;-0,0000004417;-0,0000000002935;0,000002947;-0,0000000000002062
5;24,5;0,0043;0,00000000000001435;-0,0000005014;-0,0000000003328;0,000003345;0,0000000000002401
5;24,6;0,0015;-0,00000000000002744;-0,0000001801;-0,0000000001198;0,000001201;-0,0000000000002276
5;24,7;-0,0022;0,000000000000008546;0,0000002614;0,0000000001738;-0,000001744;0,00000000000007795
5;24,8;-0,0042;0,00000000000002193;0,0000004869;0,0000000003232;-0,000003248;0,0000000000000729
5;24,9;-0,0029;-0,00000000000001224;0,0000003347;0,0000000002225;-0,000002233;-0,00000000000009515
5;25;0,0005295;-0,0000000000000343;-0,0000000618;-0,00000000004123;0,0000004124;-0,0000000000001484
5;25,1;0,0034;0,00000000000004968;-0,0000003946;-0,0000000002619;0,000002632;0,0000000000002462
5;25,2;0,0035;-0,00000000000001389;-0,0000004143;-0,0000000002754;0,000002764;0,00000000000004199
5;25,3;0,001;-0,00000000000001124;-0,000000122;-0,00000000008088;0,0000008142;-0,0000000000002205
5;25,4;-0,0021;0,0000000000000331;0,0000002497;0,0000000001657;-0,000001666;0,0000000000002963
5;25,5;-0,0035;-0,00000000000004916;0,0000004157;0,0000000002763;-0,000002774;-0,0000000000003883
5;25,6;-0,0022;0,0000000000000368;0,000000262;0,0000000001739;-0,000001748;0,0000000000002661
5;25,7;0,0007043;-0,00000000000003336;-0,0000000828;-0,00000000005483;0,0000005525;-0,000000000000247
5;25,8;0,003;0,00000000000001532;-0,0000003488;-0,0000000002319;0,000002327;0,0000000000001713
5;25,9;0,0029;0,000000000000006885;-0,0000003409;-0,0000000002263;0,000002275;0,00000000000008224
5;26;0,0006496;-0,00000000000004215;-0,00000007589;-0,00000000005058;0,0000005063;-0,0000000000003447
5;26,1;-0,002;0,00000000000006605;0,0000002335;0,0000000001552;-0,000001558;0,00000000000047
5;26,2;-0,003;-0,00000000000005188;0,0000003538;0,0000000002348;-0,00000236;-0,0000000000004207
5;26,3;-0,0017;0,00000000000002006;0,0000002015;0,000000000134;-0,000001344;0,0000000000002004
5;26,4;0,0008113;-0,000000000000009939;-0,00000009484;-0,00000000006316;0,0000006328;-0,00000000000002905
5;26,5;0,0026;-0,000000000000001116;-0,0000003071;-0,0000000002038;0,000002049;-0,0000000000000946
5;26,6;0,0024;0,00000000000003638;-0,0000002777;-0,0000000001846;0,000001853;0,0000000000003028
5;26,7;0,0003505;-0,00000000000004137;-0,00000004133;-0,00000000002729;0,0000002757;-0,0000000000003367
5;26,8;-0,0018;0,00000000000003699;0,0000002162;0,0000000001434;-0,000001443;0,0000000000003098
5;26,9;-0,0025;-0,00000000000004083;0,0000002985;0,0000000001984;-0,000001992;-0,0000000000003239
5;27;-0,0013;0,000000000000009728;0,0000001531;0,0000000001015;-0,000001021;0,00000000000004763
5;27,1;0,0008664;0,00000000000001149;-0,0000001018;-0,00000000006744;0,0000006791;0,0000000000001595
5;27,2;0,0023;-0,00000000000002003;-0,0000002677;-0,000000000178;0,000001786;-0,0000000000002271
5;27,3;0,0019;0,00000000000003062;-0,0000002252;-0,0000000001494;0,000001503;0,0000000000003317
5;27,4;0,0001248;-0,00000000000002899;-0,00000001439;-0,000000000009723;0,00000009599;-0,0000000000003356
5;27,5;-0,0017;0,00000000000001977;0,000000197;0,000000000131;-0,000001314;0,0000000000002417
5;27,6;-0,0021;-0,00000000000001453;0,0000002512;0,0000000001667;-0,000001676;-0,0000000000001909
5;27,7;-0,0009666;-0,0000000000000169;0,0000001131;0,00000000007526;-0,0000007543;-0,00000000000004486
5;27,8;0,0008824;0,0000000000000274;-0,0000001032;-0,00000000006869;0,0000006884;0,0000000000001933
5;27,9;0,002;-0,00000000000002315;-0,0000002327;-0,0000000001544;0,000001552;-0,0000000000002187
5;28;0,0015;0,0000000000000252;-0,0000001803;-0,0000000001199;0,000001203;0,0000000000002748
5;28,1;-0,00004169;-0,00000000000002603;0,000000004649;0,000000000003247;-0,00000003102;-0,0000000000002709
5;28,2;-0,0015;0,00000000000002734;0,0000001785;0,0000000001184;-0,000001191;0,0000000000002212
5;28,3;-0,0018;-0,00000000000002209;0,0000002093;0,0000000001392;-0,000001396;-0,000000000000174
5;28,4;-0,0006965;-0,000000000000003336;0,00000008186;0,00000000005422;-0,0000005462;-0,00000000000005147
5;28,5;0,0008697;0,00000000000002791;-0,0000001022;-0,0000000000677;0,0000006817;0,0000000000002451
5;28,6;0,0017;-0,00000000000003595;-0,0000002002;-0,0000000001331;0,000001336;-0,0000000000002627
5;28,7;0,0012;0,00000000000003288;-0,0000001438;-0,00000000009533;0,0000009592;0,0000000000002304
5;28,8;-0,0001608;-0,00000000000002585;0,00000001908;0,00000000001252;-0,0000001273;-0,0000000000001722
5;28,9;-0,0014;0,000000000000006259;0,0000001594;0,0000000001061;-0,000001064;0,0000000000000217
5;29;-0,0015;0,00000000000001153;0,0000001741;0,0000000001155;-0,000001162;0,000000000000071
5;29,1;-0,0004822;-0,00000000000004059;0,00000005628;0,00000000003754;-0,0000003755;-0,0000000000002366
5;29,2;0,0008367;0,00000000000003594;-0,00000009784;-0,00000000006514;0,0000006528;0,0000000000002375
5;29,3;0,0015;-0,00000000000001397;-0,000000172;-0,0000000001141;0,000001148;-0,0000000000001156
5;29,4;0,0009626;0,000000000000005516;-0,0000001126;-0,00000000007494;0,0000007512;0,00000000000005787
5;29,5;-0,0002425;-0,000000000000003013;0,00000002819;0,00000000001888;-0,0000001881;-0,00000000000001339
5;29,6;-0,0012;0,000000000000002897;0,0000001421;0,00000000009422;-0,000000948;-0,00000000000001255
5;29,7;-0,0012;0,00000000000000245;0,0000001431;0,00000000009521;-0,0000009548;0,00000000000003082
5;29,8;-0,0003142;-0,00000000000001656;0,00000003705;0,00000000002445;-0,0000002472;-0,00000000000009186
5;29,9;0,0007899;0,00000000000002529;-0,00000009281;-0,00000000006149;0,0000006192;0,0000000000001265
5;30;0,0012;-0,00000000000002473;-0,0000001462;-0,00000000009725;0,0000009753;-0,0000000000001179
5;30,1;0,000747;0,00000000000001151;-0,00000008777;-0,00000000005815;0,0000005856;0,00000000000006798
5;30,2;-0,0002948;-0,000000000000000588;0,00000003478;0,00000000002295;-0,0000002321;-0,00000000000001694
5;30,3;-0,0011;-0,000000000000009134;0,0000001249;0,0000000000831;-0,0000008332;-0,00000000000006306
5;30,4;-0,001;0,00000000000001127;0,0000001176;0,00000000007794;-0,0000007844;0,00000000000007212
5;30,5;-0,0001841;-0,00000000000001724;0,00000002136;0,00000000001434;-0,0000001425;-0,0000000000001032
5;30,6;0,0007345;0,0000000000000152;-0,00000008586;-0,00000000005718;0,0000005729;0,00000000000009138
5;30,7;0,0011;-0,000000000000009096;-0,0000001243;-0,00000000008239;0,0000008291;-0,00000000000005141
5;30,8;0,0005707;-0,000000000000003383;-0,00000006667;-0,00000000004443;0,0000004448;-0,00000000000001112
5;30,9;-0,0003246;0,00000000000001014;0,00000003782;0,00000000002527;-0,0000002523;0,00000000000005722
5;31;-0,0009348;-0,000000000000009435;0,0000001098;0,00000000007277;-0,0000007325;-0,00000000000007696
5;31,1;-0,0008135;0,000000000000002849;0,00000009513;0,00000000006333;-0,0000006347;0,00000000000001978
5;31,2;-0,00008516;-0,000000000000002293;0,0000000102;0,000000000006626;-0,00000006805;-0,00000000000002369
5;31,3;0,0006742;0,000000000000001424;-0,00000007924;-0,00000000005249;0,0000005287;0,00000000000002515
5;31,4;0,0008915;-0,0000000000000003125;-0,0000001043;-0,00000000006941;0,0000006957;0,00000000000001258
5;31,5;0,0004277;-0,00000000000000109;-0,00000005034;-0,00000000003329;0,0000003359;-0,00000000000003213
5;31,6;-0,0003371;-0,00000000000000292;0,00000003973;0,00000000002624;-0,0000002651;0,000000000000005497
5;31,7;-0,0008134;0,000000000000002185;0,00000009512;0,00000000006332;-0,0000006346;-0,00000000000002253
5;31,8;-0,0006556;-0,000000000000002767;0,00000007705;0,00000000005103;-0,0000005141;0,000000000000005538
5;31,9;-0,00001131;0,0000000000000005452;0,000000001112;0,0000000000008835;-0,00000000742;-0,000000000000000759
5;32;0,0006122;-0,00000000000000009442;-0,00000007154;-0,00000000004767;0,0000004773;-0,000000000000005779
5;32,1;0,0007465;-0,000000000000004163;-0,00000008771;-0,00000000005811;0,0000005852;-0,000000000000002191
5;32,2;0,0003126;0,00000000000000873;-0,00000003643;-0,00000000002434;0,000000243;0,00000000000002057
5;32,3;-0,000337;-0,00000000000001114;0,00000003928;0,00000000002624;-0,0000002621;-0,00000000000004166
5;32,4;-0,0007034;0,000000000000004404;0,00000008265;0,00000000005475;-0,0000005514;0,000000000000007942
5;32,5;-0,0005235;-0,000000000000001649;0,00000006115;0,00000000004076;-0,000000408;-0,00000000000002102
5;32,6;0,00004235;-0,0000000000000045;-0,000000004754;-0,0000000000033;0,00000003172;-0,000000000000009103
5;32,7;0,0005507;0,000000000000008301;-0,00000006475;-0,00000000004286;0,000000432;0,000000000000042
5;32,8;0,0006213;-0,00000000000001163;-0,00000007261;-0,00000000004837;0,0000004844;-0,00000000000005679
5;32,9;0,0002209;0,00000000000001028;-0,0000000261;-0,00000000001719;0,0000001741;0,00000000000005007
5;33;-0,0003276;-0,00000000000000971;0,00000003861;0,0000000000255;-0,0000002576;-0,00000000000003941
5;33,1;-0,0006046;0,000000000000003812;0,00000007065;0,00000000004707;-0,0000004714;-0,00000000000001351
5;33,2;-0,0004137;-0,000000000000004788;0,0000000487;0,00000000003221;-0,0000003249;-0,000000000000002306
5;33,3;0,00007996;-0,000000000000002937;-0,000000009577;-0,000000000006222;0,0000000639;-0,00000000000003373
5;33,4;0,0004911;0,000000000000008728;-0,00000005735;-0,00000000003823;0,0000003826;0,00000000000005842
5;33,5;0,0005138;-0,000000000000008792;-0,00000006042;-0,00000000003999;0,0000004031;-0,00000000000004203
5;33,6;0,0001486;0,000000000000005466;-0,00000001721;-0,00000000001157;0,0000001148;0,00000000000001333
5;33,7;-0,0003119;-0,000000000000003713;0,00000003635;0,00000000002428;-0,0000002425;0,000000000000001101
5;33,8;-0,0005166;-0,000000000000000808;0,00000006075;0,00000000004022;-0,0000004054;-0,00000000000003369
5;33,9;-0,0003231;0,000000000000002061;0,00000003767;0,00000000002516;-0,0000002513;0,00000000000002404
5;34;0,0001049;-0,000000000000006234;-0,0000000121;-0,000000000008172;0,00000008071;-0,00000000000003249
5;34,1;0,0004345;0,000000000000003765;-0,00000005113;-0,00000000003382;0,0000003411;0,00000000000001274
5;34,2;0,000422;-0,000000000000002063;-0,00000004926;-0,00000000003285;0,0000003286;-0,0000000000000008519
5;34,3;0,00009228;-0,000000000000001901;-0,00000001102;-0,000000000007181;0,0000000735;-0,00000000000002327
5;34,4;-0,0002919;0,000000000000001319;0,00000003442;0,00000000002272;-0,0000002296;0,00000000000001659
5;34,5;-0,0004389;-0,000000000000002962;0,00000005124;0,00000000003417;-0,0000003419;-0,00000000000002792
5;34,6;-0,0002487;-0,0000000000000000723;0,00000002935;0,00000000001936;-0,0000001958;-0,0000000000000008956
5;34,7;0,0001201;0,0000000000000008027;-0,00000001427;-0,000000000009347;0,00000009524;0,000000000000009608
5;34,8;0,0003818;-0,000000000000001816;-0,00000004455;-0,00000000002972;0,0000002972;-0,00000000000001276
5;34,9;0,0003441;-0,00000000000000002736;-0,00000004053;-0,00000000002679;0,0000002704;0,00000000000001071
5;35;0,00004906;0,000000000000002117;-0,000000005553;-0,000000000003823;0,00000003705;-0,00000000000001097
5;35,1;-0,0002695;-0,000000000000006783;0,00000003139;0,00000000002099;-0,0000002095;-0,00000000000001783
5;35,2;-0,0003707;0,000000000000003779;0,00000004365;0,00000000002886;-0,0000002912;0,000000000000006487
5;35,3;-0,0001882;-0,000000000000003625;0,00000002186;0,00000000001465;-0,0000001459;-0,00000000000001532
5;35,4;0,0001278;-0,0000000000000001587;-0,00000001478;-0,000000000009949;0,00000009861;-0,000000000000006545
5;35,5;0,0003332;0,0000000000000002299;-0,00000003924;-0,00000000002593;0,0000002618;0,000000000000002013
5;35,6;0,0002784;-0,000000000000002104;-0,00000003244;-0,00000000002168;0,0000002164;-0,000000000000003494
5;35,7;0,00001649;0,000000000000002577;-0,000000002126;-0,000000000001282;0,00000001419;-0,000000000000005981
5;35,8;-0,000246;-0,000000000000004906;0,00000002902;0,00000000001915;-0,0000001936;-0,000000000000004107
5;35,9;-0,0003113;0,000000000000002148;0,00000003629;0,00000000002424;-0,0000002422;-0,00000000000001245
5;36;-0,0001393;-0,00000000000000576;0,00000001652;0,00000000001084;-0,0000001102;-0,00000000000001465
5;36,1;0,0001298;0,000000000000005328;-0,0000000154;-0,0000000000101;0,0000001028;0,0000000000000162
5;36,2;0,0002889;-0,000000000000004139;-0,00000003367;-0,0000000000225;0,0000002247;-0,00000000000001585
5;36,3;0,0002233;-0,0000000000000000587;-0,00000002636;-0,00000000001738;0,0000001759;0,000000000000003428
5;36,4;-0,000007488;0,000000000000002374;0,000000001067;0,0000000000005797;-0,00000000712;-0,000000000000002213
5;36,5;-0,0002222;-0,000000000000006391;0,00000002585;0,0000000000173;-0,0000001725;-0,00000000000002179
5;36,6;-0,0002598;0,000000000000003595;0,00000003064;0,00000000002022;-0,0000002044;0,00000000000000168
5;36,7;-0,0001001;-0,000000000000003357;0,00000001155;0,000000000007799;-0,00000007705;-0,000000000000001418
5;36,8;0,0001277;-0,0000000000000001334;-0,00000001478;-0,000000000009944;0,00000009861;-0,0000000000000108
5;36,9;0,0002491;-0,0000000000000005088;-0,00000002938;-0,00000000001939;0,000000196;-0,000000000000001189
5;37;0,0001774;-0,000000000000001364;-0,0000000206;-0,00000000001381;0,0000001375;-0,000000000000003486
5;37,1;-0,00002461;-0,0000000000000006179;0,000000002698;0,000000000001918;-0,000000018;-0,00000000000001346
5;37,2;-0,0001989;-0,0000000000000003224;0,0000000235;0,00000000001548;-0,0000001568;0,000000000000003787
5;37,3;-0,0002155;-0,000000000000001149;0,00000002507;0,00000000001678;-0,0000001673;-0,00000000000001445
5;37,4;-0,00006911;-0,000000000000001369;0,000000008284;0,000000000005377;-0,00000005527;-0,00000000000000267
5;37,5;0,0001227;-0,0000000000000001239;-0,00000001456;-0,000000000009548;0,00000009717;-0,000000000000002866
5;37,6;0,0002134;-0,000000000000001047;-0,00000002483;-0,00000000001662;0,0000001657;-0,000000000000006932
5;37,7;0,0001393;0,000000000000001355;-0,00000001651;-0,00000000001084;0,0000001102;0,00000000000001102
5;37,8;-0,0000363;-0,000000000000003139;0,000000004438;0,000000000002823;-0,00000002961;-0,00000000000002335
5;37,9;-0,0001766;0,0000000000000001321;0,00000002052;0,00000000001375;-0,0000001369;0,0000000000000008392
5;38;-0,0001776;-0,000000000000001387;0,000000021;0,00000000001382;-0,0000001401;-0,00000000000001011
5;38,1;-0,00004479;-0,000000000000002506;0,000000005069;0,00000000000349;-0,00000003382;-0,00000000000001354
5;38,2;0,0001157;0,000000000000002604;-0,00000001338;-0,00000000000901;0,00000008927;0,0000000000000109
5;38,3;0,0001818;-0,000000000000003549;-0,00000002149;-0,00000000001415;0,0000001434;-0,00000000000001517
5;38,4;0,000108;0,000000000000001441;-0,00000001248;-0,000000000008411;0,00000008326;0,000000000000004522
5;38,5;-0,00004376;-0,000000000000002535;0,000000004949;0,000000000003409;-0,00000003302;-0,00000000000001334
5;38,6;-0,0001557;-0,0000000000000003853;0,00000001843;0,00000000001212;-0,0000001229;-0,000000000000005841
5;38,7;-0,0001453;-0,0000000000000007689;0,00000001685;0,00000000001132;-0,0000001124;-0,000000000000003827
5;38,8;-0,000026;-0,000000000000002269;0,000000003225;0,000000000002021;-0,00000002151;-0,00000000000001713
5;38,9;0,0001075;0,000000000000001467;-0,00000001277;-0,000000000008364;0,00000008523;0,00000000000001011
5;39;0,000154;-0,000000000000002437;-0,00000001787;-0,00000000001199;0,0000001192;-0,00000000000001146
5;39,1;0,00008242;0,0000000000000007268;-0,000000009836;-0,000000000006414;0,00000006563;-0,000000000000001338
5;39,2;-0,00004794;-0,000000000000002681;0,000000005795;0,00000000000373;-0,00000003866;-0,00000000000001052
5;39,3;-0,0001363;0,0000000000000008342;0,0000000158;0,00000000001061;-0,0000001054;-0,000000000000003221
5;39,4;-0,000118;-0,00000000000000124;0,00000001401;0,000000000009184;-0,00000009345;-0,000000000000003701
5;39,5;-0,0000117;-0,000000000000001726;0,000000001197;0,0000000000009138;-0,000000007989;-0,0000000000000147
5;39,6;0,00009859;0,0000000000000008477;-0,00000001138;-0,000000000007678;0,00000007593;0,000000000000007846
5;39,7;0,0001296;-0,0000000000000027;-0,00000001537;-0,00000000001009;0,0000001025;-0,00000000000001591
5;39,8;0,00006168;0,00000000000000104;-0,000000007055;-0,000000000004804;0,00000004707;0,000000000000003472
5;39,9;-0,00004965;-0,000000000000002353;0,000000005646;0,000000000003868;-0,00000003767;-0,00000000000001242
5;40;-0,0001185;-0,0000000000000003586;0,00000001407;0,000000000009225;-0,00000009384;-0,000000000000005871
6;0;0;0;0;0;0;0
6;0,1;0,088;0,000000000005715;0,0000927;0,0000000358;-0,0006183;0,000000000009714
6;0,2;1,2931;-0,00000000001502;-0,0001021;-0,00000003149;0,0006812;-0,0000000001067
6;0,3;1,625;0,00000000001508;-0,000204;-0,0000000536;0,00136;0,0000000001453
6;0,4;0,4524;-0,000000000009283;-0,00005021;-0,000000004831;0,0003347;-0,000000000117
6;0,5;-0,9818;0,0000000000043;0,0001347;0,00000002901;-0,0008981;0,00000000006497
6;0,6;-1,4289;-0,000000000002776;0,0001319;0,00000003417;-0,0008796;-0,00000000004756
6;0,7;-0,8235;-0,000000000008008;0,00005637;0,000000003756;-0,0003758;-0,00000000002485
6;0,8;0,1872;0,000000000006181;0,000005062;0,0000000002235;-0,00003375;0,00000000003529
6;0,9;1,1415;0,0000000000002117;-0,0001026;-0,0000000079;0,0006843;-0,000000000005768
6;1;1,3358;-0,0000000000001243;-0,0001634;-0,00000004945;0,00109;0,00000000002726
6;1,1;0,2791;0,000000000008467;-0,0000231;-0,000000009758;0,0001541;-0,0000000000091
6;1,2;-0,9279;-0,00000000001378;0,0001169;0,00000004389;-0,0007797;-0,00000000002427
6;1,3;-1,1546;0,000000000009166;0,00009798;0,00000001087;-0,0006533;0,00000000001322
6;1,4;-0,6716;-0,000000000004554;0,00005765;0,000000005088;-0,0003844;-0,00000000004514
6;1,5;0,2075;-0,00000000000346;0,0000006821;0,00000001551;-0,000004672;0,00000000002074
6;1,6;1,097;0,00000000001113;-0,0001144;-0,0000000308;0,0007631;0,00000000004919
6;1,7;1,0567;-0,00000000001097;-0,0001221;-0,00000003472;0,0008142;-0,00000000004951
6;1,8;0,0986;0,00000000001437;0,000001955;0,000000009839;-0,00001311;0,0000000000767
6;1,9;-0,7671;-0,00000000001685;0,00008366;0,00000001743;-0,0005579;-0,00000000009149
6;2;-0,9945;0,00000000001006;0,00008722;0,0000000142;-0,0005816;0,00000000004127
6;2,1;-0,561;-0,00000000000328;0,00005763;0,00000001599;-0,0003843;-0,000000000003236
6;2,2;0,3051;-0,000000000006161;-0,00002072;-0,000000003624;0,0001382;-0,00000000001075
6;2,3;0,9588;0,00000000001469;-0,0001022;-0,0000000238;0,0006813;0,00000000003878
6;2,4;0,8212;-0,00000000001592;-0,00008854;-0,00000002057;0,0005904;-0,00000000006244
6;2,5;0,037;0,00000000002566;0,000003974;0,000000001587;-0,00002651;0,0000000001518
6;2,6;-0,6931;-0,00000000002675;0,00007125;0,00000001784;-0,0004752;-0,0000000001793
6;2,7;-0,8508;0,00000000001292;0,00007796;0,00000001453;-0,0005198;0,00000000008116
6;2,8;-0,4177;-0,000000000002313;0,00004475;0,00000000924;-0,0002984;-0,00000000002605
6;2,9;0,3237;-0,000000000008949;-0,00002706;-0,000000002191;0,0001804;-0,00000000002447
6;3;0,838;0,00000000001821;-0,00008989;-0,00000002227;0,0005995;0,00000000008675
6;3,1;0,6524;-0,00000000001767;-0,0000675;-0,00000001682;0,0004501;-0,00000000008047
6;3,2;-0,0341;0,00000000001694;0,000009364;0,000000005834;-0,00006248;0,00000000007785
6;3,3;-0,61;-0,00000000001636;0,00005961;0,000000012;-0,0003975;-0,00000000009136
6;3,4;-0,7195;0,000000000008764;0,00006836;0,00000001279;-0,0004559;0,00000000004549
6;3,5;-0,316;0,000000000002023;0,00003562;0,00000001047;-0,0002375;0,00000000001057
6;3,6;0,3438;-0,000000000009601;-0,0000333;-0,000000007373;0,0002221;-0,00000000003359
6;3,7;0,7197;0,000000000009906;-0,00007631;-0,00000001872;0,0005089;0,00000000003581
6;3,8;0,5055;-0,000000000008404;-0,00004994;-0,000000009923;0,000333;-0,00000000002485
6;3,9;-0,0666;0,000000000009477;0,000009392;0,000000002631;-0,00006263;0,00000000003387
6;4;-0,546;-0,000000000008878;0,00005285;0,0000000108;-0,0003524;-0,00000000004019
6;4,1;-0,6095;0,000000000002086;0,00006016;0,00000001326;-0,0004011;0,0000000000004415
6;4,2;-0,2169;0,000000000002983;0,00002421;0,000000005843;-0,0001615;0,0000000000222
6;4,3;0,3368;-0,000000000004515;-0,00003402;-0,000000007418;0,0002269;-0,00000000002886
6;4,4;0,6109;0,000000000006072;-0,00006352;-0,00000001463;0,0004236;0,00000000003661
6;4,5;0,3987;-0,000000000003979;-0,00003903;-0,000000008558;0,0002602;-0,00000000001569
6;4,6;-0,0971;0,000000000003664;0,000011;0,000000003155;-0,00007333;0,00000000001359
6;4,7;-0,4871;-0,000000000004876;0,00004739;0,000000009889;-0,000316;-0,00000000001883
6;4,8;-0,5052;0,000000000004504;0,00005066;0,00000001082;-0,0003378;0,00000000000373
6;4,9;-0,1447;-0,00000000000407;0,00001614;0,000000004452;-0,0001076;0,000000000008666
6;5;0,322;0,00000000000006895;-0,00003311;-0,00000000761;0,0002208;-0,00000000004014
6;5,1;0,5189;0,000000000002734;-0,00005323;-0,00000001237;0,0003549;0,00000000005613
6;5,2;0,3079;-0,0000000000007472;-0,00002983;-0,00000000591;0,0001989;-0,00000000002716
6;5,3;-0,1149;0,000000000001857;0,00001177;0,000000002632;-0,00007849;0,00000000002073
6;5,4;-0,4313;-0,000000000003089;0,00004233;0,00000000879;-0,0002823;-0,00000000001896
6;5,5;-0,4176;0,000000000001866;0,00004246;0,000000009722;-0,0002832;-0,0000000000127
6;5,6;-0,0855;-0,000000000003121;0,000009292;0,000000002262;-0,00006197;0,00000000001909
6;5,7;0,3005;0,000000000002854;-0,00003097;-0,00000000719;0,0002065;-0,00000000001899
6;5,8;0,4368;-0,0000000000006767;-0,00004418;-0,000000009737;0,0002946;0,00000000002892
6;5,9;0,2373;-0,00000000000001016;-0,00002319;-0,000000004919;0,0001547;-0,00000000001656
6;6;-0,1268;0,000000000001851;0,0000126;0,000000002707;-0,00008402;0,00000000001458
6;6,1;-0,3806;-0,000000000004471;0,0000378;0,000000008218;-0,0002521;-0,0000000000248
6;6,2;-0,3397;0,000000000005074;0,0000346;0,000000007738;-0,0002307;0,00000000001054
6;6,3;-0,042;-0,000000000005907;0,000004473;0,00000000111;-0,00002983;-0,0000000000152
6;6,4;0,2756;0,00000000000442;-0,00002822;-0,000000006396;0,0001882;0,00000000001845
6;6,5;0,3678;-0,000000000001478;-0,00003699;-0,000000008224;0,0002467;0,000000000002972
6;6,6;0,1789;-0,000000000000725;-0,00001761;-0,000000003691;0,0001174;-0,00000000001269
6;6,7;-0,1328;0,000000000003537;0,00001311;0,000000002814;-0,00008745;0,00000000002575
6;6,8;-0,3323;-0,000000000004318;0,00003324;0,000000007206;-0,0002216;-0,00000000003269
6;6,9;-0,2745;0,000000000001015;0,00002797;0,00000000636;-0,0001865;0,000000000008005
6;7;-0,0097;-0,000000000001181;0,0000009783;0,0000000002215;-0,000006524;-0,000000000003687
6;7,1;0,2503;0,000000000001534;-0,0000255;-0,000000005791;0,00017;0,00000000000767
6;7,2;0,3076;0,000000000001594;-0,0000308;-0,000000006711;0,0002054;0,00000000001395
6;7,3;0,1322;-0,000000000002436;-0,00001314;-0,000000002841;0,00008762;-0,00000000001911
6;7,4;-0,1336;0,000000000003425;0,00001323;0,000000002813;-0,00008823;0,00000000002697
6;7,5;-0,2886;-0,000000000003031;0,00002903;0,000000006433;-0,0001936;-0,000000000032
6;7,6;-0,2192;-0,0000000000005085;0,00002226;0,000000004993;-0,0001485;0,000000000005505
6;7,7;0,0136;0,000000000002348;-0,000001451;-0,0000000003644;0,000009676;0,000000000006398
6;7,8;0,2248;-0,000000000003372;-0,00002276;-0,000000005064;0,0001517;-0,00000000001448
6;7,9;0,2564;0,000000000004422;-0,00002567;-0,000000005631;0,0001712;0,00000000003148
6;8;0,0945;-0,000000000001545;-0,000009468;-0,000000002078;0,00006314;-0,00000000001841
6;8,1;-0,131;-0,0000000000009983;0,00001305;0,00000000284;-0,00008701;0,000000000002675
6;8,2;-0,2485;0,000000000001266;0,00002506;0,000000005541;-0,0001671;-0,000000000001302
6;8,3;-0,1734;-0,000000000002633;0,00001756;0,000000003925;-0,0001171;-0,000000000005088
6;8,4;0,0297;0,000000000001625;-0,000003073;-0,0000000007071;0,00002049;0,0000000000006912
6;8,5;0,2006;0,0000000000001268;-0,00002023;-0,000000004501;0,0001349;0,000000000004728
6;8,6;0,2123;0,000000000000492;-0,00002127;-0,000000004657;0,0001419;0,000000000005521
6;8,7;0,0644;0,00000000000001923;-0,000006503;-0,00000000144;0,00004336;-0,000000000007674
6;8,8;-0,1253;-0,0000000000004673;0,00001254;0,000000002732;-0,00008363;0,000000000005609
6;8,9;-0,2128;0,0000000000004069;0,00002147;0,000000004774;-0,0001432;-0,000000000006147
6;9;-0,1355;-0,000000000001013;0,00001368;0,000000003041;-0,00009124;-0,000000000003145
6;9,1;0,0405;0,0000000000006812;-0,000004144;-0,0000000009489;0,00002763;0,00000000000524
6;9,2;0,1775;-0,0000000000001793;-0,00001787;-0,000000003942;0,0001191;0,0000000000002787
6;9,3;0,1747;0,000000000001669;-0,00001754;-0,000000003854;0,0001169;0,000000000007196
6;9,4;0,0409;-0,000000000002418;-0,000004152;-0,0000000009342;0,00002769;-0,000000000008082
6;9,5;-0,1179;0,000000000001393;0,00001184;0,000000002609;-0,00007896;0,00000000000328
6;9,6;-0,1809;-0,0000000000005841;0,00001826;0,000000004052;-0,0001218;-0,000000000005046
6;9,7;-0,1046;0,0000000000001398;0,00001053;0,000000002327;-0,00007021;0,000000000004264
6;9,8;0,0471;0,0000000000006539;-0,000004778;-0,000000001069;0,00003186;-0,000000000001882
6;9,9;0,1561;-0,000000000001723;-0,0000157;-0,000000003465;0,0001047;-0,000000000002288
6;10;0,1428;0,000000000001883;-0,00001435;-0,000000003162;0,00009569;0,000000000008013
6;10,1;0,0227;-0,000000000002123;-0,000002314;-0,0000000005205;0,00001543;-0,00000000001125
6;10,2;-0,1092;0,000000000002542;0,00001099;0,000000002424;-0,00007327;0,00000000001377
6;10,3;-0,153;-0,000000000001883;0,00001543;0,000000003422;-0,0001029;-0,00000000001338
6;10,4;-0,0794;0,0000000000001934;0,000007981;0,000000001762;-0,00005322;0,0000000000007895
6;10,5;0,0506;0,000000000001469;-0,000005114;-0,00000000114;0,0000341;0,00000000001048
6;10,6;0,1364;-0,000000000002528;-0,00001371;-0,000000003023;0,00009146;-0,00000000001369
6;10,7;0,1158;0,000000000003173;-0,00001165;-0,000000002571;0,00007767;0,00000000001731
6;10,8;0,0089;-0,00000000000236;-0,0000009183;-0,0000000002122;0,000006124;-0,00000000001139
6;10,9;-0,0999;0,000000000001082;0,00001006;0,000000002227;-0,00006711;0,000000000002106
6;11;-0,1286;-0,0000000000005201;0,00001296;0,00000000287;-0,00008641;-0,0000000000002931
6;11,1;-0,059;-0,000000000001041;0,000005928;0,000000001305;-0,00003953;-0,000000000005406
6;11,2;0,0517;0,000000000001014;-0,000005215;-0,000000001155;0,00003477;0,000000000003081
6;11,3;0,1185;-0,0000000000001281;-0,00001191;-0,000000002628;0,00007944;0,000000000002244
6;11,4;0,0931;0,000000000001374;-0,000009368;-0,000000002072;0,00006247;0,00000000000563
6;11,5;-0,0013;-0,000000000001811;0,0000001188;0,00000000002287;-0,0000007919;-0,000000000006874
6;11,6;-0,0904;0,000000000001591;0,000009112;0,000000002016;-0,00006076;0,000000000003907
6;11,7;-0,1074;-0,000000000001468;0,00001082;0,000000002393;-0,00007214;-0,000000000004978
6;11,8;-0,0427;0,0000000000006642;0,00000429;0,0000000009451;-0,00002861;0,000000000002034
6;11,9;0,0512;0,0000000000005175;-0,000005152;-0,000000001139;0,00003436;0,00000000000316
6;12;0,1022;-0,000000000001568;-0,00001029;-0,00000000227;0,00006859;-0,00000000000619
6;12,1;0,0741;0,000000000001932;-0,000007461;-0,00000000165;0,00004975;0,000000000007424
6;12,2;-0,0086;-0,000000000001124;0,000000864;0,0000000001888;-0,000005762;-0,000000000001367
6;12,3;-0,0811;0,0000000000001018;0,00000817;0,000000001808;-0,00005448;-0,000000000005544
6;12,4;-0,0892;0,0000000000001549;0,00000898;0,000000001986;-0,00005988;0,000000000005364
6;12,5;-0,0297;0,0000000000002581;0,000002988;0,0000000006581;-0,00001993;-0,000000000003024
6;12,6;0,0494;-0,000000000000328;-0,000004967;-0,000000001097;0,00003312;0,000000000001291
6;12,7;0,0877;-0,0000000000002861;-0,000008828;-0,00000000195;0,00005887;-0,000000000001046
6;12,8;0,0583;0,0000000000003091;-0,000005874;-0,0000000013;0,00003917;-0,0000000000003769
6;12,9;-0,0137;0,00000000000007012;0,000001376;0,000000000304;-0,000009179;0,000000000003772
6;13;-0,0721;-0,00000000000004252;0,000007265;0,000000001607;-0,00004845;-0,000000000005001
6;13,1;-0,0736;-0,0000000000003317;0,000007406;0,000000001637;-0,00004939;0,000000000001478
6;13,2;-0,0196;0,0000000000002245;0,000001968;0,0000000004339;-0,00001313;-0,0000000000007681
6;13,3;0,0467;-0,0000000000004566;-0,0000047;-0,000000001038;0,00003134;0,0000000000001167
6;13,4;0,0748;0,0000000000006953;-0,000007531;-0,000000001664;0,00005022;0,00000000000192
6;13,5;0,0453;-0,0000000000003563;-0,000004567;-0,00000000101;0,00003045;-0,0000000000009561
6;13,6;-0,017;0,0000000000004209;0,000001709;0,0000000003777;-0,00001139;0,000000000001992
6;13,7;-0,0637;-0,0000000000003994;0,000006411;0,000000001418;-0,00004275;-0,00000000000343
6;13,8;-0,0603;0,00000000000002421;0,000006069;0,000000001341;-0,00004047;0,000000000001716
6;13,9;-0,0117;0,00000000000009264;0,000001175;0,0000000002593;-0,000007836;-0,000000000002453
6;14;0,0435;0,00000000000005823;-0,000004378;-0,000000000967;0,00002919;0,000000000003145
6;14,1;0,0634;-0,00000000000001348;-0,000006388;-0,000000001412;0,0000426;-0,0000000000006516
6;14,2;0,0347;-0,0000000000001153;-0,000003496;-0,0000000007734;0,00002331;0,00000000000006042
6;14,3;-0,0189;0,0000000000003716;0,0000019;0,0000000004203;-0,00001267;0,000000000001953
6;14,4;-0,0558;-0,0000000000005792;0,000005619;0,000000001242;-0,00003747;-0,000000000004756
6;14,5;-0,049;0,0000000000005783;0,000004935;0,00000000109;-0,00003291;0,000000000004481
6;14,6;-0,0057;-0,0000000000006818;0,0000005709;0,0000000001261;-0,000003807;-0,000000000003463
6;14,7;0,04;0,0000000000009339;-0,000004027;-0,0000000008895;0,00002685;0,000000000003022
6;14,8;0,0535;-0,000000000001034;-0,000005385;-0,00000000119;0,00003591;-0,000000000002696
6;14,9;0,0261;0,0000000000009309;-0,000002627;-0,0000000005809;0,00001752;0,000000000003718
6;15;-0,0197;-0,0000000000002518;0,000001986;0,0000000004393;-0,00001325;-0,00000000000258
6;15,1;-0,0486;-0,0000000000006226;0,000004892;0,000000001081;-0,00003262;-0,000000000001503
6;15,2;-0,0396;0,000000000001066;0,000003983;0,0000000008799;-0,00002656;0,000000000003412
6;15,3;-0,0012;-0,000000000001468;0,0000001169;0,00000000002609;-0,0000007792;-0,000000000005766
6;15,4;0,0364;0,000000000001178;-0,000003661;-0,0000000008092;0,00002441;0,000000000005966
6;15,5;0,0448;-0,0000000000004492;-0,000004513;-0,0000000009977;0,0000301;-0,000000000002798
6;15,6;0,0191;-0,000000000000147;-0,000001926;-0,0000000004259;0,00001285;0,0000000000003676
6;15,7;-0,0198;0,0000000000004209;0,000001993;0,0000000004408;-0,00001329;0,000000000001658
6;15,8;-0,0421;-0,0000000000004521;0,000004234;0,0000000009357;-0,00002823;-0,000000000003234
6;15,9;-0,0316;0,0000000000002783;0,000003184;0,0000000007037;-0,00002123;0,000000000001265
6;16;0,0021;0,00000000000005847;-0,0000002132;-0,00000000004711;0,000001422;0,000000000001104
6;16,1;0,0328;-0,0000000000003631;-0,000003298;-0,0000000007288;0,00002199;-0,000000000002611
6;16,2;0,0373;0,0000000000003461;-0,000003759;-0,000000000831;0,00002506;0,000000000003002
6;16,3;0,0136;0,0000000000002794;-0,000001369;-0,0000000003025;0,000009127;0,0000000000009528
6;16,4;-0,0193;-0,000000000000679;0,000001944;0,0000000004298;-0,00001297;-0,000000000003811
6;16,5;-0,0362;0,000000000000562;0,000003641;0,0000000008048;-0,00002428;0,000000000003133
6;16,6;-0,025;-0,00000000000062;0,000002521;0,0000000005571;-0,00001681;-0,000000000003603
6;16,7;0,0044;0,0000000000004546;-0,0000004474;-0,00000000009872;0,000002983;0,000000000002074
6;16,8;0,0292;-0,0000000000001562;-0,000002944;-0,0000000006507;0,00001963;0,00000000000007131
6;16,9;0,0309;-0,0000000000001085;-0,000003111;-0,0000000006877;0,00002075;-0,0000000000008283
6;17;0,0092;0,0000000000007242;-0,0000009271;-0,000000000205;0,000006183;0,000000000003976
6;17,1;-0,0184;-0,000000000001115;0,000001855;0,0000000004101;-0,00001237;-0,000000000005569
6;17,2;-0,0309;0,0000000000009097;0,000003115;0,0000000006882;-0,00002077;0,000000000003508
6;17,3;-0,0196;-0,0000000000006719;0,000001971;0,0000000004359;-0,00001315;-0,000000000002263
6;17,4;0,006;0,0000000000002303;-0,000000603;-0,0000000001333;0,000004021;0,0000000000002267
6;17,5;0,0259;0,0000000000003504;-0,000002608;-0,0000000005764;0,00001739;0,000000000002476
6;17,6;0,0254;-0,0000000000006684;-0,000002557;-0,0000000005653;0,00001705;-0,000000000003364
6;17,7;0,0058;0,000000000000883;-0,0000005841;-0,000000000129;0,000003895;0,000000000003905
6;17,8;-0,0173;-0,0000000000009055;0,00000174;0,0000000003846;-0,0000116;-0,00000000000359
6;17,9;-0,0263;0,0000000000006824;0,000002647;0,0000000005852;-0,00001765;0,000000000002002
6;18;-0,0151;-0,0000000000004082;0,000001522;0,0000000003363;-0,00001015;-0,000000000001309
6;18,1;0,007;0,0000000000001367;-0,0000007002;-0,0000000001546;0,000004669;0,0000000000005884
6;18,2;0,0228;0,0000000000001271;-0,000002293;-0,0000000005069;0,00001529;0,0000000000009257
6;18,3;0,0207;-0,00000000000029;-0,000002088;-0,0000000004614;0,00001392;-0,000000000001373
6;18,4;0,0032;0,0000000000003382;-0,0000003189;-0,00000000007057;0,000002127;0,000000000001327
6;18,5;-0,016;-0,000000000000279;0,000001609;0,0000000003556;-0,00001073;-0,000000000001488
6;18,6;-0,0222;0,0000000000002027;0,000002239;0,0000000004947;-0,00001493;0,000000000001207
6;18,7;-0,0115;-0,0000000000002609;0,000001153;0,0000000002551;-0,000007692;-0,000000000001534
6;18,8;0,0075;0,0000000000002458;-0,0000007498;-0,0000000001658;0,000005;0,000000000001171
6;18,9;0,0199;-0,0000000000001194;-0,000002003;-0,0000000004427;0,00001336;0,0000000000001219
6;19;0,0168;-0,00000000000002032;-0,00000169;-0,0000000003737;0,00001127;-0,0000000000006421
6;19,1;0,0012;0,0000000000002304;-0,0000001199;-0,0000000000264;0,0000007998;0,000000000001793
6;19,2;-0,0146;-0,0000000000002673;0,000001471;0,000000000325;-0,000009807;-0,000000000002245
6;19,3;-0,0187;0,0000000000001167;0,000001881;0,0000000004158;-0,00001254;0,0000000000009526
6;19,4;-0,0085;-0,00000000000007161;0,0000008572;0,0000000001894;-0,000005716;-0,0000000000009521
6;19,5;0,0076;-0,000000000000009142;-0,0000007665;-0,0000000001693;0,000005111;0,0000000000008653
6;19,6;0,0173;0,0000000000001359;-0,000001738;-0,0000000003843;0,00001159;0,0000000000003491
6;19,7;0,0135;-0,0000000000002317;-0,000001358;-0,0000000003001;0,000009056;-0,00000000000122
6;19,8;-0,0002784;0,0000000000003813;0,00000002841;0,000000000006189;-0,0000001894;0,00000000000227
6;19,9;-0,0132;-0,0000000000003979;0,000001329;0,0000000002939;-0,000008865;-0,000000000002599
6;20;-0,0156;0,0000000000002554;0,000001572;0,0000000003473;-0,00001048;0,000000000001627
6;20,1;-0,0061;-0,000000000000221;0,0000006183;0,0000000001368;-0,000004123;-0,000000000001494
6;20,2;0,0075;0,00000000000001593;-0,0000007562;-0,0000000001672;0,000005042;0,000000000000676
6;20,3;0,0149;0,0000000000002557;-0,0000015;-0,0000000003315;0,00001;0,0000000000009464
6;20,4;0,0107;-0,0000000000003267;-0,00000108;-0,0000000002387;0,000007199;-0,000000000001161
6;20,5;-0,0013;0,0000000000002767;0,0000001335;0,00000000002959;-0,0000008906;0,0000000000009173
6;20,6;-0,0118;-0,0000000000001968;0,000001192;0,0000000002634;-0,00000795;-0,0000000000008315
6;20,7;-0,013;0,0000000000001226;0,000001304;0,0000000002883;-0,000008696;0,000000000000454
6;20,8;-0,0043;-0,0000000000002659;0,00000043;0,00000000009497;-0,000002868;-0,000000000001677
6;20,9;0,0072;0,0000000000004311;-0,0000007292;-0,0000000001611;0,000004863;0,000000000002904
6;21;0,0128;-0,000000000000252;-0,000001286;-0,0000000002843;0,000008573;-0,000000000001805
6;21,1;0,0084;-0,00000000000005825;-0,0000008499;-0,0000000001878;0,000005668;0,0000000000002244
6;21,2;-0,0021;0,000000000000324;0,0000002071;0,00000000004567;-0,000001381;0,000000000001385
6;21,3;-0,0105;-0,0000000000004314;0,000001059;0,0000000002342;-0,000007062;-0,000000000002369
6;21,4;-0,0107;0,0000000000004033;0,000001076;0,0000000002378;-0,000007176;0,00000000000204
6;21,5;-0,0028;-0,0000000000003868;0,000000281;0,0000000000622;-0,000001874;-0,000000000002011
6;21,6;0,0068;0,0000000000002824;-0,0000006885;-0,0000000001523;0,000004591;0,000000000001493
6;21,7;0,0109;-0,00000000000007774;-0,000001097;-0,0000000002423;0,000007313;-0,0000000000001503
6;21,8;0,0066;-0,0000000000001143;-0,0000006595;-0,0000000001459;0,000004398;-0,0000000000007278
6;21,9;-0,0025;0,0000000000003276;0,0000002533;0,00000000005607;-0,000001689;0,000000000001813
6;22;-0,0093;-0,0000000000003885;0,0000009351;0,0000000002066;-0,000006236;-0,000000000002131
6;22,1;-0,0088;0,0000000000002915;0,0000008808;0,0000000001947;-0,000005873;0,000000000001298
6;22,2;-0,0017;-0,0000000000002097;0,0000001668;0,0000000000368;-0,000001112;-0,0000000000007331
6;22,3;0,0064;0,00000000000008457;-0,0000006414;-0,0000000001417;0,000004277;0,0000000000001112
6;22,4;0,0092;0,00000000000002905;-0,0000009289;-0,0000000002054;0,000006195;0,0000000000005815
6;22,5;0,005;-0,00000000000011;-0,000000505;-0,0000000001116;0,000003368;-0,000000000001003
6;22,6;-0,0028;0,0000000000002315;0,000000281;0,00000000006202;-0,000001874;0,000000000001475
6;22,7;-0,0081;-0,000000000000277;0,0000008187;0,000000000181;-0,000005459;-0,000000000001513
6;22,8;-0,0071;0,0000000000001774;0,0000007166;0,0000000001583;-0,000004779;0,0000000000007501
6;22,9;-0,0007837;-0,0000000000001092;0,00000007856;0,00000000001745;-0,0000005239;-0,0000000000003272
6;23;0,0059;0,00000000000003339;-0,0000005886;-0,0000000001302;0,000003925;-0,0000000000001273
6;23,1;0,0078;0,00000000000004455;-0,0000007834;-0,0000000001731;0,000005224;0,0000000000006901
6;23,2;0,0038;-0,00000000000005337;-0,0000003784;-0,00000000008372;0,000002523;-0,0000000000004639
6;23,3;-0,0029;0,00000000000004256;0,0000002921;0,00000000006463;-0,000001948;0,0000000000002387
6;23,4;-0,0071;-0,00000000000006914;0,0000007133;0,0000000001576;-0,000004756;-0,0000000000004916
6;23,5;-0,0057;0,00000000000005176;0,0000005772;0,0000000001277;-0,000003849;0,0000000000001368
6;23,6;-0,0001339;-0,00000000000002488;0,00000001381;0,000000000002982;-0,00000009207;0,0000000000001966
6;23,7;0,0053;0,00000000000001739;-0,0000005355;-0,0000000001183;0,000003571;-0,0000000000001899
6;23,8;0,0065;-0,00000000000001192;-0,0000006556;-0,000000000145;0,000004372;0,000000000000204
6;23,9;0,0028;0,00000000000001578;-0,0000002777;-0,00000000006131;0,000001852;-0,0000000000001068
6;24;-0,0029;0,000000000000008878;0,0000002932;0,00000000006474;-0,000001955;0,000000000000103
6;24,1;-0,0061;-0,00000000000004252;0,0000006164;0,0000000001363;-0,000004111;-0,0000000000002037
6;24,2;-0,0046;0,00000000000001128;0,0000004619;0,000000000102;-0,00000308;-0,0000000000001431
6;24,3;0,0003393;-0,0000000000000007041;-0,00000003449;-0,000000000007543;0,00000023;0,0000000000002374
6;24,4;0,0048;-0,000000000000002058;-0,0000004813;-0,0000000001065;0,00000321;-0,0000000000001938
6;24,5;0,0054;0,000000000000009315;-0,0000005465;-0,0000000001207;0,000003644;0,0000000000002674
6;24,6;0,002;-0,00000000000003641;-0,0000001962;-0,00000000004344;0,000001308;-0,0000000000003209
6;24,7;-0,0028;0,00000000000001902;0,0000002849;0,00000000006305;-0,0000019;0,0000000000001744
6;24,8;-0,0053;0,00000000000001686;0,0000005307;0,0000000001172;-0,000003539;-0,000000000000005851
6;24,9;-0,0036;-0,000000000000007223;0,0000003647;0,00000000008069;-0,000002432;-0,0000000000000305
6;25;0,0006719;-0,00000000000004643;-0,00000006732;-0,00000000001496;0,0000004489;-0,0000000000002828
6;25,1;0,0043;0,0000000000000618;-0,0000004301;-0,00000000009498;0,000002868;0,000000000000393
6;25,2;0,0045;-0,0000000000000171;-0,0000004515;-0,00000000009987;0,000003011;0,0000000000000004212
6;25,3;0,0013;-0,00000000000002392;-0,000000133;-0,00000000002933;0,0000008871;-0,0000000000002962
6;25,4;-0,0027;0,00000000000005239;0,0000002722;0,00000000006008;-0,000001815;0,000000000000401
6;25,5;-0,0045;-0,00000000000006928;0,000000453;0,0000000001002;-0,000003021;-0,0000000000005143
6;25,6;-0,0028;0,00000000000005039;0,0000002856;0,00000000006305;-0,000001904;0,000000000000335
6;25,7;0,0008937;-0,00000000000004423;-0,00000009028;-0,00000000001988;0,0000006021;-0,0000000000003053
6;25,8;0,0038;0,00000000000001617;-0,0000003801;-0,00000000008409;0,000002535;0,0000000000001927
6;25,9;0,0037;0,00000000000001093;-0,0000003716;-0,00000000008206;0,000002478;0,0000000000001067
6;26;0,0008243;-0,00000000000005653;-0,00000008267;-0,00000000001835;0,0000005513;-0,0000000000004275
6;26,1;-0,0025;0,00000000000008492;0,0000002544;0,00000000005631;-0,000001697;0,0000000000005848
6;26,2;-0,0038;-0,00000000000006663;0,0000003856;0,00000000008516;-0,000002571;-0,0000000000005318
6;26,3;-0,0022;0,00000000000002963;0,0000002195;0,0000000000486;-0,000001464;0,0000000000002581
6;26,4;0,001;-0,00000000000002422;-0,0000001033;-0,00000000002291;0,000000689;-0,00000000000005397
6;26,5;0,0033;0,000000000000009308;-0,0000003347;-0,00000000007392;0,000002232;-0,0000000000001221
6;26,6;0,003;0,00000000000003777;-0,0000003026;-0,00000000006696;0,000002018;0,0000000000003973
6;26,7;0,0004448;-0,00000000000004806;-0,00000004508;-0,000000000009897;0,0000003006;-0,0000000000004728
6;26,8;-0,0023;0,00000000000004233;0,0000002357;0,00000000005202;-0,000001572;0,0000000000004412
6;26,9;-0,0032;-0,00000000000004917;0,0000003253;0,00000000007196;-0,000002169;-0,0000000000004656
6;27;-0,0017;0,000000000000009929;0,0000001669;0,00000000003681;-0,000001113;0,00000000000009517
6;27,1;0,0011;0,00000000000001458;-0,000000111;-0,00000000002445;0,00000074;0,0000000000001793
6;27,2;0,0029;-0,00000000000002649;-0,0000002917;-0,00000000006454;0,000001945;-0,0000000000002918
6;27,3;0,0024;0,0000000000000404;-0,0000002455;-0,00000000005419;0,000001637;0,0000000000004302
6;27,4;0,0001584;-0,00000000000004245;-0,00000001564;-0,000000000003532;0,0000001043;-0,0000000000004582
6;27,5;-0,0021;0,00000000000003016;0,0000002146;0,00000000004751;-0,000001431;0,000000000000338
6;27,6;-0,0027;-0,00000000000002357;0,0000002738;0,00000000006044;-0,000001826;-0,0000000000002844
6;27,7;-0,0012;-0,00000000000001817;0,0000001232;0,0000000000273;-0,0000008214;-0,00000000000001709
6;27,8;0,0011;0,00000000000003288;-0,0000001124;-0,00000000002492;0,0000007496;0,0000000000002086
6;27,9;0,0025;-0,00000000000003125;-0,0000002536;-0,00000000005599;0,000001691;-0,0000000000002654
6;28;0,002;0,00000000000003254;-0,0000001965;-0,0000000000435;0,00000131;0,0000000000003363
6;28,1;-0,0000529;-0,00000000000003187;0,00000000503;0,000000000001179;-0,00000003354;-0,0000000000003354
6;28,2;-0,0019;0,00000000000003;0,0000001946;0,00000000004294;-0,000001297;0,0000000000002567
6;28,3;-0,0023;-0,00000000000002703;0,0000002281;0,00000000005048;-0,000001521;-0,0000000000002143
6;28,4;-0,0008837;-0,000000000000005413;0,00000008926;0,00000000001966;-0,0000005952;-0,00000000000008312
6;28,5;0,0011;0,00000000000003861;-0,0000001114;-0,00000000002455;0,0000007428;0,0000000000003368
6;28,6;0,0022;-0,00000000000005226;-0,0000002181;-0,00000000004828;0,000001455;-0,0000000000003741
6;28,7;0,0016;0,00000000000004816;-0,0000001567;-0,00000000003457;0,000001045;0,000000000000331
6;28,8;-0,0002041;-0,00000000000003961;0,00000002083;0,000000000004537;-0,0000001389;-0,0000000000002676
6;28,9;-0,0017;0,000000000000011;0,0000001737;0,00000000003847;-0,000001158;0,00000000000005499
6;29;-0,0019;0,00000000000001155;0,0000001898;0,00000000004188;-0,000001266;0,00000000000006465
6;29,1;-0,0006118;-0,00000000000005311;0,00000006131;0,00000000001362;-0,0000004088;-0,000000000000303
6;29,2;0,0011;0,00000000000004564;-0,0000001066;-0,00000000002363;0,0000007108;0,0000000000002991
6;29,3;0,0019;-0,00000000000001797;-0,0000001875;-0,00000000004138;0,00000125;-0,0000000000001491
6;29,4;0,0012;0,000000000000005998;-0,0000001227;-0,00000000002718;0,0000008181;0,00000000000006531
6;29,5;-0,0003077;-0,000000000000004696;0,00000003069;0,000000000006851;-0,0000002047;-0,00000000000001789
6;29,6;-0,0015;0,000000000000004847;0,0000001549;0,00000000003417;-0,000001033;-0,00000000000001752
6;29,7;-0,0016;0,000000000000001521;0,0000001559;0,00000000003453;-0,00000104;0,00000000000004071
6;29,8;-0,0003986;-0,00000000000002189;0,00000004041;0,000000000008866;-0,0000002695;-0,0000000000001313
6;29,9;0,001;0,00000000000003114;-0,0000001012;-0,0000000000223;0,0000006747;0,0000000000001582
6;30;0,0016;-0,00000000000003091;-0,0000001593;-0,00000000003527;0,000001062;-0,000000000000151
6;30,1;0,0009478;0,00000000000001212;-0,0000000957;-0,00000000002109;0,0000006381;0,00000000000007883
6;30,2;-0,0003741;0,0000000000000001933;0,00000003794;0,00000000000832;-0,000000253;-0,00000000000002642
6;30,3;-0,0014;-0,0000000000000134;0,0000001361;0,00000000003014;-0,0000009073;-0,00000000000008258
6;30,4;-0,0013;0,00000000000001603;0,0000001282;0,00000000002826;-0,0000008547;0,00000000000009544
6;30,5;-0,0002337;-0,00000000000002577;0,00000002324;0,000000000005203;-0,000000155;-0,0000000000001446
6;30,6;0,0009319;0,00000000000002048;-0,00000009354;-0,00000000002074;0,0000006238;0,0000000000001121
6;30,7;0,0013;-0,00000000000001412;-0,0000001355;-0,00000000002988;0,0000009034;-0,00000000000007555
6;30,8;0,0007241;-0,000000000000005464;-0,00000007262;-0,00000000001612;0,0000004843;-0,00000000000002575
6;30,9;-0,0004118;0,0000000000000143;0,00000004119;0,000000000009168;-0,0000002746;0,00000000000008886
6;31;-0,0012;-0,00000000000001267;0,0000001197;0,00000000002639;-0,0000007981;-0,0000000000001155
6;31,1;-0,001;0,00000000000000181;0,0000001036;0,00000000002297;-0,0000006911;0,00000000000002664
6;31,2;-0,0001081;-0,000000000000002127;0,00000001115;0,0000000000024;-0,00000007435;-0,00000000000003548
6;31,3;0,0008555;-0,0000000000000003444;-0,0000000864;-0,00000000001903;0,0000005761;0,00000000000002162
6;31,4;0,0011;-0,0000000000000004194;-0,0000001136;-0,00000000002517;0,0000007576;0,00000000000001518
6;31,5;0,0005426;-0,000000000000002706;-0,0000000549;-0,00000000001207;0,0000003661;-0,00000000000005024
6;31,6;-0,0004278;-0,000000000000003779;0,00000004334;0,000000000009516;-0,000000289;0,000000000000009737
6;31,7;-0,001;0,000000000000001299;0,0000001036;0,00000000002297;-0,0000006911;-0,0000000000000432
6;31,8;-0,0008318;-0,00000000000000355;0,00000008401;0,00000000001851;-0,0000005602;0,00000000000001041
6;31,9;-0,00001435;-0,0000000000000005209;0,000000001178;0,0000000000003225;-0,000000007858;-0,00000000000001342
6;32;0,0007769;-0,0000000000000002936;-0,00000007794;-0,00000000001729;0,0000005197;-0,000000000000003685
6;32,1;0,0009472;-0,000000000000007065;-0,00000009562;-0,00000000002107;0,0000006377;-0,00000000000001601
6;32,2;0,0003967;0,00000000000001329;-0,00000003967;-0,00000000000883;0,0000002645;0,00000000000003478
6;32,3;-0,0004276;-0,00000000000001909;0,00000004278;0,000000000009519;-0,0000002853;-0,00000000000007739
6;32,4;-0,0008925;0,00000000000000871;0,00000009011;0,00000000001985;-0,0000006009;0,00000000000002536
6;32,5;-0,0006643;-0,000000000000006067;0,00000006661;0,00000000001478;-0,0000004442;-0,00000000000004801
6;32,6;0,00005374;-0,000000000000003196;-0,000000005148;-0,000000000001199;0,00000003433;-0,000000000000003819
6;32,7;0,0006987;0,000000000000006306;-0,0000000706;-0,00000000001554;0,0000004708;0,00000000000003532
6;32,8;0,0007883;-0,00000000000001291;-0,0000000791;-0,00000000001754;0,0000005275;-0,00000000000006795
6;32,9;0,0002803;0,000000000000009758;-0,00000002848;-0,000000000006234;0,0000001899;0,00000000000005095
6;33;-0,0004157;-0,00000000000001006;0,00000004211;0,000000000009247;-0,0000002808;-0,0000000000000443
6;33,1;-0,0007671;0,000000000000001501;0,00000007697;0,00000000001707;-0,0000005133;-0,00000000000003246
6;33,2;-0,000525;-0,000000000000005708;0,00000005311;0,00000000001168;-0,0000003541;-0,000000000000001626
6;33,3;0,0001015;-0,000000000000004357;-0,00000001047;-0,000000000002255;0,00000006982;-0,00000000000005037
6;33,4;0,0006231;0,00000000000001034;-0,00000006247;-0,00000000001387;0,0000004166;0,00000000000007182
6;33,5;0,0006519;-0,00000000000001261;-0,00000006588;-0,0000000000145;0,0000004393;-0,00000000000006491
6;33,6;0,0001885;0,000000000000006749;-0,00000001873;-0,000000000004199;0,0000001249;0,00000000000001839
6;33,7;-0,0003957;-0,000000000000005431;0,00000003958;0,000000000008809;-0,000000264;-0,000000000000007259
6;33,8;-0,0006555;-0,000000000000002231;0,00000006625;0,00000000001458;-0,0000004418;-0,00000000000004663
6;33,9;-0,00041;0,000000000000002988;0,00000004102;0,000000000009126;-0,0000002735;0,00000000000002927
6;34;0,0001331;-0,00000000000001004;-0,00000001315;-0,000000000002966;0,0000000877;-0,00000000000005377
6;34,1;0,0005514;0,000000000000004561;-0,00000005576;-0,00000000001227;0,0000003718;0,0000000000000143
6;34,2;0,0005354;-0,00000000000000392;-0,00000005365;-0,00000000001192;0,0000003578;-0,000000000000008365
6;34,3;0,0001171;-0,000000000000002258;-0,00000001204;-0,000000000002602;0,00000008027;-0,00000000000002793
6;34,4;-0,0003704;-0,0000000000000005397;0,00000003754;0,00000000000824;-0,0000002503;0,000000000000005064
6;34,5;-0,0005569;-0,000000000000003043;0,00000005582;0,0000000000124;-0,0000003722;-0,0000000000000317
6;34,6;-0,0003156;-0,000000000000001903;0,00000003202;0,00000000000702;-0,0000002135;-0,00000000000001216
6;34,7;0,0001524;0,0000000000000006971;-0,00000001559;-0,000000000003388;0,000000104;0,000000000000008677
6;34,8;0,0004844;-0,000000000000003613;-0,00000004852;-0,00000000001078;0,0000003235;-0,00000000000002255
6;34,9;0,0004366;-0,0000000000000006424;-0,0000000442;-0,000000000009712;0,0000002948;0,000000000000008202
6;35;0,00006225;0,000000000000002144;-0,000000006022;-0,000000000001389;0,00000004016;-0,00000000000001608
6;35,1;-0,000342;-0,000000000000009492;0,00000003419;0,000000000007614;-0,000000228;-0,00000000000003103
6;35,2;-0,0004704;0,000000000000003778;0,0000000476;0,00000000001046;-0,0000003174;0,000000000000003377
6;35,3;-0,0002388;-0,000000000000004842;0,0000000238;0,000000000005317;-0,0000001587;-0,0000000000000208
6;35,4;0,0001621;-0,000000000000002206;-0,00000001608;-0,00000000000361;0,0000001072;-0,00000000000002281
6;35,5;0,0004228;0,0000000000000006076;-0,0000000428;-0,000000000009404;0,0000002854;0,000000000000004765
6;35,6;0,0003533;-0,000000000000004243;-0,00000003532;-0,000000000007863;0,0000002355;-0,00000000000001551
6;35,7;0,00002093;0,000000000000002109;-0,000000002348;-0,0000000000004633;0,00000001566;-0,00000000000001555
6;35,8;-0,0003121;-0,000000000000006052;0,00000003166;0,000000000006942;-0,0000002111;-0,000000000000002515
6;35,9;-0,000395;0,000000000000001201;0,00000003953;0,000000000008791;-0,0000002636;-0,0000000000000272
6;36;-0,0001767;-0,000000000000007124;0,00000001803;0,00000000000393;-0,0000001202;-0,00000000000001786
6;36,1;0,0001647;0,000000000000004658;-0,00000001682;-0,000000000003662;0,0000001121;0,000000000000008914
6;36,2;0,0003666;-0,000000000000005203;-0,00000003667;-0,000000000008161;0,0000002445;-0,00000000000002188
6;36,3;0,0002833;-0,000000000000001592;-0,00000002876;-0,000000000006302;0,0000001918;-0,000000000000003367
6;36,4;-0,000009502;0,000000000000002735;0,000000001193;0,000000000000208;-0,000000007955;-0,000000000000007064
6;36,5;-0,0002819;-0,000000000000009545;0,00000002814;0,000000000006276;-0,0000001877;-0,00000000000003649
6;36,6;-0,0003297;0,000000000000004388;0,00000003342;0,000000000007333;-0,0000002229;0,000000000000001402
6;36,7;-0,0001271;-0,000000000000005726;0,00000001256;0,000000000002831;-0,00000008373;-0,00000000000001353
6;36,8;0,000162;-0,0000000000000004283;-0,00000001608;-0,000000000003609;0,0000001072;-0,0000000000000124
6;36,9;0,000316;-0,000000000000002227;-0,00000003205;-0,000000000007029;0,0000002137;-0,00000000000001481
6;37;0,0002251;-0,000000000000002097;-0,00000002242;-0,000000000005011;0,0000001495;-0,000000000000003976
6;37,1;-0,00003123;-0,000000000000002062;0,000000002911;0,0000000000006974;-0,00000001942;-0,00000000000002834
6;37,2;-0,0002524;-0,0000000000000007335;0,00000002564;0,000000000005613;-0,000000171;0,000000000000003757
6;37,3;-0,0002735;-0,000000000000002746;0,0000000273;0,000000000006088;-0,000000182;-0,00000000000002679
6;37,4;-0,00008769;-0,000000000000002561;0,000000009058;0,000000000001948;-0,0000000604;-0,000000000000008255
6;37,5;0,0001557;-0,000000000000001213;-0,0000000159;-0,000000000003461;0,000000106;-0,00000000000001118
6;37,6;0,0002708;-0,000000000000001841;-0,00000002703;-0,000000000006028;0,0000001802;-0,00000000000001249
6;37,7;0,0001768;0,000000000000001027;-0,00000001802;-0,00000000000393;0,0000001202;0,000000000000009029
6;37,8;-0,00004606;-0,00000000000000574;0,000000004865;0,000000000001022;-0,00000003244;-0,00000000000004009
6;37,9;-0,0002241;0,0000000000000004321;0,00000002233;0,00000000000499;-0,0000001489;0,0000000000000008652
6;38;-0,0002253;-0,000000000000003811;0,00000002291;0,000000000005011;-0,0000001528;-0,00000000000002363
6;38,1;-0,00005683;-0,000000000000003033;0,000000005496;0,000000000001268;-0,00000003665;-0,00000000000001949
6;38,2;0,0001468;0,000000000000001541;-0,00000001455;-0,00000000000327;0,00000009705;0,00000000000000467
6;38,3;0,0002307;-0,000000000000004684;-0,00000002345;-0,00000000000513;0,0000001563;-0,00000000000002223
6;38,4;0,000137;0,0000000000000003265;-0,00000001357;-0,000000000003052;0,00000009051;-0,000000000000002695
6;38,5;-0,00005552;-0,000000000000003588;0,000000005366;0,000000000001238;-0,00000003578;-0,00000000000002116
6;38,6;-0,0001975;-0,000000000000001814;0,00000002011;0,000000000004393;-0,0000001341;-0,00000000000001472
6;38,7;-0,0001844;-0,000000000000001695;0,00000001834;0,000000000004106;-0,0000001223;-0,000000000000009982
6;38,8;-0,00003299;-0,000000000000003735;0,000000003542;0,000000000000731;-0,00000002362;-0,00000000000002831
6;38,9;0,0001364;0,0000000000000008662;-0,00000001395;-0,000000000003032;0,00000009302;0,0000000000000065
6;39;0,0001954;-0,000000000000003912;-0,00000001945;-0,00000000000435;0,0000001297;-0,00000000000001968
6;39,1;0,0001046;-0,0000000000000002777;-0,00000001075;-0,000000000002324;0,00000007167;-0,000000000000009511
6;39,2;-0,00006083;-0,000000000000004122;0,000000006343;0,000000000001351;-0,0000000423;-0,00000000000001827
6;39,3;-0,0001729;0,0000000000000001166;0,00000001719;0,00000000000385;-0,0000001146;-0,00000000000001044
6;39,4;-0,0001497;-0,000000000000002174;0,00000001529;0,000000000003329;-0,000000102;-0,000000000000009337
6;39,5;-0,00001485;-0,000000000000003657;0,000000001278;0,0000000000003331;-0,000000008519;-0,00000000000002699
6;39,6;0,0001251;0,0000000000000005141;-0,00000001238;-0,000000000002786;0,00000008253;0,00000000000000489
6;39,7;0,0001645;-0,000000000000004535;-0,00000001678;-0,000000000003658;0,0000001119;-0,00000000000002696
6;39,8;0,00007826;0,0000000000000003023;-0,000000007662;-0,000000000001744;0,0000000511;-0,000000000000002549
6;39,9;-0,000063;-0,000000000000003828;0,000000006127;0,000000000001405;-0,00000004086;-0,00000000000002127
6;40;-0,0001504;-0,000000000000001323;0,00000001536;0,000000000003344;-0,0000001024;-0,00000000000001343
7;0;0;0;0;0;0;0
7;0,1;0,984;0,000000000002598;0,00003101;-0,00000004787;-0,0002063;0,00000000001499
7;0,2;0,9358;-0,000000000005333;-0,00006526;-0,0000001108;0,000436;-0,00000000004355
7;0,3;0,3549;0,000000000005052;-0,0001145;-0,0000001243;0,0007643;0,000000000056
7;0,4;0,0974;-0,000000000002108;-0,00003241;-0,00000004533;0,0002164;-0,00000000004077
7;0,5;-0,0454;-0,000000000001312;0,00007618;0,00000007869;-0,0005085;0,00000000001456
7;0,6;-0,7925;0,000000000002739;0,00008186;0,0000001231;-0,0005467;-0,000000000004072
7;0,7;-0,5683;-0,000000000007945;0,00004339;0,00000008787;-0,00029;-0,0000000000301
7;0,8;0,3417;0,000000000008656;-0,000001335;-0,00000002113;0,000009072;0,00000000004329
7;0,9;0,5065;-0,000000000006034;-0,00007137;-0,0000001189;0,0004768;-0,00000000003458
7;1;0,3895;0,000000000004853;-0,00008995;-0,00000009648;0,0006004;0,00000000003783
7;1,1;0,2133;-0,0000000000005663;-0,00001349;-0,00000002078;0,0000901;-0,00000000002337
7;1,2;-0,3074;-0,000000000003894;0,00006056;0,00000005689;-0,0004042;0,0000000000004659
7;1,3;-0,6085;0,000000000004608;0,00006819;0,0000001172;-0,0004555;0,000000000003747
7;1,4;-0,3356;-0,000000000003906;0,00004046;0,00000006951;-0,0002703;-0,0000000000218
7;1,5;0,1913;0,000000000001406;-0,000009725;-0,00000003962;0,00006515;0,00000000001497
7;1,6;0,4835;0,000000000001848;-0,00006769;-0,00000008965;0,000452;0,00000000001392
7;1,7;0,3606;-0,000000000001897;-0,00006923;-0,00000008099;0,0004622;-0,00000000001378
7;1,8;0,0907;0,00000000000381;-0,00000474;-0,00000002145;0,00003177;0,00000000002717
7;1,9;-0,2589;-0,000000000005168;0,00005072;0,00000006705;-0,0003387;-0,00000000003335
7;2;-0,5292;0,000000000002537;0,00005831;0,00000009585;-0,0003895;0,0000000000109
7;2,1;-0,2602;0,0000000000006388;0,00003409;0,0000000456;-0,0002276;0,000000000004933
7;2,2;0,231;-0,00000000000477;-0,00001515;-0,00000003019;0,0001013;-0,00000000001266
7;2,3;0,3701;0,000000000007794;-0,00006143;-0,00000008167;0,0004102;0,00000000002513
7;2,4;0,3056;-0,000000000007695;-0,00005306;-0,00000006975;0,0003543;-0,00000000003125
7;2,5;0,0915;0,000000000009995;0,0000006393;-0,00000000581;-0,000004215;0,00000000005761
7;2,6;-0,3049;-0,000000000009697;0,00004287;0,00000005837;-0,0002862;-0,00000000006421
7;2,7;-0,4311;0,000000000004553;0,00005066;0,00000007948;-0,0003383;0,00000000002735
7;2,8;-0,1488;-0,0000000000003172;0,00002731;0,00000003678;-0,0001824;-0,000000000007145
7;2,9;0,1687;-0,000000000003915;-0,00001924;-0,00000003378;0,0001285;-0,00000000001
7;3;0,3281;0,000000000007303;-0,00005343;-0,00000006982;0,0003568;0,00000000003294
7;3,1;0,2819;-0,000000000006777;-0,00004055;-0,00000005491;0,0002708;-0,00000000002954
7;3,2;0,0165;0,000000000005998;0,000003161;-0,000000002391;-0,00002106;0,00000000002679
7;3,3;-0,2762;-0,000000000005392;0,00003757;0,0000000553;-0,0002509;-0,00000000002992
7;3,4;-0,3385;0,000000000002552;0,00004387;0,00000006667;-0,000293;0,00000000001197
7;3,5;-0,1197;0,000000000001468;0,00002022;0,00000002413;-0,000135;0,000000000008683
7;3,6;0,1643;-0,000000000004299;-0,0000208;-0,00000003052;0,0001389;-0,00000000001714
7;3,7;0,2896;0,000000000004189;-0,0000456;-0,0000000604;0,0003045;0,0000000000173
7;3,8;0,2219;-0,000000000003254;-0,00003142;-0,00000004584;0,0002098;-0,00000000001199
7;3,9;-0,0054;0,000000000003768;0,000005044;0,000000004636;-0,00003367;0,00000000001781
7;4;-0,2539;-0,000000000003758;0,00003336;0,00000004943;-0,0002228;-0,00000000002168
7;4,1;-0,279;0,0000000000008513;0,00003736;0,00000005391;-0,0002495;0,00000000000365
7;4,2;-0,074;0,0000000000008798;0,00001427;0,00000001799;-0,00009529;0,000000000004308
7;4,3;0,1453;-0,000000000001627;-0,000021;-0,00000002969;0,0001402;-0,000000000008023
7;4,4;0,2509;0,000000000002654;-0,00003855;-0,00000005261;0,0002575;0,00000000001392
7;4,5;0,1857;-0,000000000001887;-0,00002432;-0,00000003539;0,0001624;-0,00000000000565
7;4,6;-0,0356;0,000000000001614;0,000006263;0,000000007478;-0,00004181;0,000000000004888
7;4,7;-0,2256;-0,000000000001983;0,00002978;0,00000004383;-0,0001989;-0,000000000008144
7;4,8;-0,22;0,000000000001906;0,00003143;0,00000004486;-0,0002099;0,000000000002898
7;4,9;-0,0539;-0,000000000001601;0,000009305;0,00000001141;-0,00006212;0,0000000000009692
7;5;0,1358;-0,000000000000208;-0,00002018;-0,00000002783;0,0001347;-0,00000000001292
7;5,1;0,2216;0,000000000001423;-0,00003241;-0,00000004475;0,0002164;0,00000000002014
7;5,2;0,1413;-0,000000000000681;-0,00001889;-0,00000002806;0,0001262;-0,000000000008977
7;5,3;-0,0484;0,000000000001099;0,000007209;0,00000001003;-0,00004814;0,00000000000606
7;5,4;-0,1956;-0,000000000001442;0,00002654;0,00000003878;-0,0001773;-0,000000000004584
7;5,5;-0,181;0,0000000000008264;0,00002598;0,00000003626;-0,0001735;-0,000000000008275
7;5,6;-0,0319;-0,0000000000009953;0,000005515;0,000000007132;-0,00003683;0,00000000001149
7;5,7;0,1269;0,0000000000003839;-0,00001883;-0,00000002589;0,0001257;-0,00000000001357
7;5,8;0,1886;0,0000000000006439;-0,00002722;-0,00000003838;0,0001818;0,00000000001838
7;5,9;0,1095;-0,0000000000007174;-0,00001453;-0,00000002125;0,00009701;-0,00000000001178
7;6;-0,0567;0,000000000001327;0,000007835;0,00000001127;-0,00005233;0,00000000001079
7;6,1;-0,1708;-0,0000000000022;0,00002347;0,00000003373;-0,0001568;-0,00000000001449
7;6,2;-0,1451;0,000000000002175;0,00002123;0,00000002967;-0,0001418;0,000000000006082
7;6,3;-0,0168;-0,000000000002296;0,000002665;0,000000003508;-0,00001779;-0,000000000005535
7;6,4;0,1168;0,000000000001501;-0,00001725;-0,00000002395;0,0001152;0,000000000004983
7;6,5;0,1617;-0,0000000000001357;-0,00002281;-0,00000003229;0,0001523;0,000000000005083
7;6,6;0,0809;-0,0000000000008748;-0,00001102;-0,00000001604;0,00007358;-0,000000000009326
7;6,7;-0,06;0,000000000002119;0,000008172;0,00000001182;-0,00005458;0,00000000001494
7;6,8;-0,1466;-0,000000000002419;0,0000206;0,00000002942;-0,0001376;-0,00000000001777
7;6,9;-0,1179;0,0000000000008321;0,00001712;0,00000002386;-0,0001143;0,000000000006648
7;7;-0,0042;-0,0000000000006634;0,0000006006;0,0000000008438;-0,000004011;-0,000000000004231
7;7,1;0,1077;0,0000000000007306;-0,00001561;-0,00000002177;0,0001042;0,000000000005408
7;7,2;0,1354;0,0000000000006477;-0,00001907;-0,00000002718;0,0001274;0,000000000004481
7;7,3;0,0591;-0,000000000000768;-0,000008163;-0,00000001173;0,00005451;-0,000000000005479
7;7,4;-0,0599;0,0000000000007773;0,000008248;0,00000001192;-0,00005508;0,000000000006591
7;7,5;-0,1266;-0,000000000000651;0,00001791;0,00000002536;-0,0001196;-0,000000000008983
7;7,6;-0,0944;-0,0000000000006179;0,00001367;0,00000001915;-0,00009127;-0,000000000001277
7;7,7;0,0054;0,000000000001293;-0,0000008618;-0,000000001128;0,000005754;0,000000000005631
7;7,8;0,0973;-0,000000000001607;-0,000014;-0,0000000197;0,00009349;-0,000000000007388
7;7,9;0,1132;0,000000000001752;-0,00001588;-0,00000002261;0,000106;0,00000000001228
7;8;0,0416;-0,0000000000002272;-0,000005854;-0,000000008329;0,0000391;-0,000000000004766
7;8,1;-0,0584;-0,0000000000008359;0,000008093;0,00000001159;-0,00005405;-0,000000000002018
7;8,2;-0,1084;0,0000000000008491;0,00001545;0,00000002184;-0,0001032;0,000000000002138
7;8,3;-0,0752;-0,000000000001363;0,00001079;0,00000001517;-0,00007207;-0,000000000004148
7;8,4;0,0123;0,0000000000009103;-0,000001868;-0,000000002561;0,00001248;0,000000000001787
7;8,5;0,0875;-0,0000000000002724;-0,00001246;-0,00000001759;0,00008322;0,000000000000065
7;8,6;0,0935;0,0000000000006089;-0,00001316;-0,00000001873;0,00008788;0,000000000004602
7;8,7;0,0281;-0,0000000000004653;-0,000004007;-0,00000000566;0,00002676;-0,000000000005283
7;8,8;-0,0553;0,0000000000004379;0,000007767;0,00000001108;-0,00005187;0,000000000004747
7;8,9;-0,0927;-0,0000000000004722;0,00001323;0,00000001866;-0,00008832;-0,000000000005173
7;9;-0,0591;0,00000000000003016;0,000008427;0,00000001189;-0,00005627;0,0000000000002907
7;9,1;0,0173;-0,0000000000001862;-0,00000253;-0,00000000351;0,0000169;0,000000000000723
7;9,2;0,0777;0,0000000000004401;-0,00001102;-0,00000001561;0,00007362;0,000000000001762
7;9,3;0,0768;0,0000000000003158;-0,00001084;-0,0000000154;0,00007237;0,000000000001898
7;9,4;0,0177;-0,000000000000864;-0,000002548;-0,000000003573;0,00001702;-0,000000000003032
7;9,5;-0,0518;0,0000000000007301;0,000007313;0,00000001038;-0,00004884;0,000000000001874
7;9,6;-0,0789;-0,0000000000004785;0,00001125;0,00000001588;-0,00007512;-0,00000000000268
7;9,7;-0,0457;0,000000000000213;0,000006494;0,000000009191;-0,00004337;0,000000000001845
7;9,8;0,0203;0,000000000000175;-0,000002935;-0,000000004118;0,0000196;-0,0000000000004975
7;9,9;0,0684;-0,0000000000005849;-0,000009691;-0,00000001373;0,00006471;-0,0000000000009765
7;10;0,0626;0,0000000000006857;-0,00000886;-0,00000001257;0,00005917;0,000000000003506
7;10,1;0,0097;-0,0000000000006612;-0,000001419;-0,000000001981;0,000009473;-0,000000000004189
7;10,2;-0,0478;0,0000000000006812;0,000006781;0,000000009608;-0,00004528;0,000000000004261
7;10,3;-0,0667;-0,0000000000004349;0,000009507;0,00000001343;-0,00006348;-0,00000000000408
7;10,4;-0,0348;-0,0000000000001752;0,000004926;0,000000006981;-0,00003289;-0,0000000000005814
7;10,5;0,022;0,0000000000007651;-0,000003147;-0,000000004434;0,00002102;0,000000000004679
7;10,6;0,0598;-0,000000000001141;-0,000008467;-0,00000001201;0,00005654;-0,000000000005709
7;10,7;0,0507;0,000000000001447;-0,000007188;-0,00000001018;0,000048;0,000000000007584
7;10,8;0,0038;-0,000000000001178;-0,0000005593;-0,0000000007715;0,000003735;-0,000000000005801
7;10,9;-0,0437;0,0000000000006485;0,000006206;0,000000008781;-0,00004144;0,000000000002052
7;11;-0,0562;-0,0000000000003805;0,000007988;0,00000001129;-0,00005334;-0,00000000000107
7;11,1;-0,0259;-0,0000000000002855;0,000003661;0,000000005195;-0,00002445;-0,00000000000155
7;11,2;0,0226;0,0000000000003433;-0,000003215;-0,000000004546;0,00002147;0,00000000000121
7;11,3;0,0519;-0,00000000000005181;-0,000007353;-0,00000001042;0,00004911;0,0000000000006023
7;11,4;0,0407;0,0000000000006049;-0,000005778;-0,000000008179;0,00003859;0,000000000002864
7;11,5;-0,000638;-0,0000000000008684;0,00000007671;0,0000000001191;-0,0000005124;-0,000000000003945
7;11,6;-0,0395;0,0000000000007946;0,000005619;0,000000007947;-0,00003752;0,000000000002987
7;11,7;-0,047;-0,0000000000006559;0,000006671;0,000000009439;-0,00004455;-0,000000000003095
7;11,8;-0,0187;0,0000000000002284;0,000002649;0,000000003758;-0,00001769;0,000000000001263
7;11,9;0,0224;0,0000000000003129;-0,000003178;-0,000000004498;0,00002122;0,000000000001417
7;12;0,0448;-0,0000000000006994;-0,000006347;-0,000000008993;0,00004239;-0,000000000002599
7;12,1;0,0324;0,0000000000007573;-0,000004601;-0,00000000651;0,00003073;0,00000000000278
7;12,2;-0,0038;-0,000000000000408;0,0000005346;0,0000000007616;-0,00000357;-0,0000000000003489
7;12,3;-0,0354;0,00000000000006707;0,000005038;0,000000007127;-0,00003364;-0,000000000001891
7;12,4;-0,039;0,00000000000006025;0,000005539;0,00000000784;-0,00003699;0,000000000001736
7;12,5;-0,013;0,00000000000004746;0,000001845;0,000000002618;-0,00001232;-0,0000000000009355
7;12,6;0,0216;-0,00000000000004541;-0,000003064;-0,000000004341;0,00002046;0,0000000000001498
7;12,7;0,0384;-0,0000000000001807;-0,000005447;-0,000000007715;0,00003637;0,0000000000001728
7;12,8;0,0255;0,0000000000001478;-0,000003622;-0,000000005125;0,00002419;-0,0000000000007077
7;12,9;-0,006;0,00000000000003644;0,0000008495;0,000000001204;-0,000005673;0,000000000001943
7;13;-0,0315;0,00000000000001307;0,00000448;0,000000006339;-0,00002992;-0,000000000002028
7;13,1;-0,0322;-0,0000000000001573;0,000004569;0,00000000647;-0,00003051;0,0000000000004106
7;13,2;-0,0086;0,00000000000009222;0,000001215;0,000000001722;-0,000008114;-0,00000000000009643
7;13,3;0,0204;-0,0000000000001412;-0,0000029;-0,000000004107;0,00001937;0,000000000000009197
7;13,4;0,0327;0,0000000000002281;-0,000004646;-0,000000006579;0,00003103;0,0000000000008445
7;13,5;0,0198;-0,0000000000001162;-0,000002816;-0,000000003984;0,00001881;-0,0000000000004508
7;13,6;-0,0074;0,0000000000001615;0,000001054;0,000000001491;-0,000007038;0,000000000000974
7;13,7;-0,0278;-0,0000000000001649;0,000003954;0,000000005596;-0,0000264;-0,000000000001647
7;13,8;-0,0264;0,00000000000001501;0,000003744;0,000000005301;-0,000025;0,0000000000009239
7;13,9;-0,0051;0,000000000000009341;0,0000007253;0,000000001028;-0,000004844;-0,000000000001347
7;14;0,019;0,00000000000003679;-0,000002701;-0,000000003826;0,00001804;0,000000000001498
7;14,1;0,0278;0,00000000000002892;-0,00000394;-0,000000005578;0,00002631;-0,000000000000137
7;14,2;0,0152;-0,00000000000007756;-0,000002156;-0,000000003051;0,0000144;-0,0000000000001365
7;14,3;-0,0082;0,0000000000001955;0,000001172;0,000000001658;-0,000007824;0,000000000001089
7;14,4;-0,0244;-0,0000000000002811;0,000003466;0,000000004905;-0,00002314;-0,000000000002276
7;14,5;-0,0215;0,0000000000002705;0,000003045;0,000000004312;-0,00002033;0,000000000002054
7;14,6;-0,0025;-0,0000000000002806;0,0000003521;0,0000000004984;-0,000002352;-0,000000000001619
7;14,7;0,0175;0,0000000000003486;-0,000002484;-0,000000003518;0,00001659;0,000000000001425
7;14,8;0,0234;-0,0000000000003382;-0,000003322;-0,000000004702;0,00002218;-0,0000000000009735
7;14,9;0,0114;0,0000000000002881;-0,00000162;-0,000000002293;0,00001082;0,000000000001391
7;15;-0,0086;-0,00000000000005106;0,000001225;0,000000001733;-0,000008181;-0,000000000001078
7;15,1;-0,0213;-0,0000000000002747;0,000003018;0,000000004272;-0,00002015;-0,0000000000005092
7;15,2;-0,0173;0,0000000000004428;0,000002457;0,000000003479;-0,00001641;0,000000000001252
7;15,3;-0,0005072;-0,0000000000006101;0,00000007208;0,0000000001021;-0,0000004813;-0,000000000002263
7;15,4;0,0159;0,0000000000005576;-0,000002259;-0,000000003198;0,00001508;0,000000000002748
7;15,5;0,0196;-0,0000000000002627;-0,000002784;-0,000000003941;0,00001859;-0,00000000000149
7;15,6;0,0084;-0,0000000000000002192;-0,000001188;-0,000000001682;0,000007935;0,0000000000004599
7;15,7;-0,0087;0,0000000000001689;0,000001229;0,00000000174;-0,000008209;0,000000000000565
7;15,8;-0,0184;-0,0000000000002177;0,000002612;0,000000003697;-0,00001744;-0,000000000001336
7;15,9;-0,0138;0,0000000000001413;0,000001964;0,000000002782;-0,00001312;0,0000000000005555
7;16;0,0009316;-0,00000000000003576;-0,0000001317;-0,000000000187;0,0000008795;0,000000000000181
7;16,1;0,0143;-0,00000000000004839;-0,000002034;-0,00000000288;0,00001359;-0,0000000000005572
7;16,2;0,0163;0,00000000000007517;-0,000002318;-0,000000003282;0,00001548;0,0000000000009184
7;16,3;0,0059;0,0000000000001565;-0,0000008443;-0,000000001195;0,000005638;0,0000000000005442
7;16,4;-0,0084;-0,0000000000002872;0,000001199;0,000000001697;-0,000008009;-0,000000000001481
7;16,5;-0,0158;0,0000000000002228;0,000002246;0,00000000318;-0,000015;0,000000000001112
7;16,6;-0,011;-0,0000000000002202;0,000001555;0,000000002202;-0,00001039;-0,000000000001213
7;16,7;0,0019;0,0000000000001543;-0,000000276;-0,0000000003907;0,000001843;0,0000000000006707
7;16,8;0,0128;-0,00000000000002943;-0,000001816;-0,000000002571;0,00001213;0,0000000000002158
7;16,9;0,0135;-0,00000000000008006;-0,000001919;-0,000000002716;0,00001282;-0,0000000000005798
7;17;0,004;0,0000000000003278;-0,000000572;-0,0000000008102;0,00000382;0,000000000001915
7;17,1;-0,0081;-0,0000000000004729;0,000001144;0,00000000162;-0,00000764;-0,000000000002512
7;17,2;-0,0135;0,0000000000003871;0,000001921;0,00000000272;-0,00001283;0,000000000001657
7;17,3;-0,0086;-0,0000000000002743;0,000001216;0,000000001722;-0,000008122;-0,000000000001004
7;17,4;0,0026;0,00000000000008709;-0,000000372;-0,0000000005271;0,000002485;0,00000000000002779
7;17,5;0,0113;0,0000000000001526;-0,000001609;-0,000000002277;0,00001074;0,000000000001206
7;17,6;0,0111;-0,0000000000002571;-0,000001577;-0,000000002233;0,00001053;-0,000000000001488
7;17,7;0,0025;0,0000000000003102;-0,0000003603;-0,0000000005099;0,000002406;0,000000000001599
7;17,8;-0,0076;-0,000000000000291;0,000001073;0,000000001519;-0,000007168;-0,000000000001306
7;17,9;-0,0115;0,000000000000214;0,000001633;0,000000002312;-0,00001091;0,0000000000006758
7;18;-0,0066;-0,0000000000001011;0,0000009385;0,000000001328;-0,000006268;-0,0000000000003211
7;18,1;0,003;-0,000000000000007426;-0,0000004319;-0,0000000006112;0,000002884;-0,00000000000002335
7;18,2;0,01;0,0000000000001168;-0,000001414;-0,000000002003;0,000009445;0,0000000000007252
7;18,3;0,0091;-0,000000000000171;-0,000001288;-0,000000001823;0,000008601;-0,0000000000008631
7;18,4;0,0014;0,0000000000002131;-0,0000001968;-0,000000000279;0,000001314;0,000000000001006
7;18,5;-0,007;-0,0000000000001899;0,0000009923;0,000000001405;-0,000006627;-0,000000000001039
7;18,6;-0,0097;0,0000000000001424;0,000001381;0,000000001955;-0,000009222;0,0000000000007908
7;18,7;-0,005;-0,0000000000001294;0,0000007116;0,000000001008;-0,000004752;-0,0000000000007231
7;18,8;0,0033;0,0000000000001007;-0,0000004626;-0,0000000006552;0,000003089;0,0000000000004927
7;18,9;0,0087;-0,00000000000002557;-0,000001236;-0,000000001749;0,000008253;0,0000000000001287
7;19;0,0073;-0,00000000000003979;-0,000001043;-0,000000001477;0,000006964;-0,0000000000003629
7;19,1;0,00052;0,0000000000001486;-0,00000007393;-0,0000000001045;0,0000004937;0,0000000000009314
7;19,2;-0,0064;-0,0000000000001671;0,0000009071;0,000000001284;-0,000006058;-0,000000000001108
7;19,3;-0,0082;0,0000000000001105;0,00000116;0,000000001643;-0,000007747;0,0000000000006139
7;19,4;-0,0037;-0,00000000000008952;0,0000005287;0,0000000007482;-0,000003531;-0,0000000000005541
7;19,5;0,0033;0,00000000000006042;-0,0000004727;-0,000000000669;0,000003157;0,0000000000005116
7;19,6;0,0076;0,00000000000001139;-0,000001072;-0,000000001518;0,00000716;0,00000000000008654
7;19,7;0,0059;-0,00000000000005629;-0,0000008377;-0,000000001186;0,000005594;-0,0000000000004601
7;19,8;-0,0001217;0,0000000000001381;0,00000001746;0,00000000002445;-0,0000001166;0,0000000000009747
7;19,9;-0,0058;-0,000000000000149;0,0000008201;0,000000001161;-0,000005477;-0,000000000001075
7;20;-0,0068;0,00000000000009988;0,0000009694;0,000000001372;-0,000006474;0,0000000000007325
7;20,1;-0,0027;-0,00000000000007891;0,0000003815;0,0000000005403;-0,000002547;-0,0000000000006019
7;20,2;0,0033;0,0000000000000007886;-0,0000004665;-0,0000000006607;0,000003115;0,0000000000002677
7;20,3;0,0065;0,0000000000001144;-0,0000009253;-0,00000000131;0,000006179;0,0000000000004381
7;20,4;0,0047;-0,0000000000001394;-0,000000666;-0,0000000009431;0,000004448;-0,0000000000005317
7;20,5;-0,0005819;0,0000000000001341;0,00000008244;0,0000000001169;-0,0000005505;0,0000000000005311
7;20,6;-0,0052;-0,0000000000001007;0,0000007353;0,000000001041;-0,000004911;-0,0000000000004697
7;20,7;-0,0057;0,00000000000007508;0,0000008044;0,000000001139;-0,000005372;0,0000000000003439
7;20,8;-0,0019;-0,0000000000001153;0,0000002652;0,0000000003752;-0,000001771;-0,0000000000007318
7;20,9;0,0032;0,0000000000001729;-0,0000004498;-0,0000000006365;0,000003004;0,000000000001172
7;21;0,0056;-0,0000000000000866;-0,0000007931;-0,000000001123;0,000005297;-0,0000000000006245
7;21,1;0,0037;-0,0000000000000366;-0,0000005242;-0,0000000007419;0,000003501;0,00000000000001643
7;21,2;-0,0008984;0,0000000000001603;0,0000001277;0,0000000001805;-0,0000008527;0,0000000000007235
7;21,3;-0,0046;-0,0000000000002022;0,0000006534;0,0000000009252;-0,000004363;-0,000000000001105
7;21,4;-0,0047;0,0000000000001911;0,0000006638;0,0000000009394;-0,000004433;0,0000000000009814
7;21,5;-0,0012;-0,0000000000001683;0,0000001734;0,0000000002457;-0,000001158;-0,0000000000009066
7;21,6;0,003;0,0000000000001274;-0,0000004248;-0,0000000006016;0,000002837;0,0000000000007379
7;21,7;0,0048;-0,00000000000003628;-0,0000006765;-0,0000000009574;0,000004517;-0,000000000000122
7;21,8;0,0029;-0,00000000000003814;-0,0000004069;-0,0000000005763;0,000002717;-0,000000000000215
7;21,9;-0,0011;0,0000000000001327;0,0000001563;0,0000000002215;-0,000001044;0,0000000000007165
7;22;-0,0041;-0,0000000000001521;0,0000005768;0,0000000008163;-0,000003852;-0,000000000000834
7;22,1;-0,0038;0,0000000000001196;0,0000005434;0,0000000007694;-0,000003629;0,000000000000556
7;22,2;-0,0007234;-0,00000000000008142;0,0000001028;0,0000000001454;-0,0000006867;-0,000000000000283
7;22,3;0,0028;0,00000000000003863;-0,0000003956;-0,0000000005599;0,000002642;0,00000000000006706
7;22,4;0,004;0,00000000000001773;-0,0000005731;-0,0000000008115;0,000003827;0,00000000000028
7;22,5;0,0022;-0,00000000000004997;-0,0000003115;-0,0000000004407;0,00000208;-0,0000000000004154
7;22,6;-0,0012;0,0000000000001034;0,0000001733;0,0000000002451;-0,000001157;0,000000000000626
7;22,7;-0,0036;-0,0000000000001066;0,0000005051;0,0000000007152;-0,000003373;-0,0000000000005583
7;22,8;-0,0031;0,00000000000007151;0,000000442;0,0000000006255;-0,000002952;0,0000000000002671
7;22,9;-0,0003429;-0,00000000000003597;0,00000004852;0,00000000006891;-0,000000324;-0,00000000000001978
7;23;0,0026;0,00000000000001119;-0,0000003632;-0,0000000005144;0,000002425;-0,0000000000001249
7;23,1;0,0034;0,0000000000000311;-0,0000004832;-0,0000000006838;0,000003227;0,0000000000004149
7;23,2;0,0016;-0,00000000000002616;-0,0000002335;-0,0000000003308;0,000001559;-0,0000000000002602
7;23,3;-0,0013;0,00000000000002603;0,0000001802;0,0000000002554;-0,000001204;0,0000000000001872
7;23,4;-0,0031;-0,00000000000002928;0,0000004399;0,0000000006226;-0,000002938;-0,0000000000002287
7;23,5;-0,0025;0,00000000000002749;0,0000003561;0,0000000005044;-0,000002378;0,0000000000001182
7;23,6;-0,00005857;-0,000000000000008441;0,000000008461;0,00000000001177;-0,0000000565;0,00000000000006455
7;23,7;0,0023;0,0000000000000121;-0,0000003303;-0,0000000004674;0,000002206;-0,00000000000001029
7;23,8;0,0029;-0,00000000000000218;-0,0000004045;-0,0000000005729;0,000002701;0,00000000000008154
7;23,9;0,0012;0,000000000000007694;-0,0000001712;-0,0000000002422;0,000001144;-0,00000000000001255
7;24;-0,0013;0,00000000000001235;0,0000001808;0,0000000002558;-0,000001208;0,00000000000007577
7;24,1;-0,0027;-0,0000000000000164;0,0000003803;0,0000000005386;-0,00000254;-0,00000000000007331
7;24,2;-0,002;0,000000000000008235;0,0000002848;0,000000000403;-0,000001902;-0,00000000000004242
7;24,3;0,0001485;0,000000000000009294;-0,00000002122;-0,00000000002983;0,0000001417;0,0000000000001715
7;24,4;0,0021;-0,000000000000005657;-0,000000297;-0,0000000004206;0,000001983;-0,0000000000001098
7;24,5;0,0024;0,0000000000000141;-0,000000337;-0,0000000004769;0,000002251;0,0000000000001675
7;24,6;0,0008541;-0,00000000000001281;-0,0000001211;-0,0000000001716;0,0000008086;-0,0000000000001038
7;24,7;-0,0012;0,00000000000001071;0,0000001758;0,0000000002491;-0,000001174;0,00000000000006567
7;24,8;-0,0023;0,00000000000001228;0,0000003273;0,0000000004631;-0,000002186;0,00000000000006782
7;24,9;-0,0016;-0,0000000000000008163;0,000000225;0,0000000003188;-0,000001503;-0,00000000000003374
7;25;0,000294;-0,00000000000001538;-0,00000004158;-0,00000000005907;0,0000002777;-0,00000000000004087
7;25,1;0,0019;0,00000000000002934;-0,0000002652;-0,0000000003753;0,000001771;0,0000000000001316
7;25,2;0,002;-0,000000000000002823;-0,0000002786;-0,0000000003946;0,00000186;0,00000000000007077
7;25,3;0,0005768;-0,000000000000005119;-0,00000008201;-0,0000000001159;0,0000005477;-0,000000000000118
7;25,4;-0,0012;0,00000000000002671;0,0000001678;0,0000000002374;-0,000001121;0,0000000000002137
7;25,5;-0,002;-0,00000000000002771;0,0000002795;0,0000000003959;-0,000001867;-0,000000000000212
7;25,6;-0,0012;0,00000000000002645;0,0000001761;0,0000000002491;-0,000001176;0,0000000000001869
7;25,7;0,000391;-0,0000000000000148;-0,00000005564;-0,00000000007857;0,0000003716;-0,0000000000001145
7;25,8;0,0017;0,00000000000001172;-0,0000002345;-0,0000000003322;0,000001566;0,0000000000001173
7;25,9;0,0016;0,000000000000007922;-0,0000002292;-0,0000000003242;0,00000153;0,00000000000007059
7;26;0,0003606;-0,00000000000001747;-0,00000005105;-0,00000000007247;0,0000003409;-0,0000000000001504
7;26,1;-0,0011;0,00000000000003711;0,000000157;0,0000000002224;-0,000001048;0,0000000000002611
7;26,2;-0,0017;-0,00000000000002232;0,0000002378;0,0000000003365;-0,000001588;-0,0000000000001859
7;26,3;-0,0009555;0,00000000000001297;0,0000001355;0,000000000192;-0,0000009047;0,0000000000001242
7;26,4;0,0004504;-0,0000000000000003907;-0,00000006379;-0,0000000000905;0,000000426;0,00000000000000699
7;26,5;0,0015;0,000000000000002527;-0,0000002064;-0,000000000292;0,000001378;-0,00000000000001675
7;26,6;0,0013;0,00000000000002518;-0,0000001867;-0,0000000002645;0,000001247;0,0000000000001897
7;26,7;0,0001946;-0,00000000000002129;-0,00000002776;-0,0000000000391;0,0000001854;-0,0000000000001624
7;26,8;-0,001;0,00000000000002637;0,0000001453;0,0000000002055;-0,0000009705;0,0000000000001981
7;26,9;-0,0014;-0,00000000000001928;0,0000002007;0,0000000002843;-0,00000134;-0,0000000000001483
7;27;-0,0007238;0,000000000000008069;0,0000001029;0,0000000001454;-0,000000687;0,00000000000004293
7;27,1;0,0004809;0,00000000000001287;-0,0000000684;-0,00000000009664;0,0000004568;0,0000000000001234
7;27,2;0,0013;-0,000000000000009405;-0,00000018;-0,000000000255;0,000001202;-0,0000000000001033
7;27,3;0,0011;0,00000000000002254;-0,0000001514;-0,0000000002141;0,000001011;0,0000000000002097
7;27,4;0,00006928;-0,00000000000001256;-0,0000000097;-0,00000000001393;0,00000006478;-0,000000000000151
7;27,5;-0,0009341;0,00000000000001507;0,0000001324;0,0000000001877;-0,0000008845;0,00000000000015
7;27,6;-0,0012;-0,000000000000003885;0,0000001688;0,0000000002388;-0,000001128;-0,00000000000006751
7;27,7;-0,0005366;-0,000000000000004534;0,00000007603;0,0000000001078;-0,0000005077;-0,000000000000002805
7;27,8;0,0004898;0,00000000000001755;-0,00000006939;-0,00000000009843;0,0000004634;0,0000000000001331
7;27,9;0,0011;-0,000000000000006996;-0,0000001564;-0,0000000002212;0,000001044;-0,00000000000009218
7;28;0,0008553;0,00000000000001709;-0,0000001213;-0,0000000001719;0,0000008098;0,0000000000001792
7;28,1;-0,00002314;-0,000000000000009813;0,000000003153;0,000000000004651;-0,00000002106;-0,00000000000012
7;28,2;-0,0008443;0,00000000000001838;0,00000012;0,0000000001697;-0,0000008011;0,0000000000001445
7;28,3;-0,0009925;-0,000000000000006125;0,0000001407;0,0000000001994;-0,0000009398;-0,0000000000000589
7;28,4;-0,0003866;0,000000000000001116;0,00000005501;0,00000000007769;-0,0000003674;-0,00000000000000309
7;28,5;0,0004828;0,00000000000001838;-0,00000006866;-0,00000000009701;0,0000004585;0,0000000000001513
7;28,6;0,0009493;-0,0000000000000137;-0,0000001346;-0,0000000001908;0,0000008989;-0,0000000000001032
7;28,7;0,0006798;0,00000000000002072;-0,00000009662;-0,0000000001366;0,0000006452;0,0000000000001433
7;28,8;-0,00008928;-0,000000000000009764;0,0000000128;0,00000000001794;-0,00000008549;-0,00000000000006164
7;28,9;-0,0007563;0,000000000000009107;0,0000001072;0,000000000152;-0,000000716;0,00000000000004456
7;29;-0,0008235;0,000000000000009094;0,000000117;0,0000000001655;-0,0000007815;0,00000000000006211
7;29,1;-0,0002677;-0,00000000000001691;0,00000003787;0,00000000005379;-0,0000002529;-0,00000000000009494
7;29,2;0,0004645;0,00000000000002436;-0,0000000658;-0,00000000009334;0,0000004394;0,0000000000001548
7;29,3;0,0008137;-0,000000000000004424;-0,0000001156;-0,0000000001635;0,0000007721;-0,00000000000003237
7;29,4;0,0005344;0,00000000000000817;-0,00000007572;-0,0000000001074;0,0000005057;0,00000000000005879
7;29,5;-0,0001346;0,000000000000002366;0,00000001898;0,00000000002705;-0,0000001268;0,0000000000000229
7;29,6;-0,0006719;0,000000000000005395;0,0000000955;0,000000000135;-0,0000006377;0,00000000000001764
7;29,7;-0,0006789;0,000000000000006187;0,00000009624;0,0000000001364;-0,0000006427;0,00000000000005035
7;29,8;-0,0001744;-0,000000000000004754;0,00000002488;0,00000000003504;-0,0000001662;-0,00000000000002462
7;29,9;0,0004385;0,00000000000001823;-0,00000006237;-0,00000000008812;0,0000004165;0,0000000000001022
7;30;0,0006934;-0,000000000000009485;-0,0000000983;-0,0000000001393;0,0000006565;-0,00000000000003957
7;30,1;0,0004147;0,00000000000001106;-0,00000005898;-0,00000000008332;0,0000003939;0,0000000000000689
7;30,2;-0,0001637;0,000000000000005006;0,00000002336;0,00000000003289;-0,000000156;0,00000000000002735
7;30,3;-0,0005925;-0,000000000000002005;0,00000008398;0,0000000001191;-0,0000005608;-0,00000000000001561
7;30,4;-0,0005558;0,00000000000001168;0,00000007901;0,0000000001117;-0,0000005276;0,00000000000007684
7;30,5;-0,0001022;-0,000000000000004632;0,00000001439;0,00000000002054;-0,00000009607;-0,0000000000000264
7;30,6;0,0004077;0,00000000000001107;-0,00000005775;-0,00000000008193;0,0000003856;0,00000000000007224
7;30,7;0,0005875;0,000000000000001497;-0,00000008352;-0,0000000001181;0,0000005577;0,0000000000000109
7;30,8;0,0003168;0,0000000000000007442;-0,00000004484;-0,00000000006366;0,0000002995;0,00000000000001402
7;30,9;-0,0001802;0,00000000000001174;0,00000002545;0,00000000003621;-0,00000017;0,00000000000007038
7;31;-0,000519;-0,000000000000002032;0,00000007378;0,0000000001043;-0,0000004927;-0,00000000000001874
7;31,1;-0,0004516;0,000000000000007799;0,00000006398;0,00000000009075;-0,0000004272;0,00000000000004995
7;31,2;-0,00004728;0,00000000000000183;0,000000006832;0,000000000009497;-0,00000004562;0,00000000000001047
7;31,3;0,0003743;0,00000000000000618;-0,00000005325;-0,00000000007521;0,0000003556;0,00000000000004771
7;31,4;0,0004949;0,000000000000003942;-0,00000007013;-0,00000000009945;0,0000004683;0,00000000000003466
7;31,5;0,0002374;0,000000000000004436;-0,00000003382;-0,0000000000477;0,0000002258;0,00000000000001781
7;31,6;-0,0001872;0,00000000000000308;0,00000002669;0,00000000003761;-0,0000001782;0,0000000000000325
7;31,7;-0,0004515;0,000000000000005518;0,00000006397;0,00000000009074;-0,0000004272;0,000000000000017
7;31,8;-0,0003639;0,000000000000003589;0,00000005178;0,00000000007313;-0,0000003458;0,00000000000003587
7;31,9;-0,00000628;0,000000000000004257;0,000000000772;0,000000000001264;-0,000000005157;0,00000000000002872
7;32;0,0003399;0,000000000000005461;-0,00000004812;-0,0000000000683;0,0000003214;0,00000000000003
7;32,1;0,0004144;0,000000000000001777;-0,00000005894;-0,00000000008327;0,0000003936;0,00000000000002851
7;32,2;0,0001735;0,000000000000009717;-0,00000002451;-0,00000000003487;0,0000001637;0,00000000000004219
7;32,3;-0,0001871;-0,000000000000001466;0,00000002644;0,00000000003759;-0,0000001765;0,000000000000009748
7;32,4;-0,0003905;0,000000000000007507;0,00000005554;0,00000000007846;-0,0000003709;0,0000000000000369
7;32,5;-0,0002906;0,00000000000000395;0,00000004113;0,0000000000584;-0,0000002747;0,00000000000002187
7;32,6;0,00002351;0,000000000000001999;-0,00000000322;-0,000000000004726;0,0000000215;0,0000000000000244
7;32,7;0,0003057;0,000000000000009399;-0,00000004351;-0,00000000006142;0,0000002905;0,0000000000000557
7;32,8;0,0003449;-0,000000000000001511;-0,00000004884;-0,00000000006931;0,0000003261;0,0000000000000009808
7;32,9;0,0001226;0,00000000000001044;-0,00000001752;-0,00000000002464;0,000000117;0,00000000000005901
7;33;-0,0001819;-0,0000000000000004894;0,00000002593;0,00000000003655;-0,0000001732;0,00000000000001203
7;33,1;-0,0003356;0,000000000000007053;0,00000004752;0,00000000006744;-0,0000003174;0,00000000000002437
7;33,2;-0,0002297;0,00000000000000269;0,00000003272;0,00000000004615;-0,0000002185;0,00000000000003299
7;33,3;0,00004439;0,000000000000002447;-0,000000006415;-0,000000000008917;0,00000004284;0,00000000000001106
7;33,4;0,0002726;0,00000000000001039;-0,00000003858;-0,00000000005478;0,0000002576;0,00000000000006743
7;33,5;0,0002852;-0,000000000000000462;-0,0000000406;-0,00000000005731;0,0000002711;0,000000000000007766
7;33,6;0,00008249;0,000000000000008032;-0,00000001159;-0,00000000001658;0,00000007743;0,00000000000004074
7;33,7;-0,0001731;0,000000000000003136;0,00000002446;0,00000000003479;-0,0000001634;0,0000000000000345
7;33,8;-0,0002868;0,000000000000004362;0,00000004082;0,00000000005763;-0,0000002726;0,00000000000001359
7;33,9;-0,0001794;0,00000000000000648;0,00000002535;0,00000000003604;-0,0000001693;0,00000000000004819
7;34;0,00005825;0,0000000000000008347;-0,000000008155;-0,00000000001171;0,00000005446;0,00000000000001127
7;34,1;0,0002412;0,000000000000007917;-0,00000003435;-0,00000000004847;0,0000002294;0,00000000000004594
7;34,2;0,0002343;0,000000000000003167;-0,00000003314;-0,00000000004707;0,0000002213;0,00000000000002819
7;34,3;0,00005123;0,000000000000004687;-0,000000007383;-0,00000000001029;0,0000000493;0,00000000000002508
7;34,4;-0,0001621;0,000000000000005372;0,00000002312;0,00000000003256;-0,0000001544;0,00000000000004032
7;34,5;-0,0002437;0,000000000000003615;0,00000003447;0,00000000004896;-0,0000002302;0,00000000000002
7;34,6;-0,0001381;0,000000000000004805;0,00000001971;0,00000000002774;-0,0000001316;0,00000000000003168
7;34,7;0,00006667;0,000000000000005962;-0,000000009574;-0,0000000000134;0,00000006394;0,00000000000004186
7;34,8;0,0002119;0,000000000000003691;-0,00000002997;-0,00000000004259;0,0000002001;0,00000000000002426
7;34,9;0,000191;0,000000000000005357;-0,00000002722;-0,00000000003838;0,0000001818;0,00000000000004191
7;35;0,00002724;0,000000000000006344;-0,000000003756;-0,000000000005475;0,00000002508;0,00000000000002761
7;35,1;-0,0001496;0,00000000000000116;0,00000002113;0,00000000003007;-0,0000001411;0,00000000000002447
7;35,2;-0,0002058;0,000000000000007702;0,00000002932;0,00000000004135;-0,0000001958;0,00000000000003931
7;35,3;-0,0001045;0,0000000000000026;0,00000001472;0,000000000021;-0,0000000983;0,00000000000002352
7;35,4;0,00007093;0,000000000000005748;-0,000000009958;-0,00000000001425;0,0000000665;0,00000000000003482
7;35,5;0,000185;0,000000000000004765;-0,00000002636;-0,00000000003716;0,000000176;0,00000000000003214
7;35,6;0,0001546;0,000000000000004522;-0,00000002183;-0,00000000003106;0,0000001458;0,00000000000003594
7;35,7;0,000009156;0,000000000000006411;-0,000000001408;-0,000000000001838;0,000000009399;0,00000000000002991
7;35,8;-0,0001365;0,000000000000002784;0,00000001949;0,00000000002743;-0,0000001301;0,00000000000003417
7;35,9;-0,0001728;0,000000000000006233;0,00000002442;0,00000000003473;-0,0000001631;0,00000000000002712
7;36;-0,00007732;0,00000000000000238;0,00000001108;0,00000000001554;-0,00000007401;0,00000000000002828
7;36,1;0,00007205;0,000000000000007918;-0,00000001033;-0,00000000001448;0,00000006901;0,00000000000004337
7;36,2;0,0001604;0,00000000000000336;-0,00000002266;-0,00000000003223;0,0000001513;0,00000000000002755
7;36,3;0,000124;0,000000000000005043;-0,0000000177;-0,00000000002491;0,0000001182;0,00000000000003651
7;36,4;-0,000004157;0,000000000000006863;0,000000000696;0,0000000000008331;-0,000000004647;0,00000000000003545
7;36,5;-0,0001233;0,000000000000001738;0,0000000174;0,00000000002479;-0,0000001162;0,00000000000002351
7;36,6;-0,0001442;0,000000000000007436;0,00000002058;0,00000000002898;-0,0000001374;0,00000000000003701
7;36,7;-0,00005559;0,00000000000000325;0,000000007785;0,00000000001117;-0,00000005199;0,00000000000003396
7;36,8;0,00007089;0,000000000000005913;-0,000000009958;-0,00000000001425;0,0000000665;0,00000000000003227
7;36,9;0,0001383;0,000000000000004577;-0,00000001973;-0,00000000002778;0,0000001317;0,00000000000003342
7;37;0,00009846;0,000000000000005367;-0,00000001387;-0,00000000001979;0,00000009264;0,0000000000000371
7;37,1;-0,00001366;0,000000000000004411;0,000000001835;0,000000000002747;-0,00000001226;0,000000000000026
7;37,2;-0,0001104;0,000000000000005791;0,00000001578;0,00000000002218;-0,0000001053;0,0000000000000409
7;37,3;-0,0001196;0,000000000000004548;0,00000001688;0,00000000002404;-0,0000001127;0,0000000000000268
7;37,4;-0,00003836;0,000000000000004923;0,000000005548;0,000000000007707;-0,00000003705;0,00000000000003609
7;37,5;0,00006811;0,000000000000005389;-0,00000000977;-0,00000000001368;0,00000006524;0,00000000000003494
7;37,6;0,0001185;0,000000000000004906;-0,00000001671;-0,00000000002381;0,0000001116;0,00000000000003309
7;37,7;0,00007734;0,000000000000006262;-0,00000001108;-0,00000000001554;0,00000007399;0,00000000000004258
7;37,8;-0,00002015;0,000000000000003943;0,000000002963;0,000000000004048;-0,00000001978;0,00000000000002506
7;37,9;-0,00009805;0,000000000000005522;0,00000001382;0,0000000000197;-0,00000009226;0,00000000000003685
7;38;-0,00009858;0,000000000000005009;0,00000001409;0,00000000001981;-0,00000009412;0,00000000000003262
7;38,1;-0,00002487;0,000000000000003996;0,000000003428;0,000000000004999;-0,00000002289;0,00000000000002885
7;38,2;0,00006423;0,000000000000007208;-0,000000009016;-0,00000000001291;0,00000006021;0,00000000000004427
7;38,3;0,0001009;0,000000000000003641;-0,00000001443;-0,00000000002028;0,00000009633;0,00000000000002881
7;38,4;0,00005996;0,000000000000006468;-0,00000000841;-0,00000000001205;0,00000005616;0,00000000000004066
7;38,5;-0,00002429;0,000000000000004345;0,000000003348;0,000000000004883;-0,00000002236;0,00000000000003032
7;38,6;-0,00008643;0,000000000000005256;0,00000001237;0,00000000001736;-0,00000008259;0,00000000000003401
7;38,7;-0,00008067;0,000000000000005535;0,00000001135;0,00000000001621;-0,0000000758;0,00000000000003654
7;38,8;-0,00001443;0,000000000000004102;0,000000002148;0,000000000002898;-0,00000001434;0,00000000000002763
7;38,9;0,00005967;0,000000000000006936;-0,000000008568;-0,00000000001199;0,00000005722;0,00000000000004512
7;39;0,00008547;0,000000000000004009;-0,00000001203;-0,00000000001718;0,00000008036;0,00000000000003045
7;39,1;0,00004575;0,000000000000006446;-0,000000006593;-0,000000000009192;0,00000004403;0,00000000000003872
7;39,2;-0,00002661;0,000000000000004153;0,000000003876;0,000000000005346;-0,00000002588;0,00000000000003235
7;39,3;-0,00007566;0,000000000000006313;0,00000001064;0,0000000000152;-0,00000007106;0,00000000000003677
7;39,4;-0,00006551;0,000000000000004941;0,000000009396;0,00000000001316;-0,00000006275;0,00000000000003612
7;39,5;-0,000006498;0,000000000000005023;0,0000000008247;0,000000000001308;-0,000000005508;0,00000000000003109
7;39,6;0,00005473;0,000000000000006222;-0,000000007671;-0,000000000011;0,00000005123;0,00000000000004317
7;39,7;0,00007197;0,000000000000004393;-0,00000001031;-0,00000000001446;0,00000006887;0,00000000000003001
7;39,8;0,00003424;0,000000000000006462;-0,000000004763;-0,000000000006882;0,00000003181;0,00000000000004137
7;39,9;-0,00002756;0,000000000000004496;0,000000003816;0,00000000000554;-0,00000002548;0,00000000000003193
7;40;-0,0000658;0,000000000000005747;0,000000009437;0,00000000001322;-0,00000006302;0,00000000000003606
8;0;0;0;0;0;0;0
8;0,1;-0,00000000000000005679;0;0;0;0;0
8;0,2;-0,0000000000000001123;0;0;0;0;0
8;0,3;-0,0000000000000001123;0;0;0;0;0
8;0,4;-0,0000000000000001123;0;0;0;0;0
8;0,5;-0,0000000000000001123;0;0;0;0;0
8;0,6;-0,0000000000000001123;0;0;0;0;0
8;0,7;-0,0000000000000001123;0;0;0;0;0
8;0,8;-0,0000000000000001123;0;0;0;0;0
8;0,9;-0,0000000000000001123;0;0;0;0;0
8;1;-0,0000000000000001123;0;0;0;0;0
8;1,1;-0,0000000000000001123;0;0;0;0;0
8;1,2;-0,0000000000000001123;0;0;0;0;0
8;1,3;-0,0000000000000001123;0;0;0;0;0
8;1,4;-0,0000000000000001123;0;0;0;0;0
8;1,5;-0,0000000000000001123;0;0;0;0;0
8;1,6;-0,0000000000000001123;0;0;0;0;0
8;1,7;-0,0000000000000001123;0;0;0;0;0
8;1,8;-0,0000000000000001123;0;0;0;0;0
8;1,9;-0,0000000000000001123;0;0;0;0;0
8;2;-0,0000000000000001123;0;0;0;0;0
8;2,1;-0,0000000000000001123;0;0;0;0;0
8;2,2;-0,0000000000000001123;0;0;0;0;0
8;2,3;-0,0000000000000001123;0;0;0;0;0
8;2,4;-0,0000000000000001123;0;0;0;0;0
8;2,5;-0,0000000000000001123;0;0;0;0;0
8;2,6;-0,0000000000000001123;0;0;0;0;0
8;2,7;-0,0000000000000001123;0;0;0;0;0
8;2,8;-0,0000000000000001123;0;0;0;0;0
8;2,9;-0,0000000000000001123;0;0;0;0;0
8;3;-0,0000000000000001123;0;0;0;0;0
8;3,1;-0,0000000000000001123;0;0;0;0;0
8;3,2;-0,0000000000000001123;0;0;0;0;0
8;3,3;-0,0000000000000001123;0;0;0;0;0
8;3,4;-0,0000000000000001123;0;0;0;0;0
8;3,5;-0,0000000000000001123;0;0;0;0;0
8;3,6;-0,0000000000000001123;0;0;0;0;0
8;3,7;-0,0000000000000001123;0;0;0;0;0
8;3,8;-0,0000000000000001123;0;0;0;0;0
8;3,9;-0,0000000000000001123;0;0;0;0;0
8;4;-0,0000000000000001123;0;0;0;0;0
8;4,1;-0,0000000000000001123;0;0;0;0;0
8;4,2;-0,0000000000000001123;0;0;0;0;0
8;4,3;-0,0000000000000001123;0;0;0;0;0
8;4,4;-0,0000000000000001123;0;0;0;0;0
8;4,5;-0,0000000000000001123;0;0;0;0;0
8;4,6;-0,0000000000000001123;0;0;0;0;0
8;4,7;-0,0000000000000001123;0;0;0;0;0
8;4,8;-0,0000000000000001123;0;0;0;0;0
8;4,9;-0,0000000000000001123;0;0;0;0;0
8;5;-0,0000000000000001123;0;0;0;0;0
8;5,1;-0,0000000000000001123;0;0;0;0;0
8;5,2;-0,0000000000000001123;0;0;0;0;0
8;5,3;-0,0000000000000001123;0;0;0;0;0
8;5,4;-0,0000000000000001123;0;0;0;0;0
8;5,5;-0,0000000000000001123;0;0;0;0;0
8;5,6;-0,0000000000000001123;0;0;0;0;0
8;5,7;-0,0000000000000001123;0;0;0;0;0
8;5,8;-0,0000000000000001123;0;0;0;0;0
8;5,9;-0,0000000000000001123;0;0;0;0;0
8;6;-0,0000000000000001123;0;0;0;0;0
8;6,1;-0,0000000000000001123;0;0;0;0;0
8;6,2;-0,0000000000000001123;0;0;0;0;0
8;6,3;-0,0000000000000001123;0;0;0;0;0
8;6,4;-0,0000000000000001123;0;0;0;0;0
8;6,5;-0,0000000000000001123;0;0;0;0;0
8;6,6;-0,0000000000000001123;0;0;0;0;0
8;6,7;-0,0000000000000001123;0;0;0;0;0
8;6,8;-0,0000000000000001123;0;0;0;0;0
8;6,9;-0,0000000000000001123;0;0;0;0;0
8;7;-0,0000000000000001123;0;0;0;0;0
8;7,1;-0,0000000000000001123;0;0;0;0;0
8;7,2;-0,0000000000000001123;0;0;0;0;0
8;7,3;-0,0000000000000001123;0;0;0;0;0
8;7,4;-0,0000000000000001123;0;0;0;0;0
8;7,5;-0,0000000000000001123;0;0;0;0;0
8;7,6;-0,0000000000000001123;0;0;0;0;0
8;7,7;-0,0000000000000001123;0;0;0;0;0
8;7,8;-0,0000000000000001123;0;0;0;0;0
8;7,9;-0,0000000000000001123;0;0;0;0;0
8;8;-0,0000000000000001123;0;0;0;0;0
8;8,1;-0,0000000000000001123;0;0;0;0;0
8;8,2;-0,0000000000000001123;0;0;0;0;0
8;8,3;-0,0000000000000001123;0;0;0;0;0
8;8,4;-0,0000000000000001123;0;0;0;0;0
8;8,5;-0,0000000000000001123;0;0;0;0;0
8;8,6;-0,0000000000000001123;0;0;0;0;0
8;8,7;-0,0000000000000001123;0;0;0;0;0
8;8,8;-0,0000000000000001123;0;0;0;0;0
8;8,9;-0,0000000000000001123;0;0;0;0;0
8;9;-0,0000000000000001123;0;0;0;0;0
8;9,1;-0,0000000000000001123;0;0;0;0;0
8;9,2;-0,0000000000000001123;0;0;0;0;0
8;9,3;-0,0000000000000001123;0;0;0;0;0
8;9,4;-0,0000000000000001123;0;0;0;0;0
8;9,5;-0,0000000000000001123;0;0;0;0;0
8;9,6;-0,0000000000000001123;0;0;0;0;0
8;9,7;-0,0000000000000001123;0;0;0;0;0
8;9,8;-0,0000000000000001123;0;0;0;0;0
8;9,9;-0,0000000000000001123;0;0;0;0;0
8;10;-0,0000000000000001123;0;0;0;0;0
8;10,1;-0,0000000000000001123;0;0;0;0;0
8;10,2;-0,0000000000000001123;0;0;0;0;0
8;10,3;-0,0000000000000001123;0;0;0;0;0
8;10,4;-0,0000000000000001123;0;0;0;0;0
8;10,5;-0,0000000000000001123;0;0;0;0;0
8;10,6;-0,0000000000000001123;0;0;0;0;0
8;10,7;-0,0000000000000001123;0;0;0;0;0
8;10,8;-0,0000000000000001123;0;0;0;0;0
8;10,9;-0,0000000000000001123;0;0;0;0;0
8;11;-0,0000000000000001123;0;0;0;0;0
8;11,1;-0,0000000000000001123;0;0;0;0;0
8;11,2;-0,0000000000000001123;0;0;0;0;0
8;11,3;-0,0000000000000001123;0;0;0;0;0
8;11,4;-0,0000000000000001123;0;0;0;0;0
8;11,5;-0,0000000000000001123;0;0;0;0;0
8;11,6;-0,0000000000000001123;0;0;0;0;0
8;11,7;-0,0000000000000001123;0;0;0;0;0
8;11,8;-0,0000000000000001123;0;0;0;0;0
8;11,9;-0,0000000000000001123;0;0;0;0;0
8;12;-0,0000000000000001123;0;0;0;0;0
8;12,1;-0,0000000000000001123;0;0;0;0;0
8;12,2;-0,0000000000000001123;0;0;0;0;0
8;12,3;-0,0000000000000001123;0;0;0;0;0
8;12,4;-0,0000000000000001123;0;0;0;0;0
8;12,5;-0,0000000000000001123;0;0;0;0;0
8;12,6;-0,0000000000000001123;0;0;0;0;0
8;12,7;-0,0000000000000001123;0;0;0;0;0
8;12,8;-0,0000000000000001123;0;0;0;0;0
8;12,9;-0,0000000000000001123;0;0;0;0;0
8;13;-0,0000000000000001123;0;0;0;0;0
8;13,1;-0,0000000000000001123;0;0;0;0;0
8;13,2;-0,0000000000000001123;0;0;0;0;0
8;13,3;-0,0000000000000001123;0;0;0;0;0
8;13,4;-0,0000000000000001123;0;0;0;0;0
8;13,5;-0,0000000000000001123;0;0;0;0;0
8;13,6;-0,0000000000000001123;0;0;0;0;0
8;13,7;-0,0000000000000001123;0;0;0;0;0
8;13,8;-0,0000000000000001123;0;0;0;0;0
8;13,9;-0,0000000000000001123;0;0;0;0;0
8;14;-0,0000000000000001123;0;0;0;0;0
8;14,1;-0,0000000000000001123;0;0;0;0;0
8;14,2;-0,0000000000000001123;0;0;0;0;0
8;14,3;-0,0000000000000001123;0;0;0;0;0
8;14,4;-0,0000000000000001123;0;0;0;0;0
8;14,5;-0,0000000000000001123;0;0;0;0;0
8;14,6;-0,0000000000000001123;0;0;0;0;0
8;14,7;-0,0000000000000001123;0;0;0;0;0
8;14,8;-0,0000000000000001123;0;0;0;0;0
8;14,9;-0,0000000000000001123;0;0;0;0;0
8;15;-0,0000000000000001123;0;0;0;0;0
8;15,1;-0,0000000000000001123;0;0;0;0;0
8;15,2;-0,0000000000000001123;0;0;0;0;0
8;15,3;-0,0000000000000001123;0;0;0;0;0
8;15,4;-0,0000000000000001123;0;0;0;0;0
8;15,5;-0,0000000000000001123;0;0;0;0;0
8;15,6;-0,0000000000000001123;0;0;0;0;0
8;15,7;-0,0000000000000001123;0;0;0;0;0
8;15,8;-0,0000000000000001123;0;0;0;0;0
8;15,9;-0,0000000000000001123;0;0;0;0;0
8;16;-0,0000000000000001123;0;0;0;0;0
8;16,1;-0,0000000000000001123;0;0;0;0;0
8;16,2;-0,0000000000000001123;0;0;0;0;0
8;16,3;-0,0000000000000001123;0;0;0;0;0
8;16,4;-0,0000000000000001123;0;0;0;0;0
8;16,5;-0,0000000000000001123;0;0;0;0;0
8;16,6;-0,0000000000000001123;0;0;0;0;0
8;16,7;-0,0000000000000001123;0;0;0;0;0
8;16,8;-0,0000000000000001123;0;0;0;0;0
8;16,9;-0,0000000000000001123;0;0;0;0;0
8;17;-0,0000000000000001123;0;0;0;0;0
8;17,1;-0,0000000000000001123;0;0;0;0;0
8;17,2;-0,0000000000000001123;0;0;0;0;0
8;17,3;-0,0000000000000001123;0;0;0;0;0
8;17,4;-0,0000000000000001123;0;0;0;0;0
8;17,5;-0,0000000000000001123;0;0;0;0;0
8;17,6;-0,0000000000000001123;0;0;0;0;0
8;17,7;-0,0000000000000001123;0;0;0;0;0
8;17,8;-0,0000000000000001123;0;0;0;0;0
8;17,9;-0,0000000000000001123;0;0;0;0;0
8;18;-0,0000000000000001123;0;0;0;0;0
8;18,1;-0,0000000000000001123;0;0;0;0;0
8;18,2;-0,0000000000000001123;0;0;0;0;0
8;18,3;-0,0000000000000001123;0;0;0;0;0
8;18,4;-0,0000000000000001123;0;0;0;0;0
8;18,5;-0,0000000000000001123;0;0;0;0;0
8;18,6;-0,0000000000000001123;0;0;0;0;0
8;18,7;-0,0000000000000001123;0;0;0;0;0
8;18,8;-0,0000000000000001123;0;0;0;0;0
8;18,9;-0,0000000000000001123;0;0;0;0;0
8;19;-0,0000000000000001123;0;0;0;0;0
8;19,1;-0,0000000000000001123;0;0;0;0;0
8;19,2;-0,0000000000000001123;0;0;0;0;0
8;19,3;-0,0000000000000001123;0;0;0;0;0
8;19,4;-0,0000000000000001123;0;0;0;0;0
8;19,5;-0,0000000000000001123;0;0;0;0;0
8;19,6;-0,0000000000000001123;0;0;0;0;0
8;19,7;-0,0000000000000001123;0;0;0;0;0
8;19,8;-0,0000000000000001123;0;0;0;0;0
8;19,9;-0,0000000000000001123;0;0;0;0;0
8;20;-0,0000000000000001123;0;0;0;0;0
8;20,1;-0,0000000000000001123;0;0;0;0;0
8;20,2;-0,0000000000000001123;0;0;0;0;0
8;20,3;-0,0000000000000001123;0;0;0;0;0
8;20,4;-0,0000000000000001123;0;0;0;0;0
8;20,5;-0,0000000000000001123;0;0;0;0;0
8;20,6;-0,0000000000000001123;0;0;0;0;0
8;20,7;-0,0000000000000001123;0;0;0;0;0
8;20,8;-0,0000000000000001123;0;0;0;0;0
8;20,9;-0,0000000000000001123;0;0;0;0;0
8;21;-0,0000000000000001123;0;0;0;0;0
8;21,1;-0,0000000000000001123;0;0;0;0;0
8;21,2;-0,0000000000000001123;0;0;0;0;0
8;21,3;-0,0000000000000001123;0;0;0;0;0
8;21,4;-0,0000000000000001123;0;0;0;0;0
8;21,5;-0,0000000000000001123;0;0;0;0;0
8;21,6;-0,0000000000000001123;0;0;0;0;0
8;21,7;-0,0000000000000001123;0;0;0;0;0
8;21,8;-0,0000000000000001123;0;0;0;0;0
8;21,9;-0,0000000000000001123;0;0;0;0;0
8;22;-0,0000000000000001123;0;0;0;0;0
8;22,1;-0,0000000000000001123;0;0;0;0;0
8;22,2;-0,0000000000000001123;0;0;0;0;0
8;22,3;-0,0000000000000001123;0;0;0;0;0
8;22,4;-0,0000000000000001123;0;0;0;0;0
8;22,5;-0,0000000000000001123;0;0;0;0;0
8;22,6;-0,0000000000000001123;0;0;0;0;0
8;22,7;-0,0000000000000001123;0;0;0;0;0
8;22,8;-0,0000000000000001123;0;0;0;0;0
8;22,9;-0,0000000000000001123;0;0;0;0;0
8;23;-0,0000000000000001123;0;0;0;0;0
8;23,1;-0,0000000000000001123;0;0;0;0;0
8;23,2;-0,0000000000000001123;0;0;0;0;0
8;23,3;-0,0000000000000001123;0;0;0;0;0
8;23,4;-0,0000000000000001123;0;0;0;0;0
8;23,5;-0,0000000000000001123;0;0;0;0;0
8;23,6;-0,0000000000000001123;0;0;0;0;0
8;23,7;-0,0000000000000001123;0;0;0;0;0
8;23,8;-0,0000000000000001123;0;0;0;0;0
8;23,9;-0,0000000000000001123;0;0;0;0;0
8;24;-0,0000000000000001123;0;0;0;0;0
8;24,1;-0,0000000000000001123;0;0;0;0;0
8;24,2;-0,0000000000000001123;0;0;0;0;0
8;24,3;-0,0000000000000001123;0;0;0;0;0
8;24,4;-0,0000000000000001123;0;0;0;0;0
8;24,5;-0,0000000000000001123;0;0;0;0;0
8;24,6;-0,0000000000000001123;0;0;0;0;0
8;24,7;-0,0000000000000001123;0;0;0;0;0
8;24,8;-0,0000000000000001123;0;0;0;0;0
8;24,9;-0,0000000000000001123;0;0;0;0;0
8;25;-0,0000000000000001123;0;0;0;0;0
8;25,1;-0,0000000000000001123;0;0;0;0;0
8;25,2;-0,0000000000000001123;0;0;0;0;0
8;25,3;-0,0000000000000001123;0;0;0;0;0
8;25,4;-0,0000000000000001123;0;0;0;0;0
8;25,5;-0,0000000000000001123;0;0;0;0;0
8;25,6;-0,0000000000000001123;0;0;0;0;0
8;25,7;-0,0000000000000001123;0;0;0;0;0
8;25,8;-0,0000000000000001123;0;0;0;0;0
8;25,9;-0,0000000000000001123;0;0;0;0;0
8;26;-0,0000000000000001123;0;0;0;0;0
8;26,1;-0,0000000000000001123;0;0;0;0;0
8;26,2;-0,0000000000000001123;0;0;0;0;0
8;26,3;-0,0000000000000001123;0;0;0;0;0
8;26,4;-0,0000000000000001123;0;0;0;0;0
8;26,5;-0,0000000000000001123;0;0;0;0;0
8;26,6;-0,0000000000000001123;0;0;0;0;0
8;26,7;-0,0000000000000001123;0;0;0;0;0
8;26,8;-0,0000000000000001123;0;0;0;0;0
8;26,9;-0,0000000000000001123;0;0;0;0;0
8;27;-0,0000000000000001123;0;0;0;0;0
8;27,1;-0,0000000000000001123;0;0;0;0;0
8;27,2;-0,0000000000000001123;0;0;0;0;0
8;27,3;-0,0000000000000001123;0;0;0;0;0
8;27,4;-0,0000000000000001123;0;0;0;0;0
8;27,5;-0,0000000000000001123;0;0;0;0;0
8;27,6;-0,0000000000000001123;0;0;0;0;0
8;27,7;-0,0000000000000001123;0;0;0;0;0
8;27,8;-0,0000000000000001123;0;0;0;0;0
8;27,9;-0,0000000000000001123;0;0;0;0;0
8;28;-0,0000000000000001123;0;0;0;0;0
8;28,1;-0,0000000000000001123;0;0;0;0;0
8;28,2;-0,0000000000000001123;0;0;0;0;0
8;28,3;-0,0000000000000001123;0;0;0;0;0
8;28,4;-0,0000000000000001123;0;0;0;0;0
8;28,5;-0,0000000000000001123;0;0;0;0;0
8;28,6;-0,0000000000000001123;0;0;0;0;0
8;28,7;-0,0000000000000001123;0;0;0;0;0
8;28,8;-0,0000000000000001123;0;0;0;0;0
8;28,9;-0,0000000000000001123;0;0;0;0;0
8;29;-0,0000000000000001123;0;0;0;0;0
8;29,1;-0,0000000000000001123;0;0;0;0;0
8;29,2;-0,0000000000000001123;0;0;0;0;0
8;29,3;-0,0000000000000001123;0;0;0;0;0
8;29,4;-0,0000000000000001123;0;0;0;0;0
8;29,5;-0,0000000000000001123;0;0;0;0;0
8;29,6;-0,0000000000000001123;0;0;0;0;0
8;29,7;-0,0000000000000001123;0;0;0;0;0
8;29,8;-0,0000000000000001123;0;0;0;0;0
8;29,9;-0,0000000000000001123;0;0;0;0;0
8;30;-0,0000000000000001123;0;0;0;0;0
8;30,1;-0,0000000000000001123;0;0;0;0;0
8;30,2;-0,0000000000000001123;0;0;0;0;0
8;30,3;-0,0000000000000001123;0;0;0;0;0
8;30,4;-0,0000000000000001123;0;0;0;0;0
8;30,5;-0,0000000000000001123;0;0;0;0;0
8;30,6;-0,0000000000000001123;0;0;0;0;0
8;30,7;-0,0000000000000001123;0;0;0;0;0
8;30,8;-0,0000000000000001123;0;0;0;0;0
8;30,9;-0,0000000000000001123;0;0;0;0;0
8;31;-0,0000000000000001123;0;0;0;0;0
8;31,1;-0,0000000000000001123;0;0;0;0;0
8;31,2;-0,0000000000000001123;0;0;0;0;0
8;31,3;-0,0000000000000001123;0;0;0;0;0
8;31,4;-0,0000000000000001123;0;0;0;0;0
8;31,5;-0,0000000000000001123;0;0;0;0;0
8;31,6;-0,0000000000000001123;0;0;0;0;0
8;31,7;-0,0000000000000001123;0;0;0;0;0
8;31,8;-0,0000000000000001123;0;0;0;0;0
8;31,9;-0,0000000000000001123;0;0;0;0;0
8;32;-0,0000000000000001123;0;0;0;0;0
8;32,1;-0,0000000000000001123;0;0;0;0;0
8;32,2;-0,0000000000000001123;0;0;0;0;0
8;32,3;-0,0000000000000001123;0;0;0;0;0
8;32,4;-0,0000000000000001123;0;0;0;0;0
8;32,5;-0,0000000000000001123;0;0;0;0;0
8;32,6;-0,0000000000000001123;0;0;0;0;0
8;32,7;-0,0000000000000001123;0;0;0;0;0
8;32,8;-0,0000000000000001123;0;0;0;0;0
8;32,9;-0,0000000000000001123;0;0;0;0;0
8;33;-0,0000000000000001123;0;0;0;0;0
8;33,1;-0,0000000000000001123;0;0;0;0;0
8;33,2;-0,0000000000000001123;0;0;0;0;0
8;33,3;-0,0000000000000001123;0;0;0;0;0
8;33,4;-0,0000000000000001123;0;0;0;0;0
8;33,5;-0,0000000000000001123;0;0;0;0;0
8;33,6;-0,0000000000000001123;0;0;0;0;0
8;33,7;-0,0000000000000001123;0;0;0;0;0
8;33,8;-0,0000000000000001123;0;0;0;0;0
8;33,9;-0,0000000000000001123;0;0;0;0;0
8;34;-0,0000000000000001123;0;0;0;0;0
8;34,1;-0,0000000000000001123;0;0;0;0;0
8;34,2;-0,0000000000000001123;0;0;0;0;0
8;34,3;-0,0000000000000001123;0;0;0;0;0
8;34,4;-0,0000000000000001123;0;0;0;0;0
8;34,5;-0,0000000000000001123;0;0;0;0;0
8;34,6;-0,0000000000000001123;0;0;0;0;0
8;34,7;-0,0000000000000001123;0;0;0;0;0
8;34,8;-0,0000000000000001123;0;0;0;0;0
8;34,9;-0,0000000000000001123;0;0;0;0;0
8;35;-0,0000000000000001123;0;0;0;0;0
8;35,1;-0,0000000000000001123;0;0;0;0;0
8;35,2;-0,0000000000000001123;0;0;0;0;0
8;35,3;-0,0000000000000001123;0;0;0;0;0
8;35,4;-0,0000000000000001123;0;0;0;0;0
8;35,5;-0,0000000000000001123;0;0;0;0;0
8;35,6;-0,0000000000000001123;0;0;0;0;0
8;35,7;-0,0000000000000001123;0;0;0;0;0
8;35,8;-0,0000000000000001123;0;0;0;0;0
8;35,9;-0,0000000000000001123;0;0;0;0;0
8;36;-0,0000000000000001123;0;0;0;0;0
8;36,1;-0,0000000000000001123;0;0;0;0;0
8;36,2;-0,0000000000000001123;0;0;0;0;0
8;36,3;-0,0000000000000001123;0;0;0;0;0
8;36,4;-0,0000000000000001123;0;0;0;0;0
8;36,5;-0,0000000000000001123;0;0;0;0;0
8;36,6;-0,0000000000000001123;0;0;0;0;0
8;36,7;-0,0000000000000001123;0;0;0;0;0
8;36,8;-0,0000000000000001123;0;0;0;0;0
8;36,9;-0,0000000000000001123;0;0;0;0;0
8;37;-0,0000000000000001123;0;0;0;0;0
8;37,1;-0,0000000000000001123;0;0;0;0;0
8;37,2;-0,0000000000000001123;0;0;0;0;0
8;37,3;-0,0000000000000001123;0;0;0;0;0
8;37,4;-0,0000000000000001123;0;0;0;0;0
8;37,5;-0,0000000000000001123;0;0;0;0;0
8;37,6;-0,0000000000000001123;0;0;0;0;0
8;37,7;-0,0000000000000001123;0;0;0;0;0
8;37,8;-0,0000000000000001123;0;0;0;0;0
8;37,9;-0,0000000000000001123;0;0;0;0;0
8;38;-0,0000000000000001123;0;0;0;0;0
8;38,1;-0,0000000000000001123;0;0;0;0;0
8;38,2;-0,0000000000000001123;0;0;0;0;0
8;38,3;-0,0000000000000001123;0;0;0;0;0
8;38,4;-0,0000000000000001123;0;0;0;0;0
8;38,5;-0,0000000000000001123;0;0;0;0;0
8;38,6;-0,0000000000000001123;0;0;0;0;0
8;38,7;-0,0000000000000001123;0;0;0;0;0
8;38,8;-0,0000000000000001123;0;0;0;0;0
8;38,9;-0,0000000000000001123;0;0;0;0;0
8;39;-0,0000000000000001123;0;0;0;0;0
8;39,1;-0,0000000000000001123;0;0;0;0;0
8;39,2;-0,0000000000000001123;0;0;0;0;0
8;39,3;-0,0000000000000001123;0;0;0;0;0
8;39,4;-0,0000000000000001123;0;0;0;0;0
8;39,5;-0,0000000000000001123;0;0;0;0;0
8;39,6;-0,0000000000000001123;0;0;0;0;0
8;39,7;-0,0000000000000001123;0;0;0;0;0
8;39,8;-0,0000000000000001123;0;0;0;0;0
8;39,9;-0,0000000000000001123;0;0;0;0;0
8;40;-0,0000000000000001123;0;0;0;0;0
9;0;0;0;0;0;0;0
9;0,1;-0,00000000000000005679;0;0;0;0;0
9;0,2;-0,0000000000000001123;0;0;0;0;0
9;0,3;-0,0000000000000001123;0;0;0;0;0
9;0,4;-0,0000000000000001123;0;0;0;0;0
9;0,5;-0,0000000000000001123;0;0;0;0;0
9;0,6;-0,0000000000000001123;0;0;0;0;0
9;0,7;-0,0000000000000001123;0;0;0;0;0
9;0,8;-0,0000000000000001123;0;0;0;0;0
9;0,9;-0,0000000000000001123;0;0;0;0;0
9;1;-0,0000000000000001123;0;0;0;0;0
9;1,1;-0,0000000000000001123;0;0;0;0;0
9;1,2;-0,0000000000000001123;0;0;0;0;0
9;1,3;-0,0000000000000001123;0;0;0;0;0
9;1,4;-0,0000000000000001123;0;0;0;0;0
9;1,5;-0,0000000000000001123;0;0;0;0;0
9;1,6;-0,0000000000000001123;0;0;0;0;0
9;1,7;-0,0000000000000001123;0;0;0;0;0
9;1,8;-0,0000000000000001123;0;0;0;0;0
9;1,9;-0,0000000000000001123;0;0;0;0;0
9;2;-0,0000000000000001123;0;0;0;0;0
9;2,1;-0,0000000000000001123;0;0;0;0;0
9;2,2;-0,0000000000000001123;0;0;0;0;0
9;2,3;-0,0000000000000001123;0;0;0;0;0
9;2,4;-0,0000000000000001123;0;0;0;0;0
9;2,5;-0,0000000000000001123;0;0;0;0;0
9;2,6;-0,0000000000000001123;0;0;0;0;0
9;2,7;-0,0000000000000001123;0;0;0;0;0
9;2,8;-0,0000000000000001123;0;0;0;0;0
9;2,9;-0,0000000000000001123;0;0;0;0;0
9;3;-0,0000000000000001123;0;0;0;0;0
9;3,1;-0,0000000000000001123;0;0;0;0;0
9;3,2;-0,0000000000000001123;0;0;0;0;0
9;3,3;-0,0000000000000001123;0;0;0;0;0
9;3,4;-0,0000000000000001123;0;0;0;0;0
9;3,5;-0,0000000000000001123;0;0;0;0;0
9;3,6;-0,0000000000000001123;0;0;0;0;0
9;3,7;-0,0000000000000001123;0;0;0;0;0
9;3,8;-0,0000000000000001123;0;0;0;0;0
9;3,9;-0,0000000000000001123;0;0;0;0;0
9;4;-0,0000000000000001123;0;0;0;0;0
9;4,1;-0,0000000000000001123;0;0;0;0;0
9;4,2;-0,0000000000000001123;0;0;0;0;0
9;4,3;-0,0000000000000001123;0;0;0;0;0
9;4,4;-0,0000000000000001123;0;0;0;0;0
9;4,5;-0,0000000000000001123;0;0;0;0;0
9;4,6;-0,0000000000000001123;0;0;0;0;0
9;4,7;-0,0000000000000001123;0;0;0;0;0
9;4,8;-0,0000000000000001123;0;0;0;0;0
9;4,9;-0,0000000000000001123;0;0;0;0;0
9;5;-0,0000000000000001123;0;0;0;0;0
9;5,1;-0,0000000000000001123;0;0;0;0;0
9;5,2;-0,0000000000000001123;0;0;0;0;0
9;5,3;-0,0000000000000001123;0;0;0;0;0
9;5,4;-0,0000000000000001123;0;0;0;0;0
9;5,5;-0,0000000000000001123;0;0;0;0;0
9;5,6;-0,0000000000000001123;0;0;0;0;0
9;5,7;-0,0000000000000001123;0;0;0;0;0
9;5,8;-0,0000000000000001123;0;0;0;0;0
9;5,9;-0,0000000000000001123;0;0;0;0;0
9;6;-0,0000000000000001123;0;0;0;0;0
9;6,1;-0,0000000000000001123;0;0;0;0;0
9;6,2;-0,0000000000000001123;0;0;0;0;0
9;6,3;-0,0000000000000001123;0;0;0;0;0
9;6,4;-0,0000000000000001123;0;0;0;0;0
9;6,5;-0,0000000000000001123;0;0;0;0;0
9;6,6;-0,0000000000000001123;0;0;0;0;0
9;6,7;-0,0000000000000001123;0;0;0;0;0
9;6,8;-0,0000000000000001123;0;0;0;0;0
9;6,9;-0,0000000000000001123;0;0;0;0;0
9;7;-0,0000000000000001123;0;0;0;0;0
9;7,1;-0,0000000000000001123;0;0;0;0;0
9;7,2;-0,0000000000000001123;0;0;0;0;0
9;7,3;-0,0000000000000001123;0;0;0;0;0
9;7,4;-0,0000000000000001123;0;0;0;0;0
9;7,5;-0,0000000000000001123;0;0;0;0;0
9;7,6;-0,0000000000000001123;0;0;0;0;0
9;7,7;-0,0000000000000001123;0;0;0;0;0
9;7,8;-0,0000000000000001123;0;0;0;0;0
9;7,9;-0,0000000000000001123;0;0;0;0;0
9;8;-0,0000000000000001123;0;0;0;0;0
9;8,1;-0,0000000000000001123;0;0;0;0;0
9;8,2;-0,0000000000000001123;0;0;0;0;0
9;8,3;-0,0000000000000001123;0;0;0;0;0
9;8,4;-0,0000000000000001123;0;0;0;0;0
9;8,5;-0,0000000000000001123;0;0;0;0;0
9;8,6;-0,0000000000000001123;0;0;0;0;0
9;8,7;-0,0000000000000001123;0;0;0;0;0
9;8,8;-0,0000000000000001123;0;0;0;0;0
9;8,9;-0,0000000000000001123;0;0;0;0;0
9;9;-0,0000000000000001123;0;0;0;0;0
9;9,1;-0,0000000000000001123;0;0;0;0;0
9;9,2;-0,0000000000000001123;0;0;0;0;0
9;9,3;-0,0000000000000001123;0;0;0;0;0
9;9,4;-0,0000000000000001123;0;0;0;0;0
9;9,5;-0,0000000000000001123;0;0;0;0;0
9;9,6;-0,0000000000000001123;0;0;0;0;0
9;9,7;-0,0000000000000001123;0;0;0;0;0
9;9,8;-0,0000000000000001123;0;0;0;0;0
9;9,9;-0,0000000000000001123;0;0;0;0;0
9;10;-0,0000000000000001123;0;0;0;0;0
9;10,1;-0,0000000000000001123;0;0;0;0;0
9;10,2;-0,0000000000000001123;0;0;0;0;0
9;10,3;-0,0000000000000001123;0;0;0;0;0
9;10,4;-0,0000000000000001123;0;0;0;0;0
9;10,5;-0,0000000000000001123;0;0;0;0;0
9;10,6;-0,0000000000000001123;0;0;0;0;0
9;10,7;-0,0000000000000001123;0;0;0;0;0
9;10,8;-0,0000000000000001123;0;0;0;0;0
9;10,9;-0,0000000000000001123;0;0;0;0;0
9;11;-0,0000000000000001123;0;0;0;0;0
9;11,1;-0,0000000000000001123;0;0;0;0;0
9;11,2;-0,0000000000000001123;0;0;0;0;0
9;11,3;-0,0000000000000001123;0;0;0;0;0
9;11,4;-0,0000000000000001123;0;0;0;0;0
9;11,5;-0,0000000000000001123;0;0;0;0;0
9;11,6;-0,0000000000000001123;0;0;0;0;0
9;11,7;-0,0000000000000001123;0;0;0;0;0
9;11,8;-0,0000000000000001123;0;0;0;0;0
9;11,9;-0,0000000000000001123;0;0;0;0;0
9;12;-0,0000000000000001123;0;0;0;0;0
9;12,1;-0,0000000000000001123;0;0;0;0;0
9;12,2;-0,0000000000000001123;0;0;0;0;0
9;12,3;-0,0000000000000001123;0;0;0;0;0
9;12,4;-0,0000000000000001123;0;0;0;0;0
9;12,5;-0,0000000000000001123;0;0;0;0;0
9;12,6;-0,0000000000000001123;0;0;0;0;0
9;12,7;-0,0000000000000001123;0;0;0;0;0
9;12,8;-0,0000000000000001123;0;0;0;0;0
9;12,9;-0,0000000000000001123;0;0;0;0;0
9;13;-0,0000000000000001123;0;0;0;0;0
9;13,1;-0,0000000000000001123;0;0;0;0;0
9;13,2;-0,0000000000000001123;0;0;0;0;0
9;13,3;-0,0000000000000001123;0;0;0;0;0
9;13,4;-0,0000000000000001123;0;0;0;0;0
9;13,5;-0,0000000000000001123;0;0;0;0;0
9;13,6;-0,0000000000000001123;0;0;0;0;0
9;13,7;-0,0000000000000001123;0;0;0;0;0
9;13,8;-0,0000000000000001123;0;0;0;0;0
9;13,9;-0,0000000000000001123;0;0;0;0;0
9;14;-0,0000000000000001123;0;0;0;0;0
9;14,1;-0,0000000000000001123;0;0;0;0;0
9;14,2;-0,0000000000000001123;0;0;0;0;0
9;14,3;-0,0000000000000001123;0;0;0;0;0
9;14,4;-0,0000000000000001123;0;0;0;0;0
9;14,5;-0,0000000000000001123;0;0;0;0;0
9;14,6;-0,0000000000000001123;0;0;0;0;0
9;14,7;-0,0000000000000001123;0;0;0;0;0
9;14,8;-0,0000000000000001123;0;0;0;0;0
9;14,9;-0,0000000000000001123;0;0;0;0;0
9;15;-0,0000000000000001123;0;0;0;0;0
9;15,1;-0,0000000000000001123;0;0;0;0;0
9;15,2;-0,0000000000000001123;0;0;0;0;0
9;15,3;-0,0000000000000001123;0;0;0;0;0
9;15,4;-0,0000000000000001123;0;0;0;0;0
9;15,5;-0,0000000000000001123;0;0;0;0;0
9;15,6;-0,0000000000000001123;0;0;0;0;0
9;15,7;-0,0000000000000001123;0;0;0;0;0
9;15,8;-0,0000000000000001123;0;0;0;0;0
9;15,9;-0,0000000000000001123;0;0;0;0;0
9;16;-0,0000000000000001123;0;0;0;0;0
9;16,1;-0,0000000000000001123;0;0;0;0;0
9;16,2;-0,0000000000000001123;0;0;0;0;0
9;16,3;-0,0000000000000001123;0;0;0;0;0
9;16,4;-0,0000000000000001123;0;0;0;0;0
9;16,5;-0,0000000000000001123;0;0;0;0;0
9;16,6;-0,0000000000000001123;0;0;0;0;0
9;16,7;-0,0000000000000001123;0;0;0;0;0
9;16,8;-0,0000000000000001123;0;0;0;0;0
9;16,9;-0,0000000000000001123;0;0;0;0;0
9;17;-0,0000000000000001123;0;0;0;0;0
9;17,1;-0,0000000000000001123;0;0;0;0;0
9;17,2;-0,0000000000000001123;0;0;0;0;0
9;17,3;-0,0000000000000001123;0;0;0;0;0
9;17,4;-0,0000000000000001123;0;0;0;0;0
9;17,5;-0,0000000000000001123;0;0;0;0;0
9;17,6;-0,0000000000000001123;0;0;0;0;0
9;17,7;-0,0000000000000001123;0;0;0;0;0
9;17,8;-0,0000000000000001123;0;0;0;0;0
9;17,9;-0,0000000000000001123;0;0;0;0;0
9;18;-0,0000000000000001123;0;0;0;0;0
9;18,1;-0,0000000000000001123;0;0;0;0;0
9;18,2;-0,0000000000000001123;0;0;0;0;0
9;18,3;-0,0000000000000001123;0;0;0;0;0
9;18,4;-0,0000000000000001123;0;0;0;0;0
9;18,5;-0,0000000000000001123;0;0;0;0;0
9;18,6;-0,0000000000000001123;0;0;0;0;0
9;18,7;-0,0000000000000001123;0;0;0;0;0
9;18,8;-0,0000000000000001123;0;0;0;0;0
9;18,9;-0,0000000000000001123;0;0;0;0;0
9;19;-0,0000000000000001123;0;0;0;0;0
9;19,1;-0,0000000000000001123;0;0;0;0;0
9;19,2;-0,0000000000000001123;0;0;0;0;0
9;19,3;-0,0000000000000001123;0;0;0;0;0
9;19,4;-0,0000000000000001123;0;0;0;0;0
9;19,5;-0,0000000000000001123;0;0;0;0;0
9;19,6;-0,0000000000000001123;0;0;0;0;0
9;19,7;-0,0000000000000001123;0;0;0;0;0
9;19,8;-0,0000000000000001123;0;0;0;0;0
9;19,9;-0,0000000000000001123;0;0;0;0;0
9;20;-0,0000000000000001123;0;0;0;0;0
9;20,1;-0,0000000000000001123;0;0;0;0;0
9;20,2;-0,0000000000000001123;0;0;0;0;0
9;20,3;-0,0000000000000001123;0;0;0;0;0
9;20,4;-0,0000000000000001123;0;0;0;0;0
9;20,5;-0,0000000000000001123;0;0;0;0;0
9;20,6;-0,0000000000000001123;0;0;0;0;0
9;20,7;-0,0000000000000001123;0;0;0;0;0
9;20,8;-0,0000000000000001123;0;0;0;0;0
9;20,9;-0,0000000000000001123;0;0;0;0;0
9;21;-0,0000000000000001123;0;0;0;0;0
9;21,1;-0,0000000000000001123;0;0;0;0;0
9;21,2;-0,0000000000000001123;0;0;0;0;0
9;21,3;-0,0000000000000001123;0;0;0;0;0
9;21,4;-0,0000000000000001123;0;0;0;0;0
9;21,5;-0,0000000000000001123;0;0;0;0;0
9;21,6;-0,0000000000000001123;0;0;0;0;0
9;21,7;-0,0000000000000001123;0;0;0;0;0
9;21,8;-0,0000000000000001123;0;0;0;0;0
9;21,9;-0,0000000000000001123;0;0;0;0;0
9;22;-0,0000000000000001123;0;0;0;0;0
9;22,1;-0,0000000000000001123;0;0;0;0;0
9;22,2;-0,0000000000000001123;0;0;0;0;0
9;22,3;-0,0000000000000001123;0;0;0;0;0
9;22,4;-0,0000000000000001123;0;0;0;0;0
9;22,5;-0,0000000000000001123;0;0;0;0;0
9;22,6;-0,0000000000000001123;0;0;0;0;0
9;22,7;-0,0000000000000001123;0;0;0;0;0
9;22,8;-0,0000000000000001123;0;0;0;0;0
9;22,9;-0,0000000000000001123;0;0;0;0;0
9;23;-0,0000000000000001123;0;0;0;0;0
9;23,1;-0,0000000000000001123;0;0;0;0;0
9;23,2;-0,0000000000000001123;0;0;0;0;0
9;23,3;-0,0000000000000001123;0;0;0;0;0
9;23,4;-0,0000000000000001123;0;0;0;0;0
9;23,5;-0,0000000000000001123;0;0;0;0;0
9;23,6;-0,0000000000000001123;0;0;0;0;0
9;23,7;-0,0000000000000001123;0;0;0;0;0
9;23,8;-0,0000000000000001123;0;0;0;0;0
9;23,9;-0,0000000000000001123;0;0;0;0;0
9;24;-0,0000000000000001123;0;0;0;0;0
9;24,1;-0,0000000000000001123;0;0;0;0;0
9;24,2;-0,0000000000000001123;0;0;0;0;0
9;24,3;-0,0000000000000001123;0;0;0;0;0
9;24,4;-0,0000000000000001123;0;0;0;0;0
9;24,5;-0,0000000000000001123;0;0;0;0;0
9;24,6;-0,0000000000000001123;0;0;0;0;0
9;24,7;-0,0000000000000001123;0;0;0;0;0
9;24,8;-0,0000000000000001123;0;0;0;0;0
9;24,9;-0,0000000000000001123;0;0;0;0;0
9;25;-0,0000000000000001123;0;0;0;0;0
9;25,1;-0,0000000000000001123;0;0;0;0;0
9;25,2;-0,0000000000000001123;0;0;0;0;0
9;25,3;-0,0000000000000001123;0;0;0;0;0
9;25,4;-0,0000000000000001123;0;0;0;0;0
9;25,5;-0,0000000000000001123;0;0;0;0;0
9;25,6;-0,0000000000000001123;0;0;0;0;0
9;25,7;-0,0000000000000001123;0;0;0;0;0
9;25,8;-0,0000000000000001123;0;0;0;0;0
9;25,9;-0,0000000000000001123;0;0;0;0;0
9;26;-0,0000000000000001123;0;0;0;0;0
9;26,1;-0,0000000000000001123;0;0;0;0;0
9;26,2;-0,0000000000000001123;0;0;0;0;0
9;26,3;-0,0000000000000001123;0;0;0;0;0
9;26,4;-0,0000000000000001123;0;0;0;0;0
9;26,5;-0,0000000000000001123;0;0;0;0;0
9;26,6;-0,0000000000000001123;0;0;0;0;0
9;26,7;-0,0000000000000001123;0;0;0;0;0
9;26,8;-0,0000000000000001123;0;0;0;0;0
9;26,9;-0,0000000000000001123;0;0;0;0;0
9;27;-0,0000000000000001123;0;0;0;0;0
9;27,1;-0,0000000000000001123;0;0;0;0;0
9;27,2;-0,0000000000000001123;0;0;0;0;0
9;27,3;-0,0000000000000001123;0;0;0;0;0
9;27,4;-0,0000000000000001123;0;0;0;0;0
9;27,5;-0,0000000000000001123;0;0;0;0;0
9;27,6;-0,0000000000000001123;0;0;0;0;0
9;27,7;-0,0000000000000001123;0;0;0;0;0
9;27,8;-0,0000000000000001123;0;0;0;0;0
9;27,9;-0,0000000000000001123;0;0;0;0;0
9;28;-0,0000000000000001123;0;0;0;0;0
9;28,1;-0,0000000000000001123;0;0;0;0;0
9;28,2;-0,0000000000000001123;0;0;0;0;0
9;28,3;-0,0000000000000001123;0;0;0;0;0
9;28,4;-0,0000000000000001123;0;0;0;0;0
9;28,5;-0,0000000000000001123;0;0;0;0;0
9;28,6;-0,0000000000000001123;0;0;0;0;0
9;28,7;-0,0000000000000001123;0;0;0;0;0
9;28,8;-0,0000000000000001123;0;0;0;0;0
9;28,9;-0,0000000000000001123;0;0;0;0;0
9;29;-0,0000000000000001123;0;0;0;0;0
9;29,1;-0,0000000000000001123;0;0;0;0;0
9;29,2;-0,0000000000000001123;0;0;0;0;0
9;29,3;-0,0000000000000001123;0;0;0;0;0
9;29,4;-0,0000000000000001123;0;0;0;0;0
9;29,5;-0,0000000000000001123;0;0;0;0;0
9;29,6;-0,0000000000000001123;0;0;0;0;0
9;29,7;-0,0000000000000001123;0;0;0;0;0
9;29,8;-0,0000000000000001123;0;0;0;0;0
9;29,9;-0,0000000000000001123;0;0;0;0;0
9;30;-0,0000000000000001123;0;0;0;0;0
9;30,1;-0,0000000000000001123;0;0;0;0;0
9;30,2;-0,0000000000000001123;0;0;0;0;0
9;30,3;-0,0000000000000001123;0;0;0;0;0
9;30,4;-0,0000000000000001123;0;0;0;0;0
9;30,5;-0,0000000000000001123;0;0;0;0;0
9;30,6;-0,0000000000000001123;0;0;0;0;0
9;30,7;-0,0000000000000001123;0;0;0;0;0
9;30,8;-0,0000000000000001123;0;0;0;0;0
9;30,9;-0,0000000000000001123;0;0;0;0;0
9;31;-0,0000000000000001123;0;0;0;0;0
9;31,1;-0,0000000000000001123;0;0;0;0;0
9;31,2;-0,0000000000000001123;0;0;0;0;0
9;31,3;-0,0000000000000001123;0;0;0;0;0
9;31,4;-0,0000000000000001123;0;0;0;0;0
9;31,5;-0,0000000000000001123;0;0;0;0;0
9;31,6;-0,0000000000000001123;0;0;0;0;0
9;31,7;-0,0000000000000001123;0;0;0;0;0
9;31,8;-0,0000000000000001123;0;0;0;0;0
9;31,9;-0,0000000000000001123;0;0;0;0;0
9;32;-0,0000000000000001123;0;0;0;0;0
9;32,1;-0,0000000000000001123;0;0;0;0;0
9;32,2;-0,0000000000000001123;0;0;0;0;0
9;32,3;-0,0000000000000001123;0;0;0;0;0
9;32,4;-0,0000000000000001123;0;0;0;0;0
9;32,5;-0,0000000000000001123;0;0;0;0;0
9;32,6;-0,0000000000000001123;0;0;0;0;0
9;32,7;-0,0000000000000001123;0;0;0;0;0
9;32,8;-0,0000000000000001123;0;0;0;0;0
9;32,9;-0,0000000000000001123;0;0;0;0;0
9;33;-0,0000000000000001123;0;0;0;0;0
9;33,1;-0,0000000000000001123;0;0;0;0;0
9;33,2;-0,0000000000000001123;0;0;0;0;0
9;33,3;-0,0000000000000001123;0;0;0;0;0
9;33,4;-0,0000000000000001123;0;0;0;0;0
9;33,5;-0,0000000000000001123;0;0;0;0;0
9;33,6;-0,0000000000000001123;0;0;0;0;0
9;33,7;-0,0000000000000001123;0;0;0;0;0
9;33,8;-0,0000000000000001123;0;0;0;0;0
9;33,9;-0,0000000000000001123;0;0;0;0;0
9;34;-0,0000000000000001123;0;0;0;0;0
9;34,1;-0,0000000000000001123;0;0;0;0;0
9;34,2;-0,0000000000000001123;0;0;0;0;0
9;34,3;-0,0000000000000001123;0;0;0;0;0
9;34,4;-0,0000000000000001123;0;0;0;0;0
9;34,5;-0,0000000000000001123;0;0;0;0;0
9;34,6;-0,0000000000000001123;0;0;0;0;0
9;34,7;-0,0000000000000001123;0;0;0;0;0
9;34,8;-0,0000000000000001123;0;0;0;0;0
9;34,9;-0,0000000000000001123;0;0;0;0;0
9;35;-0,0000000000000001123;0;0;0;0;0
9;35,1;-0,0000000000000001123;0;0;0;0;0
9;35,2;-0,0000000000000001123;0;0;0;0;0
9;35,3;-0,0000000000000001123;0;0;0;0;0
9;35,4;-0,0000000000000001123;0;0;0;0;0
9;35,5;-0,0000000000000001123;0;0;0;0;0
9;35,6;-0,0000000000000001123;0;0;0;0;0
9;35,7;-0,0000000000000001123;0;0;0;0;0
9;35,8;-0,0000000000000001123;0;0;0;0;0
9;35,9;-0,0000000000000001123;0;0;0;0;0
9;36;-0,0000000000000001123;0;0;0;0;0
9;36,1;-0,0000000000000001123;0;0;0;0;0
9;36,2;-0,0000000000000001123;0;0;0;0;0
9;36,3;-0,0000000000000001123;0;0;0;0;0
9;36,4;-0,0000000000000001123;0;0;0;0;0
9;36,5;-0,0000000000000001123;0;0;0;0;0
9;36,6;-0,0000000000000001123;0;0;0;0;0
9;36,7;-0,0000000000000001123;0;0;0;0;0
9;36,8;-0,0000000000000001123;0;0;0;0;0
9;36,9;-0,0000000000000001123;0;0;0;0;0
9;37;-0,0000000000000001123;0;0;0;0;0
9;37,1;-0,0000000000000001123;0;0;0;0;0
9;37,2;-0,0000000000000001123;0;0;0;0;0
9;37,3;-0,0000000000000001123;0;0;0;0;0
9;37,4;-0,0000000000000001123;0;0;0;0;0
9;37,5;-0,0000000000000001123;0;0;0;0;0
9;37,6;-0,0000000000000001123;0;0;0;0;0
9;37,7;-0,0000000000000001123;0;0;0;0;0
9;37,8;-0,0000000000000001123;0;0;0;0;0
9;37,9;-0,0000000000000001123;0;0;0;0;0
9;38;-0,0000000000000001123;0;0;0;0;0
9;38,1;-0,0000000000000001123;0;0;0;0;0
9;38,2;-0,0000000000000001123;0;0;0;0;0
9;38,3;-0,0000000000000001123;0;0;0;0;0
9;38,4;-0,0000000000000001123;0;0;0;0;0
9;38,5;-0,0000000000000001123;0;0;0;0;0
9;38,6;-0,0000000000000001123;0;0;0;0;0
9;38,7;-0,0000000000000001123;0;0;0;0;0
9;38,8;-0,0000000000000001123;0;0;0;0;0
9;38,9;-0,0000000000000001123;0;0;0;0;0
9;39;-0,0000000000000001123;0;0;0;0;0
9;39,1;-0,0000000000000001123;0;0;0;0;0
9;39,2;-0,0000000000000001123;0;0;0;0;0
9;39,3;-0,0000000000000001123;0;0;0;0;0
9;39,4;-0,0000000000000001123;0;0;0;0;0
9;39,5;-0,0000000000000001123;0;0;0;0;0
9;39,6;-0,0000000000000001123;0;0;0;0;0
9;39,7;-0,0000000000000001123;0;0;0;0;0
9;39,8;-0,0000000000000001123;0;0;0;0;0
9;39,9;-0,0000000000000001123;0;0;0;0;0
9;40;-0,0000000000000001123;0;0;0;0;0
10;0;0;0;0;0;0;0
10;0,1;0,984;0,000000000002598;0,00003101;0,00000004787;-0,0002063;0,00000000001499
10;0,2;0,9358;-0,000000000005333;-0,00006526;0,0000001108;0,000436;-0,00000000004355
10;0,3;0,3549;0,000000000005052;-0,0001145;0,0000001243;0,0007643;0,000000000056
10;0,4;0,0974;-0,000000000002108;-0,00003241;0,00000004533;0,0002164;-0,00000000004077
10;0,5;-0,0454;-0,000000000001312;0,00007618;-0,00000007869;-0,0005085;0,00000000001456
10;0,6;-0,7925;0,000000000002739;0,00008186;-0,0000001231;-0,0005467;-0,000000000004072
10;0,7;-0,5683;-0,000000000007945;0,00004339;-0,00000008787;-0,00029;-0,0000000000301
10;0,8;0,3417;0,000000000008656;-0,000001335;0,00000002113;0,000009072;0,00000000004329
10;0,9;0,5065;-0,000000000006034;-0,00007137;0,0000001189;0,0004768;-0,00000000003458
10;1;0,3895;0,000000000004853;-0,00008995;0,00000009648;0,0006004;0,00000000003783
10;1,1;0,2133;-0,0000000000005663;-0,00001349;0,00000002078;0,0000901;-0,00000000002337
10;1,2;-0,3074;-0,000000000003894;0,00006056;-0,00000005689;-0,0004042;0,0000000000004659
10;1,3;-0,6085;0,000000000004608;0,00006819;-0,0000001172;-0,0004555;0,000000000003747
10;1,4;-0,3356;-0,000000000003906;0,00004046;-0,00000006951;-0,0002703;-0,0000000000218
10;1,5;0,1913;0,000000000001406;-0,000009725;0,00000003962;0,00006515;0,00000000001497
10;1,6;0,4835;0,000000000001848;-0,00006769;0,00000008965;0,000452;0,00000000001392
10;1,7;0,3606;-0,000000000001897;-0,00006923;0,00000008099;0,0004622;-0,00000000001378
10;1,8;0,0907;0,00000000000381;-0,00000474;0,00000002145;0,00003177;0,00000000002717
10;1,9;-0,2589;-0,000000000005168;0,00005072;-0,00000006704;-0,0003387;-0,00000000003335
10;2;-0,5292;0,000000000002537;0,00005831;-0,00000009585;-0,0003895;0,0000000000109
10;2,1;-0,2602;0,0000000000006388;0,00003409;-0,0000000456;-0,0002276;0,000000000004933
10;2,2;0,231;-0,00000000000477;-0,00001515;0,00000003019;0,0001013;-0,00000000001266
10;2,3;0,3701;0,000000000007794;-0,00006143;0,00000008167;0,0004102;0,00000000002513
10;2,4;0,3056;-0,000000000007695;-0,00005306;0,00000006975;0,0003543;-0,00000000003125
10;2,5;0,0915;0,000000000009995;0,0000006393;0,00000000581;-0,000004215;0,00000000005761
10;2,6;-0,3049;-0,000000000009697;0,00004287;-0,00000005837;-0,0002862;-0,00000000006421
10;2,7;-0,4311;0,000000000004553;0,00005066;-0,00000007948;-0,0003383;0,00000000002735
10;2,8;-0,1488;-0,0000000000003172;0,00002731;-0,00000003678;-0,0001824;-0,000000000007145
10;2,9;0,1687;-0,000000000003915;-0,00001924;0,00000003378;0,0001285;-0,00000000001
10;3;0,3281;0,000000000007303;-0,00005343;0,00000006982;0,0003568;0,00000000003294
10;3,1;0,2819;-0,000000000006777;-0,00004055;0,00000005491;0,0002708;-0,00000000002954
10;3,2;0,0165;0,000000000005998;0,000003161;0,00000000239;-0,00002106;0,00000000002679
10;3,3;-0,2762;-0,000000000005392;0,00003757;-0,0000000553;-0,0002509;-0,00000000002992
10;3,4;-0,3385;0,000000000002552;0,00004387;-0,00000006667;-0,000293;0,00000000001197
10;3,5;-0,1197;0,000000000001468;0,00002022;-0,00000002413;-0,000135;0,000000000008683
10;3,6;0,1643;-0,000000000004299;-0,0000208;0,00000003052;0,0001389;-0,00000000001714
10;3,7;0,2896;0,000000000004189;-0,0000456;0,0000000604;0,0003045;0,0000000000173
10;3,8;0,2219;-0,000000000003254;-0,00003142;0,00000004584;0,0002098;-0,00000000001199
10;3,9;-0,0054;0,000000000003768;0,000005044;-0,000000004637;-0,00003367;0,00000000001781
10;4;-0,2539;-0,000000000003758;0,00003336;-0,00000004943;-0,0002228;-0,00000000002168
10;4,1;-0,279;0,0000000000008513;0,00003736;-0,00000005391;-0,0002495;0,00000000000365
10;4,2;-0,074;0,0000000000008798;0,00001427;-0,00000001799;-0,00009529;0,000000000004308
10;4,3;0,1453;-0,000000000001627;-0,000021;0,00000002969;0,0001402;-0,000000000008023
10;4,4;0,2509;0,000000000002654;-0,00003855;0,00000005261;0,0002575;0,00000000001392
10;4,5;0,1857;-0,000000000001887;-0,00002432;0,00000003539;0,0001624;-0,00000000000565
10;4,6;-0,0356;0,000000000001614;0,000006263;-0,000000007479;-0,00004181;0,000000000004888
10;4,7;-0,2256;-0,000000000001983;0,00002978;-0,00000004383;-0,0001989;-0,000000000008144
10;4,8;-0,22;0,000000000001906;0,00003143;-0,00000004486;-0,0002099;0,000000000002898
10;4,9;-0,0539;-0,000000000001601;0,000009305;-0,00000001141;-0,00006212;0,0000000000009692
10;5;0,1358;-0,000000000000208;-0,00002018;0,00000002783;0,0001347;-0,00000000001292
10;5,1;0,2216;0,000000000001423;-0,00003241;0,00000004475;0,0002164;0,00000000002014
10;5,2;0,1413;-0,000000000000681;-0,00001889;0,00000002806;0,0001262;-0,000000000008977
10;5,3;-0,0484;0,000000000001099;0,000007209;-0,00000001003;-0,00004814;0,00000000000606
10;5,4;-0,1956;-0,000000000001442;0,00002654;-0,00000003878;-0,0001773;-0,000000000004584
10;5,5;-0,181;0,0000000000008264;0,00002598;-0,00000003626;-0,0001735;-0,000000000008275
10;5,6;-0,0319;-0,0000000000009953;0,000005515;-0,000000007131;-0,00003683;0,00000000001149
10;5,7;0,1269;0,0000000000003839;-0,00001883;0,00000002589;0,0001257;-0,00000000001357
10;5,8;0,1886;0,0000000000006439;-0,00002722;0,00000003838;0,0001818;0,00000000001838
10;5,9;0,1095;-0,0000000000007174;-0,00001453;0,00000002125;0,00009701;-0,00000000001178
10;6;-0,0567;0,000000000001327;0,000007835;-0,00000001127;-0,00005233;0,00000000001079
10;6,1;-0,1708;-0,0000000000022;0,00002347;-0,00000003373;-0,0001568;-0,00000000001449
10;6,2;-0,1451;0,000000000002175;0,00002123;-0,00000002967;-0,0001418;0,000000000006082
10;6,3;-0,0168;-0,000000000002296;0,000002665;-0,000000003508;-0,00001779;-0,000000000005535
10;6,4;0,1168;0,000000000001501;-0,00001725;0,00000002395;0,0001152;0,000000000004983
10;6,5;0,1617;-0,0000000000001357;-0,00002281;0,00000003229;0,0001523;0,000000000005083
10;6,6;0,0809;-0,0000000000008748;-0,00001102;0,00000001604;0,00007358;-0,000000000009326
10;6,7;-0,06;0,000000000002119;0,000008172;-0,00000001182;-0,00005458;0,00000000001494
10;6,8;-0,1466;-0,000000000002419;0,0000206;-0,00000002942;-0,0001376;-0,00000000001777
10;6,9;-0,1179;0,0000000000008321;0,00001712;-0,00000002386;-0,0001143;0,000000000006648
10;7;-0,0042;-0,0000000000006634;0,0000006006;-0,0000000008437;-0,000004011;-0,000000000004231
10;7,1;0,1077;0,0000000000007306;-0,00001561;0,00000002177;0,0001042;0,000000000005408
10;7,2;0,1354;0,0000000000006477;-0,00001907;0,00000002718;0,0001274;0,000000000004481
10;7,3;0,0591;-0,000000000000768;-0,000008163;0,00000001173;0,00005451;-0,000000000005479
10;7,4;-0,0599;0,0000000000007773;0,000008248;-0,00000001192;-0,00005508;0,000000000006591
10;7,5;-0,1266;-0,000000000000651;0,00001791;-0,00000002536;-0,0001196;-0,000000000008983
10;7,6;-0,0944;-0,0000000000006179;0,00001367;-0,00000001915;-0,00009127;-0,000000000001277
10;7,7;0,0054;0,000000000001293;-0,0000008618;0,000000001128;0,000005754;0,000000000005631
10;7,8;0,0973;-0,000000000001607;-0,000014;0,0000000197;0,00009349;-0,000000000007388
10;7,9;0,1132;0,000000000001752;-0,00001588;0,00000002261;0,000106;0,00000000001228
10;8;0,0416;-0,0000000000002272;-0,000005854;0,000000008329;0,0000391;-0,000000000004766
10;8,1;-0,0584;-0,0000000000008359;0,000008093;-0,00000001159;-0,00005405;-0,000000000002018
10;8,2;-0,1084;0,0000000000008491;0,00001545;-0,00000002184;-0,0001032;0,000000000002138
10;8,3;-0,0752;-0,000000000001363;0,00001079;-0,00000001517;-0,00007207;-0,000000000004148
10;8,4;0,0123;0,0000000000009103;-0,000001868;0,000000002561;0,00001248;0,000000000001787
10;8,5;0,0875;-0,0000000000002724;-0,00001246;0,00000001759;0,00008322;0,000000000000065
10;8,6;0,0935;0,0000000000006089;-0,00001316;0,00000001873;0,00008788;0,000000000004602
10;8,7;0,0281;-0,0000000000004653;-0,000004007;0,00000000566;0,00002676;-0,000000000005283
10;8,8;-0,0553;0,0000000000004379;0,000007767;-0,00000001108;-0,00005187;0,000000000004747
10;8,9;-0,0927;-0,0000000000004722;0,00001323;-0,00000001866;-0,00008832;-0,000000000005173
10;9;-0,0591;0,00000000000003016;0,000008427;-0,00000001189;-0,00005627;0,0000000000002907
10;9,1;0,0173;-0,0000000000001862;-0,00000253;0,00000000351;0,0000169;0,000000000000723
10;9,2;0,0777;0,0000000000004401;-0,00001102;0,00000001561;0,00007362;0,000000000001762
10;9,3;0,0768;0,0000000000003158;-0,00001084;0,0000000154;0,00007237;0,000000000001898
10;9,4;0,0177;-0,000000000000864;-0,000002548;0,000000003573;0,00001702;-0,000000000003032
10;9,5;-0,0518;0,0000000000007301;0,000007313;-0,00000001038;-0,00004884;0,000000000001874
10;9,6;-0,0789;-0,0000000000004785;0,00001125;-0,00000001588;-0,00007512;-0,00000000000268
10;9,7;-0,0457;0,000000000000213;0,000006494;-0,000000009191;-0,00004337;0,000000000001845
10;9,8;0,0203;0,000000000000175;-0,000002935;0,000000004118;0,0000196;-0,0000000000004975
10;9,9;0,0684;-0,0000000000005849;-0,000009691;0,00000001374;0,00006471;-0,0000000000009765
10;10;0,0626;0,0000000000006857;-0,00000886;0,00000001257;0,00005917;0,000000000003506
10;10,1;0,0097;-0,0000000000006612;-0,000001419;0,000000001981;0,000009473;-0,000000000004189
10;10,2;-0,0478;0,0000000000006812;0,000006781;-0,000000009608;-0,00004528;0,000000000004261
10;10,3;-0,0667;-0,0000000000004349;0,000009507;-0,00000001343;-0,00006348;-0,00000000000408
10;10,4;-0,0348;-0,0000000000001752;0,000004926;-0,000000006981;-0,00003289;-0,0000000000005814
10;10,5;0,022;0,0000000000007651;-0,000003147;0,000000004434;0,00002102;0,000000000004679
10;10,6;0,0598;-0,000000000001141;-0,000008467;0,00000001201;0,00005654;-0,000000000005709
10;10,7;0,0507;0,000000000001447;-0,000007188;0,00000001018;0,000048;0,000000000007584
10;10,8;0,0038;-0,000000000001178;-0,0000005593;0,0000000007716;0,000003735;-0,000000000005801
10;10,9;-0,0437;0,0000000000006485;0,000006206;-0,000000008781;-0,00004144;0,000000000002052
10;11;-0,0562;-0,0000000000003805;0,000007988;-0,00000001129;-0,00005334;-0,00000000000107
10;11,1;-0,0259;-0,0000000000002855;0,000003661;-0,000000005195;-0,00002445;-0,00000000000155
10;11,2;0,0226;0,0000000000003433;-0,000003215;0,000000004546;0,00002147;0,00000000000121
10;11,3;0,0519;-0,00000000000005181;-0,000007353;0,00000001042;0,00004911;0,0000000000006023
10;11,4;0,0407;0,0000000000006049;-0,000005778;0,000000008179;0,00003859;0,000000000002864
10;11,5;-0,000638;-0,0000000000008684;0,00000007671;-0,000000000119;-0,0000005124;-0,000000000003945
10;11,6;-0,0395;0,0000000000007946;0,000005619;-0,000000007947;-0,00003752;0,000000000002987
10;11,7;-0,047;-0,0000000000006559;0,000006671;-0,000000009439;-0,00004455;-0,000000000003095
10;11,8;-0,0187;0,0000000000002284;0,000002649;-0,000000003758;-0,00001769;0,000000000001263
10;11,9;0,0224;0,0000000000003129;-0,000003178;0,000000004498;0,00002122;0,000000000001417
10;12;0,0448;-0,0000000000006994;-0,000006347;0,000000008994;0,00004239;-0,000000000002599
10;12,1;0,0324;0,0000000000007573;-0,000004601;0,00000000651;0,00003073;0,00000000000278
10;12,2;-0,0038;-0,000000000000408;0,0000005346;-0,0000000007614;-0,00000357;-0,0000000000003489
10;12,3;-0,0354;0,00000000000006707;0,000005038;-0,000000007127;-0,00003364;-0,000000000001891
10;12,4;-0,039;0,00000000000006025;0,000005539;-0,00000000784;-0,00003699;0,000000000001736
10;12,5;-0,013;0,00000000000004746;0,000001845;-0,000000002619;-0,00001232;-0,0000000000009355
10;12,6;0,0216;-0,00000000000004541;-0,000003064;0,000000004341;0,00002046;0,0000000000001498
10;12,7;0,0384;-0,0000000000001807;-0,000005447;0,000000007715;0,00003637;0,0000000000001728
10;12,8;0,0255;0,0000000000001478;-0,000003622;0,000000005125;0,00002419;-0,0000000000007077
10;12,9;-0,006;0,00000000000003644;0,0000008495;-0,000000001204;-0,000005673;0,000000000001943
10;13;-0,0315;0,00000000000001307;0,00000448;-0,000000006339;-0,00002992;-0,000000000002028
10;13,1;-0,0322;-0,0000000000001573;0,000004569;-0,00000000647;-0,00003051;0,0000000000004106
10;13,2;-0,0086;0,00000000000009222;0,000001215;-0,000000001722;-0,000008114;-0,00000000000009643
10;13,3;0,0204;-0,0000000000001412;-0,0000029;0,000000004107;0,00001937;0,000000000000009197
10;13,4;0,0327;0,0000000000002281;-0,000004646;0,000000006579;0,00003103;0,0000000000008445
10;13,5;0,0198;-0,0000000000001162;-0,000002816;0,000000003984;0,00001881;-0,0000000000004508
10;13,6;-0,0074;0,0000000000001615;0,000001054;-0,000000001491;-0,000007038;0,000000000000974
10;13,7;-0,0278;-0,0000000000001649;0,000003954;-0,000000005596;-0,0000264;-0,000000000001647
10;13,8;-0,0264;0,00000000000001501;0,000003744;-0,000000005301;-0,000025;0,0000000000009239
10;13,9;-0,0051;0,000000000000009341;0,0000007253;-0,000000001028;-0,000004844;-0,000000000001347
10;14;0,019;0,00000000000003679;-0,000002701;0,000000003826;0,00001804;0,000000000001498
10;14,1;0,0278;0,00000000000002892;-0,00000394;0,000000005578;0,00002631;-0,000000000000137
10;14,2;0,0152;-0,00000000000007756;-0,000002156;0,000000003051;0,0000144;-0,0000000000001365
10;14,3;-0,0082;0,0000000000001955;0,000001172;-0,000000001658;-0,000007824;0,000000000001089
10;14,4;-0,0244;-0,0000000000002811;0,000003466;-0,000000004905;-0,00002314;-0,000000000002276
10;14,5;-0,0215;0,0000000000002705;0,000003045;-0,000000004312;-0,00002033;0,000000000002054
10;14,6;-0,0025;-0,0000000000002806;0,0000003521;-0,0000000004984;-0,000002352;-0,000000000001619
10;14,7;0,0175;0,0000000000003486;-0,000002484;0,000000003518;0,00001659;0,000000000001425
10;14,8;0,0234;-0,0000000000003382;-0,000003322;0,000000004702;0,00002218;-0,0000000000009735
10;14,9;0,0114;0,0000000000002881;-0,00000162;0,000000002293;0,00001082;0,000000000001391
10;15;-0,0086;-0,00000000000005106;0,000001225;-0,000000001733;-0,000008181;-0,000000000001078
10;15,1;-0,0213;-0,0000000000002747;0,000003018;-0,000000004272;-0,00002015;-0,0000000000005092
10;15,2;-0,0173;0,0000000000004428;0,000002457;-0,000000003479;-0,00001641;0,000000000001252
10;15,3;-0,0005072;-0,0000000000006101;0,00000007208;-0,000000000102;-0,0000004813;-0,000000000002263
10;15,4;0,0159;0,0000000000005576;-0,000002259;0,000000003198;0,00001508;0,000000000002748
10;15,5;0,0196;-0,0000000000002627;-0,000002784;0,000000003941;0,00001859;-0,00000000000149
10;15,6;0,0084;-0,0000000000000002192;-0,000001188;0,000000001682;0,000007935;0,0000000000004599
10;15,7;-0,0087;0,0000000000001689;0,000001229;-0,00000000174;-0,000008209;0,000000000000565
10;15,8;-0,0184;-0,0000000000002177;0,000002612;-0,000000003697;-0,00001744;-0,000000000001336
10;15,9;-0,0138;0,0000000000001413;0,000001964;-0,000000002782;-0,00001312;0,0000000000005555
10;16;0,0009316;-0,00000000000003576;-0,0000001317;0,000000000187;0,0000008795;0,000000000000181
10;16,1;0,0143;-0,00000000000004839;-0,000002034;0,00000000288;0,00001359;-0,0000000000005572
10;16,2;0,0163;0,00000000000007517;-0,000002318;0,000000003282;0,00001548;0,0000000000009184
10;16,3;0,0059;0,0000000000001565;-0,0000008443;0,000000001195;0,000005638;0,0000000000005442
10;16,4;-0,0084;-0,0000000000002872;0,000001199;-0,000000001697;-0,000008009;-0,000000000001481
10;16,5;-0,0158;0,0000000000002228;0,000002246;-0,00000000318;-0,000015;0,000000000001112
10;16,6;-0,011;-0,0000000000002202;0,000001555;-0,000000002202;-0,00001039;-0,000000000001213
10;16,7;0,0019;0,0000000000001543;-0,000000276;0,0000000003907;0,000001843;0,0000000000006707
10;16,8;0,0128;-0,00000000000002943;-0,000001816;0,000000002571;0,00001213;0,0000000000002158
10;16,9;0,0135;-0,00000000000008006;-0,000001919;0,000000002717;0,00001282;-0,0000000000005798
10;17;0,004;0,0000000000003278;-0,000000572;0,0000000008101;0,00000382;0,000000000001915
10;17,1;-0,0081;-0,0000000000004729;0,000001144;-0,00000000162;-0,00000764;-0,000000000002512
10;17,2;-0,0135;0,0000000000003871;0,000001921;-0,00000000272;-0,00001283;0,000000000001657
10;17,3;-0,0086;-0,0000000000002743;0,000001216;-0,000000001722;-0,000008122;-0,000000000001004
10;17,4;0,0026;0,00000000000008709;-0,000000372;0,0000000005271;0,000002485;0,00000000000002779
10;17,5;0,0113;0,0000000000001526;-0,000001609;0,000000002277;0,00001074;0,000000000001206
10;17,6;0,0111;-0,0000000000002571;-0,000001577;0,000000002233;0,00001053;-0,000000000001488
10;17,7;0,0025;0,0000000000003102;-0,0000003603;0,0000000005099;0,000002406;0,000000000001599
10;17,8;-0,0076;-0,000000000000291;0,000001073;-0,000000001519;-0,000007168;-0,000000000001306
10;17,9;-0,0115;0,000000000000214;0,000001633;-0,000000002313;-0,00001091;0,0000000000006758
10;18;-0,0066;-0,0000000000001011;0,0000009385;-0,000000001328;-0,000006268;-0,0000000000003211
10;18,1;0,003;-0,000000000000007426;-0,0000004319;0,0000000006112;0,000002884;-0,00000000000002335
10;18,2;0,01;0,0000000000001168;-0,000001414;0,000000002003;0,000009445;0,0000000000007252
10;18,3;0,0091;-0,000000000000171;-0,000001288;0,000000001823;0,000008601;-0,0000000000008631
10;18,4;0,0014;0,0000000000002131;-0,0000001968;0,0000000002789;0,000001314;0,000000000001006
10;18,5;-0,007;-0,0000000000001899;0,0000009923;-0,000000001405;-0,000006627;-0,000000000001039
10;18,6;-0,0097;0,0000000000001424;0,000001381;-0,000000001955;-0,000009222;0,0000000000007908
10;18,7;-0,005;-0,0000000000001294;0,0000007116;-0,000000001008;-0,000004752;-0,0000000000007231
10;18,8;0,0033;0,0000000000001007;-0,0000004626;0,0000000006552;0,000003089;0,0000000000004927
10;18,9;0,0087;-0,00000000000002557;-0,000001236;0,000000001749;0,000008253;0,0000000000001287
10;19;0,0073;-0,00000000000003979;-0,000001043;0,000000001477;0,000006964;-0,0000000000003629
10;19,1;0,00052;0,0000000000001486;-0,00000007393;0,0000000001045;0,0000004937;0,0000000000009314
10;19,2;-0,0064;-0,0000000000001671;0,0000009071;-0,000000001284;-0,000006058;-0,000000000001108
10;19,3;-0,0082;0,0000000000001105;0,00000116;-0,000000001643;-0,000007747;0,0000000000006139
10;19,4;-0,0037;-0,00000000000008952;0,0000005287;-0,0000000007482;-0,000003531;-0,0000000000005541
10;19,5;0,0033;0,00000000000006042;-0,0000004727;0,000000000669;0,000003157;0,0000000000005116
10;19,6;0,0076;0,00000000000001139;-0,000001072;0,000000001518;0,00000716;0,00000000000008654
10;19,7;0,0059;-0,00000000000005629;-0,0000008377;0,000000001186;0,000005594;-0,0000000000004601
10;19,8;-0,0001217;0,0000000000001381;0,00000001746;-0,00000000002447;-0,0000001166;0,0000000000009747
10;19,9;-0,0058;-0,000000000000149;0,0000008201;-0,000000001161;-0,000005477;-0,000000000001075
10;20;-0,0068;0,00000000000009988;0,0000009694;-0,000000001372;-0,000006474;0,0000000000007325
10;20,1;-0,0027;-0,00000000000007891;0,0000003815;-0,0000000005403;-0,000002547;-0,0000000000006019
10;20,2;0,0033;0,0000000000000007886;-0,0000004665;0,0000000006607;0,000003115;0,0000000000002677
10;20,3;0,0065;0,0000000000001144;-0,0000009253;0,00000000131;0,000006179;0,0000000000004381
10;20,4;0,0047;-0,0000000000001394;-0,000000666;0,0000000009431;0,000004448;-0,0000000000005317
10;20,5;-0,0005819;0,0000000000001341;0,00000008244;-0,0000000001169;-0,0000005505;0,0000000000005311
10;20,6;-0,0052;-0,0000000000001007;0,0000007353;-0,000000001041;-0,000004911;-0,0000000000004697
10;20,7;-0,0057;0,00000000000007508;0,0000008044;-0,000000001139;-0,000005372;0,0000000000003439
10;20,8;-0,0019;-0,0000000000001153;0,0000002652;-0,0000000003752;-0,000001771;-0,0000000000007318
10;20,9;0,0032;0,0000000000001729;-0,0000004498;0,0000000006365;0,000003004;0,000000000001172
10;21;0,0056;-0,0000000000000866;-0,0000007931;0,000000001123;0,000005297;-0,0000000000006245
10;21,1;0,0037;-0,0000000000000366;-0,0000005242;0,0000000007419;0,000003501;0,00000000000001643
10;21,2;-0,0008984;0,0000000000001603;0,0000001277;-0,0000000001805;-0,0000008527;0,0000000000007235
10;21,3;-0,0046;-0,0000000000002022;0,0000006534;-0,0000000009252;-0,000004363;-0,000000000001105
10;21,4;-0,0047;0,0000000000001911;0,0000006638;-0,0000000009395;-0,000004433;0,0000000000009814
10;21,5;-0,0012;-0,0000000000001683;0,0000001734;-0,0000000002457;-0,000001158;-0,0000000000009066
10;21,6;0,003;0,0000000000001274;-0,0000004248;0,0000000006016;0,000002837;0,0000000000007379
10;21,7;0,0048;-0,00000000000003628;-0,0000006765;0,0000000009574;0,000004517;-0,000000000000122
10;21,8;0,0029;-0,00000000000003814;-0,0000004069;0,0000000005762;0,000002717;-0,000000000000215
10;21,9;-0,0011;0,0000000000001327;0,0000001563;-0,0000000002215;-0,000001044;0,0000000000007165
10;22;-0,0041;-0,0000000000001521;0,0000005768;-0,0000000008163;-0,000003852;-0,000000000000834
10;22,1;-0,0038;0,0000000000001196;0,0000005434;-0,0000000007695;-0,000003629;0,000000000000556
10;22,2;-0,0007234;-0,00000000000008142;0,0000001028;-0,0000000001454;-0,0000006867;-0,000000000000283
10;22,3;0,0028;0,00000000000003863;-0,0000003956;0,0000000005598;0,000002642;0,00000000000006706
10;22,4;0,004;0,00000000000001773;-0,0000005731;0,0000000008115;0,000003827;0,00000000000028
10;22,5;0,0022;-0,00000000000004997;-0,0000003115;0,0000000004407;0,00000208;-0,0000000000004154
10;22,6;-0,0012;0,0000000000001034;0,0000001733;-0,0000000002451;-0,000001157;0,000000000000626
10;22,7;-0,0036;-0,0000000000001066;0,0000005051;-0,0000000007152;-0,000003373;-0,0000000000005583
10;22,8;-0,0031;0,00000000000007151;0,000000442;-0,0000000006255;-0,000002952;0,0000000000002671
10;22,9;-0,0003429;-0,00000000000003597;0,00000004852;-0,0000000000689;-0,000000324;-0,00000000000001978
10;23;0,0026;0,00000000000001119;-0,0000003632;0,0000000005143;0,000002425;-0,0000000000001249
10;23,1;0,0034;0,0000000000000311;-0,0000004832;0,0000000006839;0,000003227;0,0000000000004149
10;23,2;0,0016;-0,00000000000002616;-0,0000002335;0,0000000003308;0,000001559;-0,0000000000002602
10;23,3;-0,0013;0,00000000000002603;0,0000001802;-0,0000000002554;-0,000001204;0,0000000000001872
10;23,4;-0,0031;-0,00000000000002928;0,0000004399;-0,0000000006226;-0,000002938;-0,0000000000002287
10;23,5;-0,0025;0,00000000000002749;0,0000003561;-0,0000000005044;-0,000002378;0,0000000000001182
10;23,6;-0,00005857;-0,000000000000008441;0,000000008461;-0,00000000001177;-0,0000000565;0,00000000000006455
10;23,7;0,0023;0,0000000000000121;-0,0000003303;0,0000000004674;0,000002206;-0,00000000000001029
10;23,8;0,0029;-0,00000000000000218;-0,0000004045;0,0000000005729;0,000002701;0,00000000000008154
10;23,9;0,0012;0,000000000000007694;-0,0000001712;0,0000000002422;0,000001144;-0,00000000000001255
10;24;-0,0013;0,00000000000001235;0,0000001808;-0,0000000002558;-0,000001208;0,00000000000007577
10;24,1;-0,0027;-0,0000000000000164;0,0000003803;-0,0000000005386;-0,00000254;-0,00000000000007331
10;24,2;-0,002;0,000000000000008235;0,0000002848;-0,000000000403;-0,000001902;-0,00000000000004242
10;24,3;0,0001485;0,000000000000009294;-0,00000002122;0,00000000002984;0,0000001417;0,0000000000001715
10;24,4;0,0021;-0,000000000000005657;-0,000000297;0,0000000004206;0,000001983;-0,0000000000001098
10;24,5;0,0024;0,0000000000000141;-0,000000337;0,000000000477;0,000002251;0,0000000000001675
10;24,6;0,0008541;-0,00000000000001281;-0,0000001211;0,0000000001716;0,0000008086;-0,0000000000001038
10;24,7;-0,0012;0,00000000000001071;0,0000001758;-0,0000000002491;-0,000001174;0,00000000000006567
10;24,8;-0,0023;0,00000000000001228;0,0000003273;-0,0000000004631;-0,000002186;0,00000000000006782
10;24,9;-0,0016;-0,0000000000000008163;0,000000225;-0,0000000003188;-0,000001503;-0,00000000000003374
10;25;0,000294;-0,00000000000001538;-0,00000004158;0,00000000005907;0,0000002777;-0,00000000000004087
10;25,1;0,0019;0,00000000000002934;-0,0000002652;0,0000000003753;0,000001771;0,0000000000001316
10;25,2;0,002;-0,000000000000002823;-0,0000002786;0,0000000003946;0,00000186;0,00000000000007077
10;25,3;0,0005768;-0,000000000000005119;-0,00000008201;0,0000000001159;0,0000005477;-0,000000000000118
10;25,4;-0,0012;0,00000000000002671;0,0000001678;-0,0000000002374;-0,000001121;0,0000000000002137
10;25,5;-0,002;-0,00000000000002771;0,0000002795;-0,0000000003959;-0,000001867;-0,000000000000212
10;25,6;-0,0012;0,00000000000002645;0,0000001761;-0,0000000002491;-0,000001176;0,0000000000001869
10;25,7;0,000391;-0,0000000000000148;-0,00000005564;0,00000000007857;0,0000003716;-0,0000000000001145
10;25,8;0,0017;0,00000000000001172;-0,0000002345;0,0000000003322;0,000001566;0,0000000000001173
10;25,9;0,0016;0,000000000000007922;-0,0000002292;0,0000000003242;0,00000153;0,00000000000007059
10;26;0,0003606;-0,00000000000001747;-0,00000005105;0,00000000007246;0,0000003409;-0,0000000000001504
10;26,1;-0,0011;0,00000000000003711;0,000000157;-0,0000000002224;-0,000001048;0,0000000000002611
10;26,2;-0,0017;-0,00000000000002232;0,0000002378;-0,0000000003365;-0,000001588;-0,0000000000001859
10;26,3;-0,0009555;0,00000000000001297;0,0000001355;-0,000000000192;-0,0000009047;0,0000000000001242
10;26,4;0,0004504;-0,0000000000000003907;-0,00000006379;0,0000000000905;0,000000426;0,00000000000000699
10;26,5;0,0015;0,000000000000002527;-0,0000002064;0,000000000292;0,000001378;-0,00000000000001675
10;26,6;0,0013;0,00000000000002518;-0,0000001867;0,0000000002645;0,000001247;0,0000000000001897
10;26,7;0,0001946;-0,00000000000002129;-0,00000002776;0,0000000000391;0,0000001854;-0,0000000000001624
10;26,8;-0,001;0,00000000000002637;0,0000001453;-0,0000000002055;-0,0000009705;0,0000000000001981
10;26,9;-0,0014;-0,00000000000001928;0,0000002007;-0,0000000002843;-0,00000134;-0,0000000000001483
10;27;-0,0007238;0,000000000000008069;0,0000001029;-0,0000000001454;-0,000000687;0,00000000000004293
10;27,1;0,0004809;0,00000000000001287;-0,0000000684;0,00000000009665;0,0000004568;0,0000000000001234
10;27,2;0,0013;-0,000000000000009405;-0,00000018;0,000000000255;0,000001202;-0,0000000000001033
10;27,3;0,0011;0,00000000000002254;-0,0000001514;0,0000000002141;0,000001011;0,0000000000002097
10;27,4;0,00006928;-0,00000000000001256;-0,0000000097;0,00000000001392;0,00000006478;-0,000000000000151
10;27,5;-0,0009341;0,00000000000001507;0,0000001324;-0,0000000001877;-0,0000008845;0,00000000000015
10;27,6;-0,0012;-0,000000000000003885;0,0000001688;-0,0000000002388;-0,000001128;-0,00000000000006751
10;27,7;-0,0005366;-0,000000000000004534;0,00000007603;-0,0000000001078;-0,0000005077;-0,000000000000002805
10;27,8;0,0004898;0,00000000000001755;-0,00000006939;0,00000000009842;0,0000004634;0,0000000000001331
10;27,9;0,0011;-0,000000000000006996;-0,0000001564;0,0000000002212;0,000001044;-0,00000000000009218
10;28;0,0008553;0,00000000000001709;-0,0000001213;0,0000000001719;0,0000008098;0,0000000000001792
10;28,1;-0,00002314;-0,000000000000009813;0,000000003153;-0,000000000004649;-0,00000002106;-0,00000000000012
10;28,2;-0,0008443;0,00000000000001838;0,00000012;-0,0000000001697;-0,0000008011;0,0000000000001445
10;28,3;-0,0009925;-0,000000000000006125;0,0000001407;-0,0000000001994;-0,0000009398;-0,0000000000000589
10;28,4;-0,0003866;0,000000000000001116;0,00000005501;-0,0000000000777;-0,0000003674;-0,00000000000000309
10;28,5;0,0004828;0,00000000000001838;-0,00000006866;0,00000000009702;0,0000004585;0,0000000000001513
10;28,6;0,0009493;-0,0000000000000137;-0,0000001346;0,0000000001907;0,0000008989;-0,0000000000001032
10;28,7;0,0006798;0,00000000000002072;-0,00000009662;0,0000000001366;0,0000006452;0,0000000000001433
10;28,8;-0,00008928;-0,000000000000009764;0,0000000128;-0,00000000001794;-0,00000008549;-0,00000000000006164
10;28,9;-0,0007563;0,000000000000009107;0,0000001072;-0,000000000152;-0,000000716;0,00000000000004456
10;29;-0,0008235;0,000000000000009094;0,000000117;-0,0000000001655;-0,0000007815;0,00000000000006211
10;29,1;-0,0002677;-0,00000000000001691;0,00000003787;-0,00000000005379;-0,0000002529;-0,00000000000009494
10;29,2;0,0004645;0,00000000000002436;-0,0000000658;0,00000000009333;0,0000004394;0,0000000000001548
10;29,3;0,0008137;-0,000000000000004424;-0,0000001156;0,0000000001635;0,0000007721;-0,00000000000003237
10;29,4;0,0005344;0,00000000000000817;-0,00000007572;0,0000000001074;0,0000005057;0,00000000000005879
10;29,5;-0,0001346;0,000000000000002366;0,00000001898;-0,00000000002705;-0,0000001268;0,0000000000000229
10;29,6;-0,0006719;0,000000000000005395;0,0000000955;-0,000000000135;-0,0000006377;0,00000000000001764
10;29,7;-0,0006789;0,000000000000006187;0,00000009624;-0,0000000001364;-0,0000006427;0,00000000000005035
10;29,8;-0,0001744;-0,000000000000004754;0,00000002488;-0,00000000003505;-0,0000001662;-0,00000000000002462
10;29,9;0,0004385;0,00000000000001823;-0,00000006237;0,00000000008812;0,0000004165;0,0000000000001022
10;30;0,0006934;-0,000000000000009485;-0,0000000983;0,0000000001393;0,0000006565;-0,00000000000003957
10;30,1;0,0004147;0,00000000000001106;-0,00000005898;0,00000000008333;0,0000003939;0,0000000000000689
10;30,2;-0,0001637;0,000000000000005006;0,00000002336;-0,00000000003289;-0,000000156;0,00000000000002735
10;30,3;-0,0005925;-0,000000000000002005;0,00000008398;-0,0000000001191;-0,0000005608;-0,00000000000001561
10;30,4;-0,0005558;0,00000000000001168;0,00000007901;-0,0000000001117;-0,0000005276;0,00000000000007684
10;30,5;-0,0001022;-0,000000000000004632;0,00000001439;-0,00000000002054;-0,00000009607;-0,0000000000000264
10;30,6;0,0004077;0,00000000000001107;-0,00000005775;0,00000000008193;0,0000003856;0,00000000000007224
10;30,7;0,0005875;0,000000000000001497;-0,00000008352;0,0000000001181;0,0000005577;0,0000000000000109
10;30,8;0,0003168;0,0000000000000007442;-0,00000004484;0,00000000006366;0,0000002995;0,00000000000001402
10;30,9;-0,0001802;0,00000000000001174;0,00000002545;-0,0000000000362;-0,00000017;0,00000000000007038
10;31;-0,000519;-0,000000000000002032;0,00000007378;-0,0000000001043;-0,0000004927;-0,00000000000001874
10;31,1;-0,0004516;0,000000000000007799;0,00000006398;-0,00000000009074;-0,0000004272;0,00000000000004995
10;31,2;-0,00004728;0,00000000000000183;0,000000006832;-0,000000000009502;-0,00000004562;0,00000000000001047
10;31,3;0,0003743;0,00000000000000618;-0,00000005325;0,00000000007521;0,0000003556;0,00000000000004771
10;31,4;0,0004949;0,000000000000003942;-0,00000007013;0,00000000009945;0,0000004683;0,00000000000003466
10;31,5;0,0002374;0,000000000000004436;-0,00000003382;0,00000000004771;0,0000002258;0,00000000000001781
10;31,6;-0,0001872;0,00000000000000308;0,00000002669;-0,00000000003761;-0,0000001782;0,0000000000000325
10;31,7;-0,0004515;0,000000000000005518;0,00000006397;-0,00000000009073;-0,0000004272;0,000000000000017
10;31,8;-0,0003639;0,000000000000003589;0,00000005178;-0,00000000007313;-0,0000003458;0,00000000000003587
10;31,9;-0,00000628;0,000000000000004257;0,000000000772;-0,00000000000126;-0,000000005157;0,00000000000002872
10;32;0,0003399;0,000000000000005461;-0,00000004812;0,00000000006829;0,0000003214;0,00000000000003
10;32,1;0,0004144;0,000000000000001777;-0,00000005894;0,00000000008328;0,0000003936;0,00000000000002851
10;32,2;0,0001735;0,000000000000009717;-0,00000002451;0,00000000003487;0,0000001637;0,00000000000004219
10;32,3;-0,0001871;-0,000000000000001466;0,00000002644;-0,00000000003759;-0,0000001765;0,000000000000009748
10;32,4;-0,0003905;0,000000000000007507;0,00000005554;-0,00000000007846;-0,0000003709;0,0000000000000369
10;32,5;-0,0002906;0,00000000000000395;0,00000004113;-0,0000000000584;-0,0000002747;0,00000000000002187
10;32,6;0,00002351;0,000000000000001999;-0,00000000322;0,000000000004722;0,0000000215;0,0000000000000244
10;32,7;0,0003057;0,000000000000009399;-0,00000004351;0,00000000006143;0,0000002905;0,0000000000000557
10;32,8;0,0003449;-0,000000000000001511;-0,00000004884;0,0000000000693;0,0000003261;0,0000000000000009808
10;32,9;0,0001226;0,00000000000001044;-0,00000001752;0,00000000002464;0,000000117;0,00000000000005901
10;33;-0,0001819;-0,0000000000000004894;0,00000002593;-0,00000000003655;-0,0000001732;0,00000000000001203
10;33,1;-0,0003356;0,000000000000007053;0,00000004752;-0,00000000006744;-0,0000003174;0,00000000000002437
10;33,2;-0,0002297;0,00000000000000269;0,00000003272;-0,00000000004616;-0,0000002185;0,00000000000003299
10;33,3;0,00004439;0,000000000000002447;-0,000000006415;0,000000000008921;0,00000004284;0,00000000000001106
10;33,4;0,0002726;0,00000000000001039;-0,00000003858;0,00000000005478;0,0000002576;0,00000000000006743
10;33,5;0,0002852;-0,000000000000000462;-0,0000000406;0,00000000005731;0,0000002711;0,000000000000007766
10;33,6;0,00008249;0,000000000000008032;-0,00000001159;0,00000000001657;0,00000007743;0,00000000000004074
10;33,7;-0,0001731;0,000000000000003136;0,00000002446;-0,00000000003479;-0,0000001634;0,0000000000000345
10;33,8;-0,0002868;0,000000000000004362;0,00000004082;-0,00000000005763;-0,0000002726;0,00000000000001359
10;33,9;-0,0001794;0,00000000000000648;0,00000002535;-0,00000000003604;-0,0000001693;0,00000000000004819
10;34;0,00005825;0,0000000000000008347;-0,000000008155;0,0000000000117;0,00000005446;0,00000000000001127
10;34,1;0,0002412;0,000000000000007917;-0,00000003435;0,00000000004847;0,0000002294;0,00000000000004594
10;34,2;0,0002343;0,000000000000003167;-0,00000003314;0,00000000004707;0,0000002213;0,00000000000002819
10;34,3;0,00005123;0,000000000000004687;-0,000000007383;0,0000000000103;0,0000000493;0,00000000000002508
10;34,4;-0,0001621;0,000000000000005372;0,00000002312;-0,00000000003257;-0,0000001544;0,00000000000004032
10;34,5;-0,0002437;0,000000000000003615;0,00000003447;-0,00000000004896;-0,0000002302;0,00000000000002
10;34,6;-0,0001381;0,000000000000004805;0,00000001971;-0,00000000002775;-0,0000001316;0,00000000000003168
10;34,7;0,00006667;0,000000000000005962;-0,000000009574;0,0000000000134;0,00000006394;0,00000000000004186
10;34,8;0,0002119;0,000000000000003691;-0,00000002997;0,00000000004258;0,0000002001;0,00000000000002426
10;34,9;0,000191;0,000000000000005357;-0,00000002722;0,00000000003839;0,0000001818;0,00000000000004191
10;35;0,00002724;0,000000000000006344;-0,000000003756;0,000000000005471;0,00000002508;0,00000000000002761
10;35,1;-0,0001496;0,00000000000000116;0,00000002113;-0,00000000003006;-0,0000001411;0,00000000000002447
10;35,2;-0,0002058;0,000000000000007702;0,00000002932;-0,00000000004136;-0,0000001958;0,00000000000003931
10;35,3;-0,0001045;0,0000000000000026;0,00000001472;-0,00000000002099;-0,0000000983;0,00000000000002352
10;35,4;0,00007093;0,000000000000005748;-0,000000009958;0,00000000001425;0,0000000665;0,00000000000003482
10;35,5;0,000185;0,000000000000004765;-0,00000002636;0,00000000003717;0,000000176;0,00000000000003214
10;35,6;0,0001546;0,000000000000004522;-0,00000002183;0,00000000003106;0,0000001458;0,00000000000003594
10;35,7;0,000009156;0,000000000000006411;-0,000000001408;0,000000000001841;0,000000009399;0,00000000000002991
10;35,8;-0,0001365;0,000000000000002784;0,00000001949;-0,00000000002744;-0,0000001301;0,00000000000003417
10;35,9;-0,0001728;0,000000000000006233;0,00000002442;-0,00000000003472;-0,0000001631;0,00000000000002712
10;36;-0,00007732;0,00000000000000238;0,00000001108;-0,00000000001554;-0,00000007401;0,00000000000002828
10;36,1;0,00007205;0,000000000000007918;-0,00000001033;0,00000000001448;0,00000006901;0,00000000000004337
10;36,2;0,0001604;0,00000000000000336;-0,00000002266;0,00000000003223;0,0000001513;0,00000000000002755
10;36,3;0,000124;0,000000000000005043;-0,0000000177;0,00000000002491;0,0000001182;0,00000000000003651
10;36,4;-0,000004157;0,000000000000006863;0,000000000696;-0,0000000000008375;-0,000000004647;0,00000000000003545
10;36,5;-0,0001233;0,000000000000001738;0,0000000174;-0,00000000002478;-0,0000001162;0,00000000000002351
10;36,6;-0,0001442;0,000000000000007436;0,00000002058;-0,00000000002899;-0,0000001374;0,00000000000003701
10;36,7;-0,00005559;0,00000000000000325;0,000000007785;-0,00000000001117;-0,00000005199;0,00000000000003396
10;36,8;0,00007089;0,000000000000005913;-0,000000009958;0,00000000001424;0,0000000665;0,00000000000003227
10;36,9;0,0001383;0,000000000000004577;-0,00000001973;0,00000000002778;0,0000001317;0,00000000000003342
10;37;0,00009846;0,000000000000005367;-0,00000001387;0,00000000001978;0,00000009264;0,0000000000000371
10;37,1;-0,00001366;0,000000000000004411;0,000000001835;-0,000000000002743;-0,00000001226;0,000000000000026
10;37,2;-0,0001104;0,000000000000005791;0,00000001578;-0,00000000002219;-0,0000001053;0,0000000000000409
10;37,3;-0,0001196;0,000000000000004548;0,00000001688;-0,00000000002404;-0,0000001127;0,0000000000000268
10;37,4;-0,00003836;0,000000000000004923;0,000000005548;-0,000000000007711;-0,00000003705;0,00000000000003609
10;37,5;0,00006811;0,000000000000005389;-0,00000000977;0,00000000001369;0,00000006524;0,00000000000003494
10;37,6;0,0001185;0,000000000000004906;-0,00000001671;0,0000000000238;0,0000001116;0,00000000000003309
10;37,7;0,00007734;0,000000000000006262;-0,00000001108;0,00000000001554;0,00000007399;0,00000000000004258
10;37,8;-0,00002015;0,000000000000003943;0,000000002963;-0,000000000004052;-0,00000001978;0,00000000000002506
10;37,9;-0,00009805;0,000000000000005522;0,00000001382;-0,0000000000197;-0,00000009226;0,00000000000003685
10;38;-0,00009858;0,000000000000005009;0,00000001409;-0,00000000001981;-0,00000009412;0,00000000000003262
10;38,1;-0,00002487;0,000000000000003996;0,000000003428;-0,000000000004995;-0,00000002289;0,00000000000002885
10;38,2;0,00006423;0,000000000000007208;-0,000000009016;0,0000000000129;0,00000006021;0,00000000000004427
10;38,3;0,0001009;0,000000000000003641;-0,00000001443;0,00000000002028;0,00000009633;0,00000000000002881
10;38,4;0,00005996;0,000000000000006468;-0,00000000841;0,00000000001205;0,00000005616;0,00000000000004066
10;38,5;-0,00002429;0,000000000000004345;0,000000003348;-0,000000000004879;-0,00000002236;0,00000000000003032
10;38,6;-0,00008643;0,000000000000005256;0,00000001237;-0,00000000001737;-0,00000008259;0,00000000000003401
10;38,7;-0,00008067;0,000000000000005535;0,00000001135;-0,00000000001621;-0,0000000758;0,00000000000003654
10;38,8;-0,00001443;0,000000000000004102;0,000000002148;-0,000000000002902;-0,00000001434;0,00000000000002763
10;38,9;0,00005967;0,000000000000006936;-0,000000008568;0,00000000001199;0,00000005722;0,00000000000004512
10;39;0,00008547;0,000000000000004009;-0,00000001203;0,00000000001717;0,00000008036;0,00000000000003045
10;39,1;0,00004575;0,000000000000006446;-0,000000006593;0,000000000009196;0,00000004403;0,00000000000003872
10;39,2;-0,00002661;0,000000000000004153;0,000000003876;-0,00000000000535;-0,00000002588;0,00000000000003235
10;39,3;-0,00007566;0,000000000000006313;0,00000001064;-0,0000000000152;-0,00000007106;0,00000000000003677
10;39,4;-0,00006551;0,000000000000004941;0,000000009396;-0,00000000001317;-0,00000006275;0,00000000000003612
10;39,5;-0,000006498;0,000000000000005023;0,0000000008247;-0,000000000001304;-0,000000005508;0,00000000000003109
10;39,6;0,00005473;0,000000000000006222;-0,000000007671;0,000000000011;0,00000005123;0,00000000000004317
10;39,7;0,00007197;0,000000000000004393;-0,00000001031;0,00000000001446;0,00000006887;0,00000000000003001
10;39,8;0,00003424;0,000000000000006462;-0,000000004763;0,000000000006878;0,00000003181;0,00000000000004137
10;39,9;-0,00002756;0,000000000000004496;0,000000003816;-0,000000000005536;-0,00000002548;0,00000000000003193
10;40;-0,0000658;0,000000000000005747;0,000000009437;-0,00000000001322;-0,00000006302;0,00000000000003606
11;0;0;0;0;0;0;0
11;0,1;0,4289;0,000000000007357;0,00007935;-0,00000009774;-0,0005298;0,00000000002445
11;0,2;0,9933;-0,00000000001034;-0,00009039;0,00000003788;0,0006029;-0,00000000008178
11;0,3;1,1147;0,000000000009417;-0,000184;0,0000001383;0,001228;0,000000000102
11;0,4;0,4064;-0,000000000004026;-0,0000484;0,0000000393;0,000323;-0,00000000007279
11;0,5;-0,7055;-0,000000000001575;0,0001239;-0,0000001026;-0,0008265;0,00000000002646
11;0,6;-1,1035;0,000000000003797;0,0001191;-0,00000006885;-0,0007949;-0,000000000008974
11;0,7;-0,7876;-0,00000000001268;0,00005497;-0,00000002821;-0,0003667;-0,00000000005037
11;0,8;0,1893;0,00000000001325;0,000004979;-0,00000001722;-0,00003333;0,00000000006835
11;0,9;1,0661;-0,000000000009084;-0,00009969;0,00000007032;0,0006652;-0,00000000005183
11;1;0,865;0,000000000007576;-0,000145;0,0000001025;0,0009672;0,00000000006204
11;1,1;0,1863;0,00000000000003859;-0,00001946;0,000000006732;0,0001298;-0,00000000003983
11;1,2;-0,5101;-0,000000000006359;0,0001005;-0,00000006649;-0,0006707;0,000000000005137
11;1,3;-1,051;0,000000000005521;0,00009393;-0,00000006022;-0,0006267;-0,000000000004963
11;1,4;-0,6231;-0,000000000002943;0,00005575;-0,00000003716;-0,000372;-0,00000000002507
11;1,5;0,3551;-0,000000000001906;-0,000005106;0,000000002765;0,00003406;0,00000000001412
11;1,6;0,8037;0,00000000000725;-0,0001029;0,00000006651;0,0006867;0,00000000003724
11;1,7;0,7261;-0,000000000006939;-0,0001091;0,00000007548;0,0007281;-0,00000000003801
11;1,8;0,1922;0,00000000001024;-0,000001716;0,00000000149;0,00001145;0,00000000006359
11;1,9;-0,601;-0,00000000001263;0,00007716;-0,0000000556;-0,0005148;-0,00000000007582
11;2;-0,8592;0,00000000000717;0,00008192;-0,00000005101;-0,0005466;0,00000000003342
11;2,1;-0,4088;-0,000000000001955;0,00005166;-0,00000003256;-0,0003447;-0,000000000004963
11;2,2;0,2706;-0,000000000004689;-0,00001937;0,000000008038;0,0001292;-0,000000000003591
11;2,3;0,7322;0,0000000000105;-0,00009328;0,00000006418;0,0006224;0,00000000002423
11;2,4;0,6253;-0,00000000001118;-0,00008087;0,00000005623;0,0005396;-0,00000000003957
11;2,5;0,0521;0,00000000001694;0,000003382;-0,000000005986;-0,00002259;0,00000000009666
11;2,6;-0,5233;-0,00000000001707;0,0000646;-0,00000004219;-0,000431;-0,0000000001135
11;2,7;-0,7125;0,000000000007333;0,00007254;-0,00000004591;-0,0004839;0,00000000004351
11;2,8;-0,3297;0,000000000000339;0,00004131;-0,00000002941;-0,0002756;-0,000000000005181
11;2,9;0,3028;-0,000000000008162;-0,00002624;0,00000001715;0,0001751;-0,00000000002815
11;3;0,626;0,00000000001446;-0,00008158;0,00000005548;0,0005443;0,00000000007099
11;3,1;0,4923;-0,0000000000138;-0,00006123;0,00000004028;0,0004085;-0,00000000006464
11;3,2;0,0214;0,00000000001281;0,000007187;-0,000000005284;-0,00004796;0,00000000006012
11;3,3;-0,4957;-0,0000000000118;0,00005513;-0,00000003649;-0,0003678;-0,00000000006611
11;3,4;-0,5977;0,000000000005952;0,00006359;-0,0000000417;-0,0004243;0,00000000002989
11;3,5;-0,2163;0,000000000002394;0,00003171;-0,00000002125;-0,0002116;0,00000000001296
11;3,6;0,2736;-0,000000000007963;-0,00003055;0,00000001956;0,0002038;-0,0000000000291
11;3,7;0,5415;0,000000000007832;-0,00006932;0,00000004681;0,0004625;0,00000000002891
11;3,8;0,411;-0,000000000006945;-0,00004624;0,00000003102;0,0003085;-0,00000000002228
11;3,9;-0,0416;0,000000000007817;0,00000841;-0,000000006664;-0,00005612;0,00000000003051
11;4;-0,4431;-0,000000000007158;0,00004882;-0,0000000319;-0,0003257;-0,00000000003366
11;4,1;-0,4833;0,000000000001605;0,00005521;-0,00000003604;-0,0003684;-0,00000000000003337
11;4,2;-0,1613;0,000000000002189;0,00002203;-0,00000001558;-0,000147;0,00000000001627
11;4,3;0,2661;-0,000000000003216;-0,00003125;0,0000000209;0,0002085;-0,00000000001983
11;4,4;0,4717;0,000000000004598;-0,00005806;0,00000003925;0,0003874;0,00000000002686
11;4,5;0,3172;-0,000000000002964;-0,00003583;0,00000002323;0,0002391;-0,00000000001109
11;4,6;-0,067;0,000000000002551;0,000009818;-0,000000006663;-0,00006551;0,000000000009946
11;4,7;-0,3929;-0,000000000003435;0,0000437;-0,00000002854;-0,0002915;-0,00000000001516
11;4,8;-0,4021;0,000000000003397;0,00004662;-0,00000003113;-0,0003111;0,000000000005154
11;4,9;-0,1023;-0,000000000002994;0,00001448;-0,00000000984;-0,00009661;0,000000000004128
11;5;0,2495;-0,0000000000005308;-0,00003028;0,00000002028;0,000202;-0,00000000003059
11;5,1;0,4011;0,000000000002852;-0,00004861;0,00000003239;0,0003243;0,00000000004454
11;5,2;0,2516;-0,000000000001359;-0,00002763;0,00000001821;0,0001843;-0,00000000002237
11;5,3;-0,0899;0,000000000002243;0,00001079;-0,000000007255;-0,00007198;0,00000000001796
11;5,4;-0,3476;-0,000000000003114;0,00003905;-0,00000002575;-0,0002605;-0,00000000001685
11;5,5;-0,325;0,000000000002035;0,00003884;-0,00000002578;-0,0002591;-0,000000000007176
11;5,6;-0,0639;-0,000000000002775;0,000008449;-0,000000005838;-0,00005637;0,00000000001177
11;5,7;0,2321;0,000000000002182;-0,00002828;0,00000001893;0,0001887;-0,00000000001412
11;5,8;0,3441;-0,0000000000002892;-0,00004055;0,00000002707;0,0002705;0,00000000002386
11;5,9;0,1905;-0,0000000000001112;-0,00002136;0,00000001395;0,0001425;-0,00000000001407
11;6;-0,1011;0,000000000001578;0,00001159;-0,000000007659;-0,00007732;0,00000000001437
11;6,1;-0,3023;-0,000000000003606;0,00003474;-0,00000002289;-0,0002318;-0,00000000002308
11;6,2;-0,266;0,000000000003741;0,00003171;-0,00000002122;-0,0002116;0,000000000008994
11;6,3;-0,0314;-0,000000000004048;0,000004059;-0,000000002742;-0,00002708;-0,000000000009429
11;6,4;0,2147;0,000000000002789;-0,00002584;0,00000001731;0,0001724;0,0000000000105
11;6,5;0,2894;-0,000000000000521;-0,00003392;0,00000002247;0,0002263;0,000000000006467
11;6,6;0,1438;-0,000000000001062;-0,00001623;0,0000000107;0,0001083;-0,00000000001321
11;6,7;-0,106;0,000000000003178;0,00001206;-0,000000007938;-0,00008049;0,00000000002312
11;6,8;-0,2637;-0,000000000003805;0,00003055;-0,00000002027;-0,0002038;-0,0000000000289
11;6,9;-0,2139;0,000000000001181;0,0000256;-0,00000001706;-0,0001708;0,000000000009572
11;7;-0,0076;-0,000000000001005;0,0000008956;-0,0000000005929;-0,000005975;-0,00000000000492
11;7,1;0,1952;0,0000000000009761;-0,00002333;0,00000001555;0,0001557;0,000000000006353
11;7,2;0,2436;0,000000000001552;-0,0000283;0,00000001878;0,0001888;0,00000000001127
11;7,3;0,1051;-0,00000000000191;-0,00001208;0,000000007978;0,0000806;-0,00000000001392
11;7,4;-0,1068;0,000000000002067;0,00001218;-0,00000000805;-0,00008127;0,00000000001706
11;7,5;-0,2274;-0,000000000001717;0,00002663;-0,00000001767;-0,0001777;-0,00000000002103
11;7,6;-0,1716;-0,000000000000728;0,0000204;-0,00000001361;-0,0001361;0,000000000001636
11;7,7;0,0101;0,000000000002124;-0,000001315;0,0000000008869;0,000008774;0,000000000007089
11;7,8;0,1766;-0,000000000002819;-0,00002087;0,00000001391;0,0001392;-0,0000000000115
11;7,9;0,2027;0,000000000003177;-0,00002357;0,00000001561;0,0001573;0,00000000002156
11;8;0,0747;-0,0000000000006252;-0,000008693;0,000000005763;0,000058;-0,000000000009802
11;8,1;-0,1039;-0,000000000001291;0,00001199;-0,000000007921;-0,00007999;-0,00000000000211
11;8,2;-0,1958;0,000000000001387;0,00002299;-0,00000001529;-0,0001534;0,000000000002814
11;8,3;-0,136;-0,000000000002419;0,00001609;-0,00000001071;-0,0001074;-0,000000000006825
11;8,4;0,023;0,000000000001581;-0,000002809;0,000000001892;0,00001874;0,000000000002095
11;8,5;0,1577;-0,0000000000002277;-0,00001856;0,00000001233;0,0001238;0,000000000002509
11;8,6;0,1679;0,0000000000007956;-0,00001954;0,00000001296;0,0001303;0,000000000005858
11;8,7;0,0507;-0,000000000000431;-0,000005965;0,000000003968;0,0000398;-0,000000000007223
11;8,8;-0,0993;0,0000000000002336;0,00001152;-0,00000000764;-0,00007688;0,000000000005789
11;8,9;-0,1673;-0,0000000000003829;0,00001969;-0,00000001309;-0,0001314;-0,000000000006799
11;9;-0,1066;-0,0000000000003729;0,00001255;-0,000000008343;-0,00008372;-0,000000000001875
11;9,1;0,0315;0,0000000000001179;-0,00000379;0,000000002529;0,00002528;0,000000000003821
11;9,2;0,14;0,000000000000425;-0,00001639;0,00000001089;0,0001094;0,000000000001285
11;9,3;0,138;0,000000000000812;-0,0000161;0,00000001068;0,0001074;0,000000000004614
11;9,4;0,032;-0,000000000001581;-0,000003803;0,000000002532;0,00002538;-0,00000000000582
11;9,5;-0,0931;0,000000000001024;0,00001087;-0,000000007208;-0,00007251;0,000000000002404
11;9,6;-0,1424;-0,0000000000004681;0,00001675;-0,00000001113;-0,0001117;-0,000000000003447
11;9,7;-0,0824;0,00000000000016;0,00000966;-0,000000006419;-0,00006445;0,000000000002787
11;9,8;0,0369;0,0000000000003873;-0,000004379;0,00000000292;0,00002922;-0,000000000001086
11;9,9;0,1231;-0,000000000001167;-0,00001441;0,000000009565;0,00009613;-0,000000000001881
11;10;0,1127;0,000000000001333;-0,00001317;0,000000008742;0,00008787;0,000000000006415
11;10,1;0,0178;-0,000000000001543;-0,00000212;0,000000001416;0,00001414;-0,000000000008944
11;10,2;-0,0861;0,000000000001777;0,00001008;-0,000000006697;-0,00006728;0,00000000001025
11;10,3;-0,1204;-0,000000000001247;0,00001415;-0,000000009406;-0,00009441;-0,000000000009594
11;10,4;-0,0626;0,0000000000001436;0,000007324;-0,000000004861;-0,00004887;0,0000000000008615
11;10,5;0,0397;0,0000000000009893;-0,000004689;0,000000003118;0,00003128;0,000000000007147
11;10,6;0,1076;-0,000000000001827;-0,00001259;0,000000008357;0,00008398;-0,000000000009774
11;10,7;0,0913;0,000000000002421;-0,00001069;0,000000007098;0,00007131;0,00000000001301
11;10,8;0,0069;-0,000000000001941;-0,0000008392;0,0000000005615;0,000005599;-0,00000000000916
11;10,9;-0,0787;0,000000000000954;0,000009233;-0,000000006133;-0,0000616;0,000000000001869
11;11;-0,1012;-0,000000000000452;0,00001189;-0,000000007898;-0,00007931;-0,000000000000211
11;11,1;-0,0466;-0,0000000000007688;0,000005441;-0,000000003612;-0,0000363;-0,000000000004439
11;11,2;0,0407;0,000000000000826;-0,000004784;0,00000000318;0,00003192;0,0000000000034
11;11,3;0,0934;-0,0000000000002137;-0,00001093;0,000000007258;0,00007294;0,0000000000004307
11;11,4;0,0733;0,000000000001163;-0,000008596;0,000000005709;0,00005735;0,000000000005384
11;11,5;-0,0011;-0,000000000001551;0,0000001104;-0,00000000007052;-0,0000007363;-0,000000000006588
11;11,6;-0,0712;0,00000000000138;0,00000836;-0,000000005554;-0,00005578;0,000000000004473
11;11,7;-0,0846;-0,000000000001186;0,000009925;-0,000000006594;-0,00006622;-0,000000000004856
11;11,8;-0,0337;0,0000000000004281;0,000003937;-0,000000002613;-0,00002627;0,000000000001714
11;11,9;0,0403;0,0000000000005723;-0,000004727;0,000000003139;0,00003154;0,000000000002971
11;12;0,0806;-0,000000000001335;-0,000009438;0,000000006267;0,00006297;-0,000000000005245
11;12,1;0,0584;0,000000000001529;-0,000006845;0,000000004547;0,00004567;0,000000000005755
11;12,2;-0,0068;-0,0000000000009262;0,0000007936;-0,0000000005258;-0,000005295;-0,000000000001357
11;12,3;-0,0639;0,0000000000001983;0,000007496;-0,00000000498;-0,00005001;-0,000000000003188
11;12,4;-0,0703;0,00000000000005386;0,000008239;-0,000000005472;-0,00005497;0,000000000002991
11;12,5;-0,0235;0,0000000000001923;0,000002743;-0,000000001821;-0,0000183;-0,000000000001545
11;12,6;0,0389;-0,000000000000165;-0,000004557;0,000000003027;0,00003041;0,0000000000004393
11;12,7;0,0692;-0,0000000000003266;-0,000008101;0,00000000538;0,00005405;-0,0000000000001944
11;12,8;0,0459;0,0000000000002609;-0,000005389;0,000000003581;0,00003596;-0,0000000000008855
11;12,9;-0,0108;0,0000000000001232;0,000001263;-0,0000000008388;-0,000008428;0,000000000003563
11;13;-0,0568;-0,0000000000001101;0,000006666;-0,000000004428;-0,00004447;-0,000000000004406
11;13,1;-0,058;-0,000000000000187;0,000006796;-0,000000004514;-0,00004534;0,000000000001425
11;13,2;-0,0154;0,0000000000001006;0,000001806;-0,000000001199;-0,00001205;-0,0000000000007098
11;13,3;0,0368;-0,0000000000002247;-0,000004313;0,000000002864;0,00002877;0,0000000000004059
11;13,4;0,059;0,0000000000003904;-0,00000691;0,00000000459;0,0000461;0,000000000001099
11;13,5;0,0357;-0,0000000000002004;-0,00000419;0,000000002784;0,00002796;-0,0000000000005689
11;13,6;-0,0134;0,0000000000002882;0,000001568;-0,000000001041;-0,00001046;0,0000000000018
11;13,7;-0,0502;-0,0000000000002837;0,000005882;-0,000000003908;-0,00003924;-0,000000000003231
11;13,8;-0,0475;0,00000000000001156;0,000005569;-0,000000003698;-0,00003715;0,000000000001899
11;13,9;-0,0092;0,00000000000001813;0,000001078;-0,0000000007164;-0,000007195;-0,000000000002827
11;14;0,0343;0,00000000000009028;-0,000004017;0,000000002668;0,0000268;0,000000000003259
11;14,1;0,05;-0,000000000000005269;-0,000005861;0,000000003893;0,00003911;-0,0000000000008737
11;14,2;0,0273;-0,00000000000006996;-0,000003207;0,000000002131;0,0000214;0,0000000000004152
11;14,3;-0,0149;0,0000000000002209;0,000001743;-0,000000001158;-0,00001163;0,0000000000009797
11;14,4;-0,044;-0,0000000000003777;0,000005155;-0,000000003424;-0,0000344;-0,000000000003182
11;14,5;-0,0387;0,0000000000003914;0,000004529;-0,000000003008;-0,00003022;0,000000000002906
11;14,6;-0,0045;-0,0000000000004859;0,0000005238;-0,0000000003476;-0,000003495;-0,000000000002387
11;14,7;0,0315;0,0000000000006585;-0,000003695;0,000000002454;0,00002465;0,000000000002242
11;14,8;0,0422;-0,0000000000006768;-0,000004941;0,000000003282;0,00003296;-0,000000000001667
11;14,9;0,0206;0,0000000000006021;-0,00000241;0,000000001601;0,00001608;0,000000000002534
11;15;-0,0155;-0,0000000000001363;0,000001822;-0,00000000121;-0,00001216;-0,000000000002037
11;15,1;-0,0383;-0,0000000000005032;0,000004488;-0,000000002981;-0,00002995;-0,000000000000895
11;15,2;-0,0312;0,0000000000008004;0,000003655;-0,000000002427;-0,00002438;0,000000000002151
11;15,3;-0,0009151;-0,000000000001099;0,0000001072;-0,00000000007142;-0,0000007154;-0,000000000003926
11;15,4;0,0287;0,0000000000009606;-0,000003359;0,000000002231;0,00002241;0,000000000004597
11;15,5;0,0353;-0,0000000000004263;-0,000004141;0,000000002751;0,00002763;-0,000000000002372
11;15,6;0,0151;-0,00000000000004502;-0,000001767;0,000000001174;0,00001179;0,0000000000005355
11;15,7;-0,0156;0,0000000000002826;0,000001829;-0,000000001215;-0,0000122;0,0000000000009453
11;15,8;-0,0331;-0,0000000000003441;0,000003885;-0,00000000258;-0,00002592;-0,000000000002244
11;15,9;-0,0249;0,0000000000002258;0,000002922;-0,000000001941;-0,00001949;0,0000000000008974
11;16;0,0017;0,000000000000001031;-0,0000001957;0,0000000001302;0,000001306;0,0000000000006265
11;16,1;0,0258;-0,0000000000002052;-0,000003026;0,00000000201;0,00002019;-0,000000000001575
11;16,2;0,0294;0,0000000000002194;-0,000003449;0,000000002291;0,00002301;0,000000000002048
11;16,3;0,0107;0,0000000000002048;-0,000001256;0,0000000008339;0,000008379;0,0000000000006856
11;16,4;-0,0152;-0,000000000000461;0,000001784;-0,000000001185;-0,0000119;-0,000000000002564
11;16,5;-0,0285;0,0000000000003532;0,000003341;-0,000000002219;-0,00002229;0,000000000001921
11;16,6;-0,0197;-0,0000000000003987;0,000002313;-0,000000001536;-0,00001543;-0,000000000002354
11;16,7;0,0035;0,0000000000002732;-0,0000004105;0,0000000002724;0,000002739;0,000000000001253
11;16,8;0,023;-0,00000000000004155;-0,000002701;0,000000001794;0,00001802;0,0000000000004033
11;16,9;0,0244;-0,0000000000001356;-0,000002855;0,000000001896;0,00001905;-0,0000000000009534
11;17;0,0073;0,000000000000588;-0,0000008508;0,0000000005653;0,000005676;0,000000000003377
11;17,1;-0,0145;-0,0000000000008739;0,000001702;-0,00000000113;-0,00001135;-0,000000000004546
11;17,2;-0,0244;0,0000000000006862;0,000002858;-0,000000001898;-0,00001907;0,000000000002778
11;17,3;-0,0154;-0,0000000000004918;0,000001809;-0,000000001202;-0,00001207;-0,000000000001664
11;17,4;0,0047;0,0000000000001403;-0,0000005533;0,0000000003677;0,000003692;-0,0000000000001241
11;17,5;0,0204;0,0000000000003013;-0,000002393;0,000000001589;0,00001597;0,000000000002299
11;17,6;0,02;-0,0000000000005196;-0,000002346;0,000000001559;0,00001565;-0,000000000002904
11;17,7;0,0046;0,0000000000006488;-0,0000005359;0,0000000003557;0,000003576;0,000000000003199
11;17,8;-0,0136;-0,0000000000006441;0,000001597;-0,00000000106;-0,00001065;-0,000000000002805
11;17,9;-0,0207;0,0000000000004823;0,000002429;-0,000000001614;-0,00001621;0,000000000001549
11;18;-0,0119;-0,0000000000002739;0,000001396;-0,0000000009271;-0,000009315;-0,000000000001002
11;18,1;0,0055;0,00000000000006466;-0,0000006424;0,0000000004265;0,000004286;0,0000000000004098
11;18,2;0,018;0,0000000000001255;-0,000002104;0,000000001398;0,00001404;0,0000000000007602
11;18,3;0,0163;-0,0000000000002442;-0,000001916;0,000000001272;0,00001278;-0,000000000001137
11;18,4;0,0025;0,0000000000003139;-0,0000002927;0,0000000001946;0,000001953;0,000000000001327
11;18,5;-0,0126;-0,0000000000002868;0,000001476;-0,0000000009806;-0,000009848;-0,000000000001489
11;18,6;-0,0175;0,0000000000002008;0,000002054;-0,000000001364;-0,0000137;0,000000000001063
11;18,7;-0,009;-0,0000000000002034;0,000001058;-0,0000000007032;-0,000007062;-0,000000000001115
11;18,8;0,0059;0,0000000000001484;-0,0000006881;0,0000000004572;0,000004591;0,0000000000006782
11;18,9;0,0157;-0,00000000000002678;-0,000001838;0,000000001221;0,00001226;0,0000000000003815
11;19;0,0132;-0,00000000000007993;-0,000001551;0,00000000103;0,00001035;-0,000000000000772
11;19,1;0,0009365;0,0000000000002493;-0,00000011;0,00000000007287;0,000000734;0,000000000001692
11;19,2;-0,0115;-0,0000000000002869;0,000001349;-0,0000000008961;-0,000009003;-0,000000000002086
11;19,3;-0,0147;0,0000000000001731;0,000001726;-0,000000001146;-0,00001151;0,00000000000111
11;19,4;-0,0067;-0,000000000000144;0,0000007865;-0,0000000005222;-0,000005247;-0,000000000001109
11;19,5;0,006;0,0000000000000792;-0,0000007032;0,0000000004669;0,000004692;0,0000000000009807
11;19,6;0,0136;0,0000000000000361;-0,000001595;0,00000000106;0,00001064;0,00000000000005472
11;19,7;0,0106;-0,0000000000001136;-0,000001246;0,0000000008275;0,000008314;-0,0000000000007289
11;19,8;-0,0002193;0,0000000000002513;0,00000002602;-0,0000000000171;-0,0000001736;0,00000000000162
11;19,9;-0,0104;-0,0000000000002954;0,00000122;-0,0000000008104;-0,000008139;-0,000000000002013
11;20;-0,0123;0,0000000000001957;0,000001442;-0,0000000009576;-0,000009621;0,000000000001342
11;20,1;-0,0048;-0,0000000000001709;0,0000005674;-0,0000000003771;-0,000003786;-0,000000000001217
11;20,2;0,0059;0,0000000000000156;-0,0000006939;0,0000000004611;0,000004629;0,000000000000553
11;20,3;0,0117;0,0000000000001927;-0,000001376;0,000000000914;0,000009183;0,0000000000007054
11;20,4;0,0085;-0,0000000000002462;-0,0000009906;0,0000000006582;0,000006609;-0,0000000000009034
11;20,5;-0,001;0,0000000000002212;0,0000001226;-0,00000000008163;-0,0000008178;0,0000000000007921
11;20,6;-0,0093;-0,0000000000001728;0,000001094;-0,0000000007263;-0,000007298;-0,0000000000007734
11;20,7;-0,0102;0,0000000000001122;0,000001197;-0,0000000007949;-0,000007983;0,0000000000004601
11;20,8;-0,0034;-0,0000000000002089;0,0000003945;-0,0000000002619;-0,000002632;-0,000000000001301
11;20,9;0,0057;0,0000000000003197;-0,000000669;0,0000000004442;0,000004464;0,000000000002133
11;21;0,0101;-0,0000000000001748;-0,00000118;0,0000000007837;0,000007871;-0,000000000001241
11;21,1;0,0067;-0,00000000000006438;-0,0000007798;0,0000000005178;0,000005203;0,0000000000000373
11;21,2;-0,0016;0,000000000000275;0,00000019;-0,000000000126;-0,000001267;0,000000000001215
11;21,3;-0,0083;-0,0000000000003553;0,0000009718;-0,0000000006457;-0,000006484;-0,000000000001944
11;21,4;-0,0084;0,0000000000003243;0,0000009873;-0,0000000006556;-0,000006588;0,000000000001623
11;21,5;-0,0022;-0,000000000000304;0,0000002579;-0,0000000001714;-0,00000172;-0,000000000001565
11;21,6;0,0054;0,0000000000002249;-0,0000006318;0,0000000004198;0,000004215;0,000000000001204
11;21,7;0,0086;-0,00000000000006649;-0,000001006;0,0000000006682;0,000006714;-0,0000000000001615
11;21,8;0,0052;-0,00000000000008073;-0,0000006052;0,0000000004021;0,000004038;-0,0000000000005026
11;21,9;-0,002;0,0000000000002362;0,0000002325;-0,0000000001546;-0,000001551;0,000000000001287
11;22;-0,0073;-0,0000000000002814;0,0000008579;-0,0000000005697;-0,000005724;-0,00000000000155
11;22,1;-0,0069;0,0000000000002171;0,0000008082;-0,000000000537;-0,000005392;0,0000000000009848
11;22,2;-0,0013;-0,0000000000001669;0,000000153;-0,0000000001014;-0,000001021;-0,0000000000006252
11;22,3;0,005;0,00000000000008012;-0,0000005885;0,0000000003907;0,000003926;0,000000000000195
11;22,4;0,0073;0,000000000000009792;-0,0000008524;0,0000000005663;0,000005687;0,0000000000003501
11;22,5;0,004;-0,00000000000008019;-0,0000004634;0,0000000003076;0,000003091;-0,0000000000006895
11;22,6;-0,0022;0,0000000000001727;0,0000002578;-0,000000000171;-0,00000172;0,000000000001053
11;22,7;-0,0064;-0,0000000000001979;0,0000007512;-0,0000000004991;-0,000005012;-0,000000000001057
11;22,8;-0,0056;0,0000000000001223;0,0000006575;-0,0000000004366;-0,000004387;0,0000000000004699
11;22,9;-0,0006177;-0,00000000000006688;0,00000007212;-0,00000000004807;-0,0000004812;-0,0000000000001263
11;23;0,0046;0,000000000000005402;-0,0000005401;0,0000000003589;0,000003604;-0,0000000000002272
11;23,1;0,0061;0,00000000000005761;-0,0000007188;0,0000000004773;0,000004796;0,0000000000006764
11;23,2;0,003;-0,00000000000006323;-0,0000003472;0,0000000002308;0,000002317;-0,000000000000497
11;23,3;-0,0023;0,00000000000005245;0,000000268;-0,0000000001782;-0,000001788;0,0000000000003058
11;23,4;-0,0056;-0,0000000000000686;0,0000006544;-0,0000000004345;-0,000004366;-0,0000000000004718
11;23,5;-0,0045;0,00000000000005359;0,0000005297;-0,000000000352;-0,000003534;0,0000000000001935
11;23,6;-0,0001055;-0,00000000000003136;0,00000001263;-0,000000000008208;-0,00000008427;0,00000000000006082
11;23,7;0,0042;0,00000000000002511;-0,0000004913;0,0000000003262;0,000003278;-0,00000000000004875
11;23,8;0,0051;-0,00000000000001745;-0,0000006016;0,0000000003998;0,000004014;0,00000000000009326
11;23,9;0,0022;0,00000000000001511;-0,0000002548;0,000000000169;0,0000017;-0,00000000000005399
11;24;-0,0023;0,00000000000001106;0,000000269;-0,0000000001785;-0,000001795;0,0000000000001021
11;24,1;-0,0048;-0,00000000000003706;0,0000005656;-0,0000000003759;-0,000003774;-0,0000000000001997
11;24,2;-0,0036;0,0000000000000109;0,0000004237;-0,0000000002813;-0,000002827;-0,0000000000001022
11;24,3;0,0002674;0,000000000000004601;-0,00000003161;0,00000000002083;0,0000002109;0,0000000000002361
11;24,4;0,0038;-0,0000000000000102;-0,0000004417;0,0000000002935;0,000002947;-0,0000000000002062
11;24,5;0,0043;0,00000000000001435;-0,0000005014;0,0000000003329;0,000003345;0,0000000000002401
11;24,6;0,0015;-0,00000000000002744;-0,0000001801;0,0000000001198;0,000001201;-0,0000000000002276
11;24,7;-0,0022;0,000000000000008546;0,0000002614;-0,0000000001738;-0,000001744;0,00000000000007795
11;24,8;-0,0042;0,00000000000002193;0,0000004869;-0,0000000003232;-0,000003248;0,0000000000000729
11;24,9;-0,0029;-0,00000000000001224;0,0000003347;-0,0000000002225;-0,000002233;-0,00000000000009515
11;25;0,0005295;-0,0000000000000343;-0,0000000618;0,00000000004122;0,0000004124;-0,0000000000001484
11;25,1;0,0034;0,00000000000004968;-0,0000003946;0,0000000002619;0,000002632;0,0000000000002462
11;25,2;0,0035;-0,00000000000001389;-0,0000004143;0,0000000002754;0,000002764;0,00000000000004199
11;25,3;0,001;-0,00000000000001124;-0,000000122;0,00000000008089;0,0000008142;-0,0000000000002205
11;25,4;-0,0021;0,0000000000000331;0,0000002497;-0,0000000001657;-0,000001666;0,0000000000002963
11;25,5;-0,0035;-0,00000000000004916;0,0000004157;-0,0000000002763;-0,000002774;-0,0000000000003883
11;25,6;-0,0022;0,0000000000000368;0,000000262;-0,0000000001739;-0,000001748;0,0000000000002661
11;25,7;0,0007043;-0,00000000000003336;-0,0000000828;0,00000000005484;0,0000005525;-0,000000000000247
11;25,8;0,003;0,00000000000001532;-0,0000003488;0,0000000002319;0,000002327;0,0000000000001713
11;25,9;0,0029;0,000000000000006885;-0,0000003409;0,0000000002263;0,000002275;0,00000000000008224
11;26;0,0006496;-0,00000000000004215;-0,00000007589;0,00000000005057;0,0000005063;-0,0000000000003447
11;26,1;-0,002;0,00000000000006605;0,0000002335;-0,0000000001552;-0,000001558;0,00000000000047
11;26,2;-0,003;-0,00000000000005188;0,0000003538;-0,0000000002348;-0,00000236;-0,0000000000004207
11;26,3;-0,0017;0,00000000000002006;0,0000002015;-0,000000000134;-0,000001344;0,0000000000002004
11;26,4;0,0008113;-0,000000000000009939;-0,00000009484;0,00000000006316;0,0000006328;-0,00000000000002905
11;26,5;0,0026;-0,000000000000001116;-0,0000003071;0,0000000002038;0,000002049;-0,0000000000000946
11;26,6;0,0024;0,00000000000003638;-0,0000002777;0,0000000001846;0,000001853;0,0000000000003028
11;26,7;0,0003505;-0,00000000000004137;-0,00000004133;0,00000000002729;0,0000002757;-0,0000000000003367
11;26,8;-0,0018;0,00000000000003699;0,0000002162;-0,0000000001434;-0,000001443;0,0000000000003098
11;26,9;-0,0025;-0,00000000000004083;0,0000002985;-0,0000000001984;-0,000001992;-0,0000000000003239
11;27;-0,0013;0,000000000000009728;0,0000001531;-0,0000000001015;-0,000001021;0,00000000000004763
11;27,1;0,0008664;0,00000000000001149;-0,0000001018;0,00000000006745;0,0000006791;0,0000000000001595
11;27,2;0,0023;-0,00000000000002003;-0,0000002677;0,0000000001779;0,000001786;-0,0000000000002271
11;27,3;0,0019;0,00000000000003062;-0,0000002252;0,0000000001495;0,000001503;0,0000000000003317
11;27,4;0,0001248;-0,00000000000002899;-0,00000001439;0,000000000009709;0,00000009599;-0,0000000000003356
11;27,5;-0,0017;0,00000000000001977;0,000000197;-0,000000000131;-0,000001314;0,0000000000002417
11;27,6;-0,0021;-0,00000000000001453;0,0000002512;-0,0000000001667;-0,000001676;-0,0000000000001909
11;27,7;-0,0009666;-0,0000000000000169;0,0000001131;-0,00000000007524;-0,0000007543;-0,00000000000004486
11;27,8;0,0008824;0,0000000000000274;-0,0000001032;0,00000000006869;0,0000006884;0,0000000000001933
11;27,9;0,002;-0,00000000000002315;-0,0000002327;0,0000000001544;0,000001552;-0,0000000000002187
11;28;0,0015;0,0000000000000252;-0,0000001803;0,0000000001199;0,000001203;0,0000000000002748
11;28,1;-0,00004169;-0,00000000000002603;0,000000004649;-0,000000000003244;-0,00000003102;-0,0000000000002709
11;28,2;-0,0015;0,00000000000002734;0,0000001785;-0,0000000001184;-0,000001191;0,0000000000002212
11;28,3;-0,0018;-0,00000000000002209;0,0000002093;-0,0000000001392;-0,000001396;-0,000000000000174
11;28,4;-0,0006965;-0,000000000000003336;0,00000008186;-0,00000000005422;-0,0000005462;-0,00000000000005147
11;28,5;0,0008697;0,00000000000002791;-0,0000001022;0,00000000006771;0,0000006817;0,0000000000002451
11;28,6;0,0017;-0,00000000000003595;-0,0000002002;0,0000000001331;0,000001336;-0,0000000000002627
11;28,7;0,0012;0,00000000000003288;-0,0000001438;0,00000000009534;0,0000009592;0,0000000000002304
11;28,8;-0,0001608;-0,00000000000002585;0,00000001908;-0,00000000001252;-0,0000001273;-0,0000000000001722
11;28,9;-0,0014;0,000000000000006259;0,0000001594;-0,000000000106;-0,000001064;0,0000000000000217
11;29;-0,0015;0,00000000000001153;0,0000001741;-0,0000000001155;-0,000001162;0,000000000000071
11;29,1;-0,0004822;-0,00000000000004059;0,00000005628;-0,00000000003753;-0,0000003755;-0,0000000000002366
11;29,2;0,0008367;0,00000000000003594;-0,00000009784;0,00000000006513;0,0000006528;0,0000000000002375
11;29,3;0,0015;-0,00000000000001397;-0,000000172;0,0000000001141;0,000001148;-0,0000000000001156
11;29,4;0,0009626;0,000000000000005516;-0,0000001126;0,00000000007494;0,0000007512;0,00000000000005787
11;29,5;-0,0002425;-0,000000000000003013;0,00000002819;-0,00000000001887;-0,0000001881;-0,00000000000001339
11;29,6;-0,0012;0,000000000000002897;0,0000001421;-0,00000000009423;-0,000000948;-0,00000000000001255
11;29,7;-0,0012;0,00000000000000245;0,0000001431;-0,0000000000952;-0,0000009548;0,00000000000003082
11;29,8;-0,0003142;-0,00000000000001656;0,00000003705;-0,00000000002446;-0,0000002472;-0,00000000000009186
11;29,9;0,0007899;0,00000000000002529;-0,00000009281;0,0000000000615;0,0000006192;0,0000000000001265
11;30;0,0012;-0,00000000000002473;-0,0000001462;0,00000000009724;0,0000009753;-0,0000000000001179
11;30,1;0,000747;0,00000000000001151;-0,00000008777;0,00000000005815;0,0000005856;0,00000000000006798
11;30,2;-0,0002948;-0,000000000000000588;0,00000003478;-0,00000000002296;-0,0000002321;-0,00000000000001694
11;30,3;-0,0011;-0,000000000000009134;0,0000001249;-0,00000000008309;-0,0000008332;-0,00000000000006306
11;30,4;-0,001;0,00000000000001127;0,0000001176;-0,00000000007794;-0,0000007844;0,00000000000007212
11;30,5;-0,0001841;-0,00000000000001724;0,00000002136;-0,00000000001433;-0,0000001425;-0,0000000000001032
11;30,6;0,0007345;0,0000000000000152;-0,00000008586;0,00000000005717;0,0000005729;0,00000000000009138
11;30,7;0,0011;-0,000000000000009096;-0,0000001243;0,0000000000824;0,0000008291;-0,00000000000005141
11;30,8;0,0005707;-0,000000000000003383;-0,00000006667;0,00000000004442;0,0000004448;-0,00000000000001112
11;30,9;-0,0003246;0,00000000000001014;0,00000003782;-0,00000000002526;-0,0000002523;0,00000000000005722
11;31;-0,0009348;-0,000000000000009435;0,0000001098;-0,00000000007278;-0,0000007325;-0,00000000000007696
11;31,1;-0,0008135;0,000000000000002849;0,00000009513;-0,00000000006333;-0,0000006347;0,00000000000001978
11;31,2;-0,00008516;-0,000000000000002293;0,0000000102;-0,000000000006633;-0,00000006805;-0,00000000000002369
11;31,3;0,0006742;0,000000000000001424;-0,00000007924;0,00000000005249;0,0000005287;0,00000000000002515
11;31,4;0,0008915;-0,0000000000000003125;-0,0000001043;0,0000000000694;0,0000006957;0,00000000000001258
11;31,5;0,0004277;-0,00000000000000109;-0,00000005034;0,0000000000333;0,0000003359;-0,00000000000003213
11;31,6;-0,0003371;-0,00000000000000292;0,00000003973;-0,00000000002625;-0,0000002651;0,000000000000005497
11;31,7;-0,0008134;0,000000000000002185;0,00000009512;-0,00000000006332;-0,0000006346;-0,00000000000002253
11;31,8;-0,0006556;-0,000000000000002767;0,00000007705;-0,00000000005104;-0,0000005141;0,000000000000005538
11;31,9;-0,00001131;0,0000000000000005452;0,000000001112;-0,0000000000008779;-0,00000000742;-0,000000000000000759
11;32;0,0006122;-0,00000000000000009442;-0,00000007154;0,00000000004766;0,0000004773;-0,000000000000005779
11;32,1;0,0007465;-0,000000000000004163;-0,00000008771;0,00000000005812;0,0000005852;-0,000000000000002191
11;32,2;0,0003126;0,00000000000000873;-0,00000003643;0,00000000002433;0,000000243;0,00000000000002057
11;32,3;-0,000337;-0,00000000000001114;0,00000003928;-0,00000000002623;-0,0000002621;-0,00000000000004166
11;32,4;-0,0007034;0,000000000000004404;0,00000008265;-0,00000000005476;-0,0000005514;0,000000000000007942
11;32,5;-0,0005235;-0,000000000000001649;0,00000006115;-0,00000000004075;-0,000000408;-0,00000000000002102
11;32,6;0,00004235;-0,0000000000000045;-0,000000004754;0,000000000003294;0,00000003172;-0,000000000000009103
11;32,7;0,0005507;0,000000000000008301;-0,00000006475;0,00000000004287;0,000000432;0,000000000000042
11;32,8;0,0006213;-0,00000000000001163;-0,00000007261;0,00000000004836;0,0000004844;-0,00000000000005679
11;32,9;0,0002209;0,00000000000001028;-0,0000000261;0,0000000000172;0,0000001741;0,00000000000005007
11;33;-0,0003276;-0,00000000000000971;0,00000003861;-0,00000000002551;-0,0000002576;-0,00000000000003941
11;33,1;-0,0006046;0,000000000000003812;0,00000007065;-0,00000000004706;-0,0000004714;-0,00000000000001351
11;33,2;-0,0004137;-0,000000000000004788;0,0000000487;-0,00000000003221;-0,0000003249;-0,000000000000002306
11;33,3;0,00007996;-0,000000000000002937;-0,000000009577;0,000000000006227;0,0000000639;-0,00000000000003373
11;33,4;0,0004911;0,000000000000008728;-0,00000005735;0,00000000003823;0,0000003826;0,00000000000005842
11;33,5;0,0005138;-0,000000000000008792;-0,00000006042;0,00000000004;0,0000004031;-0,00000000000004203
11;33,6;0,0001486;0,000000000000005466;-0,00000001721;0,00000000001156;0,0000001148;0,00000000000001333
11;33,7;-0,0003119;-0,000000000000003713;0,00000003635;-0,00000000002428;-0,0000002425;0,000000000000001101
11;33,8;-0,0005166;-0,000000000000000808;0,00000006075;-0,00000000004022;-0,0000004054;-0,00000000000003369
11;33,9;-0,0003231;0,000000000000002061;0,00000003767;-0,00000000002515;-0,0000002513;0,00000000000002404
11;34;0,0001049;-0,000000000000006234;-0,0000000121;0,000000000008166;0,00000008071;-0,00000000000003249
11;34,1;0,0004345;0,000000000000003765;-0,00000005113;0,00000000003383;0,0000003411;0,00000000000001274
11;34,2;0,000422;-0,000000000000002063;-0,00000004926;0,00000000003285;0,0000003286;-0,0000000000000008519
11;34,3;0,00009228;-0,000000000000001901;-0,00000001102;0,000000000007187;0,0000000735;-0,00000000000002327
11;34,4;-0,0002919;0,000000000000001319;0,00000003442;-0,00000000002273;-0,0000002296;0,00000000000001659
11;34,5;-0,0004389;-0,000000000000002962;0,00000005124;-0,00000000003417;-0,0000003419;-0,00000000000002792
11;34,6;-0,0002487;-0,0000000000000000723;0,00000002935;-0,00000000001937;-0,0000001958;-0,0000000000000008956
11;34,7;0,0001201;0,0000000000000008027;-0,00000001427;0,000000000009352;0,00000009524;0,000000000000009608
11;34,8;0,0003818;-0,000000000000001816;-0,00000004455;0,00000000002972;0,0000002972;-0,00000000000001276
11;34,9;0,0003441;-0,00000000000000002736;-0,00000004053;0,00000000002679;0,0000002704;0,00000000000001071
11;35;0,00004906;0,000000000000002117;-0,000000005553;0,000000000003816;0,00000003705;-0,00000000000001097
11;35,1;-0,0002695;-0,000000000000006783;0,00000003139;-0,00000000002098;-0,0000002095;-0,00000000000001783
11;35,2;-0,0003707;0,000000000000003779;0,00000004365;-0,00000000002886;-0,0000002912;0,000000000000006487
11;35,3;-0,0001882;-0,000000000000003625;0,00000002186;-0,00000000001465;-0,0000001459;-0,00000000000001532
11;35,4;0,0001278;-0,0000000000000001587;-0,00000001478;0,000000000009943;0,00000009861;-0,000000000000006545
11;35,5;0,0003332;0,0000000000000002299;-0,00000003924;0,00000000002594;0,0000002618;0,000000000000002013
11;35,6;0,0002784;-0,000000000000002104;-0,00000003244;0,00000000002167;0,0000002164;-0,000000000000003494
11;35,7;0,00001649;0,000000000000002577;-0,000000002126;0,000000000001286;0,00000001419;-0,000000000000005981
11;35,8;-0,000246;-0,000000000000004906;0,00000002902;-0,00000000001915;-0,0000001936;-0,000000000000004107
11;35,9;-0,0003113;0,000000000000002148;0,00000003629;-0,00000000002423;-0,0000002422;-0,00000000000001245
11;36;-0,0001393;-0,00000000000000576;0,00000001652;-0,00000000001085;-0,0000001102;-0,00000000000001465
11;36,1;0,0001298;0,000000000000005328;-0,0000000154;0,00000000001011;0,0000001028;0,0000000000000162
11;36,2;0,0002889;-0,000000000000004139;-0,00000003367;0,00000000002249;0,0000002247;-0,00000000000001585
11;36,3;0,0002233;-0,0000000000000000587;-0,00000002636;0,00000000001739;0,0000001759;0,000000000000003428
11;36,4;-0,000007488;0,000000000000002374;0,000000001067;-0,000000000000586;-0,00000000712;-0,000000000000002213
11;36,5;-0,0002222;-0,000000000000006391;0,00000002585;-0,00000000001729;-0,0000001725;-0,00000000000002179
11;36,6;-0,0002598;0,000000000000003595;0,00000003064;-0,00000000002023;-0,0000002044;0,00000000000000168
11;36,7;-0,0001001;-0,000000000000003357;0,00000001155;-0,000000000007793;-0,00000007705;-0,000000000000001418
11;36,8;0,0001277;-0,0000000000000001334;-0,00000001478;0,000000000009939;0,00000009861;-0,0000000000000108
11;36,9;0,0002491;-0,0000000000000005088;-0,00000002938;0,00000000001939;0,000000196;-0,000000000000001189
11;37;0,0001774;-0,000000000000001364;-0,0000000206;0,00000000001381;0,0000001375;-0,000000000000003486
11;37,1;-0,00002461;-0,0000000000000006179;0,000000002698;-0,000000000001913;-0,000000018;-0,00000000000001346
11;37,2;-0,0001989;-0,0000000000000003224;0,0000000235;-0,00000000001549;-0,0000001568;0,000000000000003787
11;37,3;-0,0002155;-0,000000000000001149;0,00000002507;-0,00000000001677;-0,0000001673;-0,00000000000001445
11;37,4;-0,00006911;-0,000000000000001369;0,000000008284;-0,000000000005382;-0,00000005527;-0,00000000000000267
11;37,5;0,0001227;-0,0000000000000001239;-0,00000001456;0,000000000009554;0,00000009717;-0,000000000000002866
11;37,6;0,0002134;-0,000000000000001047;-0,00000002483;0,00000000001661;0,0000001657;-0,000000000000006932
11;37,7;0,0001393;0,000000000000001355;-0,00000001651;0,00000000001085;0,0000001102;0,00000000000001102
11;37,8;-0,0000363;-0,000000000000003139;0,000000004438;-0,000000000002829;-0,00000002961;-0,00000000000002335
11;37,9;-0,0001766;0,0000000000000001321;0,00000002052;-0,00000000001375;-0,0000001369;0,0000000000000008392
11;38;-0,0001776;-0,000000000000001387;0,000000021;-0,00000000001383;-0,0000001401;-0,00000000000001011
11;38,1;-0,00004479;-0,000000000000002506;0,000000005069;-0,000000000003484;-0,00000003382;-0,00000000000001354
11;38,2;0,0001157;0,000000000000002604;-0,00000001338;0,000000000009004;0,00000008927;0,0000000000000109
11;38,3;0,0001818;-0,000000000000003549;-0,00000002149;0,00000000001416;0,0000001434;-0,00000000000001517
11;38,4;0,000108;0,000000000000001441;-0,00000001248;0,000000000008405;0,00000008326;0,000000000000004522
11;38,5;-0,00004376;-0,000000000000002535;0,000000004949;-0,000000000003404;-0,00000003302;-0,00000000000001334
11;38,6;-0,0001557;-0,0000000000000003853;0,00000001843;-0,00000000001212;-0,0000001229;-0,000000000000005841
11;38,7;-0,0001453;-0,0000000000000007689;0,00000001685;-0,00000000001131;-0,0000001124;-0,000000000000003827
11;38,8;-0,000026;-0,000000000000002269;0,000000003225;-0,000000000002026;-0,00000002151;-0,00000000000001713
11;38,9;0,0001075;0,000000000000001467;-0,00000001277;0,00000000000837;0,00000008523;0,00000000000001011
11;39;0,000154;-0,000000000000002437;-0,00000001787;0,00000000001198;0,0000001192;-0,00000000000001146
11;39,1;0,00008242;0,0000000000000007268;-0,000000009836;0,000000000006419;0,00000006563;-0,000000000000001338
11;39,2;-0,00004794;-0,000000000000002681;0,000000005795;-0,000000000003734;-0,00000003866;-0,00000000000001052
11;39,3;-0,0001363;0,0000000000000008342;0,0000000158;-0,00000000001061;-0,0000001054;-0,000000000000003221
11;39,4;-0,000118;-0,00000000000000124;0,00000001401;-0,000000000009189;-0,00000009345;-0,000000000000003701
11;39,5;-0,0000117;-0,000000000000001726;0,000000001197;-0,0000000000009087;-0,000000007989;-0,0000000000000147
11;39,6;0,00009859;0,0000000000000008477;-0,00000001138;0,000000000007673;0,00000007593;0,000000000000007846
11;39,7;0,0001296;-0,0000000000000027;-0,00000001537;0,0000000000101;0,0000001025;-0,00000000000001591
11;39,8;0,00006168;0,00000000000000104;-0,000000007055;0,000000000004799;0,00000004707;0,000000000000003472
11;39,9;-0,00004965;-0,000000000000002353;0,000000005646;-0,000000000003863;-0,00000003767;-0,00000000000001242
11;40;-0,0001185;-0,0000000000000003586;0,00000001407;-0,000000000009231;-0,00000009384;-0,000000000000005871
12;0;0;0;0;0;0;0
12;0,1;0,088;0,000000000005715;0,0000927;-0,00000003581;-0,0006183;0,000000000009714
12;0,2;1,2931;-0,00000000001502;-0,0001021;0,00000003149;0,0006812;-0,0000000001067
12;0,3;1,625;0,00000000001508;-0,000204;0,0000000536;0,00136;0,0000000001453
12;0,4;0,4524;-0,000000000009283;-0,00005021;0,000000004829;0,0003347;-0,000000000117
12;0,5;-0,9818;0,0000000000043;0,0001347;-0,00000002901;-0,0008981;0,00000000006497
12;0,6;-1,4289;-0,000000000002776;0,0001319;-0,00000003417;-0,0008796;-0,00000000004756
12;0,7;-0,8235;-0,000000000008008;0,00005637;-0,000000003756;-0,0003758;-0,00000000002485
12;0,8;0,1872;0,000000000006181;0,000005062;-0,000000000223;-0,00003375;0,00000000003529
12;0,9;1,1415;0,0000000000002117;-0,0001026;0,000000007899;0,0006843;-0,000000000005768
12;1;1,3358;-0,0000000000001243;-0,0001634;0,00000004945;0,00109;0,00000000002726
12;1,1;0,2791;0,000000000008467;-0,0000231;0,000000009755;0,0001541;-0,0000000000091
12;1,2;-0,9279;-0,00000000001378;0,0001169;-0,00000004389;-0,0007797;-0,00000000002427
12;1,3;-1,1546;0,000000000009166;0,00009798;-0,00000001087;-0,0006533;0,00000000001322
12;1,4;-0,6716;-0,000000000004554;0,00005765;-0,000000005089;-0,0003844;-0,00000000004514
12;1,5;0,2075;-0,00000000000346;0,0000006821;-0,00000001551;-0,000004672;0,00000000002074
12;1,6;1,097;0,00000000001113;-0,0001144;0,0000000308;0,0007631;0,00000000004919
12;1,7;1,0567;-0,00000000001097;-0,0001221;0,00000003473;0,0008142;-0,00000000004951
12;1,8;0,0986;0,00000000001437;0,000001955;-0,00000000984;-0,00001311;0,0000000000767
12;1,9;-0,7671;-0,00000000001685;0,00008366;-0,00000001743;-0,0005579;-0,00000000009149
12;2;-0,9945;0,00000000001006;0,00008722;-0,00000001421;-0,0005816;0,00000000004127
12;2,1;-0,561;-0,00000000000328;0,00005763;-0,00000001599;-0,0003843;-0,000000000003236
12;2,2;0,3051;-0,000000000006161;-0,00002072;0,000000003625;0,0001382;-0,00000000001075
12;2,3;0,9588;0,00000000001469;-0,0001022;0,0000000238;0,0006813;0,00000000003878
12;2,4;0,8212;-0,00000000001592;-0,00008854;0,00000002057;0,0005904;-0,00000000006244
12;2,5;0,037;0,00000000002566;0,000003974;-0,000000001588;-0,00002651;0,0000000001518
12;2,6;-0,6931;-0,00000000002675;0,00007125;-0,00000001784;-0,0004752;-0,0000000001793
12;2,7;-0,8508;0,00000000001292;0,00007796;-0,00000001453;-0,0005198;0,00000000008116
12;2,8;-0,4177;-0,000000000002313;0,00004475;-0,000000009241;-0,0002984;-0,00000000002605
12;2,9;0,3237;-0,000000000008949;-0,00002706;0,000000002193;0,0001804;-0,00000000002447
12;3;0,838;0,00000000001821;-0,00008989;0,00000002227;0,0005995;0,00000000008675
12;3,1;0,6524;-0,00000000001767;-0,0000675;0,00000001682;0,0004501;-0,00000000008047
12;3,2;-0,0341;0,00000000001694;0,000009364;-0,000000005835;-0,00006248;0,00000000007785
12;3,3;-0,61;-0,00000000001636;0,00005961;-0,000000012;-0,0003975;-0,00000000009136
12;3,4;-0,7195;0,000000000008764;0,00006836;-0,00000001279;-0,0004559;0,00000000004549
12;3,5;-0,316;0,000000000002023;0,00003562;-0,00000001047;-0,0002375;0,00000000001057
12;3,6;0,3438;-0,000000000009601;-0,0000333;0,000000007374;0,0002221;-0,00000000003359
12;3,7;0,7197;0,000000000009906;-0,00007631;0,00000001872;0,0005089;0,00000000003581
12;3,8;0,5055;-0,000000000008404;-0,00004994;0,000000009924;0,000333;-0,00000000002485
12;3,9;-0,0666;0,000000000009477;0,000009392;-0,000000002633;-0,00006263;0,00000000003387
12;4;-0,546;-0,000000000008878;0,00005285;-0,0000000108;-0,0003524;-0,00000000004019
12;4,1;-0,6095;0,000000000002086;0,00006016;-0,00000001326;-0,0004011;0,0000000000004415
12;4,2;-0,2169;0,000000000002983;0,00002421;-0,000000005843;-0,0001615;0,0000000000222
12;4,3;0,3368;-0,000000000004515;-0,00003402;0,000000007418;0,0002269;-0,00000000002886
12;4,4;0,6109;0,000000000006072;-0,00006352;0,00000001463;0,0004236;0,00000000003661
12;4,5;0,3987;-0,000000000003979;-0,00003903;0,000000008558;0,0002602;-0,00000000001569
12;4,6;-0,0971;0,000000000003664;0,000011;-0,000000003156;-0,00007333;0,00000000001359
12;4,7;-0,4871;-0,000000000004876;0,00004739;-0,000000009888;-0,000316;-0,00000000001883
12;4,8;-0,5052;0,000000000004504;0,00005066;-0,00000001082;-0,0003378;0,00000000000373
12;4,9;-0,1447;-0,00000000000407;0,00001614;-0,00000000445;-0,0001076;0,000000000008666
12;5;0,322;0,00000000000006895;-0,00003311;0,000000007608;0,0002208;-0,00000000004014
12;5,1;0,5189;0,000000000002734;-0,00005323;0,00000001237;0,0003549;0,00000000005613
12;5,2;0,3079;-0,0000000000007472;-0,00002983;0,000000005909;0,0001989;-0,00000000002716
12;5,3;-0,1149;0,000000000001857;0,00001177;-0,000000002632;-0,00007849;0,00000000002073
12;5,4;-0,4313;-0,000000000003089;0,00004233;-0,00000000879;-0,0002823;-0,00000000001896
12;5,5;-0,4176;0,000000000001866;0,00004246;-0,000000009723;-0,0002832;-0,0000000000127
12;5,6;-0,0855;-0,000000000003121;0,000009292;-0,000000002261;-0,00006197;0,00000000001909
12;5,7;0,3005;0,000000000002854;-0,00003097;0,000000007188;0,0002065;-0,00000000001899
12;5,8;0,4368;-0,0000000000006767;-0,00004418;0,000000009738;0,0002946;0,00000000002892
12;5,9;0,2373;-0,00000000000001016;-0,00002319;0,000000004918;0,0001547;-0,00000000001656
12;6;-0,1268;0,000000000001851;0,0000126;-0,000000002707;-0,00008402;0,00000000001458
12;6,1;-0,3806;-0,000000000004471;0,0000378;-0,000000008218;-0,0002521;-0,0000000000248
12;6,2;-0,3397;0,000000000005074;0,0000346;-0,000000007739;-0,0002307;0,00000000001054
12;6,3;-0,042;-0,000000000005907;0,000004473;-0,000000001109;-0,00002983;-0,0000000000152
12;6,4;0,2756;0,00000000000442;-0,00002822;0,000000006395;0,0001882;0,00000000001845
12;6,5;0,3678;-0,000000000001478;-0,00003699;0,000000008224;0,0002467;0,000000000002972
12;6,6;0,1789;-0,000000000000725;-0,00001761;0,00000000369;0,0001174;-0,00000000001269
12;6,7;-0,1328;0,000000000003537;0,00001311;-0,000000002814;-0,00008745;0,00000000002575
12;6,8;-0,3323;-0,000000000004318;0,00003324;-0,000000007206;-0,0002216;-0,00000000003269
12;6,9;-0,2745;0,000000000001015;0,00002797;-0,00000000636;-0,0001865;0,000000000008005
12;7;-0,0097;-0,000000000001181;0,0000009783;-0,0000000002213;-0,000006524;-0,000000000003687
12;7,1;0,2503;0,000000000001534;-0,0000255;0,000000005791;0,00017;0,00000000000767
12;7,2;0,3076;0,000000000001594;-0,0000308;0,000000006712;0,0002054;0,00000000001395
12;7,3;0,1322;-0,000000000002436;-0,00001314;0,000000002841;0,00008762;-0,00000000001911
12;7,4;-0,1336;0,000000000003425;0,00001323;-0,000000002812;-0,00008823;0,00000000002697
12;7,5;-0,2886;-0,000000000003031;0,00002903;-0,000000006433;-0,0001936;-0,000000000032
12;7,6;-0,2192;-0,0000000000005085;0,00002226;-0,000000004993;-0,0001485;0,000000000005505
12;7,7;0,0136;0,000000000002348;-0,000001451;0,000000000364;0,000009676;0,000000000006398
12;7,8;0,2248;-0,000000000003372;-0,00002276;0,000000005064;0,0001517;-0,00000000001448
12;7,9;0,2564;0,000000000004422;-0,00002567;0,000000005631;0,0001712;0,00000000003148
12;8;0,0945;-0,000000000001545;-0,000009468;0,000000002078;0,00006314;-0,00000000001841
12;8,1;-0,131;-0,0000000000009983;0,00001305;-0,00000000284;-0,00008701;0,000000000002675
12;8,2;-0,2485;0,000000000001266;0,00002506;-0,000000005541;-0,0001671;-0,000000000001302
12;8,3;-0,1734;-0,000000000002633;0,00001756;-0,000000003925;-0,0001171;-0,000000000005088
12;8,4;0,0297;0,000000000001625;-0,000003073;0,0000000007068;0,00002049;0,0000000000006912
12;8,5;0,2006;0,0000000000001268;-0,00002023;0,000000004501;0,0001349;0,000000000004728
12;8,6;0,2123;0,000000000000492;-0,00002127;0,000000004657;0,0001419;0,000000000005521
12;8,7;0,0644;0,00000000000001923;-0,000006503;0,000000001439;0,00004336;-0,000000000007674
12;8,8;-0,1253;-0,0000000000004673;0,00001254;-0,000000002732;-0,00008363;0,000000000005609
12;8,9;-0,2128;0,0000000000004069;0,00002147;-0,000000004775;-0,0001432;-0,000000000006147
12;9;-0,1355;-0,000000000001013;0,00001368;-0,000000003041;-0,00009124;-0,000000000003145
12;9,1;0,0405;0,0000000000006812;-0,000004144;0,0000000009488;0,00002763;0,00000000000524
12;9,2;0,1775;-0,0000000000001793;-0,00001787;0,000000003942;0,0001191;0,0000000000002787
12;9,3;0,1747;0,000000000001669;-0,00001754;0,000000003854;0,0001169;0,000000000007196
12;9,4;0,0409;-0,000000000002418;-0,000004152;0,0000000009345;0,00002769;-0,000000000008082
12;9,5;-0,1179;0,000000000001393;0,00001184;-0,000000002609;-0,00007896;0,00000000000328
12;9,6;-0,1809;-0,0000000000005841;0,00001826;-0,000000004052;-0,0001218;-0,000000000005046
12;9,7;-0,1046;0,0000000000001398;0,00001053;-0,000000002327;-0,00007021;0,000000000004264
12;9,8;0,0471;0,0000000000006539;-0,000004778;0,000000001069;0,00003186;-0,000000000001882
12;9,9;0,1561;-0,000000000001723;-0,0000157;0,000000003466;0,0001047;-0,000000000002288
12;10;0,1428;0,000000000001883;-0,00001435;0,000000003162;0,00009569;0,000000000008013
12;10,1;0,0227;-0,000000000002123;-0,000002314;0,0000000005207;0,00001543;-0,00000000001125
12;10,2;-0,1092;0,000000000002542;0,00001099;-0,000000002424;-0,00007327;0,00000000001377
12;10,3;-0,153;-0,000000000001883;0,00001543;-0,000000003422;-0,0001029;-0,00000000001338
12;10,4;-0,0794;0,0000000000001934;0,000007981;-0,000000001762;-0,00005322;0,0000000000007895
12;10,5;0,0506;0,000000000001469;-0,000005114;0,00000000114;0,0000341;0,00000000001048
12;10,6;0,1364;-0,000000000002528;-0,00001371;0,000000003024;0,00009146;-0,00000000001369
12;10,7;0,1158;0,000000000003173;-0,00001165;0,000000002571;0,00007767;0,00000000001731
12;10,8;0,0089;-0,00000000000236;-0,0000009183;0,0000000002124;0,000006124;-0,00000000001139
12;10,9;-0,0999;0,000000000001082;0,00001006;-0,000000002227;-0,00006711;0,000000000002106
12;11;-0,1286;-0,0000000000005201;0,00001296;-0,00000000287;-0,00008641;-0,0000000000002931
12;11,1;-0,059;-0,000000000001041;0,000005928;-0,000000001305;-0,00003953;-0,000000000005406
12;11,2;0,0517;0,000000000001014;-0,000005215;0,000000001154;0,00003477;0,000000000003081
12;11,3;0,1185;-0,0000000000001281;-0,00001191;0,000000002628;0,00007944;0,000000000002244
12;11,4;0,0931;0,000000000001374;-0,000009368;0,000000002072;0,00006247;0,00000000000563
12;11,5;-0,0013;-0,000000000001811;0,0000001188;-0,00000000002263;-0,0000007919;-0,000000000006874
12;11,6;-0,0904;0,000000000001591;0,000009112;-0,000000002017;-0,00006076;0,000000000003907
12;11,7;-0,1074;-0,000000000001468;0,00001082;-0,000000002393;-0,00007214;-0,000000000004978
12;11,8;-0,0427;0,0000000000006642;0,00000429;-0,0000000009453;-0,00002861;0,000000000002034
12;11,9;0,0512;0,0000000000005175;-0,000005152;0,000000001139;0,00003436;0,00000000000316
12;12;0,1022;-0,000000000001568;-0,00001029;0,000000002271;0,00006859;-0,00000000000619
12;12,1;0,0741;0,000000000001932;-0,000007461;0,00000000165;0,00004975;0,000000000007424
12;12,2;-0,0086;-0,000000000001124;0,000000864;-0,0000000001886;-0,000005762;-0,000000000001367
12;12,3;-0,0811;0,0000000000001018;0,00000817;-0,000000001808;-0,00005448;-0,000000000005544
12;12,4;-0,0892;0,0000000000001549;0,00000898;-0,000000001985;-0,00005988;0,000000000005364
12;12,5;-0,0297;0,0000000000002581;0,000002988;-0,0000000006583;-0,00001993;-0,000000000003024
12;12,6;0,0494;-0,000000000000328;-0,000004967;0,000000001097;0,00003312;0,000000000001291
12;12,7;0,0877;-0,0000000000002861;-0,000008828;0,00000000195;0,00005887;-0,000000000001046
12;12,8;0,0583;0,0000000000003091;-0,000005874;0,0000000013;0,00003917;-0,0000000000003769
12;12,9;-0,0137;0,00000000000007012;0,000001376;-0,0000000003039;-0,000009179;0,000000000003772
12;13;-0,0721;-0,00000000000004252;0,000007265;-0,000000001607;-0,00004845;-0,000000000005001
12;13,1;-0,0736;-0,0000000000003317;0,000007406;-0,000000001636;-0,00004939;0,000000000001478
12;13,2;-0,0196;0,0000000000002245;0,000001968;-0,000000000434;-0,00001313;-0,0000000000007681
12;13,3;0,0467;-0,0000000000004566;-0,0000047;0,000000001038;0,00003134;0,0000000000001167
12;13,4;0,0748;0,0000000000006953;-0,000007531;0,000000001664;0,00005022;0,00000000000192
12;13,5;0,0453;-0,0000000000003563;-0,000004567;0,00000000101;0,00003045;-0,0000000000009561
12;13,6;-0,017;0,0000000000004209;0,000001709;-0,0000000003777;-0,00001139;0,000000000001992
12;13,7;-0,0637;-0,0000000000003994;0,000006411;-0,000000001418;-0,00004275;-0,00000000000343
12;13,8;-0,0603;0,00000000000002421;0,000006069;-0,000000001341;-0,00004047;0,000000000001716
12;13,9;-0,0117;0,00000000000009264;0,000001175;-0,0000000002594;-0,000007836;-0,000000000002453
12;14;0,0435;0,00000000000005823;-0,000004378;0,0000000009671;0,00002919;0,000000000003145
12;14,1;0,0634;-0,00000000000001348;-0,000006388;0,000000001412;0,0000426;-0,0000000000006516
12;14,2;0,0347;-0,0000000000001153;-0,000003496;0,0000000007734;0,00002331;0,00000000000006042
12;14,3;-0,0189;0,0000000000003716;0,0000019;-0,0000000004203;-0,00001267;0,000000000001953
12;14,4;-0,0558;-0,0000000000005792;0,000005619;-0,000000001242;-0,00003747;-0,000000000004756
12;14,5;-0,049;0,0000000000005783;0,000004935;-0,00000000109;-0,00003291;0,000000000004481
12;14,6;-0,0057;-0,0000000000006818;0,0000005709;-0,000000000126;-0,000003807;-0,000000000003463
12;14,7;0,04;0,0000000000009339;-0,000004027;0,0000000008894;0,00002685;0,000000000003022
12;14,8;0,0535;-0,000000000001034;-0,000005385;0,000000001191;0,00003591;-0,000000000002696
12;14,9;0,0261;0,0000000000009309;-0,000002627;0,0000000005808;0,00001752;0,000000000003718
12;15;-0,0197;-0,0000000000002518;0,000001986;-0,0000000004393;-0,00001325;-0,00000000000258
12;15,1;-0,0486;-0,0000000000006226;0,000004892;-0,000000001081;-0,00003262;-0,000000000001503
12;15,2;-0,0396;0,000000000001066;0,000003983;-0,0000000008801;-0,00002656;0,000000000003412
12;15,3;-0,0012;-0,000000000001468;0,0000001169;-0,00000000002593;-0,0000007792;-0,000000000005766
12;15,4;0,0364;0,000000000001178;-0,000003661;0,0000000008091;0,00002441;0,000000000005966
12;15,5;0,0448;-0,0000000000004492;-0,000004513;0,0000000009977;0,0000301;-0,000000000002798
12;15,6;0,0191;-0,000000000000147;-0,000001926;0,000000000426;0,00001285;0,0000000000003676
12;15,7;-0,0198;0,0000000000004209;0,000001993;-0,0000000004408;-0,00001329;0,000000000001658
12;15,8;-0,0421;-0,0000000000004521;0,000004234;-0,0000000009357;-0,00002823;-0,000000000003234
12;15,9;-0,0316;0,0000000000002783;0,000003184;-0,0000000007037;-0,00002123;0,000000000001265
12;16;0,0021;0,00000000000005847;-0,0000002132;0,00000000004712;0,000001422;0,000000000001104
12;16,1;0,0328;-0,0000000000003631;-0,000003298;0,0000000007288;0,00002199;-0,000000000002611
12;16,2;0,0373;0,0000000000003461;-0,000003759;0,000000000831;0,00002506;0,000000000003002
12;16,3;0,0136;0,0000000000002794;-0,000001369;0,0000000003024;0,000009127;0,0000000000009528
12;16,4;-0,0193;-0,000000000000679;0,000001944;-0,0000000004298;-0,00001297;-0,000000000003811
12;16,5;-0,0362;0,000000000000562;0,000003641;-0,0000000008048;-0,00002428;0,000000000003133
12;16,6;-0,025;-0,00000000000062;0,000002521;-0,0000000005571;-0,00001681;-0,000000000003603
12;16,7;0,0044;0,0000000000004546;-0,0000004474;0,00000000009868;0,000002983;0,000000000002074
12;16,8;0,0292;-0,0000000000001562;-0,000002944;0,0000000006507;0,00001963;0,00000000000007131
12;16,9;0,0309;-0,0000000000001085;-0,000003111;0,0000000006877;0,00002075;-0,0000000000008283
12;17;0,0092;0,0000000000007242;-0,0000009271;0,000000000205;0,000006183;0,000000000003976
12;17,1;-0,0184;-0,000000000001115;0,000001855;-0,00000000041;-0,00001237;-0,000000000005569
12;17,2;-0,0309;0,0000000000009097;0,000003115;-0,0000000006884;-0,00002077;0,000000000003508
12;17,3;-0,0196;-0,0000000000006719;0,000001971;-0,0000000004358;-0,00001315;-0,000000000002263
12;17,4;0,006;0,0000000000002303;-0,000000603;0,0000000001333;0,000004021;0,0000000000002267
12;17,5;0,0259;0,0000000000003504;-0,000002608;0,0000000005764;0,00001739;0,000000000002476
12;17,6;0,0254;-0,0000000000006684;-0,000002557;0,0000000005654;0,00001705;-0,000000000003364
12;17,7;0,0058;0,000000000000883;-0,0000005841;0,0000000001289;0,000003895;0,000000000003905
12;17,8;-0,0173;-0,0000000000009055;0,00000174;-0,0000000003845;-0,0000116;-0,00000000000359
12;17,9;-0,0263;0,0000000000006824;0,000002647;-0,0000000005853;-0,00001765;0,000000000002002
12;18;-0,0151;-0,0000000000004082;0,000001522;-0,0000000003362;-0,00001015;-0,000000000001309
12;18,1;0,007;0,0000000000001367;-0,0000007002;0,0000000001546;0,000004669;0,0000000000005884
12;18,2;0,0228;0,0000000000001271;-0,000002293;0,0000000005069;0,00001529;0,0000000000009257
12;18,3;0,0207;-0,00000000000029;-0,000002088;0,0000000004614;0,00001392;-0,000000000001373
12;18,4;0,0032;0,0000000000003382;-0,0000003189;0,00000000007053;0,000002127;0,000000000001327
12;18,5;-0,016;-0,000000000000279;0,000001609;-0,0000000003556;-0,00001073;-0,000000000001488
12;18,6;-0,0222;0,0000000000002027;0,000002239;-0,0000000004947;-0,00001493;0,000000000001207
12;18,7;-0,0115;-0,0000000000002609;0,000001153;-0,000000000255;-0,000007692;-0,000000000001534
12;18,8;0,0075;0,0000000000002458;-0,0000007498;0,0000000001658;0,000005;0,000000000001171
12;18,9;0,0199;-0,0000000000001194;-0,000002003;0,0000000004428;0,00001336;0,0000000000001219
12;19;0,0168;-0,00000000000002032;-0,00000169;0,0000000003737;0,00001127;-0,0000000000006421
12;19,1;0,0012;0,0000000000002304;-0,0000001199;0,00000000002643;0,0000007998;0,000000000001793
12;19,2;-0,0146;-0,0000000000002673;0,000001471;-0,000000000325;-0,000009807;-0,000000000002245
12;19,3;-0,0187;0,0000000000001167;0,000001881;-0,0000000004157;-0,00001254;0,0000000000009526
12;19,4;-0,0085;-0,00000000000007161;0,0000008572;-0,0000000001894;-0,000005716;-0,0000000000009521
12;19,5;0,0076;-0,000000000000009142;-0,0000007665;0,0000000001694;0,000005111;0,0000000000008653
12;19,6;0,0173;0,0000000000001359;-0,000001738;0,0000000003843;0,00001159;0,0000000000003491
12;19,7;0,0135;-0,0000000000002317;-0,000001358;0,0000000003001;0,000009056;-0,00000000000122
12;19,8;-0,0002784;0,0000000000003813;0,00000002841;-0,000000000006221;-0,0000001894;0,00000000000227
12;19,9;-0,0132;-0,0000000000003979;0,000001329;-0,0000000002939;-0,000008865;-0,000000000002599
12;20;-0,0156;0,0000000000002554;0,000001572;-0,0000000003473;-0,00001048;0,000000000001627
12;20,1;-0,0061;-0,000000000000221;0,0000006183;-0,0000000001368;-0,000004123;-0,000000000001494
12;20,2;0,0075;0,00000000000001593;-0,0000007562;0,0000000001672;0,000005042;0,000000000000676
12;20,3;0,0149;0,0000000000002557;-0,0000015;0,0000000003315;0,00001;0,0000000000009464
12;20,4;0,0107;-0,0000000000003267;-0,00000108;0,0000000002387;0,000007199;-0,000000000001161
12;20,5;-0,0013;0,0000000000002767;0,0000001335;-0,00000000002961;-0,0000008906;0,0000000000009173
12;20,6;-0,0118;-0,0000000000001968;0,000001192;-0,0000000002634;-0,00000795;-0,0000000000008315
12;20,7;-0,013;0,0000000000001226;0,000001304;-0,0000000002883;-0,000008696;0,000000000000454
12;20,8;-0,0043;-0,0000000000002659;0,00000043;-0,00000000009498;-0,000002868;-0,000000000001677
12;20,9;0,0072;0,0000000000004311;-0,0000007292;0,0000000001611;0,000004863;0,000000000002904
12;21;0,0128;-0,000000000000252;-0,000001286;0,0000000002842;0,000008573;-0,000000000001805
12;21,1;0,0084;-0,00000000000005825;-0,0000008499;0,0000000001878;0,000005668;0,0000000000002244
12;21,2;-0,0021;0,000000000000324;0,0000002071;-0,00000000004571;-0,000001381;0,000000000001385
12;21,3;-0,0105;-0,0000000000004314;0,000001059;-0,0000000002342;-0,000007062;-0,000000000002369
12;21,4;-0,0107;0,0000000000004033;0,000001076;-0,0000000002378;-0,000007176;0,00000000000204
12;21,5;-0,0028;-0,0000000000003868;0,000000281;-0,00000000006217;-0,000001874;-0,000000000002011
12;21,6;0,0068;0,0000000000002824;-0,0000006885;0,0000000001523;0,000004591;0,000000000001493
12;21,7;0,0109;-0,00000000000007774;-0,000001097;0,0000000002423;0,000007313;-0,0000000000001503
12;21,8;0,0066;-0,0000000000001143;-0,0000006595;0,0000000001458;0,000004398;-0,0000000000007278
12;21,9;-0,0025;0,0000000000003276;0,0000002533;-0,00000000005607;-0,000001689;0,000000000001813
12;22;-0,0093;-0,0000000000003885;0,0000009351;-0,0000000002066;-0,000006236;-0,000000000002131
12;22,1;-0,0088;0,0000000000002915;0,0000008808;-0,0000000001948;-0,000005873;0,000000000001298
12;22,2;-0,0017;-0,0000000000002097;0,0000001668;-0,00000000003678;-0,000001112;-0,0000000000007331
12;22,3;0,0064;0,00000000000008457;-0,0000006414;0,0000000001417;0,000004277;0,0000000000001112
12;22,4;0,0092;0,00000000000002905;-0,0000009289;0,0000000002054;0,000006195;0,0000000000005815
12;22,5;0,005;-0,00000000000011;-0,000000505;0,0000000001115;0,000003368;-0,000000000001003
12;22,6;-0,0028;0,0000000000002315;0,000000281;-0,00000000006203;-0,000001874;0,000000000001475
12;22,7;-0,0081;-0,000000000000277;0,0000008187;-0,000000000181;-0,000005459;-0,000000000001513
12;22,8;-0,0071;0,0000000000001774;0,0000007166;-0,0000000001583;-0,000004779;0,0000000000007501
12;22,9;-0,0007837;-0,0000000000001092;0,00000007856;-0,00000000001743;-0,0000005239;-0,0000000000003272
12;23;0,0059;0,00000000000003339;-0,0000005886;0,0000000001302;0,000003925;-0,0000000000001273
12;23,1;0,0078;0,00000000000004455;-0,0000007834;0,0000000001731;0,000005224;0,0000000000006901
12;23,2;0,0038;-0,00000000000005337;-0,0000003784;0,00000000008371;0,000002523;-0,0000000000004639
12;23,3;-0,0029;0,00000000000004256;0,0000002921;-0,00000000006463;-0,000001948;0,0000000000002387
12;23,4;-0,0071;-0,00000000000006914;0,0000007133;-0,0000000001576;-0,000004756;-0,0000000000004916
12;23,5;-0,0057;0,00000000000005176;0,0000005772;-0,0000000001277;-0,000003849;0,0000000000001368
12;23,6;-0,0001339;-0,00000000000002488;0,00000001381;-0,000000000002974;-0,00000009207;0,0000000000001966
12;23,7;0,0053;0,00000000000001739;-0,0000005355;0,0000000001183;0,000003571;-0,0000000000001899
12;23,8;0,0065;-0,00000000000001192;-0,0000006556;0,000000000145;0,000004372;0,000000000000204
12;23,9;0,0028;0,00000000000001578;-0,0000002777;0,00000000006131;0,000001852;-0,0000000000001068
12;24;-0,0029;0,000000000000008878;0,0000002932;-0,00000000006474;-0,000001955;0,000000000000103
12;24,1;-0,0061;-0,00000000000004252;0,0000006164;-0,0000000001363;-0,000004111;-0,0000000000002037
12;24,2;-0,0046;0,00000000000001128;0,0000004619;-0,000000000102;-0,00000308;-0,0000000000001431
12;24,3;0,0003393;-0,0000000000000007041;-0,00000003449;0,000000000007559;0,00000023;0,0000000000002374
12;24,4;0,0048;-0,000000000000002058;-0,0000004813;0,0000000001064;0,00000321;-0,0000000000001938
12;24,5;0,0054;0,000000000000009315;-0,0000005465;0,0000000001207;0,000003644;0,0000000000002674
12;24,6;0,002;-0,00000000000003641;-0,0000001962;0,00000000004343;0,000001308;-0,0000000000003209
12;24,7;-0,0028;0,00000000000001902;0,0000002849;-0,00000000006304;-0,0000019;0,0000000000001744
12;24,8;-0,0053;0,00000000000001686;0,0000005307;-0,0000000001172;-0,000003539;-0,000000000000005851
12;24,9;-0,0036;-0,000000000000007223;0,0000003647;-0,00000000008068;-0,000002432;-0,0000000000000305
12;25;0,0006719;-0,00000000000004643;-0,00000006732;0,00000000001495;0,0000004489;-0,0000000000002828
12;25,1;0,0043;0,0000000000000618;-0,0000004301;0,00000000009499;0,000002868;0,000000000000393
12;25,2;0,0045;-0,0000000000000171;-0,0000004515;0,00000000009987;0,000003011;0,0000000000000004212
12;25,3;0,0013;-0,00000000000002392;-0,000000133;0,00000000002934;0,0000008871;-0,0000000000002962
12;25,4;-0,0027;0,00000000000005239;0,0000002722;-0,00000000006009;-0,000001815;0,000000000000401
12;25,5;-0,0045;-0,00000000000006928;0,000000453;-0,0000000001002;-0,000003021;-0,0000000000005143
12;25,6;-0,0028;0,00000000000005039;0,0000002856;-0,00000000006306;-0,000001904;0,000000000000335
12;25,7;0,0008937;-0,00000000000004423;-0,00000009028;0,00000000001989;0,0000006021;-0,0000000000003053
12;25,8;0,0038;0,00000000000001617;-0,0000003801;0,00000000008409;0,000002535;0,0000000000001927
12;25,9;0,0037;0,00000000000001093;-0,0000003716;0,00000000008207;0,000002478;0,0000000000001067
12;26;0,0008243;-0,00000000000005653;-0,00000008267;0,00000000001834;0,0000005513;-0,0000000000004275
12;26,1;-0,0025;0,00000000000008492;0,0000002544;-0,0000000000563;-0,000001697;0,0000000000005848
12;26,2;-0,0038;-0,00000000000006663;0,0000003856;-0,00000000008517;-0,000002571;-0,0000000000005318
12;26,3;-0,0022;0,00000000000002963;0,0000002195;-0,00000000004859;-0,000001464;0,0000000000002581
12;26,4;0,001;-0,00000000000002422;-0,0000001033;0,00000000002291;0,000000689;-0,00000000000005397
12;26,5;0,0033;0,000000000000009308;-0,0000003347;0,00000000007392;0,000002232;-0,0000000000001221
12;26,6;0,003;0,00000000000003777;-0,0000003026;0,00000000006695;0,000002018;0,0000000000003973
12;26,7;0,0004448;-0,00000000000004806;-0,00000004508;0,000000000009897;0,0000003006;-0,0000000000004728
12;26,8;-0,0023;0,00000000000004233;0,0000002357;-0,00000000005202;-0,000001572;0,0000000000004412
12;26,9;-0,0032;-0,00000000000004917;0,0000003253;-0,00000000007196;-0,000002169;-0,0000000000004656
12;27;-0,0017;0,000000000000009929;0,0000001669;-0,00000000003682;-0,000001113;0,00000000000009517
12;27,1;0,0011;0,00000000000001458;-0,000000111;0,00000000002447;0,00000074;0,0000000000001793
12;27,2;0,0029;-0,00000000000002649;-0,0000002917;0,00000000006453;0,000001945;-0,0000000000002918
12;27,3;0,0024;0,0000000000000404;-0,0000002455;0,00000000005421;0,000001637;0,0000000000004302
12;27,4;0,0001584;-0,00000000000004245;-0,00000001564;0,000000000003516;0,0000001043;-0,0000000000004582
12;27,5;-0,0021;0,00000000000003016;0,0000002146;-0,0000000000475;-0,000001431;0,000000000000338
12;27,6;-0,0027;-0,00000000000002357;0,0000002738;-0,00000000006046;-0,000001826;-0,0000000000002844
12;27,7;-0,0012;-0,00000000000001817;0,0000001232;-0,00000000002729;-0,0000008214;-0,00000000000001709
12;27,8;0,0011;0,00000000000003288;-0,0000001124;0,00000000002491;0,0000007496;0,0000000000002086
12;27,9;0,0025;-0,00000000000003125;-0,0000002536;0,00000000005599;0,000001691;-0,0000000000002654
12;28;0,002;0,00000000000003254;-0,0000001965;0,0000000000435;0,00000131;0,0000000000003363
12;28,1;-0,0000529;-0,00000000000003187;0,00000000503;-0,000000000001176;-0,00000003354;-0,0000000000003354
12;28,2;-0,0019;0,00000000000003;0,0000001946;-0,00000000004294;-0,000001297;0,0000000000002567
12;28,3;-0,0023;-0,00000000000002703;0,0000002281;-0,00000000005047;-0,000001521;-0,0000000000002143
12;28,4;-0,0008837;-0,000000000000005413;0,00000008926;-0,00000000001967;-0,0000005952;-0,00000000000008312
12;28,5;0,0011;0,00000000000003861;-0,0000001114;0,00000000002456;0,0000007428;0,0000000000003368
12;28,6;0,0022;-0,00000000000005226;-0,0000002181;0,00000000004828;0,000001455;-0,0000000000003741
12;28,7;0,0016;0,00000000000004816;-0,0000001567;0,00000000003458;0,000001045;0,000000000000331
12;28,8;-0,0002041;-0,00000000000003961;0,00000002083;-0,000000000004544;-0,0000001389;-0,0000000000002676
12;28,9;-0,0017;0,000000000000011;0,0000001737;-0,00000000003846;-0,000001158;0,00000000000005499
12;29;-0,0019;0,00000000000001155;0,0000001898;-0,00000000004189;-0,000001266;0,00000000000006465
12;29,1;-0,0006118;-0,00000000000005311;0,00000006131;-0,00000000001361;-0,0000004088;-0,000000000000303
12;29,2;0,0011;0,00000000000004564;-0,0000001066;0,00000000002362;0,0000007108;0,0000000000002991
12;29,3;0,0019;-0,00000000000001797;-0,0000001875;0,00000000004139;0,00000125;-0,0000000000001491
12;29,4;0,0012;0,000000000000005998;-0,0000001227;0,00000000002718;0,0000008181;0,00000000000006531
12;29,5;-0,0003077;-0,000000000000004696;0,00000003069;-0,000000000006843;-0,0000002047;-0,00000000000001789
12;29,6;-0,0015;0,000000000000004847;0,0000001549;-0,00000000003418;-0,000001033;-0,00000000000001752
12;29,7;-0,0016;0,000000000000001521;0,0000001559;-0,00000000003452;-0,00000104;0,00000000000004071
12;29,8;-0,0003986;-0,00000000000002189;0,00000004041;-0,000000000008873;-0,0000002695;-0,0000000000001313
12;29,9;0,001;0,00000000000003114;-0,0000001012;0,00000000002231;0,0000006747;0,0000000000001582
12;30;0,0016;-0,00000000000003091;-0,0000001593;0,00000000003527;0,000001062;-0,000000000000151
12;30,1;0,0009478;0,00000000000001212;-0,0000000957;0,00000000002109;0,0000006381;0,00000000000007883
12;30,2;-0,0003741;0,0000000000000001933;0,00000003794;-0,000000000008329;-0,000000253;-0,00000000000002642
12;30,3;-0,0014;-0,0000000000000134;0,0000001361;-0,00000000003013;-0,0000009073;-0,00000000000008258
12;30,4;-0,0013;0,00000000000001603;0,0000001282;-0,00000000002827;-0,0000008547;0,00000000000009544
12;30,5;-0,0002337;-0,00000000000002577;0,00000002324;-0,000000000005195;-0,000000155;-0,0000000000001446
12;30,6;0,0009319;0,00000000000002048;-0,00000009354;0,00000000002073;0,0000006238;0,0000000000001121
12;30,7;0,0013;-0,00000000000001412;-0,0000001355;0,00000000002989;0,0000009034;-0,00000000000007555
12;30,8;0,0007241;-0,000000000000005464;-0,00000007262;0,00000000001611;0,0000004843;-0,00000000000002575
12;30,9;-0,0004118;0,0000000000000143;0,00000004119;-0,000000000009161;-0,0000002746;0,00000000000008886
12;31;-0,0012;-0,00000000000001267;0,0000001197;-0,0000000000264;-0,0000007981;-0,0000000000001155
12;31,1;-0,001;0,00000000000000181;0,0000001036;-0,00000000002296;-0,0000006911;0,00000000000002664
12;31,2;-0,0001081;-0,000000000000002127;0,00000001115;-0,000000000002408;-0,00000007435;-0,00000000000003548
12;31,3;0,0008555;-0,0000000000000003444;-0,0000000864;0,00000000001904;0,0000005761;0,00000000000002162
12;31,4;0,0011;-0,0000000000000004194;-0,0000001136;0,00000000002517;0,0000007576;0,00000000000001518
12;31,5;0,0005426;-0,000000000000002706;-0,0000000549;0,00000000001208;0,0000003661;-0,00000000000005024
12;31,6;-0,0004278;-0,000000000000003779;0,00000004334;-0,000000000009522;-0,000000289;0,000000000000009737
12;31,7;-0,001;0,000000000000001299;0,0000001036;-0,00000000002296;-0,0000006911;-0,0000000000000432
12;31,8;-0,0008318;-0,00000000000000355;0,00000008401;-0,00000000001851;-0,0000005602;0,00000000000001041
12;31,9;-0,00001435;-0,0000000000000005209;0,000000001178;-0,0000000000003164;-0,000000007858;-0,00000000000001342
12;32;0,0007769;-0,0000000000000002936;-0,00000007794;0,00000000001728;0,0000005197;-0,000000000000003685
12;32,1;0,0009472;-0,000000000000007065;-0,00000009562;0,00000000002108;0,0000006377;-0,00000000000001601
12;32,2;0,0003967;0,00000000000001329;-0,00000003967;0,000000000008822;0,0000002645;0,00000000000003478
12;32,3;-0,0004276;-0,00000000000001909;0,00000004278;-0,00000000000951;-0,0000002853;-0,00000000000007739
12;32,4;-0,0008925;0,00000000000000871;0,00000009011;-0,00000000001986;-0,0000006009;0,00000000000002536
12;32,5;-0,0006643;-0,000000000000006067;0,00000006661;-0,00000000001478;-0,0000004442;-0,00000000000004801
12;32,6;0,00005374;-0,000000000000003196;-0,000000005148;0,000000000001192;0,00000003433;-0,000000000000003819
12;32,7;0,0006987;0,000000000000006306;-0,0000000706;0,00000000001555;0,0000004708;0,00000000000003532
12;32,8;0,0007883;-0,00000000000001291;-0,0000000791;0,00000000001754;0,0000005275;-0,00000000000006795
12;32,9;0,0002803;0,000000000000009758;-0,00000002848;0,00000000000624;0,0000001899;0,00000000000005095
12;33;-0,0004157;-0,00000000000001006;0,00000004211;-0,000000000009253;-0,0000002808;-0,0000000000000443
12;33,1;-0,0007671;0,000000000000001501;0,00000007697;-0,00000000001707;-0,0000005133;-0,00000000000003246
12;33,2;-0,000525;-0,000000000000005708;0,00000005311;-0,00000000001168;-0,0000003541;-0,000000000000001626
12;33,3;0,0001015;-0,000000000000004357;-0,00000001047;0,00000000000226;0,00000006982;-0,00000000000005037
12;33,4;0,0006231;0,00000000000001034;-0,00000006247;0,00000000001386;0,0000004166;0,00000000000007182
12;33,5;0,0006519;-0,00000000000001261;-0,00000006588;0,00000000001451;0,0000004393;-0,00000000000006491
12;33,6;0,0001885;0,000000000000006749;-0,00000001873;0,000000000004192;0,0000001249;0,00000000000001839
12;33,7;-0,0003957;-0,000000000000005431;0,00000003958;-0,000000000008802;-0,000000264;-0,000000000000007259
12;33,8;-0,0006555;-0,000000000000002231;0,00000006625;-0,00000000001459;-0,0000004418;-0,00000000000004663
12;33,9;-0,00041;0,000000000000002988;0,00000004102;-0,000000000009119;-0,0000002735;0,00000000000002927
12;34;0,0001331;-0,00000000000001004;-0,00000001315;0,00000000000296;0,0000000877;-0,00000000000005377
12;34,1;0,0005514;0,000000000000004561;-0,00000005576;0,00000000001227;0,0000003718;0,0000000000000143
12;34,2;0,0005354;-0,00000000000000392;-0,00000005365;0,00000000001191;0,0000003578;-0,000000000000008365
12;34,3;0,0001171;-0,000000000000002258;-0,00000001204;0,000000000002608;0,00000008027;-0,00000000000002793
12;34,4;-0,0003704;-0,0000000000000005397;0,00000003754;-0,000000000008246;-0,0000002503;0,000000000000005064
12;34,5;-0,0005569;-0,000000000000003043;0,00000005582;-0,00000000001239;-0,0000003722;-0,0000000000000317
12;34,6;-0,0003156;-0,000000000000001903;0,00000003202;-0,000000000007026;-0,0000002135;-0,00000000000001216
12;34,7;0,0001524;0,0000000000000006971;-0,00000001559;0,000000000003394;0,000000104;0,000000000000008677
12;34,8;0,0004844;-0,000000000000003613;-0,00000004852;0,00000000001078;0,0000003235;-0,00000000000002255
12;34,9;0,0004366;-0,0000000000000006424;-0,0000000442;0,000000000009719;0,0000002948;0,000000000000008202
12;35;0,00006225;0,000000000000002144;-0,000000006022;0,000000000001382;0,00000004016;-0,00000000000001608
12;35,1;-0,000342;-0,000000000000009492;0,00000003419;-0,000000000007607;-0,000000228;-0,00000000000003103
12;35,2;-0,0004704;0,000000000000003778;0,0000000476;-0,00000000001047;-0,0000003174;0,000000000000003377
12;35,3;-0,0002388;-0,000000000000004842;0,0000000238;-0,00000000000531;-0,0000001587;-0,0000000000000208
12;35,4;0,0001621;-0,000000000000002206;-0,00000001608;0,000000000003604;0,0000001072;-0,00000000000002281
12;35,5;0,0004228;0,0000000000000006076;-0,0000000428;0,00000000000941;0,0000002854;0,000000000000004765
12;35,6;0,0003533;-0,000000000000004243;-0,00000003532;0,000000000007858;0,0000002355;-0,00000000000001551
12;35,7;0,00002093;0,000000000000002109;-0,000000002348;0,0000000000004679;0,00000001566;-0,00000000000001555
12;35,8;-0,0003121;-0,000000000000006052;0,00000003166;-0,000000000006946;-0,0000002111;-0,000000000000002515
12;35,9;-0,000395;0,000000000000001201;0,00000003953;-0,000000000008787;-0,0000002636;-0,0000000000000272
12;36;-0,0001767;-0,000000000000007124;0,00000001803;-0,000000000003935;-0,0000001202;-0,00000000000001786
12;36,1;0,0001647;0,000000000000004658;-0,00000001682;0,000000000003667;0,0000001121;0,000000000000008914
12;36,2;0,0003666;-0,000000000000005203;-0,00000003667;0,000000000008155;0,0000002445;-0,00000000000002188
12;36,3;0,0002833;-0,000000000000001592;-0,00000002876;0,000000000006308;0,0000001918;-0,000000000000003367
12;36,4;-0,000009502;0,000000000000002735;0,000000001193;-0,0000000000002147;-0,000000007955;-0,000000000000007064
12;36,5;-0,0002819;-0,000000000000009545;0,00000002814;-0,000000000006269;-0,0000001877;-0,00000000000003649
12;36,6;-0,0003297;0,000000000000004388;0,00000003342;-0,000000000007339;-0,0000002229;0,000000000000001402
12;36,7;-0,0001271;-0,000000000000005726;0,00000001256;-0,000000000002824;-0,00000008373;-0,00000000000001353
12;36,8;0,000162;-0,0000000000000004283;-0,00000001608;0,000000000003603;0,0000001072;-0,0000000000000124
12;36,9;0,000316;-0,000000000000002227;-0,00000003205;0,000000000007034;0,0000002137;-0,00000000000001481
12;37;0,0002251;-0,000000000000002097;-0,00000002242;0,000000000005005;0,0000001495;-0,000000000000003976
12;37,1;-0,00003123;-0,000000000000002062;0,000000002911;-0,0000000000006923;-0,00000001942;-0,00000000000002834
12;37,2;-0,0002524;-0,0000000000000007335;0,00000002564;-0,000000000005618;-0,000000171;0,000000000000003757
12;37,3;-0,0002735;-0,000000000000002746;0,0000000273;-0,000000000006082;-0,000000182;-0,00000000000002679
12;37,4;-0,00008769;-0,000000000000002561;0,000000009058;-0,000000000001954;-0,0000000604;-0,000000000000008255
12;37,5;0,0001557;-0,000000000000001213;-0,0000000159;0,000000000003467;0,000000106;-0,00000000000001118
12;37,6;0,0002708;-0,000000000000001841;-0,00000002703;0,000000000006022;0,0000001802;-0,00000000000001249
12;37,7;0,0001768;0,000000000000001027;-0,00000001802;0,000000000003936;0,0000001202;0,000000000000009029
12;37,8;-0,00004606;-0,00000000000000574;0,000000004865;-0,000000000001028;-0,00000003244;-0,00000000000004009
12;37,9;-0,0002241;0,0000000000000004321;0,00000002233;-0,000000000004984;-0,0000001489;0,0000000000000008652
12;38;-0,0002253;-0,000000000000003811;0,00000002291;-0,000000000005017;-0,0000001528;-0,00000000000002363
12;38,1;-0,00005683;-0,000000000000003033;0,000000005496;-0,000000000001262;-0,00000003665;-0,00000000000001949
12;38,2;0,0001468;0,000000000000001541;-0,00000001455;0,000000000003264;0,00000009705;0,00000000000000467
12;38,3;0,0002307;-0,000000000000004684;-0,00000002345;0,000000000005136;0,0000001563;-0,00000000000002223
12;38,4;0,000137;0,0000000000000003265;-0,00000001357;0,000000000003047;0,00000009051;-0,000000000000002695
12;38,5;-0,00005552;-0,000000000000003588;0,000000005366;-0,000000000001233;-0,00000003578;-0,00000000000002116
12;38,6;-0,0001975;-0,000000000000001814;0,00000002011;-0,000000000004399;-0,0000001341;-0,00000000000001472
12;38,7;-0,0001844;-0,000000000000001695;0,00000001834;-0,0000000000041;-0,0000001223;-0,000000000000009982
12;38,8;-0,00003299;-0,000000000000003735;0,000000003542;-0,0000000000007369;-0,00000002362;-0,00000000000002831
12;38,9;0,0001364;0,0000000000000008662;-0,00000001395;0,000000000003037;0,00000009302;0,0000000000000065
12;39;0,0001954;-0,000000000000003912;-0,00000001945;0,000000000004345;0,0000001297;-0,00000000000001968
12;39,1;0,0001046;-0,0000000000000002777;-0,00000001075;0,00000000000233;0,00000007167;-0,000000000000009511
12;39,2;-0,00006083;-0,000000000000004122;0,000000006343;-0,000000000001356;-0,0000000423;-0,00000000000001827
12;39,3;-0,0001729;0,0000000000000001166;0,00000001719;-0,000000000003846;-0,0000001146;-0,00000000000001044
12;39,4;-0,0001497;-0,000000000000002174;0,00000001529;-0,000000000003334;-0,000000102;-0,000000000000009337
12;39,5;-0,00001485;-0,000000000000003657;0,000000001278;-0,0000000000003279;-0,000000008519;-0,00000000000002699
12;39,6;0,0001251;0,0000000000000005141;-0,00000001238;0,000000000002781;0,00000008253;0,00000000000000489
12;39,7;0,0001645;-0,000000000000004535;-0,00000001678;0,000000000003663;0,0000001119;-0,00000000000002696
12;39,8;0,00007826;0,0000000000000003023;-0,000000007662;0,000000000001739;0,0000000511;-0,000000000000002549
12;39,9;-0,000063;-0,000000000000003828;0,000000006127;-0,000000000001399;-0,00000004086;-0,00000000000002127
12;40;-0,0001504;-0,000000000000001323;0,00000001536;-0,00000000000335;-0,0000001024;-0,00000000000001343
13;0;0;0;0;0;0;0
13;0,1;-0,00000000000000005679;0;0;0;0;0
13;0,2;-0,0000000000000001123;0;0;0;0;0
13;0,3;-0,0000000000000001123;0;0;0;0;0
13;0,4;-0,0000000000000001123;0;0;0;0;0
13;0,5;-0,0000000000000001123;0;0;0;0;0
13;0,6;-0,0000000000000001123;0;0;0;0;0
13;0,7;-0,0000000000000001123;0;0;0;0;0
13;0,8;-0,0000000000000001123;0;0;0;0;0
13;0,9;-0,0000000000000001123;0;0;0;0;0
13;1;-0,0000000000000001123;0;0;0;0;0
13;1,1;-0,0000000000000001123;0;0;0;0;0
13;1,2;-0,0000000000000001123;0;0;0;0;0
13;1,3;-0,0000000000000001123;0;0;0;0;0
13;1,4;-0,0000000000000001123;0;0;0;0;0
13;1,5;-0,0000000000000001123;0;0;0;0;0
13;1,6;-0,0000000000000001123;0;0;0;0;0
13;1,7;-0,0000000000000001123;0;0;0;0;0
13;1,8;-0,0000000000000001123;0;0;0;0;0
13;1,9;-0,0000000000000001123;0;0;0;0;0
13;2;-0,0000000000000001123;0;0;0;0;0
13;2,1;-0,0000000000000001123;0;0;0;0;0
13;2,2;-0,0000000000000001123;0;0;0;0;0
13;2,3;-0,0000000000000001123;0;0;0;0;0
13;2,4;-0,0000000000000001123;0;0;0;0;0
13;2,5;-0,0000000000000001123;0;0;0;0;0
13;2,6;-0,0000000000000001123;0;0;0;0;0
13;2,7;-0,0000000000000001123;0;0;0;0;0
13;2,8;-0,0000000000000001123;0;0;0;0;0
13;2,9;-0,0000000000000001123;0;0;0;0;0
13;3;-0,0000000000000001123;0;0;0;0;0
13;3,1;-0,0000000000000001123;0;0;0;0;0
13;3,2;-0,0000000000000001123;0;0;0;0;0
13;3,3;-0,0000000000000001123;0;0;0;0;0
13;3,4;-0,0000000000000001123;0;0;0;0;0
13;3,5;-0,0000000000000001123;0;0;0;0;0
13;3,6;-0,0000000000000001123;0;0;0;0;0
13;3,7;-0,0000000000000001123;0;0;0;0;0
13;3,8;-0,0000000000000001123;0;0;0;0;0
13;3,9;-0,0000000000000001123;0;0;0;0;0
13;4;-0,0000000000000001123;0;0;0;0;0
13;4,1;-0,0000000000000001123;0;0;0;0;0
13;4,2;-0,0000000000000001123;0;0;0;0;0
13;4,3;-0,0000000000000001123;0;0;0;0;0
13;4,4;-0,0000000000000001123;0;0;0;0;0
13;4,5;-0,0000000000000001123;0;0;0;0;0
13;4,6;-0,0000000000000001123;0;0;0;0;0
13;4,7;-0,0000000000000001123;0;0;0;0;0
13;4,8;-0,0000000000000001123;0;0;0;0;0
13;4,9;-0,0000000000000001123;0;0;0;0;0
13;5;-0,0000000000000001123;0;0;0;0;0
13;5,1;-0,0000000000000001123;0;0;0;0;0
13;5,2;-0,0000000000000001123;0;0;0;0;0
13;5,3;-0,0000000000000001123;0;0;0;0;0
13;5,4;-0,0000000000000001123;0;0;0;0;0
13;5,5;-0,0000000000000001123;0;0;0;0;0
13;5,6;-0,0000000000000001123;0;0;0;0;0
13;5,7;-0,0000000000000001123;0;0;0;0;0
13;5,8;-0,0000000000000001123;0;0;0;0;0
13;5,9;-0,0000000000000001123;0;0;0;0;0
13;6;-0,0000000000000001123;0;0;0;0;0
13;6,1;-0,0000000000000001123;0;0;0;0;0
13;6,2;-0,0000000000000001123;0;0;0;0;0
13;6,3;-0,0000000000000001123;0;0;0;0;0
13;6,4;-0,0000000000000001123;0;0;0;0;0
13;6,5;-0,0000000000000001123;0;0;0;0;0
13;6,6;-0,0000000000000001123;0;0;0;0;0
13;6,7;-0,0000000000000001123;0;0;0;0;0
13;6,8;-0,0000000000000001123;0;0;0;0;0
13;6,9;-0,0000000000000001123;0;0;0;0;0
13;7;-0,0000000000000001123;0;0;0;0;0
13;7,1;-0,0000000000000001123;0;0;0;0;0
13;7,2;-0,0000000000000001123;0;0;0;0;0
13;7,3;-0,0000000000000001123;0;0;0;0;0
13;7,4;-0,0000000000000001123;0;0;0;0;0
13;7,5;-0,0000000000000001123;0;0;0;0;0
13;7,6;-0,0000000000000001123;0;0;0;0;0
13;7,7;-0,0000000000000001123;0;0;0;0;0
13;7,8;-0,0000000000000001123;0;0;0;0;0
13;7,9;-0,0000000000000001123;0;0;0;0;0
13;8;-0,0000000000000001123;0;0;0;0;0
13;8,1;-0,0000000000000001123;0;0;0;0;0
13;8,2;-0,0000000000000001123;0;0;0;0;0
13;8,3;-0,0000000000000001123;0;0;0;0;0
13;8,4;-0,0000000000000001123;0;0;0;0;0
13;8,5;-0,0000000000000001123;0;0;0;0;0
13;8,6;-0,0000000000000001123;0;0;0;0;0
13;8,7;-0,0000000000000001123;0;0;0;0;0
13;8,8;-0,0000000000000001123;0;0;0;0;0
13;8,9;-0,0000000000000001123;0;0;0;0;0
13;9;-0,0000000000000001123;0;0;0;0;0
13;9,1;-0,0000000000000001123;0;0;0;0;0
13;9,2;-0,0000000000000001123;0;0;0;0;0
13;9,3;-0,0000000000000001123;0;0;0;0;0
13;9,4;-0,0000000000000001123;0;0;0;0;0
13;9,5;-0,0000000000000001123;0;0;0;0;0
13;9,6;-0,0000000000000001123;0;0;0;0;0
13;9,7;-0,0000000000000001123;0;0;0;0;0
13;9,8;-0,0000000000000001123;0;0;0;0;0
13;9,9;-0,0000000000000001123;0;0;0;0;0
13;10;-0,0000000000000001123;0;0;0;0;0
13;10,1;-0,0000000000000001123;0;0;0;0;0
13;10,2;-0,0000000000000001123;0;0;0;0;0
13;10,3;-0,0000000000000001123;0;0;0;0;0
13;10,4;-0,0000000000000001123;0;0;0;0;0
13;10,5;-0,0000000000000001123;0;0;0;0;0
13;10,6;-0,0000000000000001123;0;0;0;0;0
13;10,7;-0,0000000000000001123;0;0;0;0;0
13;10,8;-0,0000000000000001123;0;0;0;0;0
13;10,9;-0,0000000000000001123;0;0;0;0;0
13;11;-0,0000000000000001123;0;0;0;0;0
13;11,1;-0,0000000000000001123;0;0;0;0;0
13;11,2;-0,0000000000000001123;0;0;0;0;0
13;11,3;-0,0000000000000001123;0;0;0;0;0
13;11,4;-0,0000000000000001123;0;0;0;0;0
13;11,5;-0,0000000000000001123;0;0;0;0;0
13;11,6;-0,0000000000000001123;0;0;0;0;0
13;11,7;-0,0000000000000001123;0;0;0;0;0
13;11,8;-0,0000000000000001123;0;0;0;0;0
13;11,9;-0,0000000000000001123;0;0;0;0;0
13;12;-0,0000000000000001123;0;0;0;0;0
13;12,1;-0,0000000000000001123;0;0;0;0;0
13;12,2;-0,0000000000000001123;0;0;0;0;0
13;12,3;-0,0000000000000001123;0;0;0;0;0
13;12,4;-0,0000000000000001123;0;0;0;0;0
13;12,5;-0,0000000000000001123;0;0;0;0;0
13;12,6;-0,0000000000000001123;0;0;0;0;0
13;12,7;-0,0000000000000001123;0;0;0;0;0
13;12,8;-0,0000000000000001123;0;0;0;0;0
13;12,9;-0,0000000000000001123;0;0;0;0;0
13;13;-0,0000000000000001123;0;0;0;0;0
13;13,1;-0,0000000000000001123;0;0;0;0;0
13;13,2;-0,0000000000000001123;0;0;0;0;0
13;13,3;-0,0000000000000001123;0;0;0;0;0
13;13,4;-0,0000000000000001123;0;0;0;0;0
13;13,5;-0,0000000000000001123;0;0;0;0;0
13;13,6;-0,0000000000000001123;0;0;0;0;0
13;13,7;-0,0000000000000001123;0;0;0;0;0
13;13,8;-0,0000000000000001123;0;0;0;0;0
13;13,9;-0,0000000000000001123;0;0;0;0;0
13;14;-0,0000000000000001123;0;0;0;0;0
13;14,1;-0,0000000000000001123;0;0;0;0;0
13;14,2;-0,0000000000000001123;0;0;0;0;0
13;14,3;-0,0000000000000001123;0;0;0;0;0
13;14,4;-0,0000000000000001123;0;0;0;0;0
13;14,5;-0,0000000000000001123;0;0;0;0;0
13;14,6;-0,0000000000000001123;0;0;0;0;0
13;14,7;-0,0000000000000001123;0;0;0;0;0
13;14,8;-0,0000000000000001123;0;0;0;0;0
13;14,9;-0,0000000000000001123;0;0;0;0;0
13;15;-0,0000000000000001123;0;0;0;0;0
13;15,1;-0,0000000000000001123;0;0;0;0;0
13;15,2;-0,0000000000000001123;0;0;0;0;0
13;15,3;-0,0000000000000001123;0;0;0;0;0
13;15,4;-0,0000000000000001123;0;0;0;0;0
13;15,5;-0,0000000000000001123;0;0;0;0;0
13;15,6;-0,0000000000000001123;0;0;0;0;0
13;15,7;-0,0000000000000001123;0;0;0;0;0
13;15,8;-0,0000000000000001123;0;0;0;0;0
13;15,9;-0,0000000000000001123;0;0;0;0;0
13;16;-0,0000000000000001123;0;0;0;0;0
13;16,1;-0,0000000000000001123;0;0;0;0;0
13;16,2;-0,0000000000000001123;0;0;0;0;0
13;16,3;-0,0000000000000001123;0;0;0;0;0
13;16,4;-0,0000000000000001123;0;0;0;0;0
13;16,5;-0,0000000000000001123;0;0;0;0;0
13;16,6;-0,0000000000000001123;0;0;0;0;0
13;16,7;-0,0000000000000001123;0;0;0;0;0
13;16,8;-0,0000000000000001123;0;0;0;0;0
13;16,9;-0,0000000000000001123;0;0;0;0;0
13;17;-0,0000000000000001123;0;0;0;0;0
13;17,1;-0,0000000000000001123;0;0;0;0;0
13;17,2;-0,0000000000000001123;0;0;0;0;0
13;17,3;-0,0000000000000001123;0;0;0;0;0
13;17,4;-0,0000000000000001123;0;0;0;0;0
13;17,5;-0,0000000000000001123;0;0;0;0;0
13;17,6;-0,0000000000000001123;0;0;0;0;0
13;17,7;-0,0000000000000001123;0;0;0;0;0
13;17,8;-0,0000000000000001123;0;0;0;0;0
13;17,9;-0,0000000000000001123;0;0;0;0;0
13;18;-0,0000000000000001123;0;0;0;0;0
13;18,1;-0,0000000000000001123;0;0;0;0;0
13;18,2;-0,0000000000000001123;0;0;0;0;0
13;18,3;-0,0000000000000001123;0;0;0;0;0
13;18,4;-0,0000000000000001123;0;0;0;0;0
13;18,5;-0,0000000000000001123;0;0;0;0;0
13;18,6;-0,0000000000000001123;0;0;0;0;0
13;18,7;-0,0000000000000001123;0;0;0;0;0
13;18,8;-0,0000000000000001123;0;0;0;0;0
13;18,9;-0,0000000000000001123;0;0;0;0;0
13;19;-0,0000000000000001123;0;0;0;0;0
13;19,1;-0,0000000000000001123;0;0;0;0;0
13;19,2;-0,0000000000000001123;0;0;0;0;0
13;19,3;-0,0000000000000001123;0;0;0;0;0
13;19,4;-0,0000000000000001123;0;0;0;0;0
13;19,5;-0,0000000000000001123;0;0;0;0;0
13;19,6;-0,0000000000000001123;0;0;0;0;0
13;19,7;-0,0000000000000001123;0;0;0;0;0
13;19,8;-0,0000000000000001123;0;0;0;0;0
13;19,9;-0,0000000000000001123;0;0;0;0;0
13;20;-0,0000000000000001123;0;0;0;0;0
13;20,1;-0,0000000000000001123;0;0;0;0;0
13;20,2;-0,0000000000000001123;0;0;0;0;0
13;20,3;-0,0000000000000001123;0;0;0;0;0
13;20,4;-0,0000000000000001123;0;0;0;0;0
13;20,5;-0,0000000000000001123;0;0;0;0;0
13;20,6;-0,0000000000000001123;0;0;0;0;0
13;20,7;-0,0000000000000001123;0;0;0;0;0
13;20,8;-0,0000000000000001123;0;0;0;0;0
13;20,9;-0,0000000000000001123;0;0;0;0;0
13;21;-0,0000000000000001123;0;0;0;0;0
13;21,1;-0,0000000000000001123;0;0;0;0;0
13;21,2;-0,0000000000000001123;0;0;0;0;0
13;21,3;-0,0000000000000001123;0;0;0;0;0
13;21,4;-0,0000000000000001123;0;0;0;0;0
13;21,5;-0,0000000000000001123;0;0;0;0;0
13;21,6;-0,0000000000000001123;0;0;0;0;0
13;21,7;-0,0000000000000001123;0;0;0;0;0
13;21,8;-0,0000000000000001123;0;0;0;0;0
13;21,9;-0,0000000000000001123;0;0;0;0;0
13;22;-0,0000000000000001123;0;0;0;0;0
13;22,1;-0,0000000000000001123;0;0;0;0;0
13;22,2;-0,0000000000000001123;0;0;0;0;0
13;22,3;-0,0000000000000001123;0;0;0;0;0
13;22,4;-0,0000000000000001123;0;0;0;0;0
13;22,5;-0,0000000000000001123;0;0;0;0;0
13;22,6;-0,0000000000000001123;0;0;0;0;0
13;22,7;-0,0000000000000001123;0;0;0;0;0
13;22,8;-0,0000000000000001123;0;0;0;0;0
13;22,9;-0,0000000000000001123;0;0;0;0;0
13;23;-0,0000000000000001123;0;0;0;0;0
13;23,1;-0,0000000000000001123;0;0;0;0;0
13;23,2;-0,0000000000000001123;0;0;0;0;0
13;23,3;-0,0000000000000001123;0;0;0;0;0
13;23,4;-0,0000000000000001123;0;0;0;0;0
13;23,5;-0,0000000000000001123;0;0;0;0;0
13;23,6;-0,0000000000000001123;0;0;0;0;0
13;23,7;-0,0000000000000001123;0;0;0;0;0
13;23,8;-0,0000000000000001123;0;0;0;0;0
13;23,9;-0,0000000000000001123;0;0;0;0;0
13;24;-0,0000000000000001123;0;0;0;0;0
13;24,1;-0,0000000000000001123;0;0;0;0;0
13;24,2;-0,0000000000000001123;0;0;0;0;0
13;24,3;-0,0000000000000001123;0;0;0;0;0
13;24,4;-0,0000000000000001123;0;0;0;0;0
13;24,5;-0,0000000000000001123;0;0;0;0;0
13;24,6;-0,0000000000000001123;0;0;0;0;0
13;24,7;-0,0000000000000001123;0;0;0;0;0
13;24,8;-0,0000000000000001123;0;0;0;0;0
13;24,9;-0,0000000000000001123;0;0;0;0;0
13;25;-0,0000000000000001123;0;0;0;0;0
13;25,1;-0,0000000000000001123;0;0;0;0;0
13;25,2;-0,0000000000000001123;0;0;0;0;0
13;25,3;-0,0000000000000001123;0;0;0;0;0
13;25,4;-0,0000000000000001123;0;0;0;0;0
13;25,5;-0,0000000000000001123;0;0;0;0;0
13;25,6;-0,0000000000000001123;0;0;0;0;0
13;25,7;-0,0000000000000001123;0;0;0;0;0
13;25,8;-0,0000000000000001123;0;0;0;0;0
13;25,9;-0,0000000000000001123;0;0;0;0;0
13;26;-0,0000000000000001123;0;0;0;0;0
13;26,1;-0,0000000000000001123;0;0;0;0;0
13;26,2;-0,0000000000000001123;0;0;0;0;0
13;26,3;-0,0000000000000001123;0;0;0;0;0
13;26,4;-0,0000000000000001123;0;0;0;0;0
13;26,5;-0,0000000000000001123;0;0;0;0;0
13;26,6;-0,0000000000000001123;0;0;0;0;0
13;26,7;-0,0000000000000001123;0;0;0;0;0
13;26,8;-0,0000000000000001123;0;0;0;0;0
13;26,9;-0,0000000000000001123;0;0;0;0;0
13;27;-0,0000000000000001123;0;0;0;0;0
13;27,1;-0,0000000000000001123;0;0;0;0;0
13;27,2;-0,0000000000000001123;0;0;0;0;0
13;27,3;-0,0000000000000001123;0;0;0;0;0
13;27,4;-0,0000000000000001123;0;0;0;0;0
13;27,5;-0,0000000000000001123;0;0;0;0;0
13;27,6;-0,0000000000000001123;0;0;0;0;0
13;27,7;-0,0000000000000001123;0;0;0;0;0
13;27,8;-0,0000000000000001123;0;0;0;0;0
13;27,9;-0,0000000000000001123;0;0;0;0;0
13;28;-0,0000000000000001123;0;0;0;0;0
13;28,1;-0,0000000000000001123;0;0;0;0;0
13;28,2;-0,0000000000000001123;0;0;0;0;0
13;28,3;-0,0000000000000001123;0;0;0;0;0
13;28,4;-0,0000000000000001123;0;0;0;0;0
13;28,5;-0,0000000000000001123;0;0;0;0;0
13;28,6;-0,0000000000000001123;0;0;0;0;0
13;28,7;-0,0000000000000001123;0;0;0;0;0
13;28,8;-0,0000000000000001123;0;0;0;0;0
13;28,9;-0,0000000000000001123;0;0;0;0;0
13;29;-0,0000000000000001123;0;0;0;0;0
13;29,1;-0,0000000000000001123;0;0;0;0;0
13;29,2;-0,0000000000000001123;0;0;0;0;0
13;29,3;-0,0000000000000001123;0;0;0;0;0
13;29,4;-0,0000000000000001123;0;0;0;0;0
13;29,5;-0,0000000000000001123;0;0;0;0;0
13;29,6;-0,0000000000000001123;0;0;0;0;0
13;29,7;-0,0000000000000001123;0;0;0;0;0
13;29,8;-0,0000000000000001123;0;0;0;0;0
13;29,9;-0,0000000000000001123;0;0;0;0;0
13;30;-0,0000000000000001123;0;0;0;0;0
13;30,1;-0,0000000000000001123;0;0;0;0;0
13;30,2;-0,0000000000000001123;0;0;0;0;0
13;30,3;-0,0000000000000001123;0;0;0;0;0
13;30,4;-0,0000000000000001123;0;0;0;0;0
13;30,5;-0,0000000000000001123;0;0;0;0;0
13;30,6;-0,0000000000000001123;0;0;0;0;0
13;30,7;-0,0000000000000001123;0;0;0;0;0
13;30,8;-0,0000000000000001123;0;0;0;0;0
13;30,9;-0,0000000000000001123;0;0;0;0;0
13;31;-0,0000000000000001123;0;0;0;0;0
13;31,1;-0,0000000000000001123;0;0;0;0;0
13;31,2;-0,0000000000000001123;0;0;0;0;0
13;31,3;-0,0000000000000001123;0;0;0;0;0
13;31,4;-0,0000000000000001123;0;0;0;0;0
13;31,5;-0,0000000000000001123;0;0;0;0;0
13;31,6;-0,0000000000000001123;0;0;0;0;0
13;31,7;-0,0000000000000001123;0;0;0;0;0
13;31,8;-0,0000000000000001123;0;0;0;0;0
13;31,9;-0,0000000000000001123;0;0;0;0;0
13;32;-0,0000000000000001123;0;0;0;0;0
13;32,1;-0,0000000000000001123;0;0;0;0;0
13;32,2;-0,0000000000000001123;0;0;0;0;0
13;32,3;-0,0000000000000001123;0;0;0;0;0
13;32,4;-0,0000000000000001123;0;0;0;0;0
13;32,5;-0,0000000000000001123;0;0;0;0;0
13;32,6;-0,0000000000000001123;0;0;0;0;0
13;32,7;-0,0000000000000001123;0;0;0;0;0
13;32,8;-0,0000000000000001123;0;0;0;0;0
13;32,9;-0,0000000000000001123;0;0;0;0;0
13;33;-0,0000000000000001123;0;0;0;0;0
13;33,1;-0,0000000000000001123;0;0;0;0;0
13;33,2;-0,0000000000000001123;0;0;0;0;0
13;33,3;-0,0000000000000001123;0;0;0;0;0
13;33,4;-0,0000000000000001123;0;0;0;0;0
13;33,5;-0,0000000000000001123;0;0;0;0;0
13;33,6;-0,0000000000000001123;0;0;0;0;0
13;33,7;-0,0000000000000001123;0;0;0;0;0
13;33,8;-0,0000000000000001123;0;0;0;0;0
13;33,9;-0,0000000000000001123;0;0;0;0;0
13;34;-0,0000000000000001123;0;0;0;0;0
13;34,1;-0,0000000000000001123;0;0;0;0;0
13;34,2;-0,0000000000000001123;0;0;0;0;0
13;34,3;-0,0000000000000001123;0;0;0;0;0
13;34,4;-0,0000000000000001123;0;0;0;0;0
13;34,5;-0,0000000000000001123;0;0;0;0;0
13;34,6;-0,0000000000000001123;0;0;0;0;0
13;34,7;-0,0000000000000001123;0;0;0;0;0
13;34,8;-0,0000000000000001123;0;0;0;0;0
13;34,9;-0,0000000000000001123;0;0;0;0;0
13;35;-0,0000000000000001123;0;0;0;0;0
13;35,1;-0,0000000000000001123;0;0;0;0;0
13;35,2;-0,0000000000000001123;0;0;0;0;0
13;35,3;-0,0000000000000001123;0;0;0;0;0
13;35,4;-0,0000000000000001123;0;0;0;0;0
13;35,5;-0,0000000000000001123;0;0;0;0;0
13;35,6;-0,0000000000000001123;0;0;0;0;0
13;35,7;-0,0000000000000001123;0;0;0;0;0
13;35,8;-0,0000000000000001123;0;0;0;0;0
13;35,9;-0,0000000000000001123;0;0;0;0;0
13;36;-0,0000000000000001123;0;0;0;0;0
13;36,1;-0,0000000000000001123;0;0;0;0;0
13;36,2;-0,0000000000000001123;0;0;0;0;0
13;36,3;-0,0000000000000001123;0;0;0;0;0
13;36,4;-0,0000000000000001123;0;0;0;0;0
13;36,5;-0,0000000000000001123;0;0;0;0;0
13;36,6;-0,0000000000000001123;0;0;0;0;0
13;36,7;-0,0000000000000001123;0;0;0;0;0
13;36,8;-0,0000000000000001123;0;0;0;0;0
13;36,9;-0,0000000000000001123;0;0;0;0;0
13;37;-0,0000000000000001123;0;0;0;0;0
13;37,1;-0,0000000000000001123;0;0;0;0;0
13;37,2;-0,0000000000000001123;0;0;0;0;0
13;37,3;-0,0000000000000001123;0;0;0;0;0
13;37,4;-0,0000000000000001123;0;0;0;0;0
13;37,5;-0,0000000000000001123;0;0;0;0;0
13;37,6;-0,0000000000000001123;0;0;0;0;0
13;37,7;-0,0000000000000001123;0;0;0;0;0
13;37,8;-0,0000000000000001123;0;0;0;0;0
13;37,9;-0,0000000000000001123;0;0;0;0;0
13;38;-0,0000000000000001123;0;0;0;0;0
13;38,1;-0,0000000000000001123;0;0;0;0;0
13;38,2;-0,0000000000000001123;0;0;0;0;0
13;38,3;-0,0000000000000001123;0;0;0;0;0
13;38,4;-0,0000000000000001123;0;0;0;0;0
13;38,5;-0,0000000000000001123;0;0;0;0;0
13;38,6;-0,0000000000000001123;0;0;0;0;0
13;38,7;-0,0000000000000001123;0;0;0;0;0
13;38,8;-0,0000000000000001123;0;0;0;0;0
13;38,9;-0,0000000000000001123;0;0;0;0;0
13;39;-0,0000000000000001123;0;0;0;0;0
13;39,1;-0,0000000000000001123;0;0;0;0;0
13;39,2;-0,0000000000000001123;0;0;0;0;0
13;39,3;-0,0000000000000001123;0;0;0;0;0
13;39,4;-0,0000000000000001123;0;0;0;0;0
13;39,5;-0,0000000000000001123;0;0;0;0;0
13;39,6;-0,0000000000000001123;0;0;0;0;0
13;39,7;-0,0000000000000001123;0;0;0;0;0
13;39,8;-0,0000000000000001123;0;0;0;0;0
13;39,9;-0,0000000000000001123;0;0;0;0;0
13;40;-0,0000000000000001123;0;0;0;0;0
14;0;0;0;0;0;0;0
14;0,1;0,984;-0,0000000000019;-0,00003101;-0,00000004787;-0,0002063;0,00000000001499
14;0,2;0,9358;0,000000000007732;0,00006526;-0,0000001108;0,000436;-0,00000000004355
14;0,3;0,3549;-0,00000000001175;0,0001145;-0,0000001243;0,0007643;0,000000000056
14;0,4;0,0974;0,00000000001012;0,00003241;-0,00000004533;0,0002164;-0,00000000004077
14;0,5;-0,0454;-0,000000000005681;-0,00007618;0,00000007869;-0,0005085;0,00000000001456
14;0,6;-0,7925;0,00000000000396;-0,00008186;0,0000001231;-0,0005467;-0,000000000004072
14;0,7;-0,5683;0,000000000001085;-0,00004339;0,00000008787;-0,00029;-0,0000000000301
14;0,8;0,3417;-0,00000000000433;0,000001335;-0,00000002113;0,000009072;0,00000000004329
14;0,9;0,5065;0,000000000004341;0,00007137;-0,0000001189;0,0004768;-0,00000000003458
14;1;0,3895;-0,000000000006497;0,00008995;-0,00000009648;0,0006004;0,00000000003783
14;1,1;0,2133;0,000000000006445;0,00001349;-0,00000002078;0,0000901;-0,00000000002337
14;1,2;-0,3074;-0,000000000004034;-0,00006056;0,00000005689;-0,0004042;0,0000000000004659
14;1,3;-0,6085;0,000000000003484;-0,00006819;0,0000001172;-0,0004555;0,000000000003747
14;1,4;-0,3356;0,000000000002634;-0,00004046;0,00000006951;-0,0002703;-0,0000000000218
14;1,5;0,1913;-0,000000000003085;0,000009725;-0,00000003962;0,00006515;0,00000000001497
14;1,6;0,4835;-0,000000000002327;0,00006769;-0,00000008965;0,000452;0,00000000001392
14;1,7;0,3606;0,000000000002236;0,00006923;-0,00000008099;0,0004622;-0,00000000001378
14;1,8;0,0907;-0,000000000004341;0,00000474;-0,00000002145;0,00003177;0,00000000002717
14;1,9;-0,2589;0,000000000004835;-0,00005072;0,00000006705;-0,0003387;-0,00000000003335
14;2;-0,5292;-0,0000000000007341;-0,00005831;0,00000009585;-0,0003895;0,0000000000109
14;2,1;-0,2602;-0,0000000000008412;-0,00003409;0,0000000456;-0,0002276;0,000000000004933
14;2,2;0,231;-0,0000000000009726;0,00001515;-0,00000003019;0,0001013;-0,00000000001266
14;2,3;0,3701;0,000000000000254;0,00006143;-0,00000008167;0,0004102;0,00000000002513
14;2,4;0,3056;0,000000000001681;0,00005306;-0,00000006975;0,0003543;-0,00000000003125
14;2,5;0,0915;-0,000000000007286;-0,0000006393;-0,00000000581;-0,000004215;0,00000000005761
14;2,6;-0,3049;0,000000000009565;-0,00004287;0,00000005837;-0,0002862;-0,00000000006421
14;2,7;-0,4311;-0,000000000003653;-0,00005066;0,00000007948;-0,0003383;0,00000000002735
14;2,8;-0,1488;0,000000000001826;-0,00002731;0,00000003678;-0,0001824;-0,000000000007145
14;2,9;0,1687;-0,0000000000009139;0,00001924;-0,00000003378;0,0001285;-0,00000000001
14;3;0,3281;-0,000000000002577;0,00005343;-0,00000006982;0,0003568;0,00000000003294
14;3,1;0,2819;0,000000000002085;0,00004055;-0,00000005491;0,0002708;-0,00000000002954
14;3,2;0,0165;-0,00000000000204;-0,000003161;-0,000000002391;-0,00002106;0,00000000002679
14;3,3;-0,2762;0,000000000003583;-0,00003757;0,0000000553;-0,0002509;-0,00000000002992
14;3,4;-0,3385;-0,000000000001039;-0,00004387;0,00000006667;-0,000293;0,00000000001197
14;3,5;-0,1197;-0,000000000001137;-0,00002022;0,00000002413;-0,000135;0,000000000008683
14;3,6;0,1643;0,0000000000008445;0,0000208;-0,00000003052;0,0001389;-0,00000000001714
14;3,7;0,2896;-0,000000000001;0,0000456;-0,0000000604;0,0003045;0,0000000000173
14;3,8;0,2219;0,000000000000343;0,00003142;-0,00000004584;0,0002098;-0,00000000001199
14;3,9;-0,0054;-0,000000000001576;-0,000005044;0,000000004636;-0,00003367;0,00000000001781
14;4;-0,2539;0,000000000002746;-0,00003336;0,00000004943;-0,0002228;-0,00000000002168
14;4,1;-0,279;-0,0000000000002438;-0,00003736;0,00000005391;-0,0002495;0,00000000000365
14;4,2;-0,074;-0,0000000000004127;-0,00001427;0,00000001799;-0,00009529;0,000000000004308
14;4,3;0,1453;0,00000000000078;0,000021;-0,00000002969;0,0001402;-0,000000000008023
14;4,4;0,2509;-0,000000000001521;0,00003855;-0,00000005261;0,0002575;0,00000000001392
14;4,5;0,1857;-0,0000000000001915;0,00002432;-0,00000003539;0,0001624;-0,00000000000565
14;4,6;-0,0356;0,0000000000001475;-0,000006263;0,000000007478;-0,00004181;0,000000000004888
14;4,7;-0,2256;0,0000000000004604;-0,00002978;0,00000004383;-0,0001989;-0,000000000008144
14;4,8;-0,22;0,000000000001036;-0,00003143;0,00000004486;-0,0002099;0,000000000002898
14;4,9;-0,0539;-0,000000000001892;-0,000009305;0,00000001141;-0,00006212;0,0000000000009692
14;5;0,1358;0,000000000003669;0,00002018;-0,00000002783;0,0001347;-0,00000000001292
14;5,1;0,2216;-0,000000000004619;0,00003241;-0,00000004475;0,0002164;0,00000000002014
14;5,2;0,1413;0,000000000002012;0,00001889;-0,00000002806;0,0001262;-0,000000000008977
14;5,3;-0,0484;-0,0000000000007194;-0,000007209;0,00000001003;-0,00004814;0,00000000000606
14;5,4;-0,1956;-0,00000000000006629;-0,00002654;0,00000003878;-0,0001773;-0,000000000004584
14;5,5;-0,181;0,000000000003309;-0,00002598;0,00000003626;-0,0001735;-0,000000000008275
14;5,6;-0,0319;-0,000000000004443;-0,000005515;0,000000007132;-0,00003683;0,00000000001149
14;5,7;0,1269;0,000000000004456;0,00001883;-0,00000002589;0,0001257;-0,00000000001357
14;5,8;0,1886;-0,00000000000487;0,00002722;-0,00000003838;0,0001818;0,00000000001838
14;5,9;0,1095;0,000000000002816;0,00001453;-0,00000002125;0,00009701;-0,00000000001178
14;6;-0,0567;-0,000000000001911;-0,000007835;0,00000001127;-0,00005233;0,00000000001079
14;6,1;-0,1708;0,000000000002146;-0,00002347;0,00000003373;-0,0001568;-0,00000000001449
14;6,2;-0,1451;0,0000000000003504;-0,00002123;0,00000002967;-0,0001418;0,000000000006082
14;6,3;-0,0168;-0,0000000000006355;-0,000002665;0,000000003508;-0,00001779;-0,000000000005535
14;6,4;0,1168;0,000000000000006206;0,00001725;-0,00000002395;0,0001152;0,000000000004983
14;6,5;0,1617;-0,000000000001661;0,00002281;-0,00000003229;0,0001523;0,000000000005083
14;6,6;0,0809;0,000000000001923;0,00001102;-0,00000001604;0,00007358;-0,000000000009326
14;6,7;-0,06;-0,000000000002363;-0,000008172;0,00000001182;-0,00005458;0,00000000001494
14;6,8;-0,1466;0,000000000002911;-0,0000206;0,00000002942;-0,0001376;-0,00000000001777
14;6,9;-0,1179;-0,000000000001162;-0,00001712;0,00000002386;-0,0001143;0,000000000006648
14;7;-0,0042;0,0000000000006059;-0,0000006006;0,0000000008438;-0,000004011;-0,000000000004231
14;7,1;0,1077;-0,0000000000008919;0,00001561;-0,00000002177;0,0001042;0,000000000005408
14;7,2;0,1354;-0,0000000000006966;0,00001907;-0,00000002718;0,0001274;0,000000000004481
14;7,3;0,0591;0,0000000000008757;0,000008163;-0,00000001173;0,00005451;-0,000000000005479
14;7,4;-0,0599;-0,0000000000012;-0,000008248;0,00000001192;-0,00005508;0,000000000006591
14;7,5;-0,1266;0,000000000002044;-0,00001791;0,00000002536;-0,0001196;-0,000000000008983
14;7,6;-0,0944;-0,0000000000002348;-0,00001367;0,00000001915;-0,00009127;-0,000000000001277
14;7,7;0,0054;-0,0000000000003959;0,0000008618;-0,000000001128;0,000005754;0,000000000005631
14;7,8;0,0973;0,0000000000006097;0,000014;-0,0000000197;0,00009349;-0,000000000007388
14;7,9;0,1132;-0,000000000001932;0,00001588;-0,00000002261;0,000106;0,00000000001228
14;8;0,0416;0,000000000001202;0,000005854;-0,000000008329;0,0000391;-0,000000000004766
14;8,1;-0,0584;-0,0000000000002304;-0,000008093;0,00000001159;-0,00005405;-0,000000000002018
14;8,2;-0,1084;0,0000000000002076;-0,00001545;0,00000002184;-0,0001032;0,000000000002138
14;8,3;-0,0752;-0,0000000000001188;-0,00001079;0,00000001517;-0,00007207;-0,000000000004148
14;8,4;0,0123;0,0000000000003742;0,000001868;-0,000000002561;0,00001248;0,000000000001787
14;8,5;0,0875;-0,0000000000002919;0,00001246;-0,00000001759;0,00008322;0,000000000000065
14;8,6;0,0935;-0,0000000000007718;0,00001316;-0,00000001873;0,00008788;0,000000000004602
14;8,7;0,0281;0,00000000000112;0,000004007;-0,00000000566;0,00002676;-0,000000000005283
14;8,8;-0,0553;-0,0000000000009861;-0,000007767;0,00000001108;-0,00005187;0,000000000004747
14;8,9;-0,0927;0,00000000000108;-0,00001323;0,00000001866;-0,00008832;-0,000000000005173
14;9;-0,0591;-0,00000000000005706;-0,000008427;0,00000001189;-0,00005627;0,0000000000002907
14;9,1;0,0173;-0,0000000000004031;0,00000253;-0,00000000351;0,0000169;0,000000000000723
14;9,2;0,0777;-0,00000000000008862;0,00001102;-0,00000001561;0,00007362;0,000000000001762
14;9,3;0,0768;-0,0000000000002536;0,00001084;-0,0000000154;0,00007237;0,000000000001898
14;9,4;0,0177;0,00000000000004551;0,000002548;-0,000000003573;0,00001702;-0,000000000003032
14;9,5;-0,0518;0,000000000000168;-0,000007313;0,00000001038;-0,00004884;0,000000000001874
14;9,6;-0,0789;0,0000000000003253;-0,00001125;0,00000001588;-0,00007512;-0,00000000000268
14;9,7;-0,0457;-0,0000000000003405;-0,000006494;0,000000009191;-0,00004337;0,000000000001845
14;9,8;0,0203;0,0000000000003243;0,000002935;-0,000000004118;0,0000196;-0,0000000000004975
14;9,9;0,0684;-0,0000000000002919;0,000009691;-0,00000001373;0,00006471;-0,0000000000009765
14;10;0,0626;-0,000000000000366;0,00000886;-0,00000001257;0,00005917;0,000000000003506
14;10,1;0,0097;0,0000000000005954;0,000001419;-0,000000001981;0,000009473;-0,000000000004189
14;10,2;-0,0478;-0,0000000000005972;-0,000006781;0,000000009608;-0,00004528;0,000000000004261
14;10,3;-0,0667;0,0000000000007889;-0,000009507;0,00000001343;-0,00006348;-0,00000000000408
14;10,4;-0,0348;-0,0000000000000007903;-0,000004926;0,000000006981;-0,00003289;-0,0000000000005814
14;10,5;0,022;-0,0000000000006385;0,000003147;-0,000000004434;0,00002102;0,000000000004679
14;10,6;0,0598;0,0000000000005723;0,000008467;-0,00000001201;0,00005654;-0,000000000005709
14;10,7;0,0507;-0,0000000000008279;0,000007188;-0,00000001018;0,000048;0,000000000007584
14;10,8;0,0038;0,0000000000005626;0,0000005593;-0,0000000007715;0,000003735;-0,000000000005801
14;10,9;-0,0437;0,00000000000003296;-0,000006206;0,000000008781;-0,00004144;0,000000000002052
14;11;-0,0562;-0,00000000000005943;-0,000007988;0,00000001129;-0,00005334;-0,00000000000107
14;11,1;-0,0259;0,0000000000001797;-0,000003661;0,000000005195;-0,00002445;-0,00000000000155
14;11,2;0,0226;-0,00000000000001977;0,000003215;-0,000000004546;0,00002147;0,00000000000121
14;11,3;0,0519;-0,0000000000002325;0,000007353;-0,00000001042;0,00004911;0,0000000000006023
14;11,4;0,0407;-0,0000000000002542;0,000005778;-0,000000008179;0,00003859;0,000000000002864
14;11,5;-0,000638;0,0000000000003151;-0,00000007671;0,0000000001191;-0,0000005124;-0,000000000003945
14;11,6;-0,0395;-0,0000000000001017;-0,000005619;0,000000007947;-0,00003752;0,000000000002987
14;11,7;-0,047;0,0000000000002727;-0,000006671;0,000000009439;-0,00004455;-0,000000000003095
14;11,8;-0,0187;-0,0000000000001506;-0,000002649;0,000000003758;-0,00001769;0,000000000001263
14;11,9;0,0224;-0,0000000000001123;0,000003178;-0,000000004498;0,00002122;0,000000000001417
14;12;0,0448;0,00000000000008038;0,000006347;-0,000000008993;0,00004239;-0,000000000002599
14;12,1;0,0324;-0,00000000000007657;0,000004601;-0,00000000651;0,00003073;0,00000000000278
14;12,2;-0,0038;-0,0000000000003033;-0,0000005346;0,0000000007616;-0,00000357;-0,0000000000003489
14;12,3;-0,0354;0,0000000000006343;-0,000005038;0,000000007127;-0,00003364;-0,000000000001891
14;12,4;-0,039;-0,0000000000004607;-0,000005539;0,00000000784;-0,00003699;0,000000000001736
14;12,5;-0,013;0,0000000000003281;-0,000001845;0,000000002618;-0,00001232;-0,0000000000009355
14;12,6;0,0216;-0,00000000000009036;0,000003064;-0,000000004341;0,00002046;0,0000000000001498
14;12,7;0,0384;-0,0000000000002325;0,000005447;-0,000000007715;0,00003637;0,0000000000001728
14;12,8;0,0255;0,0000000000003601;0,000003622;-0,000000005125;0,00002419;-0,0000000000007077
14;12,9;-0,006;-0,0000000000005464;-0,0000008495;0,000000001204;-0,000005673;0,000000000001943
14;13;-0,0315;0,0000000000006215;-0,00000448;0,000000006339;-0,00002992;-0,000000000002028
14;13,1;-0,0322;-0,0000000000002805;-0,000004569;0,00000000647;-0,00003051;0,0000000000004106
14;13,2;-0,0086;0,0000000000001211;-0,000001215;0,000000001722;-0,000008114;-0,00000000000009643
14;13,3;0,0204;-0,000000000000144;0,0000029;-0,000000004107;0,00001937;0,000000000000009197
14;13,4;0,0327;-0,00000000000002526;0,000004646;-0,000000006579;0,00003103;0,0000000000008445
14;13,5;0,0198;0,00000000000001903;0,000002816;-0,000000003984;0,00001881;-0,0000000000004508
14;13,6;-0,0074;-0,0000000000001307;-0,000001054;0,000000001491;-0,000007038;0,000000000000974
14;13,7;-0,0278;0,0000000000003292;-0,000003954;0,000000005596;-0,0000264;-0,000000000001647
14;13,8;-0,0264;-0,0000000000002622;-0,000003744;0,000000005301;-0,000025;0,0000000000009239
14;13,9;-0,0051;0,0000000000004134;-0,0000007253;0,000000001028;-0,000004844;-0,000000000001347
14;14;0,019;-0,0000000000004128;0,000002701;-0,000000003826;0,00001804;0,000000000001498
14;14,1;0,0278;0,00000000000007003;0,00000394;-0,000000005578;0,00002631;-0,000000000000137
14;14,2;0,0152;-0,00000000000003662;0,000002156;-0,000000003051;0,0000144;-0,0000000000001365
14;14,3;-0,0082;-0,0000000000001313;-0,000001172;0,000000001658;-0,000007824;0,000000000001089
14;14,4;-0,0244;0,0000000000004018;-0,000003466;0,000000004905;-0,00002314;-0,000000000002276
14;14,5;-0,0215;-0,0000000000003456;-0,000003045;0,000000004312;-0,00002033;0,000000000002054
14;14,6;-0,0025;0,000000000000205;-0,0000003521;0,0000000004984;-0,000002352;-0,000000000001619
14;14,7;0,0175;-0,00000000000007874;0,000002484;-0,000000003518;0,00001659;0,000000000001425
14;14,8;0,0234;-0,00000000000004618;0,000003322;-0,000000004702;0,00002218;-0,0000000000009735
14;14,9;0,0114;-0,000000000000129;0,00000162;-0,000000002293;0,00001082;0,000000000001391
14;15;-0,0086;0,0000000000002725;-0,000001225;0,000000001733;-0,000008181;-0,000000000001078
14;15,1;-0,0213;-0,000000000000122;-0,000003018;0,000000004272;-0,00002015;-0,0000000000005092
14;15,2;-0,0173;0,00000000000006706;-0,000002457;0,000000003479;-0,00001641;0,000000000001252
14;15,3;-0,0005072;0,00000000000006877;-0,00000007208;0,0000000001021;-0,0000004813;-0,000000000002263
14;15,4;0,0159;-0,0000000000002667;0,000002259;-0,000000003198;0,00001508;0,000000000002748
14;15,5;0,0196;0,0000000000001844;0,000002784;-0,000000003941;0,00001859;-0,00000000000149
14;15,6;0,0084;-0,0000000000001382;0,000001188;-0,000000001682;0,000007935;0,0000000000004599
14;15,7;-0,0087;-0,00000000000000058;-0,000001229;0,00000000174;-0,000008209;0,000000000000565
14;15,8;-0,0184;0,0000000000001832;-0,000002612;0,000000003697;-0,00001744;-0,000000000001336
14;15,9;-0,0138;-0,00000000000002539;-0,000001964;0,000000002782;-0,00001312;0,0000000000005555
14;16;0,0009316;-0,00000000000009005;0,0000001317;-0,000000000187;0,0000008795;0,000000000000181
14;16,1;0,0143;0,0000000000001188;0,000002034;-0,00000000288;0,00001359;-0,0000000000005572
14;16,2;0,0163;-0,0000000000002004;0,000002318;-0,000000003282;0,00001548;0,0000000000009184
14;16,3;0,0059;-0,000000000000006786;0,0000008443;-0,000000001195;0,000005638;0,0000000000005442
14;16,4;-0,0084;0,0000000000001571;-0,000001199;0,000000001697;-0,000008009;-0,000000000001481
14;16,5;-0,0158;-0,0000000000001107;-0,000002246;0,00000000318;-0,000015;0,000000000001112
14;16,6;-0,011;0,0000000000001437;-0,000001555;0,000000002202;-0,00001039;-0,000000000001213
14;16,7;0,0019;-0,00000000000004687;0,000000276;-0,0000000003907;0,000001843;0,0000000000006707
14;16,8;0,0128;-0,00000000000009417;0,000001816;-0,000000002571;0,00001213;0,0000000000002158
14;16,9;0,0135;0,00000000000009389;0,000001919;-0,000000002716;0,00001282;-0,0000000000005798
14;17;0,004;-0,0000000000002465;0,000000572;-0,0000000008102;0,00000382;0,000000000001915
14;17,1;-0,0081;0,0000000000002807;-0,000001144;0,00000000162;-0,00000764;-0,000000000002512
14;17,2;-0,0135;-0,0000000000001099;-0,000001921;0,00000000272;-0,00001283;0,000000000001657
14;17,3;-0,0086;0,00000000000002685;-0,000001216;0,000000001722;-0,000008122;-0,000000000001004
14;17,4;0,0026;0,00000000000007875;0,000000372;-0,0000000005271;0,000002485;0,00000000000002779
14;17,5;0,0113;-0,0000000000002093;0,000001609;-0,000000002277;0,00001074;0,000000000001206
14;17,6;0,0111;0,0000000000001892;0,000001577;-0,000000002233;0,00001053;-0,000000000001488
14;17,7;0,0025;-0,0000000000001694;0,0000003603;-0,0000000005099;0,000002406;0,000000000001599
14;17,8;-0,0076;0,0000000000001008;-0,000001073;0,000000001519;-0,000007168;-0,000000000001306
14;17,9;-0,0115;0,00000000000001122;-0,000001633;0,000000002312;-0,00001091;0,0000000000006758
14;18;-0,0066;-0,000000000000004723;-0,0000009385;0,000000001328;-0,000006268;-0,0000000000003211
14;18,1;0,003;-0,0000000000000004224;0,0000004319;-0,0000000006112;0,000002884;-0,00000000000002335
14;18,2;0,01;-0,0000000000001007;0,000001414;-0,000000002003;0,000009445;0,0000000000007252
14;18,3;0,0091;0,00000000000008791;0,000001288;-0,000000001823;0,000008601;-0,0000000000008631
14;18,4;0,0014;-0,00000000000008878;0,0000001968;-0,000000000279;0,000001314;0,000000000001006
14;18,5;-0,007;0,0000000000001219;-0,0000009923;0,000000001405;-0,000006627;-0,000000000001039
14;18,6;-0,0097;-0,00000000000009481;-0,000001381;0,000000001955;-0,000009222;0,0000000000007908
14;18,7;-0,005;0,0000000000000875;-0,0000007116;0,000000001008;-0,000004752;-0,0000000000007231
14;18,8;0,0033;-0,00000000000004715;0,0000004626;-0,0000000006552;0,000003089;0,0000000000004927
14;18,9;0,0087;-0,00000000000006417;0,000001236;-0,000000001749;0,000008253;0,0000000000001287
14;19;0,0073;0,00000000000006908;0,000001043;-0,000000001477;0,000006964;-0,0000000000003629
14;19,1;0,00052;-0,0000000000001309;0,00000007393;-0,0000000001045;0,0000004937;0,0000000000009314
14;19,2;-0,0064;0,0000000000001652;-0,0000009071;0,000000001284;-0,000006058;-0,000000000001108
14;19,3;-0,0082;-0,00000000000007371;-0,00000116;0,000000001643;-0,000007747;0,0000000000006139
14;19,4;-0,0037;0,00000000000007672;-0,0000005287;0,0000000007482;-0,000003531;-0,0000000000005541
14;19,5;0,0033;-0,00000000000009306;0,0000004727;-0,000000000669;0,000003157;0,0000000000005116
14;19,6;0,0076;-0,00000000000001457;0,000001072;-0,000000001518;0,00000716;0,00000000000008654
14;19,7;0,0059;0,00000000000008174;0,0000008377;-0,000000001186;0,000005594;-0,0000000000004601
14;19,8;-0,0001217;-0,0000000000001543;-0,00000001746;0,00000000002445;-0,0000001166;0,0000000000009747
14;19,9;-0,0058;0,0000000000001736;-0,0000008201;0,000000001161;-0,000005477;-0,000000000001075
14;20;-0,0068;-0,0000000000001199;-0,0000009694;0,000000001372;-0,000006474;0,0000000000007325
14;20,1;-0,0027;0,0000000000001017;-0,0000003815;0,0000000005403;-0,000002547;-0,0000000000006019
14;20,2;0,0033;-0,00000000000007951;0,0000004665;-0,0000000006607;0,000003115;0,0000000000002677
14;20,3;0,0065;-0,00000000000001707;0,0000009253;-0,00000000131;0,000006179;0,0000000000004381
14;20,4;0,0047;0,00000000000002007;0,000000666;-0,0000000009431;0,000004448;-0,0000000000005317
14;20,5;-0,0005819;-0,00000000000002518;-0,00000008244;0,0000000001169;-0,0000005505;0,0000000000005311
14;20,6;-0,0052;0,00000000000004019;-0,0000007353;0,000000001041;-0,000004911;-0,0000000000004697
14;20,7;-0,0057;-0,0000000000000281;-0,0000008044;0,000000001139;-0,000005372;0,0000000000003439
14;20,8;-0,0019;0,0000000000001042;-0,0000002652;0,0000000003752;-0,000001771;-0,0000000000007318
14;20,9;0,0032;-0,0000000000001788;0,0000004498;-0,0000000006365;0,000003004;0,000000000001172
14;21;0,0056;0,0000000000001008;0,0000007931;-0,000000001123;0,000005297;-0,0000000000006245
14;21,1;0,0037;-0,00000000000004153;0,0000005242;-0,0000000007419;0,000003501;0,00000000000001643
14;21,2;-0,0008984;-0,00000000000005681;-0,0000001277;0,0000000001805;-0,0000008527;0,0000000000007235
14;21,3;-0,0046;0,0000000000001294;-0,0000006534;0,0000000009252;-0,000004363;-0,000000000001105
14;21,4;-0,0047;-0,0000000000001033;-0,0000006638;0,0000000009394;-0,000004433;0,0000000000009814
14;21,5;-0,0012;0,0000000000001037;-0,0000001734;0,0000000002457;-0,000001158;-0,0000000000009066
14;21,6;0,003;-0,00000000000009397;0,0000004248;-0,0000000006016;0,000002837;0,0000000000007379
14;21,7;0,0048;0,0000000000000003072;0,0000006765;-0,0000000009574;0,000004517;-0,000000000000122
14;21,8;0,0029;0,00000000000002637;0,0000004069;-0,0000000005763;0,000002717;-0,000000000000215
14;21,9;-0,0011;-0,00000000000008226;-0,0000001563;0,0000000002215;-0,000001044;0,0000000000007165
14;22;-0,0041;0,00000000000009813;-0,0000005768;0,0000000008163;-0,000003852;-0,000000000000834
14;22,1;-0,0038;-0,0000000000000472;-0,0000005434;0,0000000007694;-0,000003629;0,000000000000556
14;22,2;-0,0007234;0,000000000000003478;-0,0000001028;0,0000000001454;-0,0000006867;-0,000000000000283
14;22,3;0,0028;0,00000000000001851;0,0000003956;-0,0000000005599;0,000002642;0,00000000000006706
14;22,4;0,004;-0,00000000000006627;0,0000005731;-0,0000000008115;0,000003827;0,00000000000028
14;22,5;0,0022;0,00000000000007465;0,0000003115;-0,0000000004407;0,00000208;-0,0000000000004154
14;22,6;-0,0012;-0,0000000000000844;-0,0000001733;0,0000000002451;-0,000001157;0,000000000000626
14;22,7;-0,0036;0,00000000000006092;-0,0000005051;0,0000000007152;-0,000003373;-0,0000000000005583
14;22,8;-0,0031;-0,000000000000008625;-0,000000442;0,0000000006255;-0,000002952;0,0000000000002671
14;22,9;-0,0003429;-0,00000000000003003;-0,00000004852;0,00000000006891;-0,000000324;-0,00000000000001978
14;23;0,0026;0,00000000000004867;0,0000003632;-0,0000000005144;0,000002425;-0,0000000000001249
14;23,1;0,0034;-0,00000000000009337;0,0000004832;-0,0000000006838;0,000003227;0,0000000000004149
14;23,2;0,0016;0,00000000000005189;0,0000002335;-0,0000000003308;0,000001559;-0,0000000000002602
14;23,3;-0,0013;-0,00000000000003012;-0,0000001802;0,0000000002554;-0,000001204;0,0000000000001872
14;23,4;-0,0031;0,00000000000003934;-0,0000004399;0,0000000006226;-0,000002938;-0,0000000000002287
14;23,5;-0,0025;-0,000000000000007982;-0,0000003561;0,0000000005044;-0,000002378;0,0000000000001182
14;23,6;-0,00005857;-0,00000000000002781;-0,000000008461;0,00000000001177;-0,0000000565;0,00000000000006455
14;23,7;0,0023;0,00000000000001519;0,0000003303;-0,0000000004674;0,000002206;-0,00000000000001029
14;23,8;0,0029;-0,00000000000002664;0,0000004045;-0,0000000005729;0,000002701;0,00000000000008154
14;23,9;0,0012;0,00000000000001146;0,0000001712;-0,0000000002422;0,000001144;-0,00000000000001255
14;24;-0,0013;-0,00000000000001038;-0,0000001808;0,0000000002558;-0,000001208;0,00000000000007577
14;24,1;-0,0027;0,000000000000005591;-0,0000003803;0,0000000005386;-0,00000254;-0,00000000000007331
14;24,2;-0,002;0,00000000000002096;-0,0000002848;0,000000000403;-0,000001902;-0,00000000000004242
14;24,3;0,0001485;-0,00000000000004216;0,00000002122;-0,00000000002983;0,0000001417;0,0000000000001715
14;24,4;0,0021;0,00000000000002727;0,000000297;-0,0000000004206;0,000001983;-0,0000000000001098
14;24,5;0,0024;-0,00000000000003616;0,000000337;-0,0000000004769;0,000002251;0,0000000000001675
14;24,6;0,0008541;0,00000000000001834;0,0000001211;-0,0000000001716;0,0000008086;-0,0000000000001038
14;24,7;-0,0012;-0,00000000000000899;-0,0000001758;0,0000000002491;-0,000001174;0,00000000000006567
14;24,8;-0,0023;-0,000000000000008062;-0,0000003273;0,0000000004631;-0,000002186;0,00000000000006782
14;24,9;-0,0016;0,000000000000009305;-0,000000225;0,0000000003188;-0,000001503;-0,00000000000003374
14;25;0,000294;-0,000000000000003123;0,00000004158;-0,00000000005907;0,0000002777;-0,00000000000004087
14;25,1;0,0019;-0,00000000000001013;0,0000002652;-0,0000000003753;0,000001771;0,0000000000001316
14;25,2;0,002;-0,00000000000002405;0,0000002786;-0,0000000003946;0,00000186;0,00000000000007077
14;25,3;0,0005768;0,00000000000003029;0,00000008201;-0,0000000001159;0,0000005477;-0,000000000000118
14;25,4;-0,0012;-0,00000000000003739;-0,0000001678;0,0000000002374;-0,000001121;0,0000000000002137
14;25,5;-0,002;0,0000000000000359;-0,0000002795;0,0000000003959;-0,000001867;-0,000000000000212
14;25,6;-0,0012;-0,00000000000002961;-0,0000001761;0,0000000002491;-0,000001176;0,0000000000001869
14;25,7;0,000391;0,00000000000001954;0,00000005564;-0,00000000007857;0,0000003716;-0,0000000000001145
14;25,8;0,0017;-0,00000000000002346;0,0000002345;-0,0000000003322;0,000001566;0,0000000000001173
14;25,9;0,0016;-0,00000000000001325;0,0000002292;-0,0000000003242;0,00000153;0,00000000000007059
14;26;0,0003606;0,00000000000002767;0,00000005105;-0,00000000007247;0,0000003409;-0,0000000000001504
14;26,1;-0,0011;-0,00000000000004121;-0,000000157;0,0000000002224;-0,000001048;0,0000000000002611
14;26,2;-0,0017;0,00000000000003345;-0,0000002378;0,0000000003365;-0,000001588;-0,0000000000001859
14;26,3;-0,0009555;-0,0000000000000243;-0,0000001355;0,000000000192;-0,0000009047;0,0000000000001242
14;26,4;0,0004504;-0,000000000000002488;0,00000006379;-0,0000000000905;0,000000426;0,00000000000000699
14;26,5;0,0015;0,000000000000007551;0,0000002064;-0,000000000292;0,000001378;-0,00000000000001675
14;26,6;0,0013;-0,00000000000003174;0,0000001867;-0,0000000002645;0,000001247;0,0000000000001897
14;26,7;0,0001946;0,00000000000002742;0,00000002776;-0,0000000000391;0,0000001854;-0,0000000000001624
14;26,8;-0,001;-0,00000000000003305;-0,0000001453;0,0000000002055;-0,0000009705;0,0000000000001981
14;26,9;-0,0014;0,00000000000002519;-0,0000002007;0,0000000002843;-0,00000134;-0,0000000000001483
14;27;-0,0007238;-0,00000000000000481;-0,0000001029;0,0000000001454;-0,000000687;0,00000000000004293
14;27,1;0,0004809;-0,00000000000002414;0,0000000684;-0,00000000009664;0,0000004568;0,0000000000001234
14;27,2;0,0013;0,00000000000002158;0,00000018;-0,000000000255;0,000001202;-0,0000000000001033
14;27,3;0,0011;-0,00000000000004037;0,0000001514;-0,0000000002141;0,000001011;0,0000000000002097
14;27,4;0,00006928;0,00000000000003273;0,0000000097;-0,00000000001393;0,00000006478;-0,000000000000151
14;27,5;-0,0009341;-0,00000000000002992;-0,0000001324;0,0000000001877;-0,0000008845;0,00000000000015
14;27,6;-0,0012;0,00000000000001637;-0,0000001688;0,0000000002388;-0,000001128;-0,00000000000006751
14;27,7;-0,0005366;-0,000000000000003692;-0,00000007603;0,0000000001078;-0,0000005077;-0,000000000000002805
14;27,8;0,0004898;-0,00000000000002238;0,00000006939;-0,00000000009843;0,0000004634;0,0000000000001331
14;27,9;0,0011;0,00000000000002066;0,0000001564;-0,0000000002212;0,000001044;-0,00000000000009218
14;28;0,0008553;-0,00000000000003667;0,0000001213;-0,0000000001719;0,0000008098;0,0000000000001792
14;28,1;-0,00002314;0,00000000000002618;-0,000000003153;0,000000000004651;-0,00000002106;-0,00000000000012
14;28,2;-0,0008443;-0,00000000000002497;-0,00000012;0,0000000001697;-0,0000008011;0,0000000000001445
14;28,3;-0,0009925;0,00000000000001154;-0,0000001407;0,0000000001994;-0,0000009398;-0,0000000000000589
14;28,4;-0,0003866;0,000000000000002043;-0,00000005501;0,00000000007769;-0,0000003674;-0,00000000000000309
14;28,5;0,0004828;-0,000000000000027;0,00000006866;-0,00000000009701;0,0000004585;0,0000000000001513
14;28,6;0,0009493;0,00000000000001727;0,0000001346;-0,0000000001908;0,0000008989;-0,0000000000001032
14;28,7;0,0006798;-0,00000000000002226;0,00000009662;-0,0000000001366;0,0000006452;0,0000000000001433
14;28,8;-0,00008928;0,000000000000008729;-0,0000000128;0,00000000001794;-0,00000008549;-0,00000000000006164
14;28,9;-0,0007563;-0,000000000000004262;-0,0000001072;0,000000000152;-0,000000716;0,00000000000004456
14;29;-0,0008235;-0,000000000000009539;-0,000000117;0,0000000001655;-0,0000007815;0,00000000000006211
14;29,1;-0,0002677;0,00000000000001157;-0,00000003787;0,00000000005379;-0,0000002529;-0,00000000000009494
14;29,2;0,0004645;-0,00000000000002207;0,0000000658;-0,00000000009334;0,0000004394;0,0000000000001548
14;29,3;0,0008137;0,000000000000005286;0,0000001156;-0,0000000001635;0,0000007721;-0,00000000000003237
14;29,4;0,0005344;-0,000000000000009466;0,00000007572;-0,0000000001074;0,0000005057;0,00000000000005879
14;29,5;-0,0001346;-0,000000000000004504;-0,00000001898;0,00000000002705;-0,0000001268;0,0000000000000229
14;29,6;-0,0006719;0,0000000000000001021;-0,0000000955;0,000000000135;-0,0000006377;0,00000000000001764
14;29,7;-0,0006789;-0,000000000000008918;-0,00000009624;0,0000000001364;-0,0000006427;0,00000000000005035
14;29,8;-0,0001744;0,000000000000002632;-0,00000002488;0,00000000003504;-0,0000001662;-0,00000000000002462
14;29,9;0,0004385;-0,00000000000001242;0,00000006237;-0,00000000008812;0,0000004165;0,0000000000001022
14;30;0,0006934;0,000000000000002385;0,0000000983;-0,0000000001393;0,0000006565;-0,00000000000003957
14;30,1;0,0004147;-0,000000000000009614;0,00000005898;-0,00000000008332;0,0000003939;0,0000000000000689
14;30,2;-0,0001637;-0,000000000000003199;-0,00000002336;0,00000000003289;-0,000000156;0,00000000000002735
14;30,3;-0,0005925;0,000000000000002676;-0,00000008398;0,0000000001191;-0,0000005608;-0,00000000000001561
14;30,4;-0,0005558;-0,00000000000001137;-0,00000007901;0,0000000001117;-0,0000005276;0,00000000000007684
14;30,5;-0,0001022;0,000000000000003288;-0,00000001439;0,00000000002054;-0,00000009607;-0,0000000000000264
14;30,6;0,0004077;-0,0000000000000106;0,00000005775;-0,00000000008193;0,0000003856;0,00000000000007224
14;30,7;0,0005875;-0,000000000000001773;0,00000008352;-0,0000000001181;0,0000005577;0,0000000000000109
14;30,8;0,0003168;-0,000000000000003461;0,00000004484;-0,00000000006366;0,0000002995;0,00000000000001402
14;30,9;-0,0001802;-0,000000000000009373;-0,00000002545;0,00000000003621;-0,00000017;0,00000000000007038
14;31;-0,000519;0,00000000000000359;-0,00000007378;0,0000000001043;-0,0000004927;-0,00000000000001874
14;31,1;-0,0004516;-0,000000000000007186;-0,00000006398;0,00000000009075;-0,0000004272;0,00000000000004995
14;31,2;-0,00004728;-0,000000000000001312;-0,000000006832;0,000000000009497;-0,00000004562;0,00000000000001047
14;31,3;0,0003743;-0,000000000000008134;0,00000005325;-0,00000000007521;0,0000003556;0,00000000000004771
14;31,4;0,0004949;-0,000000000000006457;0,00000007013;-0,00000000009945;0,0000004683;0,00000000000003466
14;31,5;0,0002374;-0,0000000000000009084;0,00000003382;-0,0000000000477;0,0000002258;0,00000000000001781
14;31,6;-0,0001872;-0,000000000000006671;-0,00000002669;0,00000000003761;-0,0000001782;0,0000000000000325
14;31,7;-0,0004515;0,0000000000000004182;-0,00000006397;0,00000000009074;-0,0000004272;0,000000000000017
14;31,8;-0,0003639;-0,000000000000007173;-0,00000005178;0,00000000007313;-0,0000003458;0,00000000000003587
14;31,9;-0,00000628;-0,000000000000004359;-0,000000000772;0,000000000001264;-0,000000005157;0,00000000000002872
14;32;0,0003399;-0,000000000000003538;0,00000004812;-0,0000000000683;0,0000003214;0,00000000000003
14;32,1;0,0004144;-0,000000000000006776;0,00000005894;-0,00000000008327;0,0000003936;0,00000000000002851
14;32,2;0,0001735;-0,000000000000002941;0,00000002451;-0,00000000003487;0,0000001637;0,00000000000004219
14;32,3;-0,0001871;-0,000000000000004391;-0,00000002644;0,00000000003759;-0,0000001765;0,000000000000009748
14;32,4;-0,0003905;-0,000000000000003562;-0,00000005554;0,00000000007846;-0,0000003709;0,0000000000000369
14;32,5;-0,0002906;-0,00000000000000261;-0,00000004113;0,0000000000584;-0,0000002747;0,00000000000002187
14;32,6;0,00002351;-0,000000000000005322;0,00000000322;-0,000000000004726;0,0000000215;0,0000000000000244
14;32,7;0,0003057;-0,000000000000007311;0,00000004351;-0,00000000006142;0,0000002905;0,0000000000000557
14;32,8;0,0003449;-0,000000000000001805;0,00000004884;-0,00000000006931;0,0000003261;0,0000000000000009808
14;32,9;0,0001226;-0,00000000000000726;0,00000001752;-0,00000000002464;0,000000117;0,00000000000005901
14;33;-0,0001819;-0,000000000000004097;-0,00000002593;0,00000000003655;-0,0000001732;0,00000000000001203
14;33,1;-0,0003356;-0,0000000000000002569;-0,00000004752;0,00000000006744;-0,0000003174;0,00000000000002437
14;33,2;-0,0002297;-0,000000000000007208;-0,00000003272;0,00000000004615;-0,0000002185;0,00000000000003299
14;33,3;0,00004439;-0,000000000000000872;0,000000006415;-0,000000000008917;0,00000004284;0,00000000000001106
14;33,4;0,0002726;-0,000000000000009837;0,00000003858;-0,00000000005478;0,0000002576;0,00000000000006743
14;33,5;0,0002852;-0,000000000000002792;0,0000000406;-0,00000000005731;0,0000002711;0,000000000000007766
14;33,6;0,00008249;-0,00000000000000419;0,00000001159;-0,00000000001658;0,00000007743;0,00000000000004074
14;33,7;-0,0001731;-0,000000000000007214;-0,00000002446;0,00000000003479;-0,0000001634;0,0000000000000345
14;33,8;-0,0002868;0,0000000000000002836;-0,00000004082;0,00000000005763;-0,0000002726;0,00000000000001359
14;33,9;-0,0001794;-0,000000000000007977;-0,00000002535;0,00000000003604;-0,0000001693;0,00000000000004819
14;34;0,00005825;-0,000000000000002545;0,000000008155;-0,00000000001171;0,00000005446;0,00000000000001127
14;34,1;0,0002412;-0,000000000000005864;0,00000003435;-0,00000000004847;0,0000002294;0,00000000000004594
14;34,2;0,0002343;-0,00000000000000529;0,00000003314;-0,00000000004707;0,0000002213;0,00000000000002819
14;34,3;0,00005123;-0,000000000000002835;0,000000007383;-0,00000000001029;0,0000000493;0,00000000000002508
14;34,4;-0,0001621;-0,000000000000006725;-0,00000002312;0,00000000003256;-0,0000001544;0,00000000000004032
14;34,5;-0,0002437;-0,000000000000002385;-0,00000003447;0,00000000004896;-0,0000002302;0,00000000000002
14;34,6;-0,0001381;-0,0000000000000047;-0,00000001971;0,00000000002774;-0,0000001316;0,00000000000003168
14;34,7;0,00006667;-0,000000000000006595;0,000000009574;-0,0000000000134;0,00000006394;0,00000000000004186
14;34,8;0,0002119;-0,000000000000003585;0,00000002997;-0,00000000004259;0,0000002001;0,00000000000002426
14;34,9;0,000191;-0,000000000000007216;0,00000002722;-0,00000000003838;0,0000001818;0,00000000000004191
14;35;0,00002724;-0,000000000000001939;0,000000003756;-0,000000000005475;0,00000002508;0,00000000000002761
14;35,1;-0,0001496;-0,000000000000006182;-0,00000002113;0,00000000003007;-0,0000001411;0,00000000000002447
14;35,2;-0,0002058;-0,00000000000000409;-0,00000002932;0,00000000004135;-0,0000001958;0,00000000000003931
14;35,3;-0,0001045;-0,000000000000004457;-0,00000001472;0,000000000021;-0,0000000983;0,00000000000002352
14;35,4;0,00007093;-0,000000000000004697;0,000000009958;-0,00000000001425;0,0000000665;0,00000000000003482
14;35,5;0,000185;-0,000000000000004877;0,00000002636;-0,00000000003716;0,000000176;0,00000000000003214
14;35,6;0,0001546;-0,000000000000006261;0,00000002183;-0,00000000003106;0,0000001458;0,00000000000003594
14;35,7;0,000009156;-0,000000000000002561;0,000000001408;-0,000000000001838;0,000000009399;0,00000000000002991
14;35,8;-0,0001365;-0,000000000000007466;-0,00000001949;0,00000000002743;-0,0000001301;0,00000000000003417
14;35,9;-0,0001728;-0,000000000000001903;-0,00000002442;0,00000000003473;-0,0000001631;0,00000000000002712
14;36;-0,00007732;-0,000000000000006104;-0,00000001108;0,00000000001554;-0,00000007401;0,00000000000002828
14;36,1;0,00007205;-0,000000000000005093;0,00000001033;-0,00000000001448;0,00000006901;0,00000000000004337
14;36,2;0,0001604;-0,000000000000004905;0,00000002266;-0,00000000003223;0,0000001513;0,00000000000002755
14;36,3;0,000124;-0,000000000000005911;0,0000000177;-0,00000000002491;0,0000001182;0,00000000000003651
14;36,4;-0,000004157;-0,000000000000003773;-0,000000000696;0,0000000000008331;-0,000000004647;0,00000000000003545
14;36,5;-0,0001233;-0,000000000000005314;-0,0000000174;0,00000000002479;-0,0000001162;0,00000000000002351
14;36,6;-0,0001442;-0,000000000000003668;-0,00000002058;0,00000000002898;-0,0000001374;0,00000000000003701
14;36,7;-0,00005559;-0,000000000000006937;-0,000000007785;0,00000000001117;-0,00000005199;0,00000000000003396
14;36,8;0,00007089;-0,000000000000003768;0,000000009958;-0,00000000001425;0,0000000665;0,00000000000003227
14;36,9;0,0001383;-0,000000000000005447;0,00000001973;-0,00000000002778;0,0000001317;0,00000000000003342
14;37;0,00009846;-0,000000000000005764;0,00000001387;-0,00000000001979;0,00000009264;0,0000000000000371
14;37,1;-0,00001366;-0,000000000000003388;-0,000000001835;0,000000000002747;-0,00000001226;0,000000000000026
14;37,2;-0,0001104;-0,000000000000006478;-0,00000001578;0,00000000002218;-0,0000001053;0,0000000000000409
14;37,3;-0,0001196;-0,000000000000003491;-0,00000001688;0,00000000002404;-0,0000001127;0,0000000000000268
14;37,4;-0,00003836;-0,000000000000005904;-0,000000005548;0,000000000007707;-0,00000003705;0,00000000000003609
14;37,5;0,00006811;-0,000000000000005092;0,00000000977;-0,00000000001368;0,00000006524;0,00000000000003494
14;37,6;0,0001185;-0,000000000000005022;0,00000001671;-0,00000000002381;0,0000001116;0,00000000000003309
14;37,7;0,00007734;-0,000000000000006512;0,00000001108;-0,00000000001554;0,00000007399;0,00000000000004258
14;37,8;-0,00002015;-0,000000000000003575;-0,000000002963;0,000000000004048;-0,00000001978;0,00000000000002506
14;37,9;-0,00009805;-0,000000000000005532;-0,00000001382;0,0000000000197;-0,00000009226;0,00000000000003685
14;38;-0,00009858;-0,000000000000004777;-0,00000001409;0,00000000001981;-0,00000009412;0,00000000000003262
14;38,1;-0,00002487;-0,000000000000004659;-0,000000003428;0,000000000004999;-0,00000002289;0,00000000000002885
14;38,2;0,00006423;-0,000000000000006071;0,000000009016;-0,00000000001291;0,00000006021;0,00000000000004427
14;38,3;0,0001009;-0,000000000000005004;0,00000001443;-0,00000000002028;0,00000009633;0,00000000000002881
14;38,4;0,00005996;-0,00000000000000573;0,00000000841;-0,00000000001205;0,00000005616;0,00000000000004066
14;38,5;-0,00002429;-0,000000000000004751;-0,000000003348;0,000000000004883;-0,00000002236;0,00000000000003032
14;38,6;-0,00008643;-0,000000000000004947;-0,00000001237;0,00000000001736;-0,00000008259;0,00000000000003401
14;38,7;-0,00008067;-0,000000000000005428;-0,00000001135;0,00000000001621;-0,0000000758;0,00000000000003654
14;38,8;-0,00001443;-0,000000000000004187;-0,000000002148;0,000000000002898;-0,00000001434;0,00000000000002763
14;38,9;0,00005967;-0,000000000000006599;0,000000008568;-0,00000000001199;0,00000005722;0,00000000000004512
14;39;0,00008547;-0,000000000000005126;0,00000001203;-0,00000000001718;0,00000008036;0,00000000000003045
14;39,1;0,00004575;-0,000000000000005171;0,000000006593;-0,000000000009192;0,00000004403;0,00000000000003872
14;39,2;-0,00002661;-0,000000000000005552;-0,000000003876;0,000000000005346;-0,00000002588;0,00000000000003235
14;39,3;-0,00007566;-0,000000000000004717;-0,00000001064;0,0000000000152;-0,00000007106;0,00000000000003677
14;39,4;-0,00006551;-0,000000000000005896;-0,000000009396;0,00000000001316;-0,00000006275;0,00000000000003612
14;39,5;-0,000006498;-0,000000000000004305;-0,0000000008247;0,000000000001308;-0,000000005508;0,00000000000003109
14;39,6;0,00005473;-0,000000000000006729;0,000000007671;-0,000000000011;0,00000005123;0,00000000000004317
14;39,7;0,00007197;-0,00000000000000461;0,00000001031;-0,00000000001446;0,00000006887;0,00000000000003001
14;39,8;0,00003424;-0,00000000000000595;0,000000004763;-0,000000000006882;0,00000003181;0,00000000000004137
14;39,9;-0,00002756;-0,000000000000005083;-0,000000003816;0,00000000000554;-0,00000002548;0,00000000000003193
14;40;-0,0000658;-0,000000000000005073;-0,000000009437;0,00000000001322;-0,00000006302;0,00000000000003606
15;0;0;0;0;0;0;0
15;0,1;0,4289;0,00000000000002174;-0,00007935;0,00000009773;-0,0005298;0,00000000002445
15;0,2;0,9933;0,00000000001419;0,00009039;-0,00000003789;0,0006029;-0,00000000008178
15;0,3;1,1147;-0,00000000002119;0,000184;-0,0000001383;0,001228;0,000000000102
15;0,4;0,4064;0,00000000001781;0,0000484;-0,0000000393;0,000323;-0,00000000007279
15;0,5;-0,7055;-0,000000000009512;-0,0001239;0,0000001026;-0,0008265;0,00000000002646
15;0,6;-1,1035;0,00000000000649;-0,0001191;0,00000006885;-0,0007949;-0,000000000008974
15;0,7;-0,7876;0,000000000002429;-0,00005497;0,00000002821;-0,0003667;-0,00000000005037
15;0,8;0,1893;-0,000000000007251;-0,000004979;0,00000001722;-0,00003333;0,00000000006835
15;0,9;1,0661;0,000000000006464;0,00009969;-0,00000007032;0,0006652;-0,00000000005183
15;1;0,865;-0,00000000001104;0,000145;-0,0000001025;0,0009672;0,00000000006204
15;1,1;0,1863;0,00000000001199;0,00001946;-0,000000006735;0,0001298;-0,00000000003983
15;1,2;-0,5101;-0,0000000000079;-0,0001005;0,00000006649;-0,0006707;0,000000000005137
15;1,3;-1,051;0,00000000000701;-0,00009393;0,00000006022;-0,0006267;-0,000000000004963
15;1,4;-0,6231;0,000000000004578;-0,00005575;0,00000003716;-0,000372;-0,00000000002507
15;1,5;0,3551;-0,000000000006141;0,000005106;-0,000000002763;0,00003406;0,00000000001412
15;1,6;0,8037;-0,000000000003922;0,0001029;-0,00000006651;0,0006867;0,00000000003724
15;1,7;0,7261;0,000000000004463;0,0001091;-0,00000007548;0,0007281;-0,00000000003801
15;1,8;0,1922;-0,000000000008837;0,000001716;-0,000000001491;0,00001145;0,00000000006359
15;1,9;-0,601;0,00000000001012;-0,00007716;0,0000000556;-0,0005148;-0,00000000007582
15;2;-0,8592;-0,000000000002855;-0,00008192;0,00000005101;-0,0005466;0,00000000003342
15;2,1;-0,4088;-0,0000000000004664;-0,00005166;0,00000003256;-0,0003447;-0,000000000004963
15;2,2;0,2706;-0,000000000003612;0,00001937;-0,000000008037;0,0001292;-0,000000000003591
15;2,3;0,7322;0,000000000003232;0,00009328;-0,00000006419;0,0006224;0,00000000002423
15;2,4;0,6253;0,0000000000006912;0,00008087;-0,00000005623;0,0005396;-0,00000000003957
15;2,5;0,0521;-0,00000000001206;-0,000003382;0,000000005986;-0,00002259;0,00000000009666
15;2,6;-0,5233;0,00000000001696;-0,0000646;0,00000004219;-0,000431;-0,0000000001135
15;2,7;-0,7125;-0,000000000005721;-0,00007254;0,00000004591;-0,0004839;0,00000000004351
15;2,8;-0,3297;0,000000000001893;-0,00004131;0,00000002941;-0,0002756;-0,000000000005181
15;2,9;0,3028;0,0000000000002824;0,00002624;-0,00000001715;0,0001751;-0,00000000002815
15;3;0,626;-0,000000000006832;0,00008158;-0,00000005548;0,0005443;0,00000000007099
15;3,1;0,4923;0,000000000005589;0,00006123;-0,00000004028;0,0004085;-0,00000000006464
15;3,2;0,0214;-0,000000000005222;-0,000007187;0,000000005283;-0,00004796;0,00000000006012
15;3,3;-0,4957;0,000000000008029;-0,00005513;0,00000003649;-0,0003678;-0,00000000006611
15;3,4;-0,5977;-0,000000000003015;-0,00006359;0,0000000417;-0,0004243;0,00000000002989
15;3,5;-0,2163;-0,000000000001495;-0,00003171;0,00000002125;-0,0002116;0,00000000001296
15;3,6;0,2736;0,0000000000007677;0,00003055;-0,00000001956;0,0002038;-0,0000000000291
15;3,7;0,5415;-0,0000000000008402;0,00006932;-0,00000004681;0,0004625;0,00000000002891
15;3,8;0,411;-0,0000000000002625;0,00004624;-0,00000003101;0,0003085;-0,00000000002228
15;3,9;-0,0416;-0,000000000001337;-0,00000841;0,000000006663;-0,00005612;0,00000000003051
15;4;-0,4431;0,00000000000294;-0,00004882;0,0000000319;-0,0003257;-0,00000000003366
15;4,1;-0,4833;0,000000000001615;-0,00005521;0,00000003604;-0,0003684;-0,00000000000003337
15;4,2;-0,1613;-0,000000000002691;-0,00002203;0,00000001558;-0,000147;0,00000000001627
15;4,3;0,2661;0,000000000002733;0,00003125;-0,0000000209;0,0002085;-0,00000000001983
15;4,4;0,4717;-0,000000000003461;0,00005806;-0,00000003925;0,0003874;0,00000000002686
15;4,5;0,3172;0,0000000000003624;0,00003583;-0,00000002323;0,0002391;-0,00000000001109
15;4,6;-0,067;-0,0000000000004328;-0,000009818;0,000000006662;-0,00006551;0,000000000009946
15;4,7;-0,3929;0,000000000001114;-0,0000437;0,00000002854;-0,0002915;-0,00000000001516
15;4,8;-0,4021;0,000000000001851;-0,00004662;0,00000003113;-0,0003111;0,000000000005154
15;4,9;-0,1023;-0,000000000004232;-0,00001448;0,000000009841;-0,00009661;0,000000000004128
15;5;0,2495;0,000000000008645;0,00003028;-0,00000002029;0,000202;-0,00000000003059
15;5,1;0,4011;-0,00000000001051;0,00004861;-0,00000003239;0,0003243;0,00000000004454
15;5,2;0,2516;0,000000000005351;0,00002763;-0,00000001821;0,0001843;-0,00000000002237
15;5,3;-0,0899;-0,000000000003145;-0,00001079;0,000000007255;-0,00007198;0,00000000001796
15;5,4;-0,3476;0,00000000000194;-0,00003905;0,00000002575;-0,0002605;-0,00000000001685
15;5,5;-0,325;0,000000000004187;-0,00003884;0,00000002578;-0,0002591;-0,000000000007176
15;5,6;-0,0639;-0,000000000006305;-0,000008449;0,00000000584;-0,00005637;0,00000000001177
15;5,7;0,2321;0,000000000006416;0,00002828;-0,00000001893;0,0001887;-0,00000000001412
15;5,8;0,3441;-0,000000000007448;0,00004055;-0,00000002707;0,0002705;0,00000000002386
15;5,9;0,1905;0,000000000004111;0,00002136;-0,00000001395;0,0001425;-0,00000000001407
15;6;-0,1011;-0,000000000002734;-0,00001159;0,000000007659;-0,00007732;0,00000000001437
15;6,1;-0,3023;0,00000000000332;-0,00003474;0,00000002289;-0,0002318;-0,00000000002308
15;6,2;-0,266;0,000000000001043;-0,00003171;0,00000002122;-0,0002116;0,000000000008994
15;6,3;-0,0314;-0,000000000001219;-0,000004059;0,000000002743;-0,00002708;-0,000000000009429
15;6,4;0,2147;-0,0000000000003608;0,00002584;-0,00000001731;0,0001724;0,0000000000105
15;6,5;0,2894;-0,000000000002461;0,00003392;-0,00000002247;0,0002263;0,000000000006467
15;6,6;0,1438;0,000000000002901;0,00001623;-0,0000000107;0,0001083;-0,00000000001321
15;6,7;-0,106;-0,000000000003758;-0,00001206;0,000000007938;-0,00008049;0,00000000002312
15;6,8;-0,2637;0,000000000004864;-0,00003055;0,00000002027;-0,0002038;-0,0000000000289
15;6,9;-0,2139;-0,00000000000169;-0,0000256;0,00000001706;-0,0001708;0,000000000009572
15;7;-0,0076;0,0000000000004706;-0,0000008956;0,0000000005931;-0,000005975;-0,00000000000492
15;7,1;0,1952;-0,0000000000009298;0,00002333;-0,00000001555;0,0001557;0,000000000006353
15;7,2;0,2436;-0,000000000001829;0,0000283;-0,00000001878;0,0001888;0,00000000001127
15;7,3;0,1051;0,000000000002266;0,00001208;-0,000000007978;0,0000806;-0,00000000001392
15;7,4;-0,1068;-0,000000000003051;-0,00001218;0,00000000805;-0,00008127;0,00000000001706
15;7,5;-0,2274;0,000000000004592;-0,00002663;0,00000001767;-0,0001777;-0,00000000002103
15;7,6;-0,1716;-0,000000000001219;-0,0000204;0,00000001361;-0,0001361;0,000000000001636
15;7,7;0,0101;-0,000000000000003026;0,000001315;-0,0000000008873;0,000008774;0,000000000007089
15;7,8;0,1766;0,0000000000006319;0,00002087;-0,0000000139;0,0001392;-0,0000000000115
15;7,9;0,2027;-0,000000000003292;0,00002357;-0,00000001561;0,0001573;0,00000000002156
15;8;0,0747;0,000000000002315;0,000008693;-0,000000005763;0,000058;-0,000000000009802
15;8,1;-0,1039;-0,0000000000006576;-0,00001199;0,000000007921;-0,00007999;-0,00000000000211
15;8,2;-0,1958;0,000000000000543;-0,00002299;0,00000001529;-0,0001534;0,000000000002814
15;8,3;-0,136;-0,0000000000003713;-0,00001609;0,00000001071;-0,0001074;-0,000000000006825
15;8,4;0,023;0,0000000000009521;0,000002809;-0,000000001893;0,00001874;0,000000000002095
15;8,5;0,1577;-0,0000000000009806;0,00001856;-0,00000001233;0,0001238;0,000000000002509
15;8,6;0,1679;-0,0000000000009618;0,00001954;-0,00000001296;0,0001303;0,000000000005858
15;8,7;0,0507;0,000000000001736;0,000005965;-0,000000003969;0,0000398;-0,000000000007223
15;8,8;-0,0993;-0,000000000001503;-0,00001152;0,00000000764;-0,00007688;0,000000000005789
15;8,9;-0,1673;0,000000000001657;-0,00001969;0,00000001309;-0,0001314;-0,000000000006799
15;9;-0,1066;0,0000000000001897;-0,00001255;0,000000008343;-0,00008372;-0,000000000001875
15;9,1;0,0315;-0,000000000001028;0,00000379;-0,000000002529;0,00002528;0,000000000003821
15;9,2;0,14;0,00000000000003959;0,00001639;-0,00000001089;0,0001094;0,000000000001285
15;9,3;0,138;-0,0000000000005723;0,0000161;-0,00000001068;0,0001074;0,000000000004614
15;9,4;0,032;0,0000000000001651;0,000003803;-0,000000002532;0,00002538;-0,00000000000582
15;9,5;-0,0931;0,0000000000003023;-0,00001087;0,000000007208;-0,00007251;0,000000000002404
15;9,6;-0,1424;0,0000000000005658;-0,00001675;0,00000001113;-0,0001117;-0,000000000003447
15;9,7;-0,0824;-0,0000000000006759;-0,00000966;0,000000006419;-0,00006445;0,000000000002787
15;9,8;0,0369;0,0000000000007132;0,000004379;-0,000000002921;0,00002922;-0,000000000001086
15;9,9;0,1231;-0,0000000000006024;0,00001441;-0,000000009564;0,00009613;-0,000000000001881
15;10;0,1127;-0,0000000000005917;0,00001317;-0,000000008742;0,00008787;0,000000000006415
15;10,1;0,0178;0,00000000000114;0,00000212;-0,000000001416;0,00001414;-0,000000000008944
15;10,2;-0,0861;-0,000000000001299;-0,00001008;0,000000006697;-0,00006728;0,00000000001025
15;10,3;-0,1204;0,000000000001631;-0,00001415;0,000000009406;-0,00009441;-0,000000000009594
15;10,4;-0,0626;-0,0000000000001149;-0,000007324;0,000000004861;-0,00004887;0,0000000000008615
15;10,5;0,0397;-0,000000000001155;0,000004689;-0,000000003118;0,00003128;0,000000000007147
15;10,6;0,1076;0,000000000001106;0,00001259;-0,000000008357;0,00008398;-0,000000000009774
15;10,7;0,0913;-0,000000000001483;0,00001069;-0,000000007098;0,00007131;0,00000000001301
15;10,8;0,0069;0,000000000000807;0,0000008392;-0,0000000005614;0,000005599;-0,00000000000916
15;10,9;-0,0787;0,0000000000003932;-0,000009233;0,000000006133;-0,0000616;0,000000000001869
15;11;-0,1012;-0,0000000000003886;-0,00001189;0,000000007898;-0,00007931;-0,000000000000211
15;11,1;-0,0466;0,0000000000005629;-0,000005441;0,000000003612;-0,0000363;-0,000000000004439
15;11,2;0,0407;-0,0000000000001939;0,000004784;-0,00000000318;0,00003192;0,0000000000034
15;11,3;0,0934;-0,0000000000003429;0,00001093;-0,000000007258;0,00007294;0,0000000000004307
15;11,4;0,0733;-0,0000000000004522;0,000008596;-0,00000000571;0,00005735;0,000000000005384
15;11,5;-0,0011;0,0000000000004254;-0,0000001104;0,00000000007074;-0,0000007363;-0,000000000006588
15;11,6;-0,0712;0,00000000000003845;-0,00000836;0,000000005554;-0,00005578;0,000000000004473
15;11,7;-0,0846;0,0000000000002712;-0,000009925;0,000000006594;-0,00006622;-0,000000000004856
15;11,8;-0,0337;-0,00000000000008611;-0,000003937;0,000000002613;-0,00002627;0,000000000001714
15;11,9;0,0403;-0,000000000000319;0,000004727;-0,000000003139;0,00003154;0,000000000002971
15;12;0,0806;0,000000000000238;0,000009438;-0,000000006267;0,00006297;-0,000000000005245
15;12,1;0,0584;-0,0000000000001972;0,000006845;-0,000000004548;0,00004567;0,000000000005755
15;12,2;-0,0068;-0,000000000000519;-0,0000007936;0,0000000005261;-0,000005295;-0,000000000001357
15;12,3;-0,0639;0,000000000001155;-0,000007496;0,00000000498;-0,00005001;-0,000000000003188
15;12,4;-0,0703;-0,0000000000008433;-0,000008239;0,000000005473;-0,00005497;0,000000000002991
15;12,5;-0,0235;0,0000000000006559;-0,000002743;0,000000001821;-0,0000183;-0,000000000001545
15;12,6;0,0389;-0,0000000000002968;0,000004557;-0,000000003027;0,00003041;0,0000000000004393
15;12,7;0,0692;-0,0000000000002683;0,000008101;-0,00000000538;0,00005405;-0,0000000000001944
15;12,8;0,0459;0,0000000000005265;0,000005389;-0,000000003581;0,00003596;-0,0000000000008855
15;12,9;-0,0108;-0,0000000000009457;-0,000001263;0,000000000839;-0,000008428;0,000000000003563
15;13;-0,0568;0,000000000001212;-0,000006666;0,000000004428;-0,00004447;-0,000000000004406
15;13,1;-0,058;-0,0000000000006146;-0,000006796;0,000000004514;-0,00004534;0,000000000001425
15;13,2;-0,0154;0,0000000000003135;-0,000001806;0,000000001199;-0,00001205;-0,0000000000007098
15;13,3;0,0368;-0,0000000000003465;0,000004313;-0,000000002864;0,00002877;0,0000000000004059
15;13,4;0,059;0,00000000000006071;0,00000691;-0,00000000459;0,0000461;0,000000000001099
15;13,5;0,0357;-0,00000000000002975;0,00000419;-0,000000002783;0,00002796;-0,0000000000005689
15;13,6;-0,0134;-0,0000000000002518;-0,000001568;0,000000001041;-0,00001046;0,0000000000018
15;13,7;-0,0502;0,0000000000006856;-0,000005882;0,000000003907;-0,00003924;-0,000000000003231
15;13,8;-0,0475;-0,0000000000005583;-0,000005569;0,000000003698;-0,00003715;0,000000000001899
15;13,9;-0,0092;0,0000000000008661;-0,000001078;0,0000000007163;-0,000007195;-0,000000000002827
15;14;0,0343;-0,0000000000008874;0,000004017;-0,000000002668;0,0000268;0,000000000003259
15;14,1;0,05;0,0000000000002568;0,000005861;-0,000000003893;0,00003911;-0,0000000000008737
15;14,2;0,0273;-0,0000000000001945;0,000003207;-0,000000002131;0,0000214;0,0000000000004152
15;14,3;-0,0149;-0,00000000000007298;-0,000001743;0,000000001158;-0,00001163;0,0000000000009797
15;14,4;-0,044;0,0000000000005769;-0,000005155;0,000000003424;-0,0000344;-0,000000000003182
15;14,5;-0,0387;-0,0000000000004803;-0,000004529;0,000000003008;-0,00003022;0,000000000002906
15;14,6;-0,0045;0,0000000000002302;-0,0000005238;0,0000000003477;-0,000003495;-0,000000000002387
15;14,7;0,0315;-0,00000000000001401;0,000003695;-0,000000002454;0,00002465;0,000000000002242
15;14,8;0,0422;-0,0000000000001766;0,000004941;-0,000000003282;0,00003296;-0,000000000001667
15;14,9;0,0206;-0,000000000000158;0,00000241;-0,000000001601;0,00001608;0,000000000002534
15;15;-0,0155;0,0000000000004747;-0,000001822;0,00000000121;-0,00001216;-0,000000000002037
15;15,1;-0,0383;-0,0000000000002347;-0,000004488;0,000000002982;-0,00002995;-0,000000000000895
15;15,2;-0,0312;0,0000000000001551;-0,000003655;0,000000002427;-0,00002438;0,000000000002151
15;15,3;-0,0009151;0,00000000000007881;-0,0000001072;0,00000000007157;-0,0000007154;-0,000000000003926
15;15,4;0,0287;-0,0000000000004186;0,000003359;-0,000000002231;0,00002241;0,000000000004597
15;15,5;0,0353;0,0000000000002855;0,000004141;-0,000000002751;0,00002763;-0,000000000002372
15;15,6;0,0151;-0,0000000000002057;0,000001767;-0,000000001174;0,00001179;0,0000000000005355
15;15,7;-0,0156;-0,000000000000001015;-0,000001829;0,000000001215;-0,0000122;0,0000000000009453
15;15,8;-0,0331;0,0000000000003291;-0,000003885;0,00000000258;-0,00002592;-0,000000000002244
15;15,9;-0,0249;-0,00000000000004342;-0,000002922;0,000000001941;-0,00001949;0,0000000000008974
15;16;0,0017;-0,0000000000001869;0,0000001957;-0,0000000001302;0,000001306;0,0000000000006265
15;16,1;0,0258;0,0000000000002674;0,000003026;-0,00000000201;0,00002019;-0,000000000001575
15;16,2;0,0294;-0,0000000000003952;0,000003449;-0,000000002291;0,00002301;0,000000000002048
15;16,3;0,0107;-0,0000000000000009121;0,000001256;-0,0000000008339;0,000008379;0,0000000000006856
15;16,4;-0,0152;0,000000000000308;-0,000001784;0,000000001185;-0,0000119;-0,000000000002564
15;16,5;-0,0285;-0,0000000000002231;-0,000003341;0,000000002219;-0,00002229;0,000000000001921
15;16,6;-0,0197;0,0000000000003075;-0,000002313;0,000000001536;-0,00001543;-0,000000000002354
15;16,7;0,0035;-0,0000000000001026;0,0000004105;-0,0000000002724;0,000002739;0,000000000001253
15;16,8;0,023;-0,0000000000001625;0,000002701;-0,000000001794;0,00001802;0,0000000000004033
15;16,9;0,0244;0,0000000000001504;0,000002855;-0,000000001896;0,00001905;-0,0000000000009534
15;17;0,0073;-0,0000000000004251;0,0000008508;-0,0000000005653;0,000005676;0,000000000003377
15;17,1;-0,0145;0,0000000000004899;-0,000001702;0,000000001131;-0,00001135;-0,000000000004546
15;17,2;-0,0244;-0,0000000000001472;-0,000002858;0,000000001898;-0,00001907;0,000000000002778
15;17,3;-0,0154;0,000000000000007283;-0,000001809;0,000000001202;-0,00001207;-0,000000000001664
15;17,4;0,0047;0,0000000000001776;0,0000005533;-0,0000000003677;0,000003692;-0,0000000000001241
15;17,5;0,0204;-0,0000000000003885;0,000002393;-0,000000001589;0,00001597;0,000000000002299
15;17,6;0,02;0,0000000000003517;0,000002346;-0,000000001559;0,00001565;-0,000000000002904
15;17,7;0,0046;-0,0000000000003109;0,0000005359;-0,0000000003558;0,000003576;0,000000000003199
15;17,8;-0,0136;0,0000000000001974;-0,000001597;0,00000000106;-0,00001065;-0,000000000002805
15;17,9;-0,0207;0,00000000000001766;-0,000002429;0,000000001614;-0,00001621;0,000000000001549
15;18;-0,0119;0,0000000000000266;-0,000001396;0,0000000009271;-0,000009315;-0,000000000001002
15;18,1;0,0055;-0,00000000000005827;0,0000006424;-0,0000000004265;0,000004286;0,0000000000004098
15;18,2;0,018;-0,0000000000001026;0,000002104;-0,000000001398;0,00001404;0,0000000000007602
15;18,3;0,0163;0,00000000000009695;0,000001916;-0,000000001272;0,00001278;-0,000000000001137
15;18,4;0,0025;-0,00000000000008418;0,0000002927;-0,0000000001946;0,000001953;0,000000000001327
15;18,5;-0,0126;0,0000000000001598;-0,000001476;0,0000000009806;-0,000009848;-0,000000000001489
15;18,6;-0,0175;-0,0000000000001182;-0,000002054;0,000000001364;-0,0000137;0,000000000001063
15;18,7;-0,009;0,000000000000131;-0,000001058;0,0000000007032;-0,000007062;-0,000000000001115
15;18,8;0,0059;-0,00000000000005502;0,0000006881;-0,0000000004572;0,000004591;0,0000000000006782
15;18,9;0,0157;-0,0000000000001412;0,000001838;-0,000000001221;0,00001226;0,0000000000003815
15;19;0,0132;0,0000000000001517;0,000001551;-0,00000000103;0,00001035;-0,000000000000772
15;19,1;0,0009365;-0,0000000000002584;0,00000011;-0,00000000007285;0,000000734;0,000000000001692
15;19,2;-0,0115;0,0000000000003389;-0,000001349;0,000000000896;-0,000009003;-0,000000000002086
15;19,3;-0,0147;-0,0000000000001598;-0,000001726;0,000000001146;-0,00001151;0,00000000000111
15;19,4;-0,0067;0,0000000000001886;-0,0000007865;0,0000000005222;-0,000005247;-0,000000000001109
15;19,5;0,006;-0,000000000000215;0,0000007032;-0,0000000004669;0,000004692;0,0000000000009807
15;19,6;0,0136;0,00000000000001968;0,000001595;-0,00000000106;0,00001064;0,00000000000005472
15;19,7;0,0106;0,0000000000001051;0,000001246;-0,0000000008275;0,000008314;-0,0000000000007289
15;19,8;-0,0002193;-0,0000000000002347;-0,00000002602;0,00000000001708;-0,0000001736;0,00000000000162
15;19,9;-0,0104;0,0000000000003086;-0,00000122;0,0000000008104;-0,000008139;-0,000000000002013
15;20;-0,0123;-0,000000000000207;-0,000001442;0,0000000009576;-0,000009621;0,000000000001342
15;20,1;-0,0048;0,0000000000001941;-0,0000005674;0,0000000003771;-0,000003786;-0,000000000001217
15;20,2;0,0059;-0,0000000000001503;0,0000006939;-0,0000000004611;0,000004629;0,000000000000553
15;20,3;0,0117;-0,00000000000001898;0,000001376;-0,000000000914;0,000009183;0,0000000000007054
15;20,4;0,0085;0,00000000000002484;0,0000009906;-0,0000000006581;0,000006609;-0,0000000000009034
15;20,5;-0,001;-0,00000000000001643;-0,0000001226;0,0000000000816;-0,0000008178;0,0000000000007921
15;20,6;-0,0093;0,00000000000005917;-0,000001094;0,0000000007263;-0,000007298;-0,0000000000007734
15;20,7;-0,0102;-0,00000000000002587;-0,000001197;0,0000000007949;-0,000007983;0,0000000000004601
15;20,8;-0,0034;0,0000000000001813;-0,0000003945;0,0000000002619;-0,000002632;-0,000000000001301
15;20,9;0,0057;-0,0000000000003203;0,000000669;-0,0000000004442;0,000004464;0,000000000002133
15;21;0,0101;0,0000000000001975;0,00000118;-0,0000000007838;0,000007871;-0,000000000001241
15;21,1;0,0067;-0,00000000000007557;0,0000007798;-0,0000000005177;0,000005203;0,0000000000000373
15;21,2;-0,0016;-0,00000000000008945;-0,00000019;0,000000000126;-0,000001267;0,000000000001215
15;21,3;-0,0083;0,000000000000228;-0,0000009718;0,0000000006457;-0,000006484;-0,000000000001944
15;21,4;-0,0084;-0,0000000000001625;-0,0000009873;0,0000000006556;-0,000006588;0,000000000001623
15;21,5;-0,0022;0,0000000000001656;-0,0000002579;0,0000000001715;-0,00000172;-0,000000000001565
15;21,6;0,0054;-0,0000000000001364;0,0000006318;-0,0000000004198;0,000004215;0,000000000001204
15;21,7;0,0086;-0,00000000000001803;0,000001006;-0,0000000006682;0,000006714;-0,0000000000001615
15;21,8;0,0052;0,00000000000007005;0,0000006052;-0,0000000004021;0,000004038;-0,0000000000005026
15;21,9;-0,002;-0,00000000000015;-0,0000002325;0,0000000001546;-0,000001551;0,000000000001287
15;22;-0,0073;0,0000000000001836;-0,0000008579;0,0000000005697;-0,000005724;-0,00000000000155
15;22,1;-0,0069;-0,00000000000007834;-0,0000008082;0,000000000537;-0,000005392;0,0000000000009848
15;22,2;-0,0013;0,00000000000002067;-0,000000153;0,0000000001015;-0,000001021;-0,0000000000006252
15;22,3;0,005;0,00000000000002163;0,0000005885;-0,0000000003907;0,000003926;0,000000000000195
15;22,4;0,0073;-0,00000000000009523;0,0000008524;-0,0000000005663;0,000005687;0,0000000000003501
15;22,5;0,004;0,0000000000001267;0,0000004634;-0,0000000003076;0,000003091;-0,0000000000006895
15;22,6;-0,0022;-0,0000000000001431;-0,0000002578;0,000000000171;-0,00000172;0,000000000001053
15;22,7;-0,0064;0,0000000000001191;-0,0000007512;0,0000000004992;-0,000005012;-0,000000000001057
15;22,8;-0,0056;-0,00000000000001869;-0,0000006575;0,0000000004365;-0,000004387;0,0000000000004699
15;22,9;-0,0006177;-0,000000000000029;-0,00000007212;0,00000000004809;-0,0000004812;-0,0000000000001263
15;23;0,0046;0,00000000000007356;0,0000005401;-0,000000000359;0,000003604;-0,0000000000002272
15;23,1;0,0061;-0,0000000000001453;0,0000007188;-0,0000000004772;0,000004796;0,0000000000006764
15;23,2;0,003;0,00000000000008586;0,0000003472;-0,0000000002308;0,000002317;-0,000000000000497
15;23,3;-0,0023;-0,00000000000003928;-0,000000268;0,0000000001782;-0,000001788;0,0000000000003058
15;23,4;-0,0056;0,00000000000007294;-0,0000006544;0,0000000004345;-0,000004366;-0,0000000000004718
15;23,5;-0,0045;-0,000000000000004465;-0,0000005297;0,000000000352;-0,000003534;0,0000000000001935
15;23,6;-0,0001055;-0,0000000000000496;-0,00000001263;0,000000000008215;-0,00000008427;0,00000000000006082
15;23,7;0,0042;0,00000000000003973;0,0000004913;-0,0000000003262;0,000003278;-0,00000000000004875
15;23,8;0,0051;-0,00000000000004543;0,0000006016;-0,0000000003998;0,000004014;0,00000000000009326
15;23,9;0,0022;0,0000000000000313;0,0000002548;-0,000000000169;0,0000017;-0,00000000000005399
15;24;-0,0023;-0,00000000000001957;-0,000000269;0,0000000001785;-0,000001795;0,0000000000001021
15;24,1;-0,0048;0,00000000000002285;-0,0000005656;0,0000000003759;-0,000003774;-0,0000000000001997
15;24,2;-0,0036;0,00000000000004154;-0,0000004237;0,0000000002813;-0,000002827;-0,0000000000001022
15;24,3;0,0002674;-0,00000000000006622;0,00000003161;-0,00000000002081;0,0000002109;0,0000000000002361
15;24,4;0,0038;0,00000000000005166;0,0000004417;-0,0000000002935;0,000002947;-0,0000000000002062
15;24,5;0,0043;-0,00000000000005767;0,0000005014;-0,0000000003328;0,000003345;0,0000000000002401
15;24,6;0,0015;0,00000000000004083;0,0000001801;-0,0000000001198;0,000001201;-0,0000000000002276
15;24,7;-0,0022;-0,00000000000001484;-0,0000002614;0,0000000001738;-0,000001744;0,00000000000007795
15;24,8;-0,0042;0,00000000000000005715;-0,0000004869;0,0000000003232;-0,000003248;0,0000000000000729
15;24,9;-0,0029;0,00000000000001631;-0,0000003347;0,0000000002225;-0,000002233;-0,00000000000009515
15;25;0,0005295;0,00000000000001022;0,0000000618;-0,00000000004123;0,0000004124;-0,0000000000001484
15;25,1;0,0034;-0,00000000000002417;0,0000003946;-0,0000000002619;0,000002632;0,0000000000002462
15;25,2;0,0035;-0,00000000000002649;0,0000004143;-0,0000000002754;0,000002764;0,00000000000004199
15;25,3;0,001;0,00000000000005492;0,000000122;-0,00000000008088;0,0000008142;-0,0000000000002205
15;25,4;-0,0021;-0,0000000000000558;-0,0000002497;0,0000000001657;-0,000001666;0,0000000000002963
15;25,5;-0,0035;0,00000000000006733;-0,0000004157;0,0000000002763;-0,000002774;-0,0000000000003883
15;25,6;-0,0022;-0,00000000000004303;-0,000000262;0,0000000001739;-0,000001748;0,0000000000002661
15;25,7;0,0007043;0,00000000000004075;0,0000000828;-0,00000000005483;0,0000005525;-0,000000000000247
15;25,8;0,003;-0,00000000000003605;0,0000003488;-0,0000000002319;0,000002327;0,0000000000001713
15;25,9;0,0029;-0,00000000000001779;0,0000003409;-0,0000000002263;0,000002275;0,00000000000008224
15;26;0,0006496;0,00000000000006126;0,00000007589;-0,00000000005058;0,0000005063;-0,0000000000003447
15;26,1;-0,002;-0,00000000000007495;-0,0000002335;0,0000000001552;-0,000001558;0,00000000000047
15;26,2;-0,003;0,00000000000007433;-0,0000003538;0,0000000002348;-0,00000236;-0,0000000000004207
15;26,3;-0,0017;-0,00000000000004006;-0,0000002015;0,000000000134;-0,000001344;0,0000000000002004
15;26,4;0,0008113;-0,000000000000001225;0,00000009484;-0,00000000006316;0,0000006328;-0,00000000000002905
15;26,5;0,0026;0,00000000000002726;0,0000003071;-0,0000000002038;0,000002049;-0,0000000000000946
15;26,6;0,0024;-0,00000000000005448;0,0000002777;-0,0000000001846;0,000001853;0,0000000000003028
15;26,7;0,0003505;0,00000000000005963;0,00000004133;-0,00000000002729;0,0000002757;-0,0000000000003367
15;26,8;-0,0018;-0,00000000000005595;-0,0000002162;0,0000000001434;-0,000001443;0,0000000000003098
15;26,9;-0,0025;0,00000000000005635;-0,0000002985;0,0000000001984;-0,000001992;-0,0000000000003239
15;27;-0,0013;-0,000000000000004561;-0,0000001531;0,0000000001015;-0,000001021;0,00000000000004763
15;27,1;0,0008664;-0,00000000000003636;0,0000001018;-0,00000000006744;0,0000006791;0,0000000000001595
15;27,2;0,0023;0,0000000000000481;0,0000002677;-0,000000000178;0,000001786;-0,0000000000002271
15;27,3;0,0019;-0,0000000000000689;0,0000002252;-0,0000000001494;0,000001503;0,0000000000003317
15;27,4;0,0001248;0,0000000000000717;0,00000001439;-0,000000000009723;0,00000009599;-0,0000000000003356
15;27,5;-0,0017;-0,00000000000005273;-0,000000197;0,000000000131;-0,000001314;0,0000000000002417
15;27,6;-0,0021;0,00000000000004272;-0,0000002512;0,0000000001667;-0,000001676;-0,0000000000001909
15;27,7;-0,0009666;-0,000000000000003439;-0,0000001131;0,00000000007526;-0,0000007543;-0,00000000000004486
15;27,8;0,0008824;-0,00000000000003058;0,0000001032;-0,00000000006869;0,0000006884;0,0000000000001933
15;27,9;0,002;0,00000000000004245;0,0000002327;-0,0000000001544;0,000001552;-0,0000000000002187
15;28;0,0015;-0,00000000000005725;0,0000001803;-0,0000000001199;0,000001203;0,0000000000002748
15;28,1;-0,00004169;0,00000000000005524;-0,000000004649;0,000000000003247;-0,00000003102;-0,0000000000002709
15;28,2;-0,0015;-0,00000000000003903;-0,0000001785;0,0000000001184;-0,000001191;0,0000000000002212
15;28,3;-0,0018;0,00000000000003012;-0,0000002093;0,0000000001392;-0,000001396;-0,000000000000174
15;28,4;-0,0006965;0,0000000000000121;-0,00000008186;0,00000000005422;-0,0000005462;-0,00000000000005147
15;28,5;0,0008697;-0,00000000000004563;0,0000001022;-0,0000000000677;0,0000006817;0,0000000000002451
15;28,6;0,0017;0,00000000000004285;0,0000002002;-0,0000000001331;0,000001336;-0,0000000000002627
15;28,7;0,0012;-0,00000000000003624;0,0000001438;-0,00000000009533;0,0000009592;0,0000000000002304
15;28,8;-0,0001608;0,00000000000002581;-0,00000001908;0,00000000001252;-0,0000001273;-0,0000000000001722
15;28,9;-0,0014;-0,00000000000000025;-0,0000001594;0,0000000001061;-0,000001064;0,0000000000000217
15;29;-0,0015;-0,000000000000009774;-0,0000001741;0,0000000001155;-0,000001162;0,000000000000071
15;29,1;-0,0004822;0,00000000000003041;-0,00000005628;0,00000000003754;-0,0000003755;-0,0000000000002366
15;29,2;0,0008367;-0,00000000000003532;0,00000009784;-0,00000000006514;0,0000006528;0,0000000000002375
15;29,3;0,0015;0,00000000000002071;0,000000172;-0,0000000001141;0,000001148;-0,0000000000001156
15;29,4;0,0009626;-0,00000000000001184;0,0000001126;-0,00000000007494;0,0000007512;0,00000000000005787
15;29,5;-0,0002425;0,000000000000001005;-0,00000002819;0,00000000001888;-0,0000001881;-0,00000000000001339
15;29,6;-0,0012;0,000000000000006663;-0,0000001421;0,00000000009422;-0,000000948;-0,00000000000001255
15;29,7;-0,0012;-0,000000000000006796;-0,0000001431;0,00000000009521;-0,0000009548;0,00000000000003082
15;29,8;-0,0003142;0,000000000000011;-0,00000003705;0,00000000002445;-0,0000002472;-0,00000000000009186
15;29,9;0,0007899;-0,00000000000001267;0,00000009281;-0,00000000006149;0,0000006192;0,0000000000001265
15;30;0,0012;0,00000000000001065;0,0000001462;-0,00000000009725;0,0000009753;-0,0000000000001179
15;30,1;0,000747;-0,000000000000008887;0,00000008777;-0,00000000005815;0,0000005856;0,00000000000006798
15;30,2;-0,0002948;0,000000000000004494;-0,00000003478;0,00000000002295;-0,0000002321;-0,00000000000001694
15;30,3;-0,0011;0,000000000000009782;-0,0000001249;0,0000000000831;-0,0000008332;-0,00000000000006306
15;30,4;-0,001;-0,00000000000001036;-0,0000001176;0,00000000007794;-0,0000007844;0,00000000000007212
15;30,5;-0,0001841;0,00000000000001371;-0,00000002136;0,00000000001434;-0,0000001425;-0,0000000000001032
15;30,6;0,0007345;-0,00000000000001221;0,00000008586;-0,00000000005718;0,0000005729;0,00000000000009138
15;30,7;0,0011;0,000000000000006328;0,0000001243;-0,00000000008239;0,0000008291;-0,00000000000005141
15;30,8;0,0005707;-0,00000000000000004697;0,00000006667;-0,00000000004443;0,0000004448;-0,00000000000001112
15;30,9;-0,0003246;-0,00000000000000702;-0,00000003782;0,00000000002527;-0,0000002523;0,00000000000005722
15;31;-0,0009348;0,00000000000001365;-0,0000001098;0,00000000007277;-0,0000007325;-0,00000000000007696
15;31,1;-0,0008135;-0,000000000000003086;-0,00000009513;0,00000000006333;-0,0000006347;0,00000000000001978
15;31,2;-0,00008516;0,000000000000004814;-0,0000000102;0,000000000006626;-0,00000006805;-0,00000000000002369
15;31,3;0,0006742;-0,000000000000006121;0,00000007924;-0,00000000005249;0,0000005287;0,00000000000002515
15;31,4;0,0008915;-0,000000000000004086;0,0000001043;-0,00000000006941;0,0000006957;0,00000000000001258
15;31,5;0,0004277;0,000000000000008548;0,00000005034;-0,00000000003329;0,0000003359;-0,00000000000003213
15;31,6;-0,0003371;-0,000000000000004569;-0,00000003973;0,00000000002624;-0,0000002651;0,000000000000005497
15;31,7;-0,0008134;0,000000000000008945;-0,00000009512;0,00000000006332;-0,0000006346;-0,00000000000002253
15;31,8;-0,0006556;-0,000000000000004429;-0,00000007705;0,00000000005103;-0,0000005141;0,000000000000005538
15;31,9;-0,00001131;0,000000000000000773;-0,000000001112;0,0000000000008835;-0,00000000742;-0,000000000000000759
15;32;0,0006122;0,000000000000001639;0,00000007154;-0,00000000004767;0,0000004773;-0,000000000000005779
15;32,1;0,0007465;-0,000000000000003506;0,00000008771;-0,00000000005811;0,0000005852;-0,000000000000002191
15;32,2;0,0003126;0,000000000000002559;0,00000003643;-0,00000000002434;0,000000243;0,00000000000002057
15;32,3;-0,000337;0,000000000000001358;-0,00000003928;0,00000000002624;-0,0000002621;-0,00000000000004166
15;32,4;-0,0007034;0,000000000000002021;-0,00000008265;0,00000000005475;-0,0000005514;0,000000000000007942
15;32,5;-0,0005235;0,000000000000004657;-0,00000006115;0,00000000004076;-0,000000408;-0,00000000000002102
15;32,6;0,00004235;-0,000000000000001769;0,000000004754;-0,0000000000033;0,00000003172;-0,000000000000009103
15;32,7;0,0005507;-0,0000000000000043;0,00000006475;-0,00000000004286;0,000000432;0,000000000000042
15;32,8;0,0006213;0,000000000000005411;0,00000007261;-0,00000000004837;0,0000004844;-0,00000000000005679
15;32,9;0,0002209;-0,000000000000004739;0,0000000261;-0,00000000001719;0,0000001741;0,00000000000005007
15;33;-0,0003276;0,000000000000002112;-0,00000003861;0,0000000000255;-0,0000002576;-0,00000000000003941
15;33,1;-0,0006046;0,000000000000007865;-0,00000007065;0,00000000004707;-0,0000004714;-0,00000000000001351
15;33,2;-0,0004137;-0,000000000000004096;-0,0000000487;0,00000000003221;-0,0000003249;-0,000000000000002306
15;33,3;0,00007996;0,000000000000007181;0,000000009577;-0,000000000006222;0,0000000639;-0,00000000000003373
15;33,4;0,0004911;-0,000000000000008799;0,00000005735;-0,00000000003823;0,0000003826;0,00000000000005842
15;33,5;0,0005138;0,000000000000003817;0,00000006042;-0,00000000003999;0,0000004031;-0,00000000000004203
15;33,6;0,0001486;0,000000000000001469;0,00000001721;-0,00000000001157;0,0000001148;0,00000000000001333
15;33,7;-0,0003119;-0,000000000000004043;-0,00000003635;0,00000000002428;-0,0000002425;0,000000000000001101
15;33,8;-0,0005166;0,000000000000009298;-0,00000006075;0,00000000004022;-0,0000004054;-0,00000000000003369
15;33,9;-0,0003231;-0,000000000000005151;-0,00000003767;0,00000000002516;-0,0000002513;0,00000000000002404
15;34;0,0001049;0,000000000000003512;0,0000000121;-0,000000000008172;0,00000008071;-0,00000000000003249
15;34,1;0,0004345;-0,00000000000000005705;0,00000005113;-0,00000000003382;0,0000003411;0,00000000000001274
15;34,2;0,000422;-0,000000000000001808;0,00000004926;-0,00000000003285;0,0000003286;-0,0000000000000008519
15;34,3;0,00009228;0,000000000000005078;0,00000001102;-0,000000000007181;0,0000000735;-0,00000000000002327
15;34,4;-0,0002919;-0,000000000000003659;-0,00000003442;0,00000000002272;-0,0000002296;0,00000000000001659
15;34,5;-0,0004389;0,000000000000005414;-0,00000005124;0,00000000003417;-0,0000003419;-0,00000000000002792
15;34,6;-0,0002487;0,0000000000000001964;-0,00000002935;0,00000000001936;-0,0000001958;-0,0000000000000008956
15;34,7;0,0001201;-0,00000000000000208;0,00000001427;-0,000000000009347;0,00000009524;0,000000000000009608
15;34,8;0,0003818;0,000000000000002013;0,00000004455;-0,00000000002972;0,0000002972;-0,00000000000001276
15;34,9;0,0003441;-0,000000000000003239;0,00000004053;-0,00000000002679;0,0000002704;0,00000000000001071
15;35;0,00004906;0,000000000000005407;0,000000005553;-0,000000000003823;0,00000003705;-0,00000000000001097
15;35,1;-0,0002695;-0,000000000000001433;-0,00000003139;0,00000000002099;-0,0000002095;-0,00000000000001783
15;35,2;-0,0003707;0,000000000000001832;-0,00000004365;0,00000000002886;-0,0000002912;0,000000000000006487
15;35,3;-0,0001882;0,0000000000000009722;-0,00000002186;0,00000000001465;-0,0000001459;-0,00000000000001532
15;35,4;0,0001278;0,000000000000001805;0,00000001478;-0,000000000009949;0,00000009861;-0,000000000000006545
15;35,5;0,0003332;-0,0000000000000003739;0,00000003924;-0,00000000002593;0,0000002618;0,000000000000002013
15;35,6;0,0002784;-0,000000000000001056;0,00000003244;-0,00000000002168;0,0000002164;-0,000000000000003494
15;35,7;0,00001649;0,000000000000004371;0,000000002126;-0,000000000001282;0,00000001419;-0,000000000000005981
15;35,8;-0,000246;-0,000000000000003674;-0,00000002902;0,00000000001915;-0,0000001936;-0,000000000000004107
15;35,9;-0,0003113;0,000000000000005884;-0,00000003629;0,00000000002424;-0,0000002422;-0,00000000000001245
15;36;-0,0001393;-0,000000000000001365;-0,00000001652;0,00000000001084;-0,0000001102;-0,00000000000001465
15;36,1;0,0001298;0,0000000000000004669;0,0000000154;-0,0000000000101;0,0000001028;0,0000000000000162
15;36,2;0,0002889;0,0000000000000006176;0,00000003367;-0,0000000000225;0,0000002247;-0,00000000000001585
15;36,3;0,0002233;-0,000000000000001087;0,00000002636;-0,00000000001738;0,0000001759;0,000000000000003428
15;36,4;-0,000007488;0,000000000000003038;-0,000000001067;0,0000000000005797;-0,00000000712;-0,000000000000002213
15;36,5;-0,0002222;0,0000000000000001455;-0,00000002585;0,0000000000173;-0,0000001725;-0,00000000000002179
15;36,6;-0,0002598;0,000000000000003092;-0,00000003064;0,00000000002022;-0,0000002044;0,00000000000000168
15;36,7;-0,0001001;-0,000000000000002932;-0,00000001155;0,000000000007799;-0,00000007705;-0,000000000000001418
15;36,8;0,0001277;0,000000000000003106;0,00000001478;-0,000000000009944;0,00000009861;-0,0000000000000108
15;36,9;0,0002491;-0,000000000000000152;0,00000002938;-0,00000000001939;0,000000196;-0,000000000000001189
15;37;0,0001774;-0,000000000000000318;0,0000000206;-0,00000000001381;0,0000001375;-0,000000000000003486
15;37,1;-0,00002461;0,00000000000000342;-0,000000002698;0,000000000001918;-0,000000018;-0,00000000000001346
15;37,2;-0,0001989;-0,000000000000001459;-0,0000000235;0,00000000001548;-0,0000001568;0,000000000000003787
15;37,3;-0,0002155;0,000000000000003187;-0,00000002507;0,00000000001678;-0,0000001673;-0,00000000000001445
15;37,4;-0,00006911;-0,0000000000000005676;-0,000000008284;0,000000000005377;-0,00000005527;-0,00000000000000267
15;37,5;0,0001227;0,0000000000000007361;0,00000001456;-0,000000000009548;0,00000009717;-0,000000000000002866
15;37,6;0,0002134;0,000000000000001033;0,00000002483;-0,00000000001662;0,0000001657;-0,000000000000006932
15;37,7;0,0001393;-0,00000000000000195;0,00000001651;-0,00000000001084;0,0000001102;0,00000000000001102
15;37,8;-0,0000363;0,000000000000003865;-0,000000004438;0,000000000002823;-0,00000002961;-0,00000000000002335
15;37,9;-0,0001766;-0,0000000000000001197;-0,00000002052;0,00000000001375;-0,0000001369;0,0000000000000008392
15;38;-0,0001776;0,000000000000001646;-0,000000021;0,00000000001382;-0,0000001401;-0,00000000000001011
15;38,1;-0,00004479;0,000000000000001556;-0,000000005069;0,00000000000349;-0,00000003382;-0,00000000000001354
15;38,2;0,0001157;-0,0000000000000006653;0,00000001338;-0,00000000000901;0,00000008927;0,0000000000000109
15;38,3;0,0001818;0,000000000000001001;0,00000002149;-0,00000000001415;0,0000001434;-0,00000000000001517
15;38,4;0,000108;0,00000000000000008449;0,00000001248;-0,000000000008411;0,00000008326;0,000000000000004522
15;38,5;-0,00004376;0,000000000000001468;-0,000000004949;0,000000000003409;-0,00000003302;-0,00000000000001334
15;38,6;-0,0001557;0,000000000000001367;-0,00000001843;0,00000000001212;-0,0000001229;-0,000000000000005841
15;38,7;-0,0001453;0,0000000000000003793;-0,00000001685;0,00000000001132;-0,0000001124;-0,000000000000003827
15;38,8;-0,000026;0,000000000000002869;-0,000000003225;0,000000000002021;-0,00000002151;-0,00000000000001713
15;38,9;0,0001075;-0,000000000000001566;0,00000001277;-0,000000000008364;0,00000008523;0,00000000000001011
15;39;0,000154;0,000000000000001;0,00000001787;-0,00000000001199;0,0000001192;-0,00000000000001146
15;39,1;0,00008242;0,000000000000001128;0,000000009836;-0,000000000006414;0,00000006563;-0,000000000000001338
15;39,2;-0,00004794;0,0000000000000004752;-0,000000005795;0,00000000000373;-0,00000003866;-0,00000000000001052
15;39,3;-0,0001363;0,0000000000000018;-0,0000000158;0,00000000001061;-0,0000001054;-0,000000000000003221
15;39,4;-0,000118;-0,0000000000000001298;-0,00000001401;0,000000000009184;-0,00000009345;-0,000000000000003701
15;39,5;-0,0000117;0,000000000000002684;-0,000000001197;0,0000000000009138;-0,000000007989;-0,0000000000000147
15;39,6;0,00009859;-0,000000000000001506;0,00000001138;-0,000000000007678;0,00000007593;0,000000000000007846
15;39,7;0,0001296;0,000000000000002074;0,00000001537;-0,00000000001009;0,0000001025;-0,00000000000001591
15;39,8;0,00006168;-0,000000000000000001567;0,000000007055;-0,000000000004804;0,00000004707;0,000000000000003472
15;39,9;-0,00004965;0,000000000000001374;-0,000000005646;0,000000000003868;-0,00000003767;-0,00000000000001242
15;40;-0,0001185;0,000000000000001403;-0,00000001407;0,000000000009225;-0,00000009384;-0,000000000000005871
16;0;0;0;0;0;0;0
16;0,1;0,088;0,000000000002801;-0,0000927;0,0000000358;-0,0006183;0,000000000009714
16;0,2;1,2931;0,00000000001698;0,0001021;-0,00000003149;0,0006812;-0,0000000001067
16;0,3;1,625;-0,0000000000285;0,000204;-0,0000000536;0,00136;0,0000000001453
16;0,4;0,4524;0,00000000002583;0,00005021;-0,000000004831;0,0003347;-0,000000000117
16;0,5;-0,9818;-0,00000000001519;-0,0001347;0,00000002901;-0,0008981;0,00000000006497
16;0,6;-1,4289;0,00000000001149;-0,0001319;0,00000003417;-0,0008796;-0,00000000004756
16;0,7;-0,8235;-0,0000000000005518;-0,00005637;0,000000003756;-0,0003758;-0,00000000002485
16;0,8;0,1872;-0,000000000004405;-0,000005062;0,0000000002235;-0,00003375;0,00000000003529
16;0,9;1,1415;0,000000000001942;0,0001026;-0,0000000079;0,0006843;-0,000000000005768
16;1;1,3358;-0,000000000008303;0,0001634;-0,00000004945;0,00109;0,00000000002726
16;1,1;0,2791;0,0000000000112;0,0000231;-0,000000009758;0,0001541;-0,0000000000091
16;1,2;-0,9279;-0,000000000006502;-0,0001169;0,00000004389;-0,0007797;-0,00000000002427
16;1,3;-1,1546;0,000000000005201;-0,00009798;0,00000001087;-0,0006533;0,00000000001322
16;1,4;-0,6716;0,000000000008988;-0,00005765;0,000000005088;-0,0003844;-0,00000000004514
16;1,5;0,2075;-0,000000000009681;-0,0000006821;0,00000001551;-0,000004672;0,00000000002074
16;1,6;1,097;-0,000000000003629;0,0001144;-0,0000000308;0,0007631;0,00000000004919
16;1,7;1,0567;0,000000000003887;0,0001221;-0,00000003472;0,0008142;-0,00000000004951
16;1,8;0,0986;-0,000000000008642;-0,000001955;0,000000009839;-0,00001311;0,0000000000767
16;1,9;-0,7671;0,0000000000106;-0,00008366;0,00000001743;-0,0005579;-0,00000000009149
16;2;-0,9945;-0,000000000002319;-0,00008722;0,0000000142;-0,0005816;0,00000000004127
16;2,1;-0,561;-0,000000000002309;-0,00005763;0,00000001599;-0,0003843;-0,000000000003236
16;2,2;0,3051;-0,000000000002936;0,00002072;-0,000000003624;0,0001382;-0,00000000001075
16;2,3;0,9588;0,000000000003052;0,0001022;-0,0000000238;0,0006813;0,00000000003878
16;2,4;0,8212;0,000000000002811;0,00008854;-0,00000002057;0,0005904;-0,00000000006244
16;2,5;0,037;-0,00000000001989;-0,000003974;0,000000001587;-0,00002651;0,0000000001518
16;2,6;-0,6931;0,00000000002703;-0,00007125;0,00000001784;-0,0004752;-0,0000000001793
16;2,7;-0,8508;-0,00000000001143;-0,00007796;0,00000001453;-0,0005198;0,00000000008116
16;2,8;-0,4177;0,000000000005501;-0,00004475;0,00000000924;-0,0002984;-0,00000000002605
16;2,9;0,3237;-0,000000000001607;0,00002706;-0,000000002191;0,0001804;-0,00000000002447
16;3;0,838;-0,000000000007817;0,00008989;-0,00000002227;0,0005995;0,00000000008675
16;3,1;0,6524;0,000000000006472;0,0000675;-0,00000001682;0,0004501;-0,00000000008047
16;3,2;-0,0341;-0,000000000006412;-0,000009364;0,000000005834;-0,00006248;0,00000000007785
16;3,3;-0,61;0,00000000001105;-0,00005961;0,000000012;-0,0003975;-0,00000000009136
16;3,4;-0,7195;-0,000000000004883;-0,00006836;0,00000001279;-0,0004559;0,00000000004549
16;3,5;-0,316;-0,000000000001149;-0,00003562;0,00000001047;-0,0002375;0,00000000001057
16;3,6;0,3438;0,0000000000004748;0,0000333;-0,000000007373;0,0002221;-0,00000000003359
16;3,7;0,7197;-0,0000000000008364;0,00007631;-0,00000001872;0,0005089;0,00000000003581
16;3,8;0,5055;-0,0000000000009479;0,00004994;-0,000000009923;0,000333;-0,00000000002485
16;3,9;-0,0666;-0,0000000000006849;-0,000009392;0,000000002631;-0,00006263;0,00000000003387
16;4;-0,546;0,00000000000318;-0,00005285;0,0000000108;-0,0003524;-0,00000000004019
16;4,1;-0,6095;0,000000000001954;-0,00006016;0,00000001326;-0,0004011;0,0000000000004415
16;4,2;-0,2169;-0,000000000003676;-0,00002421;0,000000005843;-0,0001615;0,0000000000222
16;4,3;0,3368;0,000000000004145;0,00003402;-0,000000007418;0,0002269;-0,00000000002886
16;4,4;0,6109;-0,000000000004911;0,00006352;-0,00000001463;0,0004236;0,00000000003661
16;4,5;0,3987;0,0000000000007275;0,00003903;-0,000000008558;0,0002602;-0,00000000001569
16;4,6;-0,0971;-0,000000000000413;-0,000011;0,000000003155;-0,00007333;0,00000000001359
16;4,7;-0,4871;0,0000000000007733;-0,00004739;0,000000009889;-0,000316;-0,00000000001883
16;4,8;-0,5052;0,000000000003385;-0,00005066;0,00000001082;-0,0003378;0,00000000000373
16;4,9;-0,1447;-0,00000000000667;-0,00001614;0,000000004452;-0,0001076;0,000000000008666
16;5;0,322;0,00000000001211;0,00003311;-0,00000000761;0,0002208;-0,00000000004014
16;5,1;0,5189;-0,00000000001411;0,00005323;-0,00000001237;0,0003549;0,00000000005613
16;5,2;0,3079;0,000000000007401;0,00002983;-0,00000000591;0,0001989;-0,00000000002716
16;5,3;-0,1149;-0,000000000004361;-0,00001177;0,000000002632;-0,00007849;0,00000000002073
16;5,4;-0,4313;0,000000000002599;-0,00004233;0,00000000879;-0,0002823;-0,00000000001896
16;5,5;-0,4176;0,000000000005675;-0,00004246;0,000000009722;-0,0002832;-0,0000000000127
16;5,6;-0,0855;-0,000000000008848;-0,000009292;0,000000002262;-0,00006197;0,00000000001909
16;5,7;0,3005;0,00000000000855;0,00003097;-0,00000000719;0,0002065;-0,00000000001899
16;5,8;0,4368;-0,000000000009354;0,00004418;-0,000000009737;0,0002946;0,00000000002892
16;5,9;0,2373;0,000000000004959;0,00002319;-0,000000004919;0,0001547;-0,00000000001656
16;6;-0,1268;-0,000000000002522;-0,0000126;0,000000002707;-0,00008402;0,00000000001458
16;6,1;-0,3806;0,000000000002968;-0,0000378;0,000000008218;-0,0002521;-0,0000000000248
16;6,2;-0,3397;0,000000000001912;-0,0000346;0,000000007738;-0,0002307;0,00000000001054
16;6,3;-0,042;-0,000000000001346;-0,000004473;0,00000000111;-0,00002983;-0,0000000000152
16;6,4;0,2756;-0,000000000001116;0,00002822;-0,000000006396;0,0001882;0,00000000001845
16;6,5;0,3678;-0,000000000002369;0,00003699;-0,000000008224;0,0002467;0,000000000002972
16;6,6;0,1789;0,000000000003083;0,00001761;-0,000000003691;0,0001174;-0,00000000001269
16;6,7;-0,1328;-0,000000000004188;-0,00001311;0,000000002814;-0,00008745;0,00000000002575
16;6,8;-0,3323;0,000000000005489;-0,00003324;0,000000007206;-0,0002216;-0,00000000003269
16;6,9;-0,2745;-0,000000000001387;-0,00002797;0,00000000636;-0,0001865;0,000000000008005
16;7;-0,0097;-0,00000000000007494;-0,0000009783;0,0000000002215;-0,000006524;-0,000000000003687
16;7,1;0,2503;-0,000000000000767;0,0000255;-0,000000005791;0,00017;0,00000000000767
16;7,2;0,3076;-0,000000000002591;0,0000308;-0,000000006711;0,0002054;0,00000000001395
16;7,3;0,1322;0,000000000003296;0,00001314;-0,000000002841;0,00008762;-0,00000000001911
16;7,4;-0,1336;-0,000000000004667;-0,00001323;0,000000002813;-0,00008823;0,00000000002697
16;7,5;-0,2886;0,000000000006569;-0,00002903;0,000000006433;-0,0001936;-0,000000000032
16;7,6;-0,2192;-0,00000000000216;-0,00002226;0,000000004993;-0,0001485;0,000000000005505
16;7,7;0,0136;0,0000000000004288;0,000001451;-0,0000000003644;0,000009676;0,000000000006398
16;7,8;0,2248;0,0000000000009725;0,00002276;-0,000000005064;0,0001517;-0,00000000001448
16;7,9;0,2564;-0,000000000005023;0,00002567;-0,000000005631;0,0001712;0,00000000003148
16;8;0,0945;0,000000000003978;0,000009468;-0,000000002078;0,00006314;-0,00000000001841
16;8,1;-0,131;-0,000000000001801;-0,00001305;0,00000000284;-0,00008701;0,000000000002675
16;8,2;-0,2485;0,000000000001657;-0,00002506;0,000000005541;-0,0001671;-0,000000000001302
16;8,3;-0,1734;-0,000000000001107;-0,00001756;0,000000003925;-0,0001171;-0,000000000005088
16;8,4;0,0297;0,000000000001418;0,000003073;-0,0000000007071;0,00002049;0,0000000000006912
16;8,5;0,2006;-0,000000000001292;0,00002023;-0,000000004501;0,0001349;0,000000000004728
16;8,6;0,2123;-0,000000000001164;0,00002127;-0,000000004657;0,0001419;0,000000000005521
16;8,7;0,0644;0,000000000002322;0,000006503;-0,00000000144;0,00004336;-0,000000000007674
16;8,8;-0,1253;-0,00000000000215;-0,00001254;0,000000002732;-0,00008363;0,000000000005609
16;8,9;-0,2128;0,000000000002251;-0,00002147;0,000000004774;-0,0001432;-0,000000000006147
16;9;-0,1355;-0,0000000000000692;-0,00001368;0,000000003041;-0,00009124;-0,000000000003145
16;9,1;0,0405;-0,0000000000008908;0,000004144;-0,0000000009489;0,00002763;0,00000000000524
16;9,2;0,1775;-0,0000000000002629;0,00001787;-0,000000003942;0,0001191;0,0000000000002787
16;9,3;0,1747;-0,0000000000004893;0,00001754;-0,000000003854;0,0001169;0,000000000007196
16;9,4;0,0409;0,000000000000006095;0,000004152;-0,0000000009342;0,00002769;-0,000000000008082
16;9,5;-0,1179;0,0000000000004091;-0,00001184;0,000000002609;-0,00007896;0,00000000000328
16;9,6;-0,1809;0,0000000000009297;-0,00001826;0,000000004052;-0,0001218;-0,000000000005046
16;9,7;-0,1046;-0,000000000001139;-0,00001053;0,000000002327;-0,00007021;0,000000000004264
16;9,8;0,0471;0,000000000001218;0,000004778;-0,000000001069;0,00003186;-0,000000000001882
16;9,9;0,1561;-0,000000000001036;0,0000157;-0,000000003465;0,0001047;-0,000000000002288
16;10;0,1428;-0,0000000000005211;0,00001435;-0,000000003162;0,00009569;0,000000000008013
16;10,1;0,0227;0,000000000001252;0,000002314;-0,0000000005205;0,00001543;-0,00000000001125
16;10,2;-0,1092;-0,000000000001588;-0,00001099;0,000000002424;-0,00007327;0,00000000001377
16;10,3;-0,153;0,000000000002132;-0,00001543;0,000000003422;-0,0001029;-0,00000000001338
16;10,4;-0,0794;-0,00000000000004343;-0,000007981;0,000000001762;-0,00005322;0,0000000000007895
16;10,5;0,0506;-0,000000000001675;0,000005114;-0,00000000114;0,0000341;0,00000000001048
16;10,6;0,1364;0,00000000000158;0,00001371;-0,000000003023;0,00009146;-0,00000000001369
16;10,7;0,1158;-0,000000000002019;0,00001165;-0,000000002571;0,00007767;0,00000000001731
16;10,8;0,0089;0,000000000001057;0,0000009183;-0,0000000002122;0,000006124;-0,00000000001139
16;10,9;-0,0999;0,0000000000004498;-0,00001006;0,000000002227;-0,00006711;0,000000000002106
16;11;-0,1286;-0,0000000000004321;-0,00001296;0,00000000287;-0,00008641;-0,0000000000002931
16;11,1;-0,059;0,0000000000005803;-0,000005928;0,000000001305;-0,00003953;-0,000000000005406
16;11,2;0,0517;0,00000000000008944;0,000005215;-0,000000001155;0,00003477;0,000000000003081
16;11,3;0,1185;-0,0000000000008013;0,00001191;-0,000000002628;0,00007944;0,000000000002244
16;11,4;0,0931;-0,0000000000003152;0,000009368;-0,000000002072;0,00006247;0,00000000000563
16;11,5;-0,0013;0,0000000000002513;-0,0000001188;0,00000000002287;-0,0000007919;-0,000000000006874
16;11,6;-0,0904;0,000000000000419;-0,000009112;0,000000002016;-0,00006076;0,000000000003907
16;11,7;-0,1074;0,00000000000002579;-0,00001082;0,000000002393;-0,00007214;-0,000000000004978
16;11,8;-0,0427;0,0000000000000541;-0,00000429;0,0000000009451;-0,00002861;0,000000000002034
16;11,9;0,0512;-0,0000000000004305;0,000005152;-0,000000001139;0,00003436;0,00000000000316
16;12;0,1022;0,0000000000002892;0,00001029;-0,00000000227;0,00006859;-0,00000000000619
16;12,1;0,0741;-0,0000000000002954;0,000007461;-0,00000000165;0,00004975;0,000000000007424
16;12,2;-0,0086;-0,0000000000007141;-0,000000864;0,0000000001888;-0,000005762;-0,000000000001367
16;12,3;-0,0811;0,000000000001765;-0,00000817;0,000000001808;-0,00005448;-0,000000000005544
16;12,4;-0,0892;-0,000000000001454;-0,00000898;0,000000001986;-0,00005988;0,000000000005364
16;12,5;-0,0297;0,000000000001165;-0,000002988;0,0000000006581;-0,00001993;-0,000000000003024
16;12,6;0,0494;-0,0000000000007154;0,000004967;-0,000000001097;0,00003312;0,000000000001291
16;12,7;0,0877;0,00000000000002776;0,000008828;-0,00000000195;0,00005887;-0,000000000001046
16;12,8;0,0583;0,0000000000004222;0,000005874;-0,0000000013;0,00003917;-0,0000000000003769
16;12,9;-0,0137;-0,000000000001061;-0,000001376;0,000000000304;-0,000009179;0,000000000003772
16;13;-0,0721;0,000000000001458;-0,000007265;0,000000001607;-0,00004845;-0,000000000005001
16;13,1;-0,0736;-0,0000000000007751;-0,000007406;0,000000001637;-0,00004939;0,000000000001478
16;13,2;-0,0196;0,0000000000004549;-0,000001968;0,0000000004339;-0,00001313;-0,0000000000007681
16;13,3;0,0467;-0,0000000000004916;0,0000047;-0,000000001038;0,00003134;0,0000000000001167
16;13,4;0,0748;0,0000000000001195;0,000007531;-0,000000001664;0,00005022;0,00000000000192
16;13,5;0,0453;-0,00000000000006947;0,000004567;-0,00000000101;0,00003045;-0,0000000000009561
16;13,6;-0,017;-0,0000000000001768;-0,000001709;0,0000000003777;-0,00001139;0,000000000001992
16;13,7;-0,0637;0,0000000000006297;-0,000006411;0,000000001418;-0,00004275;-0,00000000000343
16;13,8;-0,0603;-0,0000000000004905;-0,000006069;0,000000001341;-0,00004047;0,000000000001716
16;13,9;-0,0117;0,0000000000008287;-0,000001175;0,0000000002593;-0,000007836;-0,000000000002453
16;14;0,0435;-0,0000000000008851;0,000004378;-0,000000000967;0,00002919;0,000000000003145
16;14,1;0,0634;0,000000000000182;0,000006388;-0,000000001412;0,0000426;-0,0000000000006516
16;14,2;0,0347;-0,0000000000001334;0,000003496;-0,0000000007734;0,00002331;0,00000000000006042
16;14,3;-0,0189;-0,0000000000002144;-0,0000019;0,0000000004203;-0,00001267;0,000000000001953
16;14,4;-0,0558;0,0000000000008476;-0,000005619;0,000000001242;-0,00003747;-0,000000000004756
16;14,5;-0,049;-0,000000000000766;-0,000004935;0,00000000109;-0,00003291;0,000000000004481
16;14,6;-0,0057;0,0000000000003572;-0,0000005709;0,0000000001261;-0,000003807;-0,000000000003463
16;14,7;0,04;0,00000000000002718;0,000004027;-0,0000000008895;0,00002685;0,000000000003022
16;14,8;0,0535;-0,0000000000002253;0,000005385;-0,00000000119;0,00003591;-0,000000000002696
16;14,9;0,0261;-0,0000000000001845;0,000002627;-0,0000000005809;0,00001752;0,000000000003718
16;15;-0,0197;0,0000000000005223;-0,000001986;0,0000000004393;-0,00001325;-0,00000000000258
16;15,1;-0,0486;-0,0000000000001716;-0,000004892;0,000000001081;-0,00003262;-0,000000000001503
16;15,2;-0,0396;0,00000000000004213;-0,000003983;0,0000000008799;-0,00002656;0,000000000003412
16;15,3;-0,0012;0,0000000000002621;-0,0000001169;0,00000000002609;-0,0000007792;-0,000000000005766
16;15,4;0,0364;-0,0000000000006116;0,000003661;-0,0000000008092;0,00002441;0,000000000005966
16;15,5;0,0448;0,0000000000003901;0,000004513;-0,0000000009977;0,0000301;-0,000000000002798
16;15,6;0,0191;-0,0000000000002573;0,000001926;-0,0000000004259;0,00001285;0,0000000000003676
16;15,7;-0,0198;-0,00000000000007655;-0,000001993;0,0000000004408;-0,00001329;0,000000000001658
16;15,8;-0,0421;0,000000000000518;-0,000004234;0,0000000009357;-0,00002823;-0,000000000003234
16;15,9;-0,0316;-0,0000000000001013;-0,000003184;0,0000000007037;-0,00002123;0,000000000001265
16;16;0,0021;-0,0000000000002727;0,0000002132;-0,00000000004711;0,000001422;0,000000000001104
16;16,1;0,0328;0,0000000000004202;0,000003298;-0,0000000007288;0,00002199;-0,000000000002611
16;16,2;0,0373;-0,0000000000005547;0,000003759;-0,000000000831;0,00002506;0,000000000003002
16;16,3;0,0136;-0,000000000000006437;0,000001369;-0,0000000003025;0,000009127;0,0000000000009528
16;16,4;-0,0193;0,0000000000004643;-0,000001944;0,0000000004298;-0,00001297;-0,000000000003811
16;16,5;-0,0362;-0,0000000000003781;-0,000003641;0,0000000008048;-0,00002428;0,000000000003133
16;16,6;-0,025;0,0000000000004609;-0,000002521;0,0000000005571;-0,00001681;-0,000000000003603
16;16,7;0,0044;-0,0000000000001677;0,0000004474;-0,00000000009872;0,000002983;0,000000000002074
16;16,8;0,0292;-0,0000000000001776;0,000002944;-0,0000000006507;0,00001963;0,00000000000007131
16;16,9;0,0309;0,0000000000001399;0,000003111;-0,0000000006877;0,00002075;-0,0000000000008283
16;17;0,0092;-0,0000000000004687;0,0000009271;-0,000000000205;0,000006183;0,000000000003976
16;17,1;-0,0184;0,0000000000005557;-0,000001855;0,0000000004101;-0,00001237;-0,000000000005569
16;17,2;-0,0309;-0,0000000000001428;-0,000003115;0,0000000006882;-0,00002077;0,000000000003508
16;17,3;-0,0196;0,000000000000007025;-0,000001971;0,0000000004359;-0,00001315;-0,000000000002263
16;17,4;0,006;0,0000000000001622;0,000000603;-0,0000000001333;0,000004021;0,0000000000002267
16;17,5;0,0259;-0,0000000000003925;0,000002608;-0,0000000005764;0,00001739;0,000000000002476
16;17,6;0,0254;0,0000000000003407;0,000002557;-0,0000000005653;0,00001705;-0,000000000003364
16;17,7;0,0058;-0,0000000000002885;0,0000005841;-0,000000000129;0,000003895;0,000000000003905
16;17,8;-0,0173;0,0000000000001715;-0,00000174;0,0000000003846;-0,0000116;-0,00000000000359
16;17,9;-0,0263;0,00000000000008192;-0,000002647;0,0000000005852;-0,00001765;0,000000000002002
16;18;-0,0151;-0,00000000000001539;-0,000001522;0,0000000003363;-0,00001015;-0,000000000001309
16;18,1;0,007;-0,00000000000003979;0,0000007002;-0,0000000001546;0,000004669;0,0000000000005884
16;18,2;0,0228;-0,0000000000001506;0,000002293;-0,0000000005069;0,00001529;0,0000000000009257
16;18,3;0,0207;0,0000000000001217;0,000002088;-0,0000000004614;0,00001392;-0,000000000001373
16;18,4;0,0032;-0,00000000000005987;0,0000003189;-0,00000000007057;0,000002127;0,000000000001327
16;18,5;-0,016;0,0000000000001675;-0,000001609;0,0000000003556;-0,00001073;-0,000000000001488
16;18,6;-0,0222;-0,0000000000001593;-0,000002239;0,0000000004947;-0,00001493;0,000000000001207
16;18,7;-0,0115;0,0000000000001993;-0,000001153;0,0000000002551;-0,000007692;-0,000000000001534
16;18,8;0,0075;-0,0000000000001056;0,0000007498;-0,0000000001658;0,000005;0,000000000001171
16;18,9;0,0199;-0,000000000000156;0,000002003;-0,0000000004427;0,00001336;0,0000000000001219
16;19;0,0168;0,0000000000001723;0,00000169;-0,0000000003737;0,00001127;-0,0000000000006421
16;19,1;0,0012;-0,0000000000003076;0,0000001199;-0,0000000000264;0,0000007998;0,000000000001793
16;19,2;-0,0146;0,0000000000004062;-0,000001471;0,000000000325;-0,000009807;-0,000000000002245
16;19,3;-0,0187;-0,0000000000001691;-0,000001881;0,0000000004158;-0,00001254;0,0000000000009526
16;19,4;-0,0085;0,000000000000214;-0,0000008572;0,0000000001894;-0,000005716;-0,0000000000009521
16;19,5;0,0076;-0,0000000000002687;0,0000007665;-0,0000000001693;0,000005111;0,0000000000008653
16;19,6;0,0173;0,00000000000003118;0,000001738;-0,0000000003843;0,00001159;0,0000000000003491
16;19,7;0,0135;0,0000000000001342;0,000001358;-0,0000000003001;0,000009056;-0,00000000000122
16;19,8;-0,0002784;-0,0000000000002998;-0,00000002841;0,000000000006189;-0,0000001894;0,00000000000227
16;19,9;-0,0132;0,0000000000003816;-0,000001329;0,0000000002939;-0,000008865;-0,000000000002599
16;20;-0,0156;-0,0000000000002327;-0,000001572;0,0000000003473;-0,00001048;0,000000000001627
16;20,1;-0,0061;0,0000000000002271;-0,0000006183;0,0000000001368;-0,000004123;-0,000000000001494
16;20,2;0,0075;-0,0000000000001869;0,0000007562;-0,0000000001672;0,000005042;0,000000000000676
16;20,3;0,0149;-0,00000000000002826;0,0000015;-0,0000000003315;0,00001;0,0000000000009464
16;20,4;0,0107;0,00000000000002152;0,00000108;-0,0000000002387;0,000007199;-0,000000000001161
16;20,5;-0,0013;0,000000000000001494;-0,0000001335;0,00000000002959;-0,0000008906;0,0000000000009173
16;20,6;-0,0118;0,0000000000000527;-0,000001192;0,0000000002634;-0,00000795;-0,0000000000008315
16;20,7;-0,013;-0,00000000000001359;-0,000001304;0,0000000002883;-0,000008696;0,000000000000454
16;20,8;-0,0043;0,0000000000002372;-0,00000043;0,00000000009497;-0,000002868;-0,000000000001677
16;20,9;0,0072;-0,00000000000044;0,0000007292;-0,0000000001611;0,000004863;0,000000000002904
16;21;0,0128;0,0000000000002895;0,000001286;-0,0000000002843;0,000008573;-0,000000000001805
16;21,1;0,0084;-0,0000000000001256;0,0000008499;-0,0000000001878;0,000005668;0,0000000000002244
16;21,2;-0,0021;-0,00000000000009159;-0,0000002071;0,00000000004567;-0,000001381;0,000000000001385
16;21,3;-0,0105;0,0000000000002793;-0,000001059;0,0000000002342;-0,000007062;-0,000000000002369
16;21,4;-0,0107;-0,0000000000002087;-0,000001076;0,0000000002378;-0,000007176;0,00000000000204
16;21,5;-0,0028;0,0000000000002164;-0,000000281;0,0000000000622;-0,000001874;-0,000000000002011
16;21,6;0,0068;-0,0000000000001657;0,0000006885;-0,0000000001523;0,000004591;0,000000000001493
16;21,7;0,0109;-0,00000000000003265;0,000001097;-0,0000000002423;0,000007313;-0,0000000000001503
16;21,8;0,0066;0,0000000000001041;0,0000006595;-0,0000000001459;0,000004398;-0,0000000000007278
16;21,9;-0,0025;-0,0000000000002161;-0,0000002533;0,00000000005607;-0,000001689;0,000000000001813
16;22;-0,0093;0,0000000000002509;-0,0000009351;0,0000000002066;-0,000006236;-0,000000000002131
16;22,1;-0,0088;-0,00000000000009802;-0,0000008808;0,0000000001947;-0,000005873;0,000000000001298
16;22,2;-0,0017;0,00000000000001028;-0,0000001668;0,0000000000368;-0,000001112;-0,0000000000007331
16;22,3;0,0064;0,00000000000005121;0,0000006414;-0,0000000001417;0,000004277;0,0000000000001112
16;22,4;0,0092;-0,0000000000001454;0,0000009289;-0,0000000002054;0,000006195;0,0000000000005815
16;22,5;0,005;0,000000000000191;0,000000505;-0,0000000001116;0,000003368;-0,000000000001003
16;22,6;-0,0028;-0,000000000000211;-0,000000281;0,00000000006202;-0,000001874;0,000000000001475
16;22,7;-0,0081;0,000000000000177;-0,0000008187;0,000000000181;-0,000005459;-0,000000000001513
16;22,8;-0,0071;-0,00000000000004761;-0,0000007166;0,0000000001583;-0,000004779;0,0000000000007501
16;22,9;-0,0007837;-0,00000000000001099;-0,00000007856;0,00000000001745;-0,0000005239;-0,0000000000003272
16;23;0,0059;0,00000000000007158;0,0000005886;-0,0000000001302;0,000003925;-0,0000000000001273
16;23,1;0,0078;-0,0000000000001625;0,0000007834;-0,0000000001731;0,000005224;0,0000000000006901
16;23,2;0,0038;0,00000000000008581;0,0000003784;-0,00000000008372;0,000002523;-0,0000000000004639
16;23,3;-0,0029;-0,00000000000002905;-0,0000002921;0,00000000006463;-0,000001948;0,0000000000002387
16;23,4;-0,0071;0,00000000000007835;-0,0000007133;0,0000000001576;-0,000004756;-0,0000000000004916
16;23,5;-0,0057;0,0000000000000107;-0,0000005772;0,0000000001277;-0,000003849;0,0000000000001368
16;23,6;-0,0001339;-0,00000000000008386;-0,00000001381;0,000000000002982;-0,00000009207;0,0000000000001966
16;23,7;0,0053;0,00000000000007437;0,0000005355;-0,0000000001183;0,000003571;-0,0000000000001899
16;23,8;0,0065;-0,00000000000007311;0,0000006556;-0,000000000145;0,000004372;0,000000000000204
16;23,9;0,0028;0,00000000000004783;0,0000002777;-0,00000000006131;0,000001852;-0,0000000000001068
16;24;-0,0029;-0,00000000000002202;-0,0000002932;0,00000000006474;-0,000001955;0,000000000000103
16;24,1;-0,0061;0,0000000000000186;-0,0000006164;0,0000000001363;-0,000004111;-0,0000000000002037
16;24,2;-0,0046;0,0000000000000542;-0,0000004619;0,000000000102;-0,00000308;-0,0000000000001431
16;24,3;0,0003393;-0,00000000000007191;0,00000003449;-0,000000000007543;0,00000023;0,0000000000002374
16;24,4;0,0048;0,00000000000005609;0,0000004813;-0,0000000001065;0,00000321;-0,0000000000001938
16;24,5;0,0054;-0,00000000000007091;0,0000005465;-0,0000000001207;0,000003644;0,0000000000002674
16;24,6;0,002;0,00000000000005987;0,0000001962;-0,00000000004344;0,000001308;-0,0000000000003209
16;24,7;-0,0028;-0,0000000000000333;-0,0000002849;0,00000000006305;-0,0000019;0,0000000000001744
16;24,8;-0,0053;0,00000000000001862;-0,0000005307;0,0000000001172;-0,000003539;-0,000000000000005851
16;24,9;-0,0036;0,000000000000001927;-0,0000003647;0,00000000008069;-0,000002432;-0,0000000000000305
16;25;0,0006719;0,0000000000000384;0,00000006732;-0,00000000001496;0,0000004489;-0,0000000000002828
16;25,1;0,0043;-0,0000000000000561;0,0000004301;-0,00000000009498;0,000002868;0,000000000000393
16;25,2;0,0045;-0,00000000000001723;0,0000004515;-0,00000000009987;0,000003011;0,0000000000000004212
16;25,3;0,0013;0,00000000000006494;0,000000133;-0,00000000002933;0,0000008871;-0,0000000000002962
16;25,4;-0,0027;-0,00000000000006791;-0,0000002722;0,00000000006008;-0,000001815;0,000000000000401
16;25,5;-0,0045;0,00000000000008502;-0,000000453;0,0000000001002;-0,000003021;-0,0000000000005143
16;25,6;-0,0028;-0,0000000000000501;-0,0000002856;0,00000000006305;-0,000001904;0,000000000000335
16;25,7;0,0008937;0,00000000000004736;0,00000009028;-0,00000000001988;0,0000006021;-0,0000000000003053
16;25,8;0,0038;-0,00000000000004165;0,0000003801;-0,00000000008409;0,000002535;0,0000000000001927
16;25,9;0,0037;-0,0000000000000211;0,0000003716;-0,00000000008206;0,000002478;0,0000000000001067
16;26;0,0008243;0,00000000000007173;0,00000008267;-0,00000000001835;0,0000005513;-0,0000000000004275
16;26,1;-0,0025;-0,00000000000009054;-0,0000002544;0,00000000005631;-0,000001697;0,0000000000005848
16;26,2;-0,0038;0,00000000000009292;-0,0000003856;0,00000000008516;-0,000002571;-0,0000000000005318
16;26,3;-0,0022;-0,00000000000004781;-0,0000002195;0,0000000000486;-0,000001464;0,0000000000002581
16;26,4;0,001;-0,000000000000008028;0,0000001033;-0,00000000002291;0,000000689;-0,00000000000005397
16;26,5;0,0033;0,00000000000004595;0,0000003347;-0,00000000007392;0,000002232;-0,0000000000001221
16;26,6;0,003;-0,00000000000008143;0,0000003026;-0,00000000006696;0,000002018;0,0000000000003973
16;26,7;0,0004448;0,00000000000009378;0,00000004508;-0,000000000009897;0,0000003006;-0,0000000000004728
16;26,8;-0,0023;-0,00000000000009003;-0,0000002357;0,00000000005202;-0,000001572;0,0000000000004412
16;26,9;-0,0032;0,00000000000009051;-0,0000003253;0,00000000007196;-0,000002169;-0,0000000000004656
16;27;-0,0017;-0,00000000000001862;-0,0000001669;0,00000000003681;-0,000001113;0,00000000000009517
16;27,1;0,0011;-0,0000000000000392;0,000000111;-0,00000000002445;0,00000074;0,0000000000001793
16;27,2;0,0029;0,00000000000006104;0,0000002917;-0,00000000006454;0,000001945;-0,0000000000002918
16;27,3;0,0024;-0,00000000000008867;0,0000002455;-0,00000000005419;0,000001637;0,0000000000004302
16;27,4;0,0001584;0,000000000000095;0,00000001564;-0,000000000003532;0,0000001043;-0,0000000000004582
16;27,5;-0,0021;-0,00000000000007125;-0,0000002146;0,00000000004751;-0,000001431;0,000000000000338
16;27,6;-0,0027;0,00000000000006176;-0,0000002738;0,00000000006044;-0,000001826;-0,0000000000002844
16;27,7;-0,0012;-0,00000000000001304;-0,0000001232;0,0000000000273;-0,0000008214;-0,00000000000001709
16;27,8;0,0011;-0,0000000000000297;0,0000001124;-0,00000000002492;0,0000007496;0,0000000000002086
16;27,9;0,0025;0,00000000000004838;0,0000002536;-0,00000000005599;0,000001691;-0,0000000000002654
16;28;0,002;-0,00000000000006835;0,0000001965;-0,0000000000435;0,00000131;0,0000000000003363
16;28,1;-0,0000529;0,00000000000006874;-0,00000000503;0,000000000001179;-0,00000003354;-0,0000000000003354
16;28,2;-0,0019;-0,00000000000004702;-0,0000001946;0,00000000004294;-0,000001297;0,0000000000002567
16;28,3;-0,0023;0,00000000000003726;-0,0000002281;0,00000000005048;-0,000001521;-0,0000000000002143
16;28,4;-0,0008837;0,00000000000001952;-0,00000008926;0,00000000001966;-0,0000005952;-0,00000000000008312
16;28,5;0,0011;-0,00000000000006242;0,0000001114;-0,00000000002455;0,0000007428;0,0000000000003368
16;28,6;0,0022;0,00000000000005997;0,0000002181;-0,00000000004828;0,000001455;-0,0000000000003741
16;28,7;0,0016;-0,00000000000005114;0,0000001567;-0,00000000003457;0,000001045;0,000000000000331
16;28,8;-0,0002041;0,00000000000004067;-0,00000002083;0,000000000004537;-0,0000001389;-0,0000000000002676
16;28,9;-0,0017;-0,000000000000005503;-0,0000001737;0,00000000003847;-0,000001158;0,00000000000005499
16;29;-0,0019;-0,000000000000007848;-0,0000001898;0,00000000004188;-0,000001266;0,00000000000006465
16;29,1;-0,0006118;0,0000000000000378;-0,00000006131;0,00000000001362;-0,0000004088;-0,000000000000303
16;29,2;0,0011;-0,00000000000004408;0,0000001066;-0,00000000002363;0,0000007108;0,0000000000002991
16;29,3;0,0019;0,00000000000002677;0,0000001875;-0,00000000004138;0,00000125;-0,0000000000001491
16;29,4;0,0012;-0,0000000000000136;0,0000001227;-0,00000000002718;0,0000008181;0,00000000000006531
16;29,5;-0,0003077;0,0000000000000006692;-0,00000003069;0,000000000006851;-0,0000002047;-0,00000000000001789
16;29,6;-0,0015;0,0000000000000101;-0,0000001549;0,00000000003417;-0,000001033;-0,00000000000001752
16;29,7;-0,0016;-0,00000000000001069;-0,0000001559;0,00000000003453;-0,00000104;0,00000000000004071
16;29,8;-0,0003986;0,00000000000001751;-0,00000004041;0,000000000008866;-0,0000002695;-0,0000000000001313
16;29,9;0,001;-0,00000000000001632;0,0000001012;-0,0000000000223;0,0000006747;0,0000000000001582
16;30;0,0016;0,0000000000000144;0,0000001593;-0,00000000003527;0,000001062;-0,000000000000151
16;30,1;0,0009478;-0,00000000000001153;0,0000000957;-0,00000000002109;0,0000006381;0,00000000000007883
16;30,2;-0,0003741;0,000000000000008121;-0,00000003794;0,00000000000832;-0,000000253;-0,00000000000002642
16;30,3;-0,0014;0,00000000000001137;-0,0000001361;0,00000000003014;-0,0000009073;-0,00000000000008258
16;30,4;-0,0013;-0,0000000000000126;-0,0000001282;0,00000000002826;-0,0000008547;0,00000000000009544
16;30,5;-0,0002337;0,00000000000001762;-0,00000002324;0,000000000005203;-0,000000155;-0,0000000000001446
16;30,6;0,0009319;-0,00000000000001315;0,00000009354;-0,00000000002074;0,0000006238;0,0000000000001121
16;30,7;0,0013;0,000000000000008546;0,0000001355;-0,00000000002988;0,0000009034;-0,00000000000007555
16;30,8;0,0007241;0,000000000000002262;0,00000007262;-0,00000000001612;0,0000004843;-0,00000000000002575
16;30,9;-0,0004118;-0,00000000000001236;-0,00000004119;0,000000000009168;-0,0000002746;0,00000000000008886
16;31;-0,0012;0,00000000000002198;-0,0000001197;0,00000000002639;-0,0000007981;-0,0000000000001155
16;31,1;-0,001;-0,000000000000006182;-0,0000001036;0,00000000002297;-0,0000006911;0,00000000000002664
16;31,2;-0,0001081;0,000000000000008517;-0,00000001115;0,0000000000024;-0,00000007435;-0,00000000000003548
16;31,3;0,0008555;-0,000000000000006831;0,0000000864;-0,00000000001903;0,0000005761;0,00000000000002162
16;31,4;0,0011;-0,000000000000004974;0,0000001136;-0,00000000002517;0,0000007576;0,00000000000001518
16;31,5;0,0005426;0,00000000000001237;0,0000000549;-0,00000000001207;0,0000003661;-0,00000000000005024
16;31,6;-0,0004278;-0,0000000000000067;-0,00000004334;0,000000000009516;-0,000000289;0,000000000000009737
16;31,7;-0,001;0,00000000000001426;-0,0000001036;0,00000000002297;-0,0000006911;-0,0000000000000432
16;31,8;-0,0008318;-0,000000000000006673;-0,00000008401;0,00000000001851;-0,0000005602;0,00000000000001041
16;31,9;-0,00001435;0,000000000000003504;-0,000000001178;0,0000000000003225;-0,000000007858;-0,00000000000001342
16;32;0,0007769;0,0000000000000008118;0,00000007794;-0,00000000001729;0,0000005197;-0,000000000000003685
16;32,1;0,0009472;-0,000000000000002263;0,00000009562;-0,00000000002107;0,0000006377;-0,00000000000001601
16;32,2;0,0003967;0,000000000000002858;0,00000003967;-0,00000000000883;0,0000002645;0,00000000000003478
16;32,3;-0,0004276;0,000000000000004127;-0,00000004278;0,000000000009519;-0,0000002853;-0,00000000000007739
16;32,4;-0,0008925;0,000000000000001103;-0,00000009011;0,00000000001985;-0,0000006009;0,00000000000002536
16;32,5;-0,0006643;0,000000000000008334;-0,00000006661;0,00000000001478;-0,0000004442;-0,00000000000004801
16;32,6;0,00005374;-0,00000000000000205;0,000000005148;-0,000000000001199;0,00000003433;-0,000000000000003819
16;32,7;0,0006987;-0,000000000000004291;0,0000000706;-0,00000000001554;0,0000004708;0,00000000000003532
16;32,8;0,0007883;0,000000000000007471;0,0000000791;-0,00000000001754;0,0000005275;-0,00000000000006795
16;32,9;0,0002803;-0,000000000000005527;0,00000002848;-0,000000000006234;0,0000001899;0,00000000000005095
16;33;-0,0004157;0,000000000000003229;-0,00000004211;0,000000000009247;-0,0000002808;-0,0000000000000443
16;33,1;-0,0007671;0,00000000000001124;-0,00000007697;0,00000000001707;-0,0000005133;-0,00000000000003246
16;33,2;-0,000525;-0,000000000000005221;-0,00000005311;0,00000000001168;-0,0000003541;-0,000000000000001626
16;33,3;0,0001015;0,00000000000001075;0,00000001047;-0,000000000002255;0,00000006982;-0,00000000000005037
16;33,4;0,0006231;-0,00000000000001121;0,00000006247;-0,00000000001387;0,0000004166;0,00000000000007182
16;33,5;0,0006519;0,000000000000006863;0,00000006588;-0,0000000000145;0,0000004393;-0,00000000000006491
16;33,6;0,0001885;0,000000000000001233;0,00000001873;-0,000000000004199;0,0000001249;0,00000000000001839
16;33,7;-0,0003957;-0,000000000000003253;-0,00000003958;0,000000000008809;-0,000000264;-0,000000000000007259
16;33,8;-0,0006555;0,00000000000001176;-0,00000006625;0,00000000001458;-0,0000004418;-0,00000000000004663
16;33,9;-0,00041;-0,000000000000005793;-0,00000004102;0,000000000009126;-0,0000002735;0,00000000000002927
16;34;0,0001331;0,000000000000006087;0,00000001315;-0,000000000002966;0,0000000877;-0,00000000000005377
16;34,1;0,0005514;0,0000000000000002709;0,00000005576;-0,00000000001227;0,0000003718;0,0000000000000143
16;34,2;0,0005354;-0,00000000000000141;0,00000005365;-0,00000000001192;0,0000003578;-0,000000000000008365
16;34,3;0,0001171;0,000000000000006121;0,00000001204;-0,000000000002602;0,00000008027;-0,00000000000002793
16;34,4;-0,0003704;-0,000000000000002059;-0,00000003754;0,00000000000824;-0,0000002503;0,000000000000005064
16;34,5;-0,0005569;0,000000000000006467;-0,00000005582;0,0000000000124;-0,0000003722;-0,0000000000000317
16;34,6;-0,0003156;0,000000000000001743;-0,00000003202;0,00000000000702;-0,0000002135;-0,00000000000001216
16;34,7;0,0001524;-0,000000000000001906;0,00000001559;-0,000000000003388;0,000000104;0,000000000000008677
16;34,8;0,0004844;0,000000000000003153;0,00000004852;-0,00000000001078;0,0000003235;-0,00000000000002255
16;34,9;0,0004366;-0,000000000000003103;0,0000000442;-0,000000000009712;0,0000002948;0,000000000000008202
16;35;0,00006225;0,000000000000006968;0,000000006022;-0,000000000001389;0,00000004016;-0,00000000000001608
16;35,1;-0,000342;-0,0000000000000001821;-0,00000003419;0,000000000007614;-0,000000228;-0,00000000000003103
16;35,2;-0,0004704;0,000000000000002765;-0,0000000476;0,00000000001046;-0,0000003174;0,000000000000003377
16;35,3;-0,0002388;0,000000000000001397;-0,0000000238;0,000000000005317;-0,0000001587;-0,0000000000000208
16;35,4;0,0001621;0,000000000000004636;0,00000001608;-0,00000000000361;0,0000001072;-0,00000000000002281
16;35,5;0,0004228;-0,0000000000000008221;0,0000000428;-0,000000000009404;0,0000002854;0,000000000000004765
16;35,6;0,0003533;0,0000000000000004092;0,00000003532;-0,000000000007863;0,0000002355;-0,00000000000001551
16;35,7;0,00002093;0,000000000000006774;0,000000002348;-0,0000000000004633;0,00000001566;-0,00000000000001555
16;35,8;-0,0003121;-0,000000000000005298;-0,00000003166;0,000000000006942;-0,0000002111;-0,000000000000002515
16;35,9;-0,000395;0,000000000000009359;-0,00000003953;0,000000000008791;-0,0000002636;-0,0000000000000272
16;36;-0,0001767;-0,000000000000001766;-0,00000001803;0,00000000000393;-0,0000001202;-0,00000000000001786
16;36,1;0,0001647;0,000000000000001984;0,00000001682;-0,000000000003662;0,0000001121;0,000000000000008914
16;36,2;0,0003666;0,000000000000001361;0,00000003667;-0,000000000008161;0,0000002445;-0,00000000000002188
16;36,3;0,0002833;-0,0000000000000005818;0,00000002876;-0,000000000006302;0,0000001918;-0,000000000000003367
16;36,4;-0,000009502;0,000000000000004855;-0,000000001193;0,000000000000208;-0,000000007955;-0,000000000000007064
16;36,5;-0,0002819;0,000000000000001403;-0,00000002814;0,000000000006276;-0,0000001877;-0,00000000000003649
16;36,6;-0,0003297;0,000000000000003968;-0,00000003342;0,000000000007333;-0,0000002229;0,000000000000001402
16;36,7;-0,0001271;-0,000000000000001668;-0,00000001256;0,000000000002831;-0,00000008373;-0,00000000000001353
16;36,8;0,000162;0,000000000000003292;0,00000001608;-0,000000000003609;0,0000001072;-0,0000000000000124
16;36,9;0,000316;0,000000000000002215;0,00000003205;-0,000000000007029;0,0000002137;-0,00000000000001481
16;37;0,0002251;-0,0000000000000009047;0,00000002242;-0,000000000005011;0,0000001495;-0,000000000000003976
16;37,1;-0,00003123;0,000000000000006441;-0,000000002911;0,0000000000006974;-0,00000001942;-0,00000000000002834
16;37,2;-0,0002524;-0,000000000000001861;-0,00000002564;0,000000000005613;-0,000000171;0,000000000000003757
16;37,3;-0,0002735;0,000000000000005291;-0,0000000273;0,000000000006088;-0,000000182;-0,00000000000002679
16;37,4;-0,00008769;-0,00000000000000008392;-0,000000009058;0,000000000001948;-0,0000000604;-0,000000000000008255
16;37,5;0,0001557;0,000000000000002143;0,0000000159;-0,000000000003461;0,000000106;-0,00000000000001118
16;37,6;0,0002708;0,000000000000001907;0,00000002703;-0,000000000006028;0,0000001802;-0,00000000000001249
16;37,7;0,0001768;-0,000000000000001682;0,00000001802;-0,00000000000393;0,0000001202;0,000000000000009029
16;37,8;-0,00004606;0,000000000000006286;-0,000000004865;0,000000000001022;-0,00000003244;-0,00000000000004009
16;37,9;-0,0002241;0,0000000000000001725;-0,00000002233;0,00000000000499;-0,0000001489;0,0000000000000008652
16;38;-0,0002253;0,000000000000003276;-0,00000002291;0,000000000005011;-0,0000001528;-0,00000000000002363
16;38,1;-0,00005683;0,000000000000002815;-0,000000005496;0,000000000001268;-0,00000003665;-0,00000000000001949
16;38,2;0,0001468;0,0000000000000001403;0,00000001455;-0,00000000000327;0,00000009705;0,00000000000000467
16;38,3;0,0002307;0,000000000000001984;0,00000002345;-0,00000000000513;0,0000001563;-0,00000000000002223
16;38,4;0,000137;0,000000000000001135;0,00000001357;-0,000000000003052;0,00000009051;-0,000000000000002695
16;38,5;-0,00005552;0,000000000000002761;-0,000000005366;0,000000000001238;-0,00000003578;-0,00000000000002116
16;38,6;-0,0001975;0,000000000000002602;-0,00000002011;0,000000000004393;-0,0000001341;-0,00000000000001472
16;38,7;-0,0001844;0,0000000000000013;-0,00000001834;0,000000000004106;-0,0000001223;-0,000000000000009982
16;38,8;-0,00003299;0,000000000000004758;-0,000000003542;0,000000000000731;-0,00000002362;-0,00000000000002831
16;38,9;0,0001364;-0,000000000000001084;0,00000001395;-0,000000000003032;0,00000009302;0,0000000000000065
16;39;0,0001954;0,000000000000001993;0,00000001945;-0,00000000000435;0,0000001297;-0,00000000000001968
16;39,1;0,0001046;0,000000000000002576;0,00000001075;-0,000000000002324;0,00000007167;-0,000000000000009511
16;39,2;-0,00006083;0,00000000000000136;-0,000000006343;0,000000000001351;-0,0000000423;-0,00000000000001827
16;39,3;-0,0001729;0,000000000000003247;-0,00000001719;0,00000000000385;-0,0000001146;-0,00000000000001044
16;39,4;-0,0001497;0,0000000000000006275;-0,00000001529;0,000000000003329;-0,000000102;-0,000000000000009337
16;39,5;-0,00001485;0,00000000000000444;-0,000000001278;0,0000000000003331;-0,000000008519;-0,00000000000002699
16;39,6;0,0001251;-0,000000000000000953;0,00000001238;-0,000000000002786;0,00000008253;0,00000000000000489
16;39,7;0,0001645;0,000000000000003553;0,00000001678;-0,000000000003658;0,0000001119;-0,00000000000002696
16;39,8;0,00007826;0,000000000000001067;0,000000007662;-0,000000000001744;0,0000000511;-0,000000000000002549
16;39,9;-0,000063;0,000000000000002552;-0,000000006127;0,000000000001405;-0,00000004086;-0,00000000000002127
16;40;-0,0001504;0,000000000000002707;-0,00000001536;0,000000000003344;-0,0000001024;-0,00000000000001343